Orthogroup	Augustus on AGIS1.0_ Protein sequence	Augustus on BSM_ Protein sequence	Augustus on CI_ Protein sequence	Augustus on GJ_ Protein sequence	Augustus on IN_ Protein sequence	Augustus on KM_ Protein sequence	Augustus on MPE_ Protein sequence	Augustus on PP_ Protein sequence
OG0040737	NC_089035.1.g98							
OG0040738	NC_089035.1.g181							
OG0040739	NC_089035.1.g235							
OG0040740	NC_089035.1.g293							
OG0040741	NC_089035.1.g312							
OG0040742	NC_089035.1.g329							
OG0040743	NC_089035.1.g378							
OG0040744	NC_089035.1.g391							
OG0040745	NC_089035.1.g442							
OG0040746	NC_089035.1.g556							
OG0040747	NC_089035.1.g568							
OG0040748	NC_089035.1.g613							
OG0040749	NC_089035.1.g776							
OG0040750	NC_089035.1.g802							
OG0040751	NC_089035.1.g1473							
OG0040752	NC_089035.1.g1595							
OG0040753	NC_089035.1.g1699							
OG0040754	NC_089035.1.g1822							
OG0040755	NC_089035.1.g1841							
OG0040756	NC_089035.1.g1865							
OG0040757	NC_089035.1.g1871							
OG0040758	NC_089035.1.g1962							
OG0040759	NC_089035.1.g2122							
OG0040760	NC_089035.1.g2130							
OG0040761	NC_089035.1.g2206							
OG0040762	NC_089035.1.g2269							
OG0040763	NC_089035.1.g2295							
OG0040764	NC_089035.1.g2449							
OG0040765	NC_089035.1.g2618							
OG0040766	NC_089035.1.g2623							
OG0040767	NC_089035.1.g2683							
OG0040768	NC_089035.1.g2773							
OG0040769	NC_089035.1.g2910							
OG0040770	NC_089035.1.g2968							
OG0040771	NC_089035.1.g3027							
OG0040772	NC_089035.1.g3117							
OG0040773	NC_089035.1.g3147							
OG0040774	NC_089035.1.g3150							
OG0040775	NC_089035.1.g3158							
OG0040776	NC_089035.1.g3176							
OG0040777	NC_089035.1.g3216							
OG0040778	NC_089035.1.g3271							
OG0040779	NC_089035.1.g3279							
OG0040780	NC_089035.1.g3280							
OG0040781	NC_089035.1.g3299							
OG0040782	NC_089035.1.g3368							
OG0040783	NC_089035.1.g3407							
OG0040784	NC_089035.1.g3519							
OG0040785	NC_089035.1.g3725							
OG0040786	NC_089035.1.g3882							
OG0040787	NC_089035.1.g4033							
OG0040788	NC_089035.1.g4063							
OG0040789	NC_089035.1.g4172							
OG0040790	NC_089035.1.g4250							
OG0040791	NC_089035.1.g4500							
OG0040792	NC_089035.1.g4840							
OG0040793	NC_089035.1.g5035							
OG0040794	NC_089035.1.g5036							
OG0040795	NC_089035.1.g5176							
OG0040796	NC_089035.1.g5194							
OG0040797	NC_089035.1.g5274							
OG0040798	NC_089036.1.g5410							
OG0040799	NC_089036.1.g5640							
OG0040800	NC_089036.1.g5928							
OG0040801	NC_089036.1.g6000							
OG0040802	NC_089036.1.g6060							
OG0040803	NC_089036.1.g6130							
OG0040804	NC_089036.1.g6236							
OG0040805	NC_089036.1.g6265							
OG0040806	NC_089036.1.g6429							
OG0040807	NC_089036.1.g6533							
OG0040808	NC_089036.1.g6748							
OG0040809	NC_089036.1.g6786							
OG0040810	NC_089036.1.g6800							
OG0040811	NC_089036.1.g6844							
OG0040812	NC_089036.1.g6864							
OG0040813	NC_089036.1.g6891							
OG0040814	NC_089036.1.g6902							
OG0040815	NC_089036.1.g6903							
OG0040816	NC_089036.1.g6917							
OG0040817	NC_089036.1.g6981							
OG0040818	NC_089036.1.g7019							
OG0040819	NC_089036.1.g7023							
OG0040820	NC_089036.1.g7028							
OG0040821	NC_089036.1.g7086							
OG0040822	NC_089036.1.g7114							
OG0040823	NC_089036.1.g7268							
OG0040824	NC_089036.1.g7323							
OG0040825	NC_089036.1.g7324							
OG0040826	NC_089036.1.g7398							
OG0040827	NC_089036.1.g7578							
OG0040828	NC_089036.1.g7589							
OG0040829	NC_089036.1.g7591							
OG0040830	NC_089036.1.g7669							
OG0040831	NC_089036.1.g7712							
OG0040832	NC_089036.1.g7825							
OG0040833	NC_089036.1.g7904							
OG0040834	NC_089036.1.g7950							
OG0040835	NC_089036.1.g8301							
OG0040836	NC_089036.1.g8456							
OG0040837	NC_089036.1.g8532							
OG0040838	NC_089036.1.g8585							
OG0040839	NC_089036.1.g8882							
OG0040840	NC_089036.1.g8970							
OG0040841	NC_089036.1.g9100							
OG0040842	NC_089037.1.g9917							
OG0040843	NC_089037.1.g10047							
OG0040844	NC_089037.1.g10361							
OG0040845	NC_089037.1.g10362							
OG0040846	NC_089037.1.g10370							
OG0040847	NC_089037.1.g10391							
OG0040848	NC_089037.1.g10436							
OG0040849	NC_089037.1.g10565							
OG0040850	NC_089037.1.g10596							
OG0040851	NC_089037.1.g10781							
OG0040852	NC_089037.1.g10957							
OG0040853	NC_089037.1.g10988							
OG0040854	NC_089037.1.g11012							
OG0040855	NC_089037.1.g11079							
OG0040856	NC_089037.1.g11080							
OG0040857	NC_089037.1.g11099							
OG0040858	NC_089037.1.g11133							
OG0040859	NC_089037.1.g11216							
OG0040860	NC_089037.1.g11341							
OG0040861	NC_089037.1.g11444							
OG0040862	NC_089037.1.g11501							
OG0040863	NC_089037.1.g11608							
OG0040864	NC_089037.1.g11619							
OG0040865	NC_089037.1.g11648							
OG0040866	NC_089037.1.g11662							
OG0040867	NC_089037.1.g11721							
OG0040868	NC_089037.1.g11781							
OG0040869	NC_089037.1.g11897							
OG0040870	NC_089037.1.g12287							
OG0040871	NC_089037.1.g12346							
OG0040872	NC_089037.1.g12389							
OG0040873	NC_089037.1.g12454							
OG0040874	NC_089037.1.g12727							
OG0040875	NC_089037.1.g12994							
OG0040876	NC_089037.1.g13102							
OG0040877	NC_089037.1.g13134							
OG0040878	NC_089037.1.g13558							
OG0040879	NC_089037.1.g13704							
OG0040880	NC_089037.1.g13938							
OG0040881	NC_089038.1.g14041							
OG0040882	NC_089038.1.g14055							
OG0040883	NC_089038.1.g14060							
OG0040884	NC_089038.1.g14076							
OG0040885	NC_089038.1.g14212							
OG0040886	NC_089038.1.g14221							
OG0040887	NC_089038.1.g14244							
OG0040888	NC_089038.1.g14263							
OG0040889	NC_089038.1.g14333							
OG0040890	NC_089038.1.g14347							
OG0040891	NC_089038.1.g14354							
OG0040892	NC_089038.1.g14359							
OG0040893	NC_089038.1.g14417							
OG0040894	NC_089038.1.g14424							
OG0040895	NC_089038.1.g14436							
OG0040896	NC_089038.1.g14444							
OG0040897	NC_089038.1.g14456							
OG0040898	NC_089038.1.g14468							
OG0040899	NC_089038.1.g14470							
OG0040900	NC_089038.1.g14508							
OG0040901	NC_089038.1.g14518							
OG0040902	NC_089038.1.g14520							
OG0040903	NC_089038.1.g14533							
OG0040904	NC_089038.1.g14551							
OG0040905	NC_089038.1.g14627							
OG0040906	NC_089038.1.g14631							
OG0040907	NC_089038.1.g14649							
OG0040908	NC_089038.1.g14655							
OG0040909	NC_089038.1.g14862							
OG0040910	NC_089038.1.g14924							
OG0040911	NC_089038.1.g15016							
OG0040912	NC_089038.1.g15031							
OG0040913	NC_089038.1.g15234							
OG0040914	NC_089038.1.g15268							
OG0040915	NC_089038.1.g15340							
OG0040916	NC_089038.1.g15515							
OG0040917	NC_089038.1.g15669							
OG0040918	NC_089038.1.g16039							
OG0040919	NC_089038.1.g16076							
OG0040920	NC_089038.1.g16203							
OG0040921	NC_089038.1.g16522							
OG0040922	NC_089038.1.g16540							
OG0040923	NC_089038.1.g16559							
OG0040924	NC_089038.1.g16569							
OG0040925	NC_089038.1.g16664							
OG0040926	NC_089038.1.g16688							
OG0040927	NC_089038.1.g16719							
OG0040928	NC_089038.1.g16725							
OG0040929	NC_089038.1.g16796							
OG0040930	NC_089038.1.g16814							
OG0040931	NC_089038.1.g16873							
OG0040932	NC_089038.1.g17302							
OG0040933	NC_089038.1.g17310							
OG0040934	NC_089039.1.g17824							
OG0040935	NC_089039.1.g17972							
OG0040936	NC_089039.1.g18113							
OG0040937	NC_089039.1.g18332							
OG0040938	NC_089039.1.g18334							
OG0040939	NC_089039.1.g18342							
OG0040940	NC_089039.1.g18353							
OG0040941	NC_089039.1.g18537							
OG0040942	NC_089039.1.g18557							
OG0040943	NC_089039.1.g18587							
OG0040944	NC_089039.1.g18650							
OG0040945	NC_089039.1.g18748							
OG0040946	NC_089039.1.g18758							
OG0040947	NC_089039.1.g18769							
OG0040948	NC_089039.1.g18834							
OG0040949	NC_089039.1.g18884							
OG0040950	NC_089039.1.g18921							
OG0040951	NC_089039.1.g18934							
OG0040952	NC_089039.1.g19025							
OG0040953	NC_089039.1.g19042							
OG0040954	NC_089039.1.g19092							
OG0040955	NC_089039.1.g19203							
OG0040956	NC_089039.1.g19213							
OG0040957	NC_089039.1.g19244							
OG0040958	NC_089039.1.g19341							
OG0040959	NC_089039.1.g19358							
OG0040960	NC_089039.1.g19469							
OG0040961	NC_089039.1.g19486							
OG0040962	NC_089039.1.g19521							
OG0040963	NC_089039.1.g19558							
OG0040964	NC_089039.1.g19613							
OG0040965	NC_089039.1.g19656							
OG0040966	NC_089039.1.g19667							
OG0040967	NC_089039.1.g19672							
OG0040968	NC_089039.1.g19741							
OG0040969	NC_089039.1.g19867							
OG0040970	NC_089039.1.g19888							
OG0040971	NC_089039.1.g19963							
OG0040972	NC_089039.1.g19999							
OG0040973	NC_089039.1.g20071							
OG0040974	NC_089039.1.g20218							
OG0040975	NC_089039.1.g20272							
OG0040976	NC_089039.1.g20274							
OG0040977	NC_089039.1.g20359							
OG0040978	NC_089039.1.g20366							
OG0040979	NC_089039.1.g20433							
OG0040980	NC_089039.1.g20514							
OG0040981	NC_089039.1.g20547							
OG0040982	NC_089039.1.g20650							
OG0040983	NC_089039.1.g20689							
OG0040984	NC_089040.1.g20785							
OG0040985	NC_089040.1.g20884							
OG0040986	NC_089040.1.g21173							
OG0040987	NC_089040.1.g21526							
OG0040988	NC_089040.1.g21572							
OG0040989	NC_089040.1.g21640							
OG0040990	NC_089040.1.g21727							
OG0040991	NC_089040.1.g21838							
OG0040992	NC_089040.1.g21844							
OG0040993	NC_089040.1.g22004							
OG0040994	NC_089040.1.g22057							
OG0040995	NC_089040.1.g22248							
OG0040996	NC_089040.1.g22322							
OG0040997	NC_089040.1.g22376							
OG0040998	NC_089040.1.g22379							
OG0040999	NC_089040.1.g22411							
OG0041000	NC_089040.1.g22416							
OG0041001	NC_089040.1.g22425							
OG0041002	NC_089040.1.g22478							
OG0041003	NC_089040.1.g22567							
OG0041004	NC_089040.1.g22592							
OG0041005	NC_089040.1.g22629							
OG0041006	NC_089040.1.g22686							
OG0041007	NC_089040.1.g22766							
OG0041008	NC_089040.1.g22827							
OG0041009	NC_089040.1.g22849							
OG0041010	NC_089040.1.g22878							
OG0041011	NC_089040.1.g23106							
OG0041012	NC_089040.1.g23121							
OG0041013	NC_089040.1.g23182							
OG0041014	NC_089040.1.g23267							
OG0041015	NC_089040.1.g23443							
OG0041016	NC_089040.1.g23468							
OG0041017	NC_089040.1.g23701							
OG0041018	NC_089040.1.g23736							
OG0041019	NC_089040.1.g23826							
OG0041020	NC_089040.1.g23861							
OG0041021	NC_089041.1.g24098							
OG0041022	NC_089041.1.g24154							
OG0041023	NC_089041.1.g24178							
OG0041024	NC_089041.1.g24332							
OG0041025	NC_089041.1.g24336							
OG0041026	NC_089041.1.g24421							
OG0041027	NC_089041.1.g24582							
OG0041028	NC_089041.1.g24594							
OG0041029	NC_089041.1.g24669							
OG0041030	NC_089041.1.g24711							
OG0041031	NC_089041.1.g24733							
OG0041032	NC_089041.1.g24835							
OG0041033	NC_089041.1.g24872							
OG0041034	NC_089041.1.g24886							
OG0041035	NC_089041.1.g24910							
OG0041036	NC_089041.1.g24911							
OG0041037	NC_089041.1.g25052							
OG0041038	NC_089041.1.g25086							
OG0041039	NC_089041.1.g25087							
OG0041040	NC_089041.1.g25103							
OG0041041	NC_089041.1.g25111							
OG0041042	NC_089041.1.g25202							
OG0041043	NC_089041.1.g25259							
OG0041044	NC_089041.1.g25325							
OG0041045	NC_089041.1.g25436							
OG0041046	NC_089041.1.g25453							
OG0041047	NC_089041.1.g25458							
OG0041048	NC_089041.1.g25480							
OG0041049	NC_089041.1.g25585							
OG0041050	NC_089041.1.g25593							
OG0041051	NC_089041.1.g25620							
OG0041052	NC_089041.1.g25730							
OG0041053	NC_089041.1.g25799							
OG0041054	NC_089041.1.g25820							
OG0041055	NC_089041.1.g25979							
OG0041056	NC_089041.1.g26007							
OG0041057	NC_089041.1.g26172							
OG0041058	NC_089041.1.g26234							
OG0041059	NC_089041.1.g26457							
OG0041060	NC_089041.1.g26487							
OG0041061	NC_089041.1.g26794							
OG0041062	NC_089041.1.g26804							
OG0041063	NC_089041.1.g27028							
OG0041064	NC_089041.1.g27079							
OG0041065	NC_089041.1.g27082							
OG0041066	NC_089041.1.g27095							
OG0041067	NC_089042.1.g27213							
OG0041068	NC_089042.1.g27233							
OG0041069	NC_089042.1.g27475							
OG0041070	NC_089042.1.g27492							
OG0041071	NC_089042.1.g27553							
OG0041072	NC_089042.1.g27575							
OG0041073	NC_089042.1.g27740							
OG0041074	NC_089042.1.g27975							
OG0041075	NC_089042.1.g28030							
OG0041076	NC_089042.1.g28094							
OG0041077	NC_089042.1.g28096							
OG0041078	NC_089042.1.g28111							
OG0041079	NC_089042.1.g28124							
OG0041080	NC_089042.1.g28132							
OG0041081	NC_089042.1.g28133							
OG0041082	NC_089042.1.g28135							
OG0041083	NC_089042.1.g28167							
OG0041084	NC_089042.1.g28168							
OG0041085	NC_089042.1.g28175							
OG0041086	NC_089042.1.g28181							
OG0041087	NC_089042.1.g28250							
OG0041088	NC_089042.1.g28276							
OG0041089	NC_089042.1.g28280							
OG0041090	NC_089042.1.g28306							
OG0041091	NC_089042.1.g28413							
OG0041092	NC_089042.1.g28416							
OG0041093	NC_089042.1.g28469							
OG0041094	NC_089042.1.g28497							
OG0041095	NC_089042.1.g28535							
OG0041096	NC_089042.1.g28604							
OG0041097	NC_089042.1.g28673							
OG0041098	NC_089042.1.g28674							
OG0041099	NC_089042.1.g28768							
OG0041100	NC_089042.1.g28774							
OG0041101	NC_089042.1.g28865							
OG0041102	NC_089042.1.g28926							
OG0041103	NC_089042.1.g28958							
OG0041104	NC_089042.1.g29044							
OG0041105	NC_089042.1.g29095							
OG0041106	NC_089042.1.g29283							
OG0041107	NC_089042.1.g29331							
OG0041108	NC_089042.1.g29576							
OG0041109	NC_089042.1.g29669							
OG0041110	NC_089043.1.g30038							
OG0041111	NC_089043.1.g30253							
OG0041112	NC_089043.1.g30294							
OG0041113	NC_089043.1.g30324							
OG0041114	NC_089043.1.g30394							
OG0041115	NC_089043.1.g30443							
OG0041116	NC_089043.1.g30497							
OG0041117	NC_089043.1.g30517							
OG0041118	NC_089043.1.g30688							
OG0041119	NC_089043.1.g30768							
OG0041120	NC_089043.1.g30837							
OG0041121	NC_089043.1.g30852							
OG0041122	NC_089043.1.g31125							
OG0041123	NC_089043.1.g31162							
OG0041124	NC_089043.1.g31179							
OG0041125	NC_089043.1.g31322							
OG0041126	NC_089043.1.g31349							
OG0041127	NC_089043.1.g31401							
OG0041128	NC_089043.1.g31821							
OG0041129	NC_089043.1.g31829							
OG0041130	NC_089044.1.g32230							
OG0041131	NC_089044.1.g32260							
OG0041132	NC_089044.1.g32266							
OG0041133	NC_089044.1.g32429							
OG0041134	NC_089044.1.g32567							
OG0041135	NC_089044.1.g32576							
OG0041136	NC_089044.1.g32581							
OG0041137	NC_089044.1.g32603							
OG0041138	NC_089044.1.g32655							
OG0041139	NC_089044.1.g32815							
OG0041140	NC_089044.1.g32825							
OG0041141	NC_089044.1.g32846							
OG0041142	NC_089044.1.g32876							
OG0041143	NC_089044.1.g32889							
OG0041144	NC_089044.1.g33014							
OG0041145	NC_089044.1.g33021							
OG0041146	NC_089044.1.g33027							
OG0041147	NC_089044.1.g33028							
OG0041148	NC_089044.1.g33046							
OG0041149	NC_089044.1.g33107							
OG0041150	NC_089044.1.g33147							
OG0041151	NC_089044.1.g33158							
OG0041152	NC_089044.1.g33372							
OG0041153	NC_089044.1.g33391							
OG0041154	NC_089044.1.g33397							
OG0041155	NC_089044.1.g33511							
OG0041156	NC_089044.1.g33542							
OG0041157	NC_089044.1.g33560							
OG0041158	NC_089044.1.g33599							
OG0041159	NC_089044.1.g33629							
OG0041160	NC_089044.1.g33743							
OG0041161	NC_089044.1.g33777							
OG0041162	NC_089044.1.g33808							
OG0041163	NC_089044.1.g33907							
OG0041164	NC_089044.1.g34213							
OG0041165	NC_089045.1.g34573							
OG0041166	NC_089045.1.g34884							
OG0041167	NC_089045.1.g35168							
OG0041168	NC_089045.1.g35330							
OG0041169	NC_089045.1.g35354							
OG0041170	NC_089045.1.g35364							
OG0041171	NC_089045.1.g35482							
OG0041172	NC_089045.1.g35786							
OG0041173	NC_089045.1.g35885							
OG0041174	NC_089045.1.g36002							
OG0041175	NC_089045.1.g36003							
OG0041176	NC_089045.1.g36128							
OG0041177	NC_089045.1.g36219							
OG0041178	NC_089045.1.g36393							
OG0041179	NC_089045.1.g36408							
OG0041180	NC_089045.1.g36430							
OG0041181	NC_089045.1.g36483							
OG0041182	NC_089045.1.g36594							
OG0041183	NC_089045.1.g36705							
OG0041184	NC_089045.1.g36830							
OG0041185	NC_089045.1.g36848							
OG0041186	NC_089045.1.g37074							
OG0041187	NC_089045.1.g37086							
OG0041188	NC_089045.1.g37219							
OG0041189	NC_089046.1.g37480							
OG0041190	NC_089046.1.g37636							
OG0041191	NC_089046.1.g37753							
OG0041192	NC_089046.1.g37818							
OG0041193	NC_089046.1.g37902							
OG0041194	NC_089046.1.g37965							
OG0041195	NC_089046.1.g38047							
OG0041196	NC_089046.1.g38121							
OG0041197	NC_089046.1.g38190							
OG0041198	NC_089046.1.g38235							
OG0041199	NC_089046.1.g38401							
OG0041200	NC_089046.1.g38470							
OG0041201	NC_089046.1.g38496							
OG0041202	NC_089046.1.g38508							
OG0041203	NC_089046.1.g38537							
OG0041204	NC_089046.1.g38542							
OG0041205	NC_089046.1.g38620							
OG0041206	NC_089046.1.g38713							
OG0041207	NC_089046.1.g38803							
OG0041208	NC_089046.1.g38805							
OG0041209	NC_089046.1.g38807							
OG0041210	NC_089046.1.g38833							
OG0041211	NC_089046.1.g38841							
OG0041212	NC_089046.1.g38864							
OG0041213	NC_089046.1.g38870							
OG0041214	NC_089046.1.g39107							
OG0041215	NC_089046.1.g39126							
OG0041216	NC_089046.1.g39388							
OG0041217	NC_089046.1.g39422							
OG0041218	NC_089046.1.g39428							
OG0041219	NC_089046.1.g39482							
OG0041220	NC_089046.1.g39483							
OG0041221	NC_089046.1.g39536							
OG0041222	NC_089046.1.g39657							
OG0041223		NC_089035.1.g98						
OG0041224		NC_089035.1.g166						
OG0041225		NC_089035.1.g356						
OG0041226		NC_089035.1.g375						
OG0041227		NC_089035.1.g464						
OG0041228		NC_089035.1.g466						
OG0041229		NC_089035.1.g617						
OG0041230		NC_089035.1.g682						
OG0041231		NC_089035.1.g989						
OG0041232		NC_089035.1.g1224						
OG0041233		NC_089035.1.g1784						
OG0041234		NC_089035.1.g1858						
OG0041235		NC_089035.1.g1905						
OG0041236		NC_089035.1.g1935						
OG0041237		NC_089035.1.g1958						
OG0041238		NC_089035.1.g2083						
OG0041239		NC_089035.1.g2094						
OG0041240		NC_089035.1.g2113						
OG0041241		NC_089035.1.g2269						
OG0041242		NC_089035.1.g2289						
OG0041243		NC_089035.1.g2324						
OG0041244		NC_089035.1.g2416						
OG0041245		NC_089035.1.g2570						
OG0041246		NC_089035.1.g2768						
OG0041247		NC_089035.1.g3075						
OG0041248		NC_089035.1.g3255						
OG0041249		NC_089035.1.g3898						
OG0041250		NC_089035.1.g3981						
OG0041251		NC_089035.1.g4230						
OG0041252		NC_089035.1.g4278						
OG0041253		NC_089035.1.g4425						
OG0041254		NC_089035.1.g4734						
OG0041255		NC_089035.1.g4762						
OG0041256		NC_089035.1.g5220						
OG0041257		NC_089035.1.g5263						
OG0041258		NC_089036.1.g5383						
OG0041259		NC_089036.1.g5385						
OG0041260		NC_089036.1.g5426						
OG0041261		NC_089036.1.g5750						
OG0041262		NC_089036.1.g5779						
OG0041263		NC_089036.1.g5953						
OG0041264		NC_089036.1.g6112						
OG0041265		NC_089036.1.g6123						
OG0041266		NC_089036.1.g6141						
OG0041267		NC_089036.1.g6185						
OG0041268		NC_089036.1.g6201						
OG0041269		NC_089036.1.g6376						
OG0041270		NC_089036.1.g6533						
OG0041271		NC_089036.1.g6606						
OG0041272		NC_089036.1.g6719						
OG0041273		NC_089036.1.g6774						
OG0041274		NC_089036.1.g6841						
OG0041275		NC_089036.1.g7070						
OG0041276		NC_089036.1.g7132						
OG0041277		NC_089036.1.g7157						
OG0041278		NC_089036.1.g7195						
OG0041279		NC_089036.1.g7390						
OG0041280		NC_089036.1.g7583						
OG0041281		NC_089036.1.g7777						
OG0041282		NC_089036.1.g7780						
OG0041283		NC_089036.1.g8188						
OG0041284		NC_089036.1.g8369						
OG0041285		NC_089036.1.g8447						
OG0041286		NC_089036.1.g8507						
OG0041287		NC_089036.1.g8562						
OG0041288		NC_089036.1.g8737						
OG0041289		NC_089036.1.g8859						
OG0041290		NC_089036.1.g8894						
OG0041291		NC_089036.1.g9128						
OG0041292		NC_089036.1.g9160						
OG0041293		NC_089037.1.g9715						
OG0041294		NC_089037.1.g9856						
OG0041295		NC_089037.1.g9957						
OG0041296		NC_089037.1.g10080						
OG0041297		NC_089037.1.g10281						
OG0041298		NC_089037.1.g10402						
OG0041299		NC_089037.1.g10533						
OG0041300		NC_089037.1.g10884						
OG0041301		NC_089037.1.g10973						
OG0041302		NC_089037.1.g11006						
OG0041303		NC_089037.1.g11126						
OG0041304		NC_089037.1.g11299						
OG0041305		NC_089037.1.g11502						
OG0041306		NC_089037.1.g11636						
OG0041307		NC_089037.1.g12208						
OG0041308		NC_089037.1.g12216						
OG0041309		NC_089037.1.g12268						
OG0041310		NC_089037.1.g12336						
OG0041311		NC_089037.1.g12687						
OG0041312		NC_089037.1.g12891						
OG0041313		NC_089037.1.g12913						
OG0041314		NC_089037.1.g12927						
OG0041315		NC_089037.1.g13350						
OG0041316		NC_089037.1.g13698						
OG0041317		NC_089037.1.g13791						
OG0041318		NC_089038.1.g13985						
OG0041319		NC_089038.1.g14050						
OG0041320		NC_089038.1.g14059						
OG0041321		NC_089038.1.g14112						
OG0041322		NC_089038.1.g14155						
OG0041323		NC_089038.1.g14159						
OG0041324		NC_089038.1.g14454						
OG0041325		NC_089038.1.g14640						
OG0041326		NC_089038.1.g14664						
OG0041327		NC_089038.1.g14756						
OG0041328		NC_089038.1.g14766						
OG0041329		NC_089038.1.g14784						
OG0041330		NC_089038.1.g14785						
OG0041331		NC_089038.1.g14786						
OG0041332		NC_089038.1.g14820						
OG0041333		NC_089038.1.g14972						
OG0041334		NC_089038.1.g15289						
OG0041335		NC_089038.1.g15324						
OG0041336		NC_089038.1.g15401						
OG0041337		NC_089038.1.g15510						
OG0041338		NC_089038.1.g15560						
OG0041339		NC_089038.1.g15591						
OG0041340		NC_089038.1.g15641						
OG0041341		NC_089038.1.g15698						
OG0041342		NC_089038.1.g15701						
OG0041343		NC_089038.1.g15712						
OG0041344		NC_089038.1.g15892						
OG0041345		NC_089038.1.g16186						
OG0041346		NC_089038.1.g16215						
OG0041347		NC_089038.1.g16225						
OG0041348		NC_089038.1.g16409						
OG0041349		NC_089038.1.g16761						
OG0041350		NC_089038.1.g16811						
OG0041351		NC_089038.1.g16871						
OG0041352		NC_089038.1.g17014						
OG0041353		NC_089039.1.g17645						
OG0041354		NC_089039.1.g17718						
OG0041355		NC_089039.1.g17819						
OG0041356		NC_089039.1.g18021						
OG0041357		NC_089039.1.g18286						
OG0041358		NC_089039.1.g18305						
OG0041359		NC_089039.1.g18306						
OG0041360		NC_089039.1.g18321						
OG0041361		NC_089039.1.g18326						
OG0041362		NC_089039.1.g18338						
OG0041363		NC_089039.1.g18341						
OG0041364		NC_089039.1.g18353						
OG0041365		NC_089039.1.g18370						
OG0041366		NC_089039.1.g18453						
OG0041367		NC_089039.1.g18580						
OG0041368		NC_089039.1.g18728						
OG0041369		NC_089039.1.g18836						
OG0041370		NC_089039.1.g19041						
OG0041371		NC_089039.1.g19079						
OG0041372		NC_089039.1.g19107						
OG0041373		NC_089039.1.g19109						
OG0041374		NC_089039.1.g19181						
OG0041375		NC_089039.1.g19266						
OG0041376		NC_089039.1.g19283						
OG0041377		NC_089039.1.g19346						
OG0041378		NC_089039.1.g19452						
OG0041379		NC_089039.1.g19652						
OG0041380		NC_089039.1.g19700						
OG0041381		NC_089039.1.g19842						
OG0041382		NC_089039.1.g20008						
OG0041383		NC_089039.1.g20476						
OG0041384		NC_089040.1.g20673						
OG0041385		NC_089040.1.g21063						
OG0041386		NC_089040.1.g21088						
OG0041387		NC_089040.1.g21177						
OG0041388		NC_089040.1.g21578						
OG0041389		NC_089040.1.g21695						
OG0041390		NC_089040.1.g21736						
OG0041391		NC_089040.1.g21858						
OG0041392		NC_089040.1.g21900						
OG0041393		NC_089040.1.g21903						
OG0041394		NC_089040.1.g21930						
OG0041395		NC_089040.1.g21979						
OG0041396		NC_089040.1.g21981						
OG0041397		NC_089040.1.g22079						
OG0041398		NC_089040.1.g22138						
OG0041399		NC_089040.1.g22148						
OG0041400		NC_089040.1.g22168						
OG0041401		NC_089040.1.g22200						
OG0041402		NC_089040.1.g22215						
OG0041403		NC_089040.1.g22278						
OG0041404		NC_089040.1.g22317						
OG0041405		NC_089040.1.g22377						
OG0041406		NC_089040.1.g22425						
OG0041407		NC_089040.1.g22430						
OG0041408		NC_089040.1.g22431						
OG0041409		NC_089040.1.g22465						
OG0041410		NC_089040.1.g22490						
OG0041411		NC_089040.1.g22509						
OG0041412		NC_089040.1.g22638						
OG0041413		NC_089040.1.g22693						
OG0041414		NC_089040.1.g22702						
OG0041415		NC_089040.1.g22801						
OG0041416		NC_089040.1.g23011						
OG0041417		NC_089040.1.g23035						
OG0041418		NC_089040.1.g23178						
OG0041419		NC_089040.1.g23196						
OG0041420		NC_089040.1.g23398						
OG0041421		NC_089040.1.g23407						
OG0041422		NC_089041.1.g24121						
OG0041423		NC_089041.1.g24162						
OG0041424		NC_089041.1.g24501						
OG0041425		NC_089041.1.g24625						
OG0041426		NC_089041.1.g24653						
OG0041427		NC_089041.1.g24673						
OG0041428		NC_089041.1.g24693						
OG0041429		NC_089041.1.g24703						
OG0041430		NC_089041.1.g24885						
OG0041431		NC_089041.1.g24947						
OG0041432		NC_089041.1.g24969						
OG0041433		NC_089041.1.g25025						
OG0041434		NC_089041.1.g25065						
OG0041435		NC_089041.1.g25162						
OG0041436		NC_089041.1.g25168						
OG0041437		NC_089041.1.g25221						
OG0041438		NC_089041.1.g25303						
OG0041439		NC_089041.1.g25483						
OG0041440		NC_089041.1.g25515						
OG0041441		NC_089041.1.g25527						
OG0041442		NC_089041.1.g25552						
OG0041443		NC_089041.1.g25618						
OG0041444		NC_089041.1.g25788						
OG0041445		NC_089041.1.g25910						
OG0041446		NC_089041.1.g26024						
OG0041447		NC_089041.1.g26059						
OG0041448		NC_089041.1.g26087						
OG0041449		NC_089041.1.g26218						
OG0041450		NC_089041.1.g26304						
OG0041451		NC_089041.1.g26413						
OG0041452		NC_089042.1.g27162						
OG0041453		NC_089042.1.g27165						
OG0041454		NC_089042.1.g27228						
OG0041455		NC_089042.1.g27445						
OG0041456		NC_089042.1.g27698						
OG0041457		NC_089042.1.g27820						
OG0041458		NC_089042.1.g27927						
OG0041459		NC_089042.1.g28046						
OG0041460		NC_089042.1.g28096						
OG0041461		NC_089042.1.g28125						
OG0041462		NC_089042.1.g28138						
OG0041463		NC_089042.1.g28140						
OG0041464		NC_089042.1.g28141						
OG0041465		NC_089042.1.g28145						
OG0041466		NC_089042.1.g28150						
OG0041467		NC_089042.1.g28181						
OG0041468		NC_089042.1.g28237						
OG0041469		NC_089042.1.g28297						
OG0041470		NC_089042.1.g28307						
OG0041471		NC_089042.1.g28344						
OG0041472		NC_089042.1.g28352						
OG0041473		NC_089042.1.g28390						
OG0041474		NC_089042.1.g28492						
OG0041475		NC_089042.1.g28493						
OG0041476		NC_089042.1.g28577						
OG0041477		NC_089042.1.g28584						
OG0041478		NC_089042.1.g28602						
OG0041479		NC_089042.1.g28603						
OG0041480		NC_089042.1.g28701						
OG0041481		NC_089042.1.g28783						
OG0041482		NC_089042.1.g29575						
OG0041483		NC_089043.1.g29885						
OG0041484		NC_089043.1.g29894						
OG0041485		NC_089043.1.g30035						
OG0041486		NC_089043.1.g30173						
OG0041487		NC_089043.1.g30280						
OG0041488		NC_089043.1.g30295						
OG0041489		NC_089043.1.g30369						
OG0041490		NC_089043.1.g30388						
OG0041491		NC_089043.1.g30418						
OG0041492		NC_089043.1.g30490						
OG0041493		NC_089043.1.g30585						
OG0041494		NC_089043.1.g30602						
OG0041495		NC_089043.1.g30941						
OG0041496		NC_089043.1.g30965						
OG0041497		NC_089043.1.g30997						
OG0041498		NC_089043.1.g31026						
OG0041499		NC_089043.1.g31219						
OG0041500		NC_089043.1.g31816						
OG0041501		NC_089043.1.g31943						
OG0041502		NC_089044.1.g32196						
OG0041503		NC_089044.1.g32209						
OG0041504		NC_089044.1.g32231						
OG0041505		NC_089044.1.g32239						
OG0041506		NC_089044.1.g32334						
OG0041507		NC_089044.1.g32337						
OG0041508		NC_089044.1.g32520						
OG0041509		NC_089044.1.g32538						
OG0041510		NC_089044.1.g32596						
OG0041511		NC_089044.1.g32646						
OG0041512		NC_089044.1.g32663						
OG0041513		NC_089044.1.g32687						
OG0041514		NC_089044.1.g32721						
OG0041515		NC_089044.1.g32814						
OG0041516		NC_089044.1.g32820						
OG0041517		NC_089044.1.g32954						
OG0041518		NC_089044.1.g33016						
OG0041519		NC_089044.1.g33030						
OG0041520		NC_089044.1.g33188						
OG0041521		NC_089044.1.g33205						
OG0041522		NC_089044.1.g33285						
OG0041523		NC_089044.1.g33506						
OG0041524		NC_089044.1.g33542						
OG0041525		NC_089044.1.g33929						
OG0041526		NC_089044.1.g34232						
OG0041527		NC_089045.1.g34411						
OG0041528		NC_089045.1.g34811						
OG0041529		NC_089045.1.g34924						
OG0041530		NC_089045.1.g35021						
OG0041531		NC_089045.1.g35162						
OG0041532		NC_089045.1.g35182						
OG0041533		NC_089045.1.g35185						
OG0041534		NC_089045.1.g35481						
OG0041535		NC_089045.1.g35489						
OG0041536		NC_089045.1.g35500						
OG0041537		NC_089045.1.g35606						
OG0041538		NC_089045.1.g35633						
OG0041539		NC_089045.1.g35689						
OG0041540		NC_089045.1.g35700						
OG0041541		NC_089045.1.g35715						
OG0041542		NC_089045.1.g35736						
OG0041543		NC_089045.1.g35742						
OG0041544		NC_089045.1.g35760						
OG0041545		NC_089045.1.g35857						
OG0041546		NC_089045.1.g35892						
OG0041547		NC_089045.1.g35966						
OG0041548		NC_089045.1.g35975						
OG0041549		NC_089045.1.g35986						
OG0041550		NC_089045.1.g35994						
OG0041551		NC_089045.1.g36281						
OG0041552		NC_089045.1.g36339						
OG0041553		NC_089045.1.g36570						
OG0041554		NC_089045.1.g36640						
OG0041555		NC_089045.1.g36876						
OG0041556		NC_089045.1.g37010						
OG0041557		NC_089046.1.g37152						
OG0041558		NC_089046.1.g37523						
OG0041559		NC_089046.1.g37682						
OG0041560		NC_089046.1.g37932						
OG0041561		NC_089046.1.g37964						
OG0041562		NC_089046.1.g38057						
OG0041563		NC_089046.1.g38133						
OG0041564		NC_089046.1.g38155						
OG0041565		NC_089046.1.g38168						
OG0041566		NC_089046.1.g38214						
OG0041567		NC_089046.1.g38340						
OG0041568		NC_089046.1.g38379						
OG0041569		NC_089046.1.g38591						
OG0041570		NC_089046.1.g38643						
OG0041571		NC_089046.1.g38730						
OG0041572		NC_089046.1.g38932						
OG0041573		NC_089046.1.g38958						
OG0041574		NC_089046.1.g39377						
OG0041575		NC_089046.1.g39465						
OG0041576		NC_089046.1.g39502						
OG0041577			NC_089035.1.g98					
OG0041578			NC_089035.1.g873					
OG0041579			NC_089035.1.g876					
OG0041580			NC_089035.1.g956					
OG0041581			NC_089035.1.g1110					
OG0041582			NC_089035.1.g1287					
OG0041583			NC_089035.1.g1354					
OG0041584			NC_089035.1.g1605					
OG0041585			NC_089035.1.g1879					
OG0041586			NC_089035.1.g1919					
OG0041587			NC_089035.1.g2074					
OG0041588			NC_089035.1.g2076					
OG0041589			NC_089035.1.g2095					
OG0041590			NC_089035.1.g2099					
OG0041591			NC_089035.1.g2103					
OG0041592			NC_089035.1.g2293					
OG0041593			NC_089035.1.g3075					
OG0041594			NC_089035.1.g3540					
OG0041595			NC_089035.1.g3632					
OG0041596			NC_089035.1.g3765					
OG0041597			NC_089035.1.g3800					
OG0041598			NC_089035.1.g3818					
OG0041599			NC_089035.1.g3854					
OG0041600			NC_089035.1.g3932					
OG0041601			NC_089035.1.g3942					
OG0041602			NC_089035.1.g4015					
OG0041603			NC_089035.1.g4019					
OG0041604			NC_089035.1.g4022					
OG0041605			NC_089035.1.g4105					
OG0041606			NC_089035.1.g4243					
OG0041607			NC_089035.1.g4501					
OG0041608			NC_089035.1.g4642					
OG0041609			NC_089035.1.g4731					
OG0041610			NC_089035.1.g4993					
OG0041611			NC_089035.1.g5005					
OG0041612			NC_089035.1.g5011					
OG0041613			NC_089035.1.g5212					
OG0041614			NC_089036.1.g5554					
OG0041615			NC_089036.1.g5646					
OG0041616			NC_089036.1.g5724					
OG0041617			NC_089036.1.g6500					
OG0041618			NC_089036.1.g6540					
OG0041619			NC_089036.1.g6578					
OG0041620			NC_089036.1.g6760					
OG0041621			NC_089036.1.g6871					
OG0041622			NC_089036.1.g7003					
OG0041623			NC_089036.1.g7055					
OG0041624			NC_089036.1.g7131					
OG0041625			NC_089036.1.g7587					
OG0041626			NC_089036.1.g7672					
OG0041627			NC_089036.1.g7834					
OG0041628			NC_089036.1.g7967					
OG0041629			NC_089036.1.g7968					
OG0041630			NC_089036.1.g7976					
OG0041631			NC_089036.1.g7992					
OG0041632			NC_089036.1.g8424					
OG0041633			NC_089036.1.g8806					
OG0041634			NC_089036.1.g8816					
OG0041635			NC_089036.1.g8842					
OG0041636			NC_089036.1.g8981					
OG0041637			NC_089036.1.g9306					
OG0041638			NC_089036.1.g9325					
OG0041639			NC_089037.1.g9474					
OG0041640			NC_089037.1.g9658					
OG0041641			NC_089037.1.g9958					
OG0041642			NC_089037.1.g10526					
OG0041643			NC_089037.1.g10792					
OG0041644			NC_089037.1.g10804					
OG0041645			NC_089037.1.g11355					
OG0041646			NC_089037.1.g11398					
OG0041647			NC_089037.1.g11405					
OG0041648			NC_089037.1.g11427					
OG0041649			NC_089037.1.g11456					
OG0041650			NC_089037.1.g11480					
OG0041651			NC_089037.1.g11484					
OG0041652			NC_089037.1.g11509					
OG0041653			NC_089037.1.g11522					
OG0041654			NC_089037.1.g11579					
OG0041655			NC_089037.1.g11592					
OG0041656			NC_089037.1.g11594					
OG0041657			NC_089037.1.g11707					
OG0041658			NC_089037.1.g11822					
OG0041659			NC_089037.1.g12219					
OG0041660			NC_089037.1.g12242					
OG0041661			NC_089037.1.g12349					
OG0041662			NC_089037.1.g12600					
OG0041663			NC_089037.1.g12621					
OG0041664			NC_089037.1.g13093					
OG0041665			NC_089037.1.g13203					
OG0041666			NC_089037.1.g13523					
OG0041667			NC_089037.1.g13652					
OG0041668			NC_089038.1.g14101					
OG0041669			NC_089038.1.g14193					
OG0041670			NC_089038.1.g14215					
OG0041671			NC_089038.1.g14235					
OG0041672			NC_089038.1.g14412					
OG0041673			NC_089038.1.g14461					
OG0041674			NC_089038.1.g14498					
OG0041675			NC_089038.1.g14546					
OG0041676			NC_089038.1.g14547					
OG0041677			NC_089038.1.g14579					
OG0041678			NC_089038.1.g14627					
OG0041679			NC_089038.1.g14662					
OG0041680			NC_089038.1.g14679					
OG0041681			NC_089038.1.g14693					
OG0041682			NC_089038.1.g14697					
OG0041683			NC_089038.1.g14715					
OG0041684			NC_089038.1.g14729					
OG0041685			NC_089038.1.g14800					
OG0041686			NC_089038.1.g14864					
OG0041687			NC_089038.1.g14877					
OG0041688			NC_089038.1.g14896					
OG0041689			NC_089038.1.g14941					
OG0041690			NC_089038.1.g14942					
OG0041691			NC_089038.1.g15309					
OG0041692			NC_089038.1.g15451					
OG0041693			NC_089038.1.g15452					
OG0041694			NC_089038.1.g15578					
OG0041695			NC_089038.1.g15818					
OG0041696			NC_089038.1.g15847					
OG0041697			NC_089038.1.g15867					
OG0041698			NC_089038.1.g15996					
OG0041699			NC_089038.1.g16127					
OG0041700			NC_089038.1.g16201					
OG0041701			NC_089038.1.g16457					
OG0041702			NC_089038.1.g16499					
OG0041703			NC_089038.1.g16617					
OG0041704			NC_089038.1.g16685					
OG0041705			NC_089038.1.g16915					
OG0041706			NC_089038.1.g16935					
OG0041707			NC_089038.1.g17027					
OG0041708			NC_089038.1.g17065					
OG0041709			NC_089039.1.g17561					
OG0041710			NC_089039.1.g17576					
OG0041711			NC_089039.1.g17659					
OG0041712			NC_089039.1.g17895					
OG0041713			NC_089039.1.g18090					
OG0041714			NC_089039.1.g18095					
OG0041715			NC_089039.1.g18241					
OG0041716			NC_089039.1.g18340					
OG0041717			NC_089039.1.g18442					
OG0041718			NC_089039.1.g18596					
OG0041719			NC_089039.1.g18790					
OG0041720			NC_089039.1.g18865					
OG0041721			NC_089039.1.g18885					
OG0041722			NC_089039.1.g18887					
OG0041723			NC_089039.1.g19095					
OG0041724			NC_089039.1.g19133					
OG0041725			NC_089039.1.g19160					
OG0041726			NC_089039.1.g19201					
OG0041727			NC_089039.1.g19202					
OG0041728			NC_089039.1.g19358					
OG0041729			NC_089039.1.g19410					
OG0041730			NC_089039.1.g19461					
OG0041731			NC_089039.1.g19488					
OG0041732			NC_089039.1.g19548					
OG0041733			NC_089039.1.g19780					
OG0041734			NC_089039.1.g19894					
OG0041735			NC_089039.1.g19898					
OG0041736			NC_089039.1.g20285					
OG0041737			NC_089040.1.g20735					
OG0041738			NC_089040.1.g21171					
OG0041739			NC_089040.1.g21311					
OG0041740			NC_089040.1.g21359					
OG0041741			NC_089040.1.g21362					
OG0041742			NC_089040.1.g21400					
OG0041743			NC_089040.1.g21585					
OG0041744			NC_089040.1.g21662					
OG0041745			NC_089040.1.g21764					
OG0041746			NC_089040.1.g21769					
OG0041747			NC_089040.1.g21816					
OG0041748			NC_089040.1.g21838					
OG0041749			NC_089040.1.g22088					
OG0041750			NC_089040.1.g22193					
OG0041751			NC_089040.1.g22203					
OG0041752			NC_089040.1.g22238					
OG0041753			NC_089040.1.g22242					
OG0041754			NC_089040.1.g22267					
OG0041755			NC_089040.1.g22379					
OG0041756			NC_089040.1.g22636					
OG0041757			NC_089040.1.g22752					
OG0041758			NC_089040.1.g22760					
OG0041759			NC_089040.1.g22773					
OG0041760			NC_089040.1.g22898					
OG0041761			NC_089040.1.g22914					
OG0041762			NC_089040.1.g22937					
OG0041763			NC_089040.1.g23236					
OG0041764			NC_089040.1.g23246					
OG0041765			NC_089040.1.g23268					
OG0041766			NC_089040.1.g23630					
OG0041767			NC_089041.1.g24089					
OG0041768			NC_089041.1.g24241					
OG0041769			NC_089041.1.g24813					
OG0041770			NC_089041.1.g25043					
OG0041771			NC_089041.1.g25063					
OG0041772			NC_089041.1.g25201					
OG0041773			NC_089041.1.g25282					
OG0041774			NC_089041.1.g25324					
OG0041775			NC_089041.1.g25361					
OG0041776			NC_089041.1.g25437					
OG0041777			NC_089041.1.g25467					
OG0041778			NC_089041.1.g25495					
OG0041779			NC_089041.1.g25703					
OG0041780			NC_089041.1.g25707					
OG0041781			NC_089041.1.g25747					
OG0041782			NC_089041.1.g25819					
OG0041783			NC_089041.1.g25944					
OG0041784			NC_089041.1.g25966					
OG0041785			NC_089041.1.g25999					
OG0041786			NC_089041.1.g26001					
OG0041787			NC_089041.1.g26092					
OG0041788			NC_089041.1.g26297					
OG0041789			NC_089041.1.g26676					
OG0041790			NC_089042.1.g27118					
OG0041791			NC_089042.1.g27505					
OG0041792			NC_089042.1.g27516					
OG0041793			NC_089042.1.g27638					
OG0041794			NC_089042.1.g27639					
OG0041795			NC_089042.1.g27998					
OG0041796			NC_089042.1.g28008					
OG0041797			NC_089042.1.g28071					
OG0041798			NC_089042.1.g28217					
OG0041799			NC_089042.1.g28305					
OG0041800			NC_089042.1.g28317					
OG0041801			NC_089042.1.g28442					
OG0041802			NC_089042.1.g28458					
OG0041803			NC_089042.1.g28745					
OG0041804			NC_089042.1.g29168					
OG0041805			NC_089042.1.g29336					
OG0041806			NC_089042.1.g29340					
OG0041807			NC_089042.1.g29414					
OG0041808			NC_089043.1.g29829					
OG0041809			NC_089043.1.g29876					
OG0041810			NC_089043.1.g30003					
OG0041811			NC_089043.1.g30056					
OG0041812			NC_089043.1.g30104					
OG0041813			NC_089043.1.g30125					
OG0041814			NC_089043.1.g30130					
OG0041815			NC_089043.1.g30220					
OG0041816			NC_089043.1.g30288					
OG0041817			NC_089043.1.g30429					
OG0041818			NC_089043.1.g30464					
OG0041819			NC_089043.1.g30487					
OG0041820			NC_089043.1.g30501					
OG0041821			NC_089043.1.g30726					
OG0041822			NC_089043.1.g30810					
OG0041823			NC_089043.1.g30999					
OG0041824			NC_089043.1.g31217					
OG0041825			NC_089043.1.g31230					
OG0041826			NC_089043.1.g31303					
OG0041827			NC_089043.1.g31923					
OG0041828			NC_089043.1.g31972					
OG0041829			NC_089043.1.g31978					
OG0041830			NC_089044.1.g32121					
OG0041831			NC_089044.1.g32142					
OG0041832			NC_089044.1.g32143					
OG0041833			NC_089044.1.g32153					
OG0041834			NC_089044.1.g32164					
OG0041835			NC_089044.1.g32196					
OG0041836			NC_089044.1.g32304					
OG0041837			NC_089044.1.g32320					
OG0041838			NC_089044.1.g32328					
OG0041839			NC_089044.1.g32385					
OG0041840			NC_089044.1.g32643					
OG0041841			NC_089044.1.g32656					
OG0041842			NC_089044.1.g32663					
OG0041843			NC_089044.1.g32700					
OG0041844			NC_089044.1.g32820					
OG0041845			NC_089044.1.g32848					
OG0041846			NC_089044.1.g32976					
OG0041847			NC_089044.1.g33076					
OG0041848			NC_089044.1.g33216					
OG0041849			NC_089044.1.g33869					
OG0041850			NC_089044.1.g34080					
OG0041851			NC_089044.1.g34128					
OG0041852			NC_089045.1.g34634					
OG0041853			NC_089045.1.g34668					
OG0041854			NC_089045.1.g34722					
OG0041855			NC_089045.1.g35065					
OG0041856			NC_089045.1.g35084					
OG0041857			NC_089045.1.g35320					
OG0041858			NC_089045.1.g35356					
OG0041859			NC_089045.1.g35372					
OG0041860			NC_089045.1.g35446					
OG0041861			NC_089045.1.g35537					
OG0041862			NC_089045.1.g35568					
OG0041863			NC_089045.1.g35573					
OG0041864			NC_089045.1.g35591					
OG0041865			NC_089045.1.g35664					
OG0041866			NC_089045.1.g35847					
OG0041867			NC_089045.1.g36005					
OG0041868			NC_089045.1.g36180					
OG0041869			NC_089045.1.g36333					
OG0041870			NC_089045.1.g36400					
OG0041871			NC_089045.1.g36589					
OG0041872			NC_089045.1.g36603					
OG0041873			NC_089045.1.g36671					
OG0041874			NC_089045.1.g36886					
OG0041875			NC_089045.1.g36922					
OG0041876			NC_089046.1.g37419					
OG0041877			NC_089046.1.g37428					
OG0041878			NC_089046.1.g37490					
OG0041879			NC_089046.1.g37587					
OG0041880			NC_089046.1.g37687					
OG0041881			NC_089046.1.g37725					
OG0041882			NC_089046.1.g37818					
OG0041883			NC_089046.1.g37855					
OG0041884			NC_089046.1.g37865					
OG0041885			NC_089046.1.g37888					
OG0041886			NC_089046.1.g37916					
OG0041887			NC_089046.1.g37931					
OG0041888			NC_089046.1.g38022					
OG0041889			NC_089046.1.g38123					
OG0041890			NC_089046.1.g38213					
OG0041891			NC_089046.1.g38294					
OG0041892			NC_089046.1.g38303					
OG0041893			NC_089046.1.g38362					
OG0041894			NC_089046.1.g38368					
OG0041895			NC_089046.1.g38393					
OG0041896			NC_089046.1.g38409					
OG0041897			NC_089046.1.g38490					
OG0041898			NC_089046.1.g38513					
OG0041899			NC_089046.1.g38696					
OG0041900			NC_089046.1.g38864					
OG0041901			NC_089046.1.g39121					
OG0041902				NC_089035.1.g95				
OG0041903				NC_089035.1.g204				
OG0041904				NC_089035.1.g718				
OG0041905				NC_089035.1.g866				
OG0041906				NC_089035.1.g869				
OG0041907				NC_089035.1.g1684				
OG0041908				NC_089035.1.g1778				
OG0041909				NC_089035.1.g1894				
OG0041910				NC_089035.1.g2028				
OG0041911				NC_089035.1.g2094				
OG0041912				NC_089035.1.g2109				
OG0041913				NC_089035.1.g2143				
OG0041914				NC_089035.1.g2349				
OG0041915				NC_089035.1.g2413				
OG0041916				NC_089035.1.g2780				
OG0041917				NC_089035.1.g2950				
OG0041918				NC_089035.1.g3254				
OG0041919				NC_089035.1.g3392				
OG0041920				NC_089035.1.g3794				
OG0041921				NC_089035.1.g3957				
OG0041922				NC_089035.1.g4180				
OG0041923				NC_089035.1.g4338				
OG0041924				NC_089035.1.g4397				
OG0041925				NC_089035.1.g4792				
OG0041926				NC_089035.1.g4917				
OG0041927				NC_089035.1.g5030				
OG0041928				NC_089035.1.g5039				
OG0041929				NC_089035.1.g5075				
OG0041930				NC_089035.1.g5079				
OG0041931				NC_089036.1.g5841				
OG0041932				NC_089036.1.g6145				
OG0041933				NC_089036.1.g6239				
OG0041934				NC_089036.1.g6243				
OG0041935				NC_089036.1.g6429				
OG0041936				NC_089036.1.g6715				
OG0041937				NC_089036.1.g6770				
OG0041938				NC_089036.1.g6813				
OG0041939				NC_089036.1.g6820				
OG0041940				NC_089036.1.g6942				
OG0041941				NC_089036.1.g7298				
OG0041942				NC_089036.1.g7362				
OG0041943				NC_089036.1.g7508				
OG0041944				NC_089036.1.g7645				
OG0041945				NC_089036.1.g7712				
OG0041946				NC_089036.1.g7864				
OG0041947				NC_089036.1.g7970				
OG0041948				NC_089036.1.g8212				
OG0041949				NC_089036.1.g8250				
OG0041950				NC_089036.1.g8305				
OG0041951				NC_089036.1.g8686				
OG0041952				NC_089036.1.g9253				
OG0041953				NC_089036.1.g9349				
OG0041954				NC_089037.1.g9559				
OG0041955				NC_089037.1.g9565				
OG0041956				NC_089037.1.g9697				
OG0041957				NC_089037.1.g9903				
OG0041958				NC_089037.1.g10347				
OG0041959				NC_089037.1.g10380				
OG0041960				NC_089037.1.g10388				
OG0041961				NC_089037.1.g10482				
OG0041962				NC_089037.1.g11237				
OG0041963				NC_089037.1.g11466				
OG0041964				NC_089037.1.g11524				
OG0041965				NC_089037.1.g11749				
OG0041966				NC_089037.1.g11916				
OG0041967				NC_089037.1.g11918				
OG0041968				NC_089037.1.g12173				
OG0041969				NC_089037.1.g12386				
OG0041970				NC_089037.1.g12394				
OG0041971				NC_089037.1.g12413				
OG0041972				NC_089037.1.g12527				
OG0041973				NC_089037.1.g12531				
OG0041974				NC_089037.1.g12720				
OG0041975				NC_089037.1.g13372				
OG0041976				NC_089038.1.g13941				
OG0041977				NC_089038.1.g14029				
OG0041978				NC_089038.1.g14064				
OG0041979				NC_089038.1.g14087				
OG0041980				NC_089038.1.g14090				
OG0041981				NC_089038.1.g14254				
OG0041982				NC_089038.1.g14350				
OG0041983				NC_089038.1.g14392				
OG0041984				NC_089038.1.g14442				
OG0041985				NC_089038.1.g14806				
OG0041986				NC_089038.1.g14850				
OG0041987				NC_089038.1.g15012				
OG0041988				NC_089038.1.g15540				
OG0041989				NC_089038.1.g15883				
OG0041990				NC_089038.1.g16592				
OG0041991				NC_089038.1.g16631				
OG0041992				NC_089038.1.g16847				
OG0041993				NC_089038.1.g16953				
OG0041994				NC_089038.1.g17089				
OG0041995				NC_089038.1.g17136				
OG0041996				NC_089038.1.g17351				
OG0041997				NC_089039.1.g17769				
OG0041998				NC_089039.1.g17863				
OG0041999				NC_089039.1.g17939				
OG0042000				NC_089039.1.g17990				
OG0042001				NC_089039.1.g18030				
OG0042002				NC_089039.1.g18092				
OG0042003				NC_089039.1.g18619				
OG0042004				NC_089039.1.g18817				
OG0042005				NC_089039.1.g18835				
OG0042006				NC_089039.1.g19025				
OG0042007				NC_089039.1.g19085				
OG0042008				NC_089039.1.g19129				
OG0042009				NC_089039.1.g19259				
OG0042010				NC_089039.1.g19264				
OG0042011				NC_089039.1.g19387				
OG0042012				NC_089039.1.g19406				
OG0042013				NC_089039.1.g19566				
OG0042014				NC_089039.1.g19588				
OG0042015				NC_089039.1.g19646				
OG0042016				NC_089039.1.g19692				
OG0042017				NC_089039.1.g19697				
OG0042018				NC_089039.1.g19728				
OG0042019				NC_089039.1.g19819				
OG0042020				NC_089039.1.g20241				
OG0042021				NC_089040.1.g20614				
OG0042022				NC_089040.1.g20659				
OG0042023				NC_089040.1.g21163				
OG0042024				NC_089040.1.g21320				
OG0042025				NC_089040.1.g21321				
OG0042026				NC_089040.1.g21437				
OG0042027				NC_089040.1.g21560				
OG0042028				NC_089040.1.g21631				
OG0042029				NC_089040.1.g21679				
OG0042030				NC_089040.1.g21710				
OG0042031				NC_089040.1.g21764				
OG0042032				NC_089040.1.g22013				
OG0042033				NC_089040.1.g22018				
OG0042034				NC_089040.1.g22055				
OG0042035				NC_089040.1.g22074				
OG0042036				NC_089040.1.g22085				
OG0042037				NC_089040.1.g22137				
OG0042038				NC_089040.1.g22270				
OG0042039				NC_089040.1.g22459				
OG0042040				NC_089040.1.g22482				
OG0042041				NC_089040.1.g22502				
OG0042042				NC_089040.1.g22587				
OG0042043				NC_089040.1.g22694				
OG0042044				NC_089040.1.g22914				
OG0042045				NC_089040.1.g22944				
OG0042046				NC_089040.1.g22963				
OG0042047				NC_089040.1.g23158				
OG0042048				NC_089041.1.g23756				
OG0042049				NC_089041.1.g24283				
OG0042050				NC_089041.1.g24517				
OG0042051				NC_089041.1.g24620				
OG0042052				NC_089041.1.g24904				
OG0042053				NC_089041.1.g25227				
OG0042054				NC_089041.1.g25228				
OG0042055				NC_089041.1.g25240				
OG0042056				NC_089041.1.g25250				
OG0042057				NC_089041.1.g25301				
OG0042058				NC_089041.1.g25313				
OG0042059				NC_089041.1.g25372				
OG0042060				NC_089041.1.g25406				
OG0042061				NC_089041.1.g25419				
OG0042062				NC_089041.1.g25513				
OG0042063				NC_089041.1.g25529				
OG0042064				NC_089041.1.g26223				
OG0042065				NC_089041.1.g26373				
OG0042066				NC_089041.1.g26571				
OG0042067				NC_089041.1.g26752				
OG0042068				NC_089041.1.g26761				
OG0042069				NC_089042.1.g27049				
OG0042070				NC_089042.1.g27063				
OG0042071				NC_089042.1.g27098				
OG0042072				NC_089042.1.g27150				
OG0042073				NC_089042.1.g27153				
OG0042074				NC_089042.1.g27272				
OG0042075				NC_089042.1.g27387				
OG0042076				NC_089042.1.g27422				
OG0042077				NC_089042.1.g27436				
OG0042078				NC_089042.1.g27514				
OG0042079				NC_089042.1.g27531				
OG0042080				NC_089042.1.g27731				
OG0042081				NC_089042.1.g27763				
OG0042082				NC_089042.1.g27847				
OG0042083				NC_089042.1.g27893				
OG0042084				NC_089042.1.g27948				
OG0042085				NC_089042.1.g27955				
OG0042086				NC_089042.1.g27982				
OG0042087				NC_089042.1.g27986				
OG0042088				NC_089042.1.g28010				
OG0042089				NC_089042.1.g28018				
OG0042090				NC_089042.1.g28111				
OG0042091				NC_089042.1.g28136				
OG0042092				NC_089042.1.g28175				
OG0042093				NC_089042.1.g28225				
OG0042094				NC_089042.1.g28228				
OG0042095				NC_089042.1.g28237				
OG0042096				NC_089042.1.g28287				
OG0042097				NC_089042.1.g28301				
OG0042098				NC_089042.1.g28321				
OG0042099				NC_089042.1.g28337				
OG0042100				NC_089042.1.g28480				
OG0042101				NC_089042.1.g28662				
OG0042102				NC_089042.1.g28701				
OG0042103				NC_089043.1.g29602				
OG0042104				NC_089043.1.g29615				
OG0042105				NC_089043.1.g29637				
OG0042106				NC_089043.1.g29665				
OG0042107				NC_089043.1.g29686				
OG0042108				NC_089043.1.g29688				
OG0042109				NC_089043.1.g29699				
OG0042110				NC_089043.1.g29723				
OG0042111				NC_089043.1.g29829				
OG0042112				NC_089043.1.g29883				
OG0042113				NC_089043.1.g29900				
OG0042114				NC_089043.1.g29915				
OG0042115				NC_089043.1.g29925				
OG0042116				NC_089043.1.g29962				
OG0042117				NC_089043.1.g30028				
OG0042118				NC_089043.1.g30075				
OG0042119				NC_089043.1.g30173				
OG0042120				NC_089043.1.g30202				
OG0042121				NC_089043.1.g30413				
OG0042122				NC_089043.1.g30414				
OG0042123				NC_089043.1.g30506				
OG0042124				NC_089043.1.g30684				
OG0042125				NC_089043.1.g30697				
OG0042126				NC_089043.1.g30710				
OG0042127				NC_089043.1.g30776				
OG0042128				NC_089043.1.g30876				
OG0042129				NC_089043.1.g30878				
OG0042130				NC_089043.1.g30912				
OG0042131				NC_089043.1.g31135				
OG0042132				NC_089043.1.g31460				
OG0042133				NC_089043.1.g31471				
OG0042134				NC_089044.1.g31838				
OG0042135				NC_089044.1.g31849				
OG0042136				NC_089044.1.g32113				
OG0042137				NC_089044.1.g32122				
OG0042138				NC_089044.1.g32228				
OG0042139				NC_089044.1.g32425				
OG0042140				NC_089044.1.g32497				
OG0042141				NC_089044.1.g32498				
OG0042142				NC_089044.1.g32541				
OG0042143				NC_089044.1.g32716				
OG0042144				NC_089044.1.g32736				
OG0042145				NC_089044.1.g32839				
OG0042146				NC_089044.1.g32868				
OG0042147				NC_089044.1.g33068				
OG0042148				NC_089044.1.g33171				
OG0042149				NC_089044.1.g33277				
OG0042150				NC_089044.1.g33574				
OG0042151				NC_089044.1.g33598				
OG0042152				NC_089044.1.g33647				
OG0042153				NC_089044.1.g33880				
OG0042154				NC_089044.1.g33991				
OG0042155				NC_089044.1.g34018				
OG0042156				NC_089045.1.g34175				
OG0042157				NC_089045.1.g34184				
OG0042158				NC_089045.1.g34287				
OG0042159				NC_089045.1.g34351				
OG0042160				NC_089045.1.g34507				
OG0042161				NC_089045.1.g34577				
OG0042162				NC_089045.1.g34629				
OG0042163				NC_089045.1.g34745				
OG0042164				NC_089045.1.g34798				
OG0042165				NC_089045.1.g34889				
OG0042166				NC_089045.1.g34909				
OG0042167				NC_089045.1.g34927				
OG0042168				NC_089045.1.g35022				
OG0042169				NC_089045.1.g35157				
OG0042170				NC_089045.1.g35186				
OG0042171				NC_089045.1.g35251				
OG0042172				NC_089045.1.g35275				
OG0042173				NC_089045.1.g35367				
OG0042174				NC_089045.1.g35436				
OG0042175				NC_089045.1.g35557				
OG0042176				NC_089045.1.g35614				
OG0042177				NC_089045.1.g35710				
OG0042178				NC_089045.1.g35930				
OG0042179				NC_089045.1.g35974				
OG0042180				NC_089045.1.g35978				
OG0042181				NC_089045.1.g36091				
OG0042182				NC_089045.1.g36126				
OG0042183				NC_089045.1.g36168				
OG0042184				NC_089045.1.g36259				
OG0042185				NC_089045.1.g36322				
OG0042186				NC_089045.1.g36326				
OG0042187				NC_089045.1.g36342				
OG0042188				NC_089045.1.g36350				
OG0042189				NC_089045.1.g36418				
OG0042190				NC_089045.1.g36575				
OG0042191				NC_089045.1.g36668				
OG0042192				NC_089045.1.g36680				
OG0042193				NC_089046.1.g36785				
OG0042194				NC_089046.1.g36896				
OG0042195				NC_089046.1.g36919				
OG0042196				NC_089046.1.g37172				
OG0042197				NC_089046.1.g37284				
OG0042198				NC_089046.1.g37405				
OG0042199				NC_089046.1.g37525				
OG0042200				NC_089046.1.g37563				
OG0042201				NC_089046.1.g37688				
OG0042202				NC_089046.1.g37697				
OG0042203				NC_089046.1.g37730				
OG0042204				NC_089046.1.g37859				
OG0042205				NC_089046.1.g37866				
OG0042206				NC_089046.1.g37903				
OG0042207				NC_089046.1.g37919				
OG0042208				NC_089046.1.g38007				
OG0042209				NC_089046.1.g38017				
OG0042210				NC_089046.1.g38043				
OG0042211				NC_089046.1.g38071				
OG0042212				NC_089046.1.g38134				
OG0042213				NC_089046.1.g38169				
OG0042214				NC_089046.1.g38178				
OG0042215				NC_089046.1.g38189				
OG0042216				NC_089046.1.g38192				
OG0042217				NC_089046.1.g38230				
OG0042218				NC_089046.1.g38234				
OG0042219				NC_089046.1.g38287				
OG0042220				NC_089046.1.g38324				
OG0042221				NC_089046.1.g38397				
OG0042222				NC_089046.1.g38400				
OG0042223				NC_089046.1.g38443				
OG0042224				NC_089046.1.g38542				
OG0042225				NC_089046.1.g38799				
OG0042226				NC_089046.1.g38832				
OG0042227				NC_089046.1.g38838				
OG0042228					NC_089035.1.g64			
OG0042229					NC_089035.1.g93			
OG0042230					NC_089035.1.g149			
OG0042231					NC_089035.1.g212			
OG0042232					NC_089035.1.g250			
OG0042233					NC_089035.1.g332			
OG0042234					NC_089035.1.g507			
OG0042235					NC_089035.1.g704			
OG0042236					NC_089035.1.g829			
OG0042237					NC_089035.1.g1480			
OG0042238					NC_089035.1.g1503			
OG0042239					NC_089035.1.g1610			
OG0042240					NC_089035.1.g1673			
OG0042241					NC_089035.1.g1726			
OG0042242					NC_089035.1.g1736			
OG0042243					NC_089035.1.g1740			
OG0042244					NC_089035.1.g1798			
OG0042245					NC_089035.1.g1820			
OG0042246					NC_089035.1.g1859			
OG0042247					NC_089035.1.g1885			
OG0042248					NC_089035.1.g1926			
OG0042249					NC_089035.1.g1943			
OG0042250					NC_089035.1.g2183			
OG0042251					NC_089035.1.g2194			
OG0042252					NC_089035.1.g2211			
OG0042253					NC_089035.1.g2265			
OG0042254					NC_089035.1.g2323			
OG0042255					NC_089035.1.g2468			
OG0042256					NC_089035.1.g2469			
OG0042257					NC_089035.1.g2618			
OG0042258					NC_089035.1.g2635			
OG0042259					NC_089035.1.g2979			
OG0042260					NC_089035.1.g3072			
OG0042261					NC_089035.1.g3304			
OG0042262					NC_089035.1.g3322			
OG0042263					NC_089035.1.g3427			
OG0042264					NC_089035.1.g3506			
OG0042265					NC_089035.1.g3867			
OG0042266					NC_089035.1.g3948			
OG0042267					NC_089035.1.g4157			
OG0042268					NC_089035.1.g4229			
OG0042269					NC_089035.1.g4567			
OG0042270					NC_089035.1.g4849			
OG0042271					NC_089035.1.g4999			
OG0042272					NC_089035.1.g5110			
OG0042273					NC_089035.1.g5286			
OG0042274					NC_089036.1.g6004			
OG0042275					NC_089036.1.g6378			
OG0042276					NC_089036.1.g6393			
OG0042277					NC_089036.1.g6395			
OG0042278					NC_089036.1.g6521			
OG0042279					NC_089036.1.g6604			
OG0042280					NC_089036.1.g6606			
OG0042281					NC_089036.1.g6686			
OG0042282					NC_089036.1.g6760			
OG0042283					NC_089036.1.g6979			
OG0042284					NC_089036.1.g7016			
OG0042285					NC_089036.1.g7030			
OG0042286					NC_089036.1.g7042			
OG0042287					NC_089036.1.g7088			
OG0042288					NC_089036.1.g7093			
OG0042289					NC_089036.1.g7334			
OG0042290					NC_089036.1.g7406			
OG0042291					NC_089036.1.g7440			
OG0042292					NC_089036.1.g7505			
OG0042293					NC_089036.1.g7663			
OG0042294					NC_089036.1.g7684			
OG0042295					NC_089036.1.g7889			
OG0042296					NC_089036.1.g7921			
OG0042297					NC_089036.1.g8006			
OG0042298					NC_089036.1.g8268			
OG0042299					NC_089036.1.g8428			
OG0042300					NC_089036.1.g8553			
OG0042301					NC_089036.1.g8787			
OG0042302					NC_089036.1.g9073			
OG0042303					NC_089036.1.g9115			
OG0042304					NC_089037.1.g9498			
OG0042305					NC_089037.1.g9773			
OG0042306					NC_089037.1.g9859			
OG0042307					NC_089037.1.g10288			
OG0042308					NC_089037.1.g10401			
OG0042309					NC_089037.1.g10541			
OG0042310					NC_089037.1.g10669			
OG0042311					NC_089037.1.g10677			
OG0042312					NC_089037.1.g10721			
OG0042313					NC_089037.1.g11014			
OG0042314					NC_089037.1.g11108			
OG0042315					NC_089037.1.g11558			
OG0042316					NC_089037.1.g11645			
OG0042317					NC_089037.1.g11705			
OG0042318					NC_089037.1.g11762			
OG0042319					NC_089037.1.g11810			
OG0042320					NC_089037.1.g11817			
OG0042321					NC_089037.1.g11830			
OG0042322					NC_089037.1.g11900			
OG0042323					NC_089037.1.g12036			
OG0042324					NC_089037.1.g12050			
OG0042325					NC_089037.1.g12105			
OG0042326					NC_089037.1.g12133			
OG0042327					NC_089037.1.g12192			
OG0042328					NC_089037.1.g12219			
OG0042329					NC_089037.1.g12250			
OG0042330					NC_089037.1.g12659			
OG0042331					NC_089037.1.g12660			
OG0042332					NC_089037.1.g12750			
OG0042333					NC_089037.1.g13023			
OG0042334					NC_089037.1.g13164			
OG0042335					NC_089038.1.g13990			
OG0042336					NC_089038.1.g14012			
OG0042337					NC_089038.1.g14098			
OG0042338					NC_089038.1.g14149			
OG0042339					NC_089038.1.g14153			
OG0042340					NC_089038.1.g14197			
OG0042341					NC_089038.1.g14256			
OG0042342					NC_089038.1.g14407			
OG0042343					NC_089038.1.g14457			
OG0042344					NC_089038.1.g14467			
OG0042345					NC_089038.1.g14491			
OG0042346					NC_089038.1.g14502			
OG0042347					NC_089038.1.g14516			
OG0042348					NC_089038.1.g14559			
OG0042349					NC_089038.1.g14638			
OG0042350					NC_089038.1.g14718			
OG0042351					NC_089038.1.g14722			
OG0042352					NC_089038.1.g14756			
OG0042353					NC_089038.1.g14836			
OG0042354					NC_089038.1.g14850			
OG0042355					NC_089038.1.g14860			
OG0042356					NC_089038.1.g14880			
OG0042357					NC_089038.1.g14911			
OG0042358					NC_089038.1.g14990			
OG0042359					NC_089038.1.g15027			
OG0042360					NC_089038.1.g15144			
OG0042361					NC_089038.1.g15206			
OG0042362					NC_089038.1.g15213			
OG0042363					NC_089038.1.g15344			
OG0042364					NC_089038.1.g15404			
OG0042365					NC_089038.1.g15407			
OG0042366					NC_089038.1.g15443			
OG0042367					NC_089038.1.g15467			
OG0042368					NC_089038.1.g15517			
OG0042369					NC_089038.1.g15626			
OG0042370					NC_089038.1.g15909			
OG0042371					NC_089038.1.g16317			
OG0042372					NC_089038.1.g16402			
OG0042373					NC_089038.1.g16528			
OG0042374					NC_089038.1.g16646			
OG0042375					NC_089038.1.g16857			
OG0042376					NC_089038.1.g16858			
OG0042377					NC_089038.1.g16965			
OG0042378					NC_089039.1.g17635			
OG0042379					NC_089039.1.g18021			
OG0042380					NC_089039.1.g18087			
OG0042381					NC_089039.1.g18088			
OG0042382					NC_089039.1.g18319			
OG0042383					NC_089039.1.g18527			
OG0042384					NC_089039.1.g18540			
OG0042385					NC_089039.1.g18841			
OG0042386					NC_089039.1.g18918			
OG0042387					NC_089039.1.g18998			
OG0042388					NC_089039.1.g19144			
OG0042389					NC_089039.1.g19226			
OG0042390					NC_089039.1.g19242			
OG0042391					NC_089039.1.g19336			
OG0042392					NC_089039.1.g19950			
OG0042393					NC_089039.1.g20173			
OG0042394					NC_089039.1.g20185			
OG0042395					NC_089039.1.g20307			
OG0042396					NC_089040.1.g20703			
OG0042397					NC_089040.1.g20736			
OG0042398					NC_089040.1.g21134			
OG0042399					NC_089040.1.g21233			
OG0042400					NC_089040.1.g21723			
OG0042401					NC_089040.1.g21742			
OG0042402					NC_089040.1.g21743			
OG0042403					NC_089040.1.g21753			
OG0042404					NC_089040.1.g21791			
OG0042405					NC_089040.1.g22022			
OG0042406					NC_089040.1.g22073			
OG0042407					NC_089040.1.g22161			
OG0042408					NC_089040.1.g22189			
OG0042409					NC_089040.1.g22245			
OG0042410					NC_089040.1.g22369			
OG0042411					NC_089040.1.g22495			
OG0042412					NC_089040.1.g22559			
OG0042413					NC_089040.1.g22669			
OG0042414					NC_089040.1.g22927			
OG0042415					NC_089040.1.g22947			
OG0042416					NC_089040.1.g22998			
OG0042417					NC_089040.1.g23156			
OG0042418					NC_089040.1.g23429			
OG0042419					NC_089040.1.g23665			
OG0042420					NC_089041.1.g23979			
OG0042421					NC_089041.1.g24032			
OG0042422					NC_089041.1.g24039			
OG0042423					NC_089041.1.g24327			
OG0042424					NC_089041.1.g24444			
OG0042425					NC_089041.1.g24516			
OG0042426					NC_089041.1.g24694			
OG0042427					NC_089041.1.g24844			
OG0042428					NC_089041.1.g24882			
OG0042429					NC_089041.1.g25087			
OG0042430					NC_089041.1.g25186			
OG0042431					NC_089041.1.g25237			
OG0042432					NC_089041.1.g25313			
OG0042433					NC_089041.1.g25349			
OG0042434					NC_089041.1.g25350			
OG0042435					NC_089041.1.g25369			
OG0042436					NC_089041.1.g25548			
OG0042437					NC_089041.1.g25635			
OG0042438					NC_089041.1.g25652			
OG0042439					NC_089041.1.g25676			
OG0042440					NC_089041.1.g25688			
OG0042441					NC_089041.1.g25911			
OG0042442					NC_089041.1.g25928			
OG0042443					NC_089041.1.g25985			
OG0042444					NC_089041.1.g26005			
OG0042445					NC_089041.1.g26344			
OG0042446					NC_089041.1.g26361			
OG0042447					NC_089041.1.g26367			
OG0042448					NC_089041.1.g26416			
OG0042449					NC_089042.1.g27346			
OG0042450					NC_089042.1.g27687			
OG0042451					NC_089042.1.g27689			
OG0042452					NC_089042.1.g27735			
OG0042453					NC_089042.1.g27870			
OG0042454					NC_089042.1.g28125			
OG0042455					NC_089042.1.g28158			
OG0042456					NC_089042.1.g28175			
OG0042457					NC_089042.1.g28182			
OG0042458					NC_089042.1.g28267			
OG0042459					NC_089042.1.g28295			
OG0042460					NC_089042.1.g28333			
OG0042461					NC_089042.1.g28345			
OG0042462					NC_089042.1.g28353			
OG0042463					NC_089042.1.g28458			
OG0042464					NC_089042.1.g28555			
OG0042465					NC_089042.1.g28562			
OG0042466					NC_089042.1.g28576			
OG0042467					NC_089042.1.g28592			
OG0042468					NC_089042.1.g28629			
OG0042469					NC_089042.1.g28758			
OG0042470					NC_089042.1.g28849			
OG0042471					NC_089042.1.g29050			
OG0042472					NC_089042.1.g29068			
OG0042473					NC_089042.1.g29165			
OG0042474					NC_089042.1.g29195			
OG0042475					NC_089042.1.g29226			
OG0042476					NC_089042.1.g29230			
OG0042477					NC_089042.1.g29622			
OG0042478					NC_089042.1.g29900			
OG0042479					NC_089043.1.g29967			
OG0042480					NC_089043.1.g29976			
OG0042481					NC_089043.1.g30236			
OG0042482					NC_089043.1.g30257			
OG0042483					NC_089043.1.g30382			
OG0042484					NC_089043.1.g30400			
OG0042485					NC_089043.1.g30455			
OG0042486					NC_089043.1.g30502			
OG0042487					NC_089043.1.g30628			
OG0042488					NC_089043.1.g30651			
OG0042489					NC_089043.1.g30672			
OG0042490					NC_089043.1.g30703			
OG0042491					NC_089043.1.g30717			
OG0042492					NC_089043.1.g30748			
OG0042493					NC_089043.1.g31200			
OG0042494					NC_089043.1.g32127			
OG0042495					NC_089043.1.g32183			
OG0042496					NC_089044.1.g32310			
OG0042497					NC_089044.1.g32347			
OG0042498					NC_089044.1.g32370			
OG0042499					NC_089044.1.g32573			
OG0042500					NC_089044.1.g32655			
OG0042501					NC_089044.1.g32743			
OG0042502					NC_089044.1.g32951			
OG0042503					NC_089044.1.g32987			
OG0042504					NC_089044.1.g33008			
OG0042505					NC_089044.1.g33079			
OG0042506					NC_089044.1.g33134			
OG0042507					NC_089044.1.g33161			
OG0042508					NC_089044.1.g33248			
OG0042509					NC_089044.1.g33409			
OG0042510					NC_089044.1.g33424			
OG0042511					NC_089044.1.g33528			
OG0042512					NC_089044.1.g33557			
OG0042513					NC_089044.1.g33668			
OG0042514					NC_089044.1.g33701			
OG0042515					NC_089044.1.g34091			
OG0042516					NC_089045.1.g35125			
OG0042517					NC_089045.1.g35173			
OG0042518					NC_089045.1.g35257			
OG0042519					NC_089045.1.g35368			
OG0042520					NC_089045.1.g35386			
OG0042521					NC_089045.1.g35421			
OG0042522					NC_089045.1.g35424			
OG0042523					NC_089045.1.g35471			
OG0042524					NC_089045.1.g35492			
OG0042525					NC_089045.1.g35498			
OG0042526					NC_089045.1.g35554			
OG0042527					NC_089045.1.g35559			
OG0042528					NC_089045.1.g35574			
OG0042529					NC_089045.1.g35800			
OG0042530					NC_089045.1.g35866			
OG0042531					NC_089045.1.g35906			
OG0042532					NC_089045.1.g36137			
OG0042533					NC_089045.1.g36155			
OG0042534					NC_089045.1.g36367			
OG0042535					NC_089045.1.g36386			
OG0042536					NC_089045.1.g36447			
OG0042537					NC_089045.1.g36465			
OG0042538					NC_089045.1.g36472			
OG0042539					NC_089045.1.g36536			
OG0042540					NC_089045.1.g36548			
OG0042541					NC_089045.1.g36563			
OG0042542					NC_089045.1.g36637			
OG0042543					NC_089045.1.g36778			
OG0042544					NC_089045.1.g37035			
OG0042545					NC_089045.1.g37057			
OG0042546					NC_089045.1.g37058			
OG0042547					NC_089045.1.g37065			
OG0042548					NC_089045.1.g37089			
OG0042549					NC_089045.1.g37150			
OG0042550					NC_089045.1.g37203			
OG0042551					NC_089046.1.g37312			
OG0042552					NC_089046.1.g37461			
OG0042553					NC_089046.1.g37882			
OG0042554					NC_089046.1.g37897			
OG0042555					NC_089046.1.g37933			
OG0042556					NC_089046.1.g38094			
OG0042557					NC_089046.1.g38162			
OG0042558					NC_089046.1.g38174			
OG0042559					NC_089046.1.g38196			
OG0042560					NC_089046.1.g38206			
OG0042561					NC_089046.1.g38231			
OG0042562					NC_089046.1.g38234			
OG0042563					NC_089046.1.g38256			
OG0042564					NC_089046.1.g38260			
OG0042565					NC_089046.1.g38276			
OG0042566					NC_089046.1.g38326			
OG0042567					NC_089046.1.g38346			
OG0042568					NC_089046.1.g38380			
OG0042569					NC_089046.1.g38410			
OG0042570					NC_089046.1.g38430			
OG0042571					NC_089046.1.g38499			
OG0042572					NC_089046.1.g38532			
OG0042573					NC_089046.1.g38544			
OG0042574					NC_089046.1.g38586			
OG0042575					NC_089046.1.g38649			
OG0042576					NC_089046.1.g38654			
OG0042577					NC_089046.1.g38659			
OG0042578					NC_089046.1.g38678			
OG0042579					NC_089046.1.g38756			
OG0042580					NC_089046.1.g38913			
OG0042581					NC_089046.1.g39066			
OG0042582					NC_089046.1.g39115			
OG0042583					NC_089046.1.g39171			
OG0042584					NC_089046.1.g39200			
OG0042585					NC_089046.1.g39310			
OG0042586					NC_089046.1.g39384			
OG0042587					NC_089046.1.g39404			
OG0042588						NC_089035.1.g11		
OG0042589						NC_089035.1.g103		
OG0042590						NC_089035.1.g176		
OG0042591						NC_089035.1.g838		
OG0042592						NC_089035.1.g925		
OG0042593						NC_089035.1.g1171		
OG0042594						NC_089035.1.g1418		
OG0042595						NC_089035.1.g1448		
OG0042596						NC_089035.1.g1491		
OG0042597						NC_089035.1.g1576		
OG0042598						NC_089035.1.g1585		
OG0042599						NC_089035.1.g1625		
OG0042600						NC_089035.1.g1629		
OG0042601						NC_089035.1.g1911		
OG0042602						NC_089035.1.g1944		
OG0042603						NC_089035.1.g2136		
OG0042604						NC_089035.1.g2240		
OG0042605						NC_089035.1.g2426		
OG0042606						NC_089035.1.g2605		
OG0042607						NC_089035.1.g2689		
OG0042608						NC_089035.1.g2714		
OG0042609						NC_089035.1.g2820		
OG0042610						NC_089035.1.g3033		
OG0042611						NC_089035.1.g3334		
OG0042612						NC_089035.1.g3368		
OG0042613						NC_089035.1.g3456		
OG0042614						NC_089035.1.g3545		
OG0042615						NC_089035.1.g3552		
OG0042616						NC_089035.1.g3750		
OG0042617						NC_089035.1.g3932		
OG0042618						NC_089035.1.g4121		
OG0042619						NC_089035.1.g4219		
OG0042620						NC_089035.1.g4274		
OG0042621						NC_089035.1.g4289		
OG0042622						NC_089035.1.g4417		
OG0042623						NC_089035.1.g4605		
OG0042624						NC_089035.1.g4814		
OG0042625						NC_089035.1.g4910		
OG0042626						NC_089035.1.g5084		
OG0042627						NC_089035.1.g5345		
OG0042628						NC_089036.1.g5447		
OG0042629						NC_089036.1.g5660		
OG0042630						NC_089036.1.g6014		
OG0042631						NC_089036.1.g6178		
OG0042632						NC_089036.1.g6333		
OG0042633						NC_089036.1.g6490		
OG0042634						NC_089036.1.g6523		
OG0042635						NC_089036.1.g6685		
OG0042636						NC_089036.1.g6687		
OG0042637						NC_089036.1.g6823		
OG0042638						NC_089036.1.g6957		
OG0042639						NC_089036.1.g6979		
OG0042640						NC_089036.1.g7137		
OG0042641						NC_089036.1.g7174		
OG0042642						NC_089036.1.g7462		
OG0042643						NC_089036.1.g7483		
OG0042644						NC_089036.1.g7485		
OG0042645						NC_089036.1.g7716		
OG0042646						NC_089036.1.g8004		
OG0042647						NC_089036.1.g8273		
OG0042648						NC_089036.1.g8275		
OG0042649						NC_089036.1.g8582		
OG0042650						NC_089036.1.g8696		
OG0042651						NC_089036.1.g8729		
OG0042652						NC_089036.1.g8858		
OG0042653						NC_089036.1.g9025		
OG0042654						NC_089036.1.g9223		
OG0042655						NC_089037.1.g9814		
OG0042656						NC_089037.1.g9894		
OG0042657						NC_089037.1.g9921		
OG0042658						NC_089037.1.g9959		
OG0042659						NC_089037.1.g10201		
OG0042660						NC_089037.1.g10435		
OG0042661						NC_089037.1.g10497		
OG0042662						NC_089037.1.g10660		
OG0042663						NC_089037.1.g11039		
OG0042664						NC_089037.1.g11185		
OG0042665						NC_089037.1.g11600		
OG0042666						NC_089037.1.g11718		
OG0042667						NC_089037.1.g11726		
OG0042668						NC_089037.1.g11731		
OG0042669						NC_089037.1.g11752		
OG0042670						NC_089037.1.g11794		
OG0042671						NC_089037.1.g11857		
OG0042672						NC_089037.1.g11973		
OG0042673						NC_089037.1.g12039		
OG0042674						NC_089037.1.g12091		
OG0042675						NC_089037.1.g12234		
OG0042676						NC_089037.1.g12328		
OG0042677						NC_089037.1.g12336		
OG0042678						NC_089037.1.g12337		
OG0042679						NC_089037.1.g12355		
OG0042680						NC_089037.1.g12374		
OG0042681						NC_089037.1.g12377		
OG0042682						NC_089037.1.g12407		
OG0042683						NC_089037.1.g12525		
OG0042684						NC_089037.1.g12729		
OG0042685						NC_089037.1.g12744		
OG0042686						NC_089037.1.g12784		
OG0042687						NC_089037.1.g13015		
OG0042688						NC_089037.1.g13157		
OG0042689						NC_089037.1.g13230		
OG0042690						NC_089037.1.g13347		
OG0042691						NC_089037.1.g13767		
OG0042692						NC_089037.1.g14064		
OG0042693						NC_089038.1.g14272		
OG0042694						NC_089038.1.g14301		
OG0042695						NC_089038.1.g14307		
OG0042696						NC_089038.1.g14372		
OG0042697						NC_089038.1.g14375		
OG0042698						NC_089038.1.g14754		
OG0042699						NC_089038.1.g14782		
OG0042700						NC_089038.1.g14808		
OG0042701						NC_089038.1.g15154		
OG0042702						NC_089038.1.g15158		
OG0042703						NC_089038.1.g15169		
OG0042704						NC_089038.1.g15203		
OG0042705						NC_089038.1.g15264		
OG0042706						NC_089038.1.g15337		
OG0042707						NC_089038.1.g15385		
OG0042708						NC_089038.1.g15404		
OG0042709						NC_089038.1.g15477		
OG0042710						NC_089038.1.g15606		
OG0042711						NC_089038.1.g15629		
OG0042712						NC_089038.1.g15670		
OG0042713						NC_089038.1.g15794		
OG0042714						NC_089038.1.g15858		
OG0042715						NC_089038.1.g16097		
OG0042716						NC_089038.1.g16170		
OG0042717						NC_089038.1.g16699		
OG0042718						NC_089038.1.g16758		
OG0042719						NC_089038.1.g16782		
OG0042720						NC_089038.1.g17107		
OG0042721						NC_089039.1.g17918		
OG0042722						NC_089039.1.g18159		
OG0042723						NC_089039.1.g18163		
OG0042724						NC_089039.1.g18234		
OG0042725						NC_089039.1.g18387		
OG0042726						NC_089039.1.g18476		
OG0042727						NC_089039.1.g18578		
OG0042728						NC_089039.1.g18605		
OG0042729						NC_089039.1.g18797		
OG0042730						NC_089039.1.g18861		
OG0042731						NC_089039.1.g18862		
OG0042732						NC_089039.1.g18945		
OG0042733						NC_089039.1.g19143		
OG0042734						NC_089039.1.g19206		
OG0042735						NC_089039.1.g19348		
OG0042736						NC_089039.1.g19358		
OG0042737						NC_089039.1.g19360		
OG0042738						NC_089039.1.g19376		
OG0042739						NC_089039.1.g19414		
OG0042740						NC_089039.1.g19428		
OG0042741						NC_089039.1.g19590		
OG0042742						NC_089039.1.g19647		
OG0042743						NC_089039.1.g19720		
OG0042744						NC_089039.1.g19801		
OG0042745						NC_089039.1.g19818		
OG0042746						NC_089039.1.g20034		
OG0042747						NC_089039.1.g20165		
OG0042748						NC_089039.1.g20169		
OG0042749						NC_089039.1.g20226		
OG0042750						NC_089039.1.g20408		
OG0042751						NC_089039.1.g20491		
OG0042752						NC_089040.1.g21063		
OG0042753						NC_089040.1.g21228		
OG0042754						NC_089040.1.g21399		
OG0042755						NC_089040.1.g21414		
OG0042756						NC_089040.1.g21416		
OG0042757						NC_089040.1.g21420		
OG0042758						NC_089040.1.g21635		
OG0042759						NC_089040.1.g21752		
OG0042760						NC_089040.1.g22017		
OG0042761						NC_089040.1.g22035		
OG0042762						NC_089040.1.g22068		
OG0042763						NC_089040.1.g22186		
OG0042764						NC_089040.1.g22200		
OG0042765						NC_089040.1.g22212		
OG0042766						NC_089040.1.g22255		
OG0042767						NC_089040.1.g22266		
OG0042768						NC_089040.1.g22285		
OG0042769						NC_089040.1.g22331		
OG0042770						NC_089040.1.g22418		
OG0042771						NC_089040.1.g22438		
OG0042772						NC_089040.1.g22494		
OG0042773						NC_089040.1.g22600		
OG0042774						NC_089040.1.g22625		
OG0042775						NC_089040.1.g22642		
OG0042776						NC_089040.1.g22661		
OG0042777						NC_089040.1.g22710		
OG0042778						NC_089040.1.g22718		
OG0042779						NC_089040.1.g22757		
OG0042780						NC_089040.1.g22897		
OG0042781						NC_089040.1.g22979		
OG0042782						NC_089040.1.g23148		
OG0042783						NC_089040.1.g23247		
OG0042784						NC_089040.1.g23461		
OG0042785						NC_089040.1.g23521		
OG0042786						NC_089040.1.g23618		
OG0042787						NC_089040.1.g24153		
OG0042788						NC_089041.1.g24188		
OG0042789						NC_089041.1.g24287		
OG0042790						NC_089041.1.g24384		
OG0042791						NC_089041.1.g24923		
OG0042792						NC_089041.1.g24933		
OG0042793						NC_089041.1.g24986		
OG0042794						NC_089041.1.g25062		
OG0042795						NC_089041.1.g25203		
OG0042796						NC_089041.1.g25207		
OG0042797						NC_089041.1.g25215		
OG0042798						NC_089041.1.g25226		
OG0042799						NC_089041.1.g25258		
OG0042800						NC_089041.1.g25259		
OG0042801						NC_089041.1.g25308		
OG0042802						NC_089041.1.g25459		
OG0042803						NC_089041.1.g25562		
OG0042804						NC_089041.1.g25594		
OG0042805						NC_089041.1.g25756		
OG0042806						NC_089041.1.g25837		
OG0042807						NC_089041.1.g25864		
OG0042808						NC_089041.1.g25955		
OG0042809						NC_089041.1.g26036		
OG0042810						NC_089041.1.g26046		
OG0042811						NC_089041.1.g26121		
OG0042812						NC_089041.1.g26193		
OG0042813						NC_089041.1.g26396		
OG0042814						NC_089041.1.g26559		
OG0042815						NC_089041.1.g26694		
OG0042816						NC_089041.1.g26780		
OG0042817						NC_089041.1.g27017		
OG0042818						NC_089041.1.g27018		
OG0042819						NC_089042.1.g27502		
OG0042820						NC_089042.1.g27675		
OG0042821						NC_089042.1.g27788		
OG0042822						NC_089042.1.g27832		
OG0042823						NC_089042.1.g27925		
OG0042824						NC_089042.1.g27930		
OG0042825						NC_089042.1.g27967		
OG0042826						NC_089042.1.g28230		
OG0042827						NC_089042.1.g28276		
OG0042828						NC_089042.1.g28548		
OG0042829						NC_089042.1.g28619		
OG0042830						NC_089042.1.g28688		
OG0042831						NC_089042.1.g28749		
OG0042832						NC_089042.1.g28849		
OG0042833						NC_089042.1.g28888		
OG0042834						NC_089042.1.g28922		
OG0042835						NC_089042.1.g28938		
OG0042836						NC_089042.1.g29006		
OG0042837						NC_089042.1.g29019		
OG0042838						NC_089042.1.g29219		
OG0042839						NC_089042.1.g29389		
OG0042840						NC_089042.1.g29406		
OG0042841						NC_089042.1.g29420		
OG0042842						NC_089042.1.g29532		
OG0042843						NC_089042.1.g30086		
OG0042844						NC_089043.1.g30251		
OG0042845						NC_089043.1.g30418		
OG0042846						NC_089043.1.g30449		
OG0042847						NC_089043.1.g30524		
OG0042848						NC_089043.1.g30525		
OG0042849						NC_089043.1.g30543		
OG0042850						NC_089043.1.g30566		
OG0042851						NC_089043.1.g30671		
OG0042852						NC_089043.1.g30688		
OG0042853						NC_089043.1.g30750		
OG0042854						NC_089043.1.g30810		
OG0042855						NC_089043.1.g30923		
OG0042856						NC_089043.1.g30948		
OG0042857						NC_089043.1.g30954		
OG0042858						NC_089043.1.g31096		
OG0042859						NC_089043.1.g31185		
OG0042860						NC_089043.1.g31313		
OG0042861						NC_089043.1.g31701		
OG0042862						NC_089043.1.g31993		
OG0042863						NC_089043.1.g32008		
OG0042864						NC_089043.1.g32164		
OG0042865						NC_089043.1.g32170		
OG0042866						NC_089043.1.g32437		
OG0042867						NC_089044.1.g32554		
OG0042868						NC_089044.1.g32664		
OG0042869						NC_089044.1.g32695		
OG0042870						NC_089044.1.g32699		
OG0042871						NC_089044.1.g32776		
OG0042872						NC_089044.1.g32836		
OG0042873						NC_089044.1.g32869		
OG0042874						NC_089044.1.g32871		
OG0042875						NC_089044.1.g32954		
OG0042876						NC_089044.1.g32971		
OG0042877						NC_089044.1.g33084		
OG0042878						NC_089044.1.g33094		
OG0042879						NC_089044.1.g33191		
OG0042880						NC_089044.1.g33237		
OG0042881						NC_089044.1.g33302		
OG0042882						NC_089044.1.g33343		
OG0042883						NC_089044.1.g33366		
OG0042884						NC_089044.1.g33385		
OG0042885						NC_089044.1.g33502		
OG0042886						NC_089044.1.g33572		
OG0042887						NC_089044.1.g33595		
OG0042888						NC_089044.1.g33613		
OG0042889						NC_089044.1.g33717		
OG0042890						NC_089044.1.g33825		
OG0042891						NC_089044.1.g33857		
OG0042892						NC_089044.1.g33912		
OG0042893						NC_089044.1.g33954		
OG0042894						NC_089044.1.g34000		
OG0042895						NC_089044.1.g34315		
OG0042896						NC_089045.1.g35523		
OG0042897						NC_089045.1.g35612		
OG0042898						NC_089045.1.g35622		
OG0042899						NC_089045.1.g35642		
OG0042900						NC_089045.1.g35793		
OG0042901						NC_089045.1.g35833		
OG0042902						NC_089045.1.g35939		
OG0042903						NC_089045.1.g35999		
OG0042904						NC_089045.1.g36351		
OG0042905						NC_089045.1.g36364		
OG0042906						NC_089045.1.g36484		
OG0042907						NC_089045.1.g36698		
OG0042908						NC_089045.1.g36802		
OG0042909						NC_089045.1.g36809		
OG0042910						NC_089045.1.g36955		
OG0042911						NC_089045.1.g37109		
OG0042912						NC_089045.1.g37144		
OG0042913						NC_089045.1.g37183		
OG0042914						NC_089045.1.g37246		
OG0042915						NC_089045.1.g37289		
OG0042916						NC_089045.1.g37316		
OG0042917						NC_089045.1.g37385		
OG0042918						NC_089045.1.g37405		
OG0042919						NC_089045.1.g37442		
OG0042920						NC_089045.1.g37566		
OG0042921						NC_089045.1.g37582		
OG0042922						NC_089045.1.g37585		
OG0042923						NC_089046.1.g37827		
OG0042924						NC_089046.1.g38070		
OG0042925						NC_089046.1.g38072		
OG0042926						NC_089046.1.g38080		
OG0042927						NC_089046.1.g38081		
OG0042928						NC_089046.1.g38302		
OG0042929						NC_089046.1.g38322		
OG0042930						NC_089046.1.g38323		
OG0042931						NC_089046.1.g38348		
OG0042932						NC_089046.1.g38429		
OG0042933						NC_089046.1.g38558		
OG0042934						NC_089046.1.g38585		
OG0042935						NC_089046.1.g38752		
OG0042936						NC_089046.1.g38782		
OG0042937						NC_089046.1.g38808		
OG0042938						NC_089046.1.g38844		
OG0042939						NC_089046.1.g38868		
OG0042940						NC_089046.1.g38900		
OG0042941						NC_089046.1.g38926		
OG0042942						NC_089046.1.g38989		
OG0042943						NC_089046.1.g39066		
OG0042944						NC_089046.1.g39103		
OG0042945						NC_089046.1.g39228		
OG0042946						NC_089046.1.g39268		
OG0042947						NC_089046.1.g39499		
OG0042948						NC_089046.1.g39875		
OG0042949							NC_089035.1.g99	
OG0042950							NC_089035.1.g970	
OG0042951							NC_089035.1.g1159	
OG0042952							NC_089035.1.g1367	
OG0042953							NC_089035.1.g1525	
OG0042954							NC_089035.1.g1723	
OG0042955							NC_089035.1.g1752	
OG0042956							NC_089035.1.g1784	
OG0042957							NC_089035.1.g1806	
OG0042958							NC_089035.1.g1813	
OG0042959							NC_089035.1.g1844	
OG0042960							NC_089035.1.g1966	
OG0042961							NC_089035.1.g2001	
OG0042962							NC_089035.1.g2024	
OG0042963							NC_089035.1.g2118	
OG0042964							NC_089035.1.g2129	
OG0042965							NC_089035.1.g2176	
OG0042966							NC_089035.1.g2177	
OG0042967							NC_089035.1.g2193	
OG0042968							NC_089035.1.g2561	
OG0042969							NC_089035.1.g2862	
OG0042970							NC_089035.1.g2877	
OG0042971							NC_089035.1.g2896	
OG0042972							NC_089035.1.g3056	
OG0042973							NC_089035.1.g3130	
OG0042974							NC_089035.1.g3406	
OG0042975							NC_089035.1.g3434	
OG0042976							NC_089035.1.g3496	
OG0042977							NC_089035.1.g3497	
OG0042978							NC_089035.1.g3797	
OG0042979							NC_089035.1.g3979	
OG0042980							NC_089035.1.g4199	
OG0042981							NC_089035.1.g4356	
OG0042982							NC_089035.1.g4376	
OG0042983							NC_089035.1.g4701	
OG0042984							NC_089035.1.g4758	
OG0042985							NC_089035.1.g4890	
OG0042986							NC_089036.1.g5343	
OG0042987							NC_089036.1.g5409	
OG0042988							NC_089036.1.g5452	
OG0042989							NC_089036.1.g5461	
OG0042990							NC_089036.1.g5480	
OG0042991							NC_089036.1.g5503	
OG0042992							NC_089036.1.g5585	
OG0042993							NC_089036.1.g5716	
OG0042994							NC_089036.1.g6108	
OG0042995							NC_089036.1.g6213	
OG0042996							NC_089036.1.g6226	
OG0042997							NC_089036.1.g6237	
OG0042998							NC_089036.1.g6244	
OG0042999							NC_089036.1.g6364	
OG0043000							NC_089036.1.g6522	
OG0043001							NC_089036.1.g6817	
OG0043002							NC_089036.1.g6819	
OG0043003							NC_089036.1.g6900	
OG0043004							NC_089036.1.g6966	
OG0043005							NC_089036.1.g7092	
OG0043006							NC_089036.1.g7140	
OG0043007							NC_089036.1.g7247	
OG0043008							NC_089036.1.g7750	
OG0043009							NC_089036.1.g7783	
OG0043010							NC_089036.1.g7881	
OG0043011							NC_089036.1.g7899	
OG0043012							NC_089036.1.g7937	
OG0043013							NC_089036.1.g7938	
OG0043014							NC_089036.1.g8276	
OG0043015							NC_089036.1.g8300	
OG0043016							NC_089036.1.g8386	
OG0043017							NC_089036.1.g8491	
OG0043018							NC_089036.1.g8762	
OG0043019							NC_089036.1.g8986	
OG0043020							NC_089036.1.g9133	
OG0043021							NC_089037.1.g9625	
OG0043022							NC_089037.1.g9657	
OG0043023							NC_089037.1.g9998	
OG0043024							NC_089037.1.g10384	
OG0043025							NC_089037.1.g10512	
OG0043026							NC_089037.1.g10540	
OG0043027							NC_089037.1.g11392	
OG0043028							NC_089037.1.g11879	
OG0043029							NC_089037.1.g11912	
OG0043030							NC_089037.1.g12169	
OG0043031							NC_089037.1.g12205	
OG0043032							NC_089037.1.g12274	
OG0043033							NC_089037.1.g12451	
OG0043034							NC_089037.1.g12452	
OG0043035							NC_089037.1.g12491	
OG0043036							NC_089037.1.g12527	
OG0043037							NC_089037.1.g12546	
OG0043038							NC_089037.1.g13373	
OG0043039							NC_089037.1.g13524	
OG0043040							NC_089037.1.g13530	
OG0043041							NC_089037.1.g13640	
OG0043042							NC_089037.1.g13647	
OG0043043							NC_089037.1.g13802	
OG0043044							NC_089037.1.g13852	
OG0043045							NC_089038.1.g14049	
OG0043046							NC_089038.1.g14050	
OG0043047							NC_089038.1.g14076	
OG0043048							NC_089038.1.g14100	
OG0043049							NC_089038.1.g14156	
OG0043050							NC_089038.1.g14305	
OG0043051							NC_089038.1.g14329	
OG0043052							NC_089038.1.g14395	
OG0043053							NC_089038.1.g14623	
OG0043054							NC_089038.1.g14805	
OG0043055							NC_089038.1.g14886	
OG0043056							NC_089038.1.g14891	
OG0043057							NC_089038.1.g14947	
OG0043058							NC_089038.1.g15012	
OG0043059							NC_089038.1.g15126	
OG0043060							NC_089038.1.g15220	
OG0043061							NC_089038.1.g15358	
OG0043062							NC_089038.1.g15590	
OG0043063							NC_089038.1.g15608	
OG0043064							NC_089038.1.g15841	
OG0043065							NC_089038.1.g15842	
OG0043066							NC_089038.1.g15870	
OG0043067							NC_089038.1.g15871	
OG0043068							NC_089038.1.g16036	
OG0043069							NC_089038.1.g16341	
OG0043070							NC_089038.1.g16394	
OG0043071							NC_089038.1.g16688	
OG0043072							NC_089038.1.g17378	
OG0043073							NC_089039.1.g18008	
OG0043074							NC_089039.1.g18011	
OG0043075							NC_089039.1.g18203	
OG0043076							NC_089039.1.g18273	
OG0043077							NC_089039.1.g18322	
OG0043078							NC_089039.1.g18407	
OG0043079							NC_089039.1.g18577	
OG0043080							NC_089039.1.g18650	
OG0043081							NC_089039.1.g18826	
OG0043082							NC_089039.1.g18849	
OG0043083							NC_089039.1.g18876	
OG0043084							NC_089039.1.g18895	
OG0043085							NC_089039.1.g18950	
OG0043086							NC_089039.1.g19131	
OG0043087							NC_089039.1.g19189	
OG0043088							NC_089039.1.g19893	
OG0043089							NC_089039.1.g19916	
OG0043090							NC_089039.1.g20047	
OG0043091							NC_089039.1.g20130	
OG0043092							NC_089039.1.g20213	
OG0043093							NC_089039.1.g20284	
OG0043094							NC_089039.1.g20551	
OG0043095							NC_089039.1.g20552	
OG0043096							NC_089040.1.g20634	
OG0043097							NC_089040.1.g20692	
OG0043098							NC_089040.1.g20724	
OG0043099							NC_089040.1.g21062	
OG0043100							NC_089040.1.g21297	
OG0043101							NC_089040.1.g21494	
OG0043102							NC_089040.1.g21665	
OG0043103							NC_089040.1.g21706	
OG0043104							NC_089040.1.g21837	
OG0043105							NC_089040.1.g22011	
OG0043106							NC_089040.1.g22053	
OG0043107							NC_089040.1.g22177	
OG0043108							NC_089040.1.g22215	
OG0043109							NC_089040.1.g22234	
OG0043110							NC_089040.1.g22328	
OG0043111							NC_089040.1.g22335	
OG0043112							NC_089040.1.g22344	
OG0043113							NC_089040.1.g22396	
OG0043114							NC_089040.1.g22481	
OG0043115							NC_089040.1.g22547	
OG0043116							NC_089040.1.g22635	
OG0043117							NC_089040.1.g22706	
OG0043118							NC_089040.1.g22722	
OG0043119							NC_089040.1.g22770	
OG0043120							NC_089040.1.g22830	
OG0043121							NC_089040.1.g22843	
OG0043122							NC_089040.1.g22869	
OG0043123							NC_089040.1.g22914	
OG0043124							NC_089040.1.g23038	
OG0043125							NC_089040.1.g23101	
OG0043126							NC_089040.1.g23105	
OG0043127							NC_089040.1.g23326	
OG0043128							NC_089040.1.g23419	
OG0043129							NC_089041.1.g24096	
OG0043130							NC_089041.1.g24992	
OG0043131							NC_089041.1.g24995	
OG0043132							NC_089041.1.g25057	
OG0043133							NC_089041.1.g25103	
OG0043134							NC_089041.1.g25189	
OG0043135							NC_089041.1.g25205	
OG0043136							NC_089041.1.g25232	
OG0043137							NC_089041.1.g25438	
OG0043138							NC_089041.1.g25523	
OG0043139							NC_089041.1.g25542	
OG0043140							NC_089041.1.g25604	
OG0043141							NC_089041.1.g25610	
OG0043142							NC_089041.1.g25651	
OG0043143							NC_089041.1.g25828	
OG0043144							NC_089041.1.g26265	
OG0043145							NC_089041.1.g26581	
OG0043146							NC_089041.1.g26652	
OG0043147							NC_089042.1.g27158	
OG0043148							NC_089042.1.g27461	
OG0043149							NC_089042.1.g27496	
OG0043150							NC_089042.1.g28478	
OG0043151							NC_089042.1.g28492	
OG0043152							NC_089042.1.g28587	
OG0043153							NC_089042.1.g28599	
OG0043154							NC_089042.1.g28608	
OG0043155							NC_089042.1.g28661	
OG0043156							NC_089042.1.g28692	
OG0043157							NC_089042.1.g28722	
OG0043158							NC_089042.1.g28742	
OG0043159							NC_089042.1.g28802	
OG0043160							NC_089042.1.g28941	
OG0043161							NC_089042.1.g28976	
OG0043162							NC_089042.1.g29216	
OG0043163							NC_089043.1.g30019	
OG0043164							NC_089043.1.g30069	
OG0043165							NC_089043.1.g30142	
OG0043166							NC_089043.1.g30145	
OG0043167							NC_089043.1.g30147	
OG0043168							NC_089043.1.g30195	
OG0043169							NC_089043.1.g30197	
OG0043170							NC_089043.1.g30451	
OG0043171							NC_089043.1.g30675	
OG0043172							NC_089043.1.g30687	
OG0043173							NC_089043.1.g31017	
OG0043174							NC_089043.1.g31335	
OG0043175							NC_089044.1.g32033	
OG0043176							NC_089044.1.g32090	
OG0043177							NC_089044.1.g32098	
OG0043178							NC_089044.1.g32132	
OG0043179							NC_089044.1.g32143	
OG0043180							NC_089044.1.g32207	
OG0043181							NC_089044.1.g32303	
OG0043182							NC_089044.1.g32365	
OG0043183							NC_089044.1.g32375	
OG0043184							NC_089044.1.g32615	
OG0043185							NC_089044.1.g32634	
OG0043186							NC_089044.1.g32709	
OG0043187							NC_089044.1.g32781	
OG0043188							NC_089044.1.g32946	
OG0043189							NC_089044.1.g32999	
OG0043190							NC_089044.1.g33050	
OG0043191							NC_089044.1.g33163	
OG0043192							NC_089044.1.g33803	
OG0043193							NC_089044.1.g33896	
OG0043194							NC_089045.1.g34269	
OG0043195							NC_089045.1.g34289	
OG0043196							NC_089045.1.g34424	
OG0043197							NC_089045.1.g34622	
OG0043198							NC_089045.1.g34640	
OG0043199							NC_089045.1.g34692	
OG0043200							NC_089045.1.g34708	
OG0043201							NC_089045.1.g35118	
OG0043202							NC_089045.1.g35136	
OG0043203							NC_089045.1.g35193	
OG0043204							NC_089045.1.g35202	
OG0043205							NC_089045.1.g35305	
OG0043206							NC_089045.1.g35419	
OG0043207							NC_089045.1.g35523	
OG0043208							NC_089045.1.g35577	
OG0043209							NC_089045.1.g35642	
OG0043210							NC_089045.1.g35666	
OG0043211							NC_089045.1.g35869	
OG0043212							NC_089045.1.g35938	
OG0043213							NC_089045.1.g36064	
OG0043214							NC_089045.1.g36175	
OG0043215							NC_089045.1.g36290	
OG0043216							NC_089045.1.g36291	
OG0043217							NC_089045.1.g36293	
OG0043218							NC_089045.1.g36298	
OG0043219							NC_089045.1.g36400	
OG0043220							NC_089045.1.g36458	
OG0043221							NC_089045.1.g36488	
OG0043222							NC_089045.1.g36489	
OG0043223							NC_089045.1.g36511	
OG0043224							NC_089045.1.g36606	
OG0043225							NC_089045.1.g36660	
OG0043226							NC_089045.1.g36799	
OG0043227							NC_089045.1.g36805	
OG0043228							NC_089045.1.g36888	
OG0043229							NC_089045.1.g36898	
OG0043230							NC_089045.1.g36937	
OG0043231							NC_089045.1.g36945	
OG0043232							NC_089045.1.g36958	
OG0043233							NC_089045.1.g37001	
OG0043234							NC_089045.1.g37003	
OG0043235							NC_089046.1.g37143	
OG0043236							NC_089046.1.g37188	
OG0043237							NC_089046.1.g37234	
OG0043238							NC_089046.1.g37790	
OG0043239							NC_089046.1.g37803	
OG0043240							NC_089046.1.g38033	
OG0043241							NC_089046.1.g38339	
OG0043242							NC_089046.1.g38447	
OG0043243							NC_089046.1.g38453	
OG0043244							NC_089046.1.g38496	
OG0043245							NC_089046.1.g38583	
OG0043246							NC_089046.1.g38590	
OG0043247							NC_089046.1.g38899	
OG0043248							NC_089046.1.g38901	
OG0043249							NC_089046.1.g39072	
OG0043250							NC_089046.1.g39167	
OG0043251							NC_089046.1.g39217	
OG0043252								NC_089035.1.g97
OG0043253								NC_089035.1.g502
OG0043254								NC_089035.1.g569
OG0043255								NC_089035.1.g1436
OG0043256								NC_089035.1.g1549
OG0043257								NC_089035.1.g1600
OG0043258								NC_089035.1.g1627
OG0043259								NC_089035.1.g1722
OG0043260								NC_089035.1.g1876
OG0043261								NC_089035.1.g1926
OG0043262								NC_089035.1.g1938
OG0043263								NC_089035.1.g1981
OG0043264								NC_089035.1.g2064
OG0043265								NC_089035.1.g2354
OG0043266								NC_089035.1.g2428
OG0043267								NC_089035.1.g2440
OG0043268								NC_089035.1.g2465
OG0043269								NC_089035.1.g2498
OG0043270								NC_089035.1.g2817
OG0043271								NC_089035.1.g2936
OG0043272								NC_089035.1.g3803
OG0043273								NC_089035.1.g3865
OG0043274								NC_089035.1.g4027
OG0043275								NC_089035.1.g4207
OG0043276								NC_089035.1.g4435
OG0043277								NC_089035.1.g5197
OG0043278								NC_089036.1.g5645
OG0043279								NC_089036.1.g5689
OG0043280								NC_089036.1.g5720
OG0043281								NC_089036.1.g5974
OG0043282								NC_089036.1.g6304
OG0043283								NC_089036.1.g6333
OG0043284								NC_089036.1.g6571
OG0043285								NC_089036.1.g6600
OG0043286								NC_089036.1.g6601
OG0043287								NC_089036.1.g6782
OG0043288								NC_089036.1.g6842
OG0043289								NC_089036.1.g7097
OG0043290								NC_089036.1.g7132
OG0043291								NC_089036.1.g7149
OG0043292								NC_089036.1.g7151
OG0043293								NC_089036.1.g7426
OG0043294								NC_089036.1.g7550
OG0043295								NC_089036.1.g7593
OG0043296								NC_089036.1.g7669
OG0043297								NC_089036.1.g7676
OG0043298								NC_089036.1.g7909
OG0043299								NC_089036.1.g8051
OG0043300								NC_089036.1.g8090
OG0043301								NC_089036.1.g8182
OG0043302								NC_089036.1.g8426
OG0043303								NC_089036.1.g8617
OG0043304								NC_089036.1.g8844
OG0043305								NC_089036.1.g9414
OG0043306								NC_089037.1.g9607
OG0043307								NC_089037.1.g9788
OG0043308								NC_089037.1.g9979
OG0043309								NC_089037.1.g10433
OG0043310								NC_089037.1.g10580
OG0043311								NC_089037.1.g11137
OG0043312								NC_089037.1.g11231
OG0043313								NC_089037.1.g11525
OG0043314								NC_089037.1.g11679
OG0043315								NC_089037.1.g11790
OG0043316								NC_089037.1.g12023
OG0043317								NC_089037.1.g12146
OG0043318								NC_089037.1.g12253
OG0043319								NC_089037.1.g12278
OG0043320								NC_089037.1.g12554
OG0043321								NC_089037.1.g12630
OG0043322								NC_089037.1.g12675
OG0043323								NC_089037.1.g12800
OG0043324								NC_089037.1.g12945
OG0043325								NC_089037.1.g13138
OG0043326								NC_089037.1.g13222
OG0043327								NC_089037.1.g13251
OG0043328								NC_089037.1.g13649
OG0043329								NC_089037.1.g13914
OG0043330								NC_089038.1.g14131
OG0043331								NC_089038.1.g14220
OG0043332								NC_089038.1.g14225
OG0043333								NC_089038.1.g14475
OG0043334								NC_089038.1.g14519
OG0043335								NC_089038.1.g14523
OG0043336								NC_089038.1.g14607
OG0043337								NC_089038.1.g14636
OG0043338								NC_089038.1.g14698
OG0043339								NC_089038.1.g14815
OG0043340								NC_089038.1.g14882
OG0043341								NC_089038.1.g14918
OG0043342								NC_089038.1.g15144
OG0043343								NC_089038.1.g15406
OG0043344								NC_089038.1.g15632
OG0043345								NC_089038.1.g15918
OG0043346								NC_089038.1.g16301
OG0043347								NC_089038.1.g16669
OG0043348								NC_089038.1.g16870
OG0043349								NC_089038.1.g17181
OG0043350								NC_089038.1.g17187
OG0043351								NC_089039.1.g17544
OG0043352								NC_089039.1.g17731
OG0043353								NC_089039.1.g17800
OG0043354								NC_089039.1.g17907
OG0043355								NC_089039.1.g18090
OG0043356								NC_089039.1.g18156
OG0043357								NC_089039.1.g18290
OG0043358								NC_089039.1.g18372
OG0043359								NC_089039.1.g18387
OG0043360								NC_089039.1.g18515
OG0043361								NC_089039.1.g19137
OG0043362								NC_089039.1.g19149
OG0043363								NC_089039.1.g19202
OG0043364								NC_089039.1.g19216
OG0043365								NC_089039.1.g19251
OG0043366								NC_089039.1.g19493
OG0043367								NC_089039.1.g19920
OG0043368								NC_089039.1.g19924
OG0043369								NC_089039.1.g19925
OG0043370								NC_089039.1.g19940
OG0043371								NC_089039.1.g19942
OG0043372								NC_089039.1.g20301
OG0043373								NC_089039.1.g20595
OG0043374								NC_089040.1.g20761
OG0043375								NC_089040.1.g21107
OG0043376								NC_089040.1.g21335
OG0043377								NC_089040.1.g21474
OG0043378								NC_089040.1.g21728
OG0043379								NC_089040.1.g21801
OG0043380								NC_089040.1.g22320
OG0043381								NC_089040.1.g22656
OG0043382								NC_089040.1.g22859
OG0043383								NC_089040.1.g22863
OG0043384								NC_089040.1.g22924
OG0043385								NC_089040.1.g22941
OG0043386								NC_089040.1.g23159
OG0043387								NC_089040.1.g23162
OG0043388								NC_089040.1.g23291
OG0043389								NC_089040.1.g23803
OG0043390								NC_089041.1.g24482
OG0043391								NC_089041.1.g24654
OG0043392								NC_089041.1.g24689
OG0043393								NC_089041.1.g24710
OG0043394								NC_089041.1.g24903
OG0043395								NC_089041.1.g25294
OG0043396								NC_089041.1.g25319
OG0043397								NC_089041.1.g25559
OG0043398								NC_089041.1.g25627
OG0043399								NC_089041.1.g25681
OG0043400								NC_089041.1.g25755
OG0043401								NC_089041.1.g26014
OG0043402								NC_089041.1.g26027
OG0043403								NC_089041.1.g26059
OG0043404								NC_089041.1.g26183
OG0043405								NC_089041.1.g26341
OG0043406								NC_089041.1.g26502
OG0043407								NC_089041.1.g27033
OG0043408								NC_089042.1.g27100
OG0043409								NC_089042.1.g27577
OG0043410								NC_089042.1.g27702
OG0043411								NC_089042.1.g27714
OG0043412								NC_089042.1.g27773
OG0043413								NC_089042.1.g27936
OG0043414								NC_089042.1.g28003
OG0043415								NC_089042.1.g28042
OG0043416								NC_089042.1.g28104
OG0043417								NC_089042.1.g28180
OG0043418								NC_089042.1.g28245
OG0043419								NC_089042.1.g28281
OG0043420								NC_089042.1.g28291
OG0043421								NC_089042.1.g28358
OG0043422								NC_089042.1.g28412
OG0043423								NC_089042.1.g28461
OG0043424								NC_089042.1.g28513
OG0043425								NC_089042.1.g28522
OG0043426								NC_089042.1.g28711
OG0043427								NC_089042.1.g28745
OG0043428								NC_089042.1.g29084
OG0043429								NC_089042.1.g29270
OG0043430								NC_089043.1.g30030
OG0043431								NC_089043.1.g30076
OG0043432								NC_089043.1.g30204
OG0043433								NC_089043.1.g30228
OG0043434								NC_089043.1.g30242
OG0043435								NC_089043.1.g30326
OG0043436								NC_089043.1.g30329
OG0043437								NC_089043.1.g30505
OG0043438								NC_089043.1.g30584
OG0043439								NC_089043.1.g30681
OG0043440								NC_089043.1.g31751
OG0043441								NC_089043.1.g31766
OG0043442								NC_089043.1.g32006
OG0043443								NC_089044.1.g32201
OG0043444								NC_089044.1.g32298
OG0043445								NC_089044.1.g32337
OG0043446								NC_089044.1.g32353
OG0043447								NC_089044.1.g32372
OG0043448								NC_089044.1.g32558
OG0043449								NC_089044.1.g33269
OG0043450								NC_089044.1.g33293
OG0043451								NC_089044.1.g34102
OG0043452								NC_089044.1.g34204
OG0043453								NC_089044.1.g34416
OG0043454								NC_089045.1.g34993
OG0043455								NC_089045.1.g35010
OG0043456								NC_089045.1.g35039
OG0043457								NC_089045.1.g35041
OG0043458								NC_089045.1.g35109
OG0043459								NC_089045.1.g35155
OG0043460								NC_089045.1.g35389
OG0043461								NC_089045.1.g35708
OG0043462								NC_089045.1.g35726
OG0043463								NC_089045.1.g35771
OG0043464								NC_089045.1.g35991
OG0043465								NC_089045.1.g36015
OG0043466								NC_089045.1.g36238
OG0043467								NC_089045.1.g36409
OG0043468								NC_089045.1.g36420
OG0043469								NC_089045.1.g36435
OG0043470								NC_089045.1.g36494
OG0043471								NC_089045.1.g36595
OG0043472								NC_089045.1.g36695
OG0043473								NC_089045.1.g36715
OG0043474								NC_089045.1.g36775
OG0043475								NC_089045.1.g36946
OG0043476								NC_089045.1.g36955
OG0043477								NC_089045.1.g37012
OG0043478								NC_089045.1.g37160
OG0043479								NC_089045.1.g37222
OG0043480								NC_089046.1.g37417
OG0043481								NC_089046.1.g37524
OG0043482								NC_089046.1.g37771
OG0043483								NC_089046.1.g37812
OG0043484								NC_089046.1.g37825
OG0043485								NC_089046.1.g37843
OG0043486								NC_089046.1.g37858
OG0043487								NC_089046.1.g37859
OG0043488								NC_089046.1.g37957
OG0043489								NC_089046.1.g37958
OG0043490								NC_089046.1.g38039
OG0043491								NC_089046.1.g38230
OG0043492								NC_089046.1.g38331
OG0043493								NC_089046.1.g38441
OG0043494								NC_089046.1.g38508
OG0043495								NC_089046.1.g39040
OG0043496								NC_089046.1.g39115
OG0043497								NC_089046.1.g39215
OG0043498								NC_089046.1.g39265
OG0043499								NC_089046.1.g39463
OG0043500								NC_089046.1.g39572
