Orthogroup	AGIS1.0	BSM	CI	GJ	IN	KM	MPE	PP	cultivar_occupancy	reference_present	private_cultivar
OG0000015	NC_089035.1.g1756, NC_089035.1.g5031, NC_089036.1.g6524, NC_089036.1.g9237, NC_089037.1.g11959, NC_089037.1.g13635, NC_089038.1.g17112, NC_089039.1.g17782, NC_089039.1.g19993, NC_089040.1.g20729, NC_089040.1.g22621, NC_089040.1.g23094, NC_089041.1.g25532, NC_089042.1.g29159, NC_089043.1.g30076, NC_089043.1.g30356, NC_089044.1.g33466, NC_089045.1.g35498, NC_089046.1.g39592			NC_089035.1.g1724, NC_089035.1.g4954, NC_089036.1.g5900, NC_089036.1.g6847, NC_089037.1.g12053, NC_089037.1.g12429, NC_089037.1.g12483, NC_089037.1.g13345, NC_089037.1.g13859, NC_089038.1.g14379, NC_089038.1.g14409, NC_089038.1.g15776, NC_089038.1.g16956, NC_089039.1.g19183, NC_089039.1.g19349, NC_089039.1.g19826, NC_089040.1.g20552, NC_089040.1.g22377, NC_089040.1.g22971, NC_089041.1.g23764, NC_089041.1.g26573, NC_089045.1.g34946, NC_089045.1.g35055			NC_089035.1.g1704, NC_089035.1.g2262, NC_089035.1.g3119, NC_089035.1.g4986, NC_089035.1.g669, NC_089036.1.g5789, NC_089037.1.g12353, NC_089037.1.g13917, NC_089037.1.g9829, NC_089037.1.g9897, NC_089038.1.g14448, NC_089038.1.g14482, NC_089038.1.g14918, NC_089038.1.g15011, NC_089038.1.g15856, NC_089038.1.g16309, NC_089038.1.g17133, NC_089039.1.g17708, NC_089039.1.g19514, NC_089039.1.g19888, NC_089040.1.g20624, NC_089040.1.g22362, NC_089040.1.g22939, NC_089041.1.g25644, NC_089041.1.g26498, NC_089042.1.g29529, NC_089043.1.g30022, NC_089043.1.g30226, NC_089043.1.g31185, NC_089043.1.g31906, NC_089044.1.g32464, NC_089044.1.g33712, NC_089045.1.g35163, NC_089045.1.g35272, NC_089046.1.g38879		2	1	
OG0000043	NC_089043.1.g31005, NC_089043.1.g31006, NC_089043.1.g31007, NC_089043.1.g31008, NC_089043.1.g31009, NC_089043.1.g31010, NC_089043.1.g31011, NC_089043.1.g31012, NC_089043.1.g31013, NC_089043.1.g31014, NC_089043.1.g31015, NC_089043.1.g31016, NC_089043.1.g31017, NC_089043.1.g31018, NC_089043.1.g31019, NC_089043.1.g31020, NC_089043.1.g31021, NC_089043.1.g31022, NC_089043.1.g31023, NC_089043.1.g31024, NC_089043.1.g31025, NC_089043.1.g31026, NC_089043.1.g31027			NC_089043.1.g30584, NC_089043.1.g30585, NC_089043.1.g30586	NC_089043.1.g30958, NC_089043.1.g30959, NC_089043.1.g30960, NC_089043.1.g30961, NC_089043.1.g30962	NC_089043.1.g31270, NC_089043.1.g31271, NC_089043.1.g31272, NC_089043.1.g31273, NC_089043.1.g31274, NC_089043.1.g31275, NC_089043.1.g31276, NC_089043.1.g31277, NC_089043.1.g31278, NC_089043.1.g31279, NC_089043.1.g31280, NC_089043.1.g31281, NC_089043.1.g31282, NC_089043.1.g31283, NC_089043.1.g31284, NC_089043.1.g31285, NC_089043.1.g31286, NC_089043.1.g31287, NC_089043.1.g31288, NC_089043.1.g31289, NC_089043.1.g31585	NC_089043.1.g30761, NC_089043.1.g30762, NC_089043.1.g30763, NC_089043.1.g30764, NC_089043.1.g30765		4	1	
OG0000091	NC_089035.1.g4736, NC_089038.1.g15151, NC_089040.1.g22481, NC_089044.1.g32310, NC_089044.1.g34174, NC_089045.1.g36163	NC_089035.1.g3502, NC_089036.1.g6574, NC_089038.1.g14617, NC_089038.1.g15035, NC_089039.1.g18994, NC_089039.1.g20552, NC_089040.1.g21960, NC_089040.1.g22320, NC_089045.1.g35623, NC_089046.1.g37279	NC_089044.1.g32119, NC_089045.1.g35925, NC_089046.1.g37211	NC_089036.1.g6535, NC_089037.1.g11664, NC_089037.1.g12409, NC_089038.1.g14589, NC_089038.1.g15404, NC_089040.1.g22206, NC_089041.1.g25264, NC_089043.1.g29573, NC_089044.1.g31880, NC_089044.1.g33189, NC_089045.1.g35316, NC_089045.1.g35705, NC_089046.1.g36913	NC_089038.1.g15087, NC_089038.1.g15489, NC_089040.1.g22438, NC_089041.1.g25523, NC_089045.1.g36739, NC_089046.1.g37459			NC_089035.1.g340, NC_089038.1.g15503, NC_089041.1.g26944, NC_089044.1.g32259, NC_089045.1.g36142, NC_089046.1.g37388	5	1	
OG0000097	NC_089036.1.g7144, NC_089037.1.g12334, NC_089038.1.g14469, NC_089038.1.g14957, NC_089043.1.g30379, NC_089043.1.g30946	NC_089036.1.g7111, NC_089037.1.g12258, NC_089038.1.g14362, NC_089038.1.g14859, NC_089042.1.g28329, NC_089043.1.g30232, NC_089043.1.g30810		NC_089036.1.g7057, NC_089038.1.g14333, NC_089038.1.g14821, NC_089040.1.g22739, NC_089042.1.g28097, NC_089043.1.g29965, NC_089043.1.g30527	NC_089035.1.g718, NC_089036.1.g7121, NC_089037.1.g12301, NC_089038.1.g14398, NC_089038.1.g14903, NC_089042.1.g28454, NC_089043.1.g30322, NC_089043.1.g30904		NC_089036.1.g7091, NC_089037.1.g12259, NC_089038.1.g14401, NC_089038.1.g14890, NC_089042.1.g28292, NC_089043.1.g30150, NC_089043.1.g30703	NC_089036.1.g7144, NC_089037.1.g12327, NC_089038.1.g14459, NC_089038.1.g14952, NC_089042.1.g28408, NC_089042.1.g28409, NC_089043.1.g30314, NC_089043.1.g30889	5	1	
OG0000099	NC_089035.1.g1300, NC_089035.1.g1511, NC_089036.1.g5814, NC_089037.1.g11979, NC_089039.1.g18148, NC_089041.1.g24864, NC_089044.1.g32924	NC_089035.1.g1298, NC_089035.1.g1505, NC_089036.1.g5811, NC_089037.1.g11907, NC_089039.1.g17986, NC_089041.1.g24686, NC_089044.1.g32807	NC_089035.1.g1262, NC_089035.1.g1473, NC_089036.1.g5822, NC_089037.1.g11935, NC_089039.1.g18051, NC_089041.1.g24711, NC_089044.1.g32753	NC_089035.1.g1285, NC_089035.1.g1486, NC_089036.1.g5755, NC_089037.1.g11870, NC_089039.1.g17996, NC_089041.1.g24546, NC_089044.1.g32491		NC_089035.1.g1306, NC_089035.1.g1512, NC_089036.1.g5870, NC_089037.1.g12063, NC_089039.1.g18300, NC_089041.1.g25015, NC_089044.1.g33239	NC_089035.1.g1272, NC_089035.1.g1468, NC_089036.1.g5774, NC_089037.1.g11901, NC_089039.1.g18076, NC_089041.1.g24674, NC_089044.1.g32688		5	1	
OG0000101	NC_089037.1.g11830, NC_089041.1.g26774, NC_089041.1.g26847, NC_089042.1.g28451, NC_089044.1.g32268, NC_089044.1.g32775, NC_089045.1.g35430, NC_089045.1.g36001, NC_089045.1.g36834, NC_089046.1.g39064	NC_089035.1.g1926, NC_089035.1.g1946, NC_089041.1.g26622, NC_089041.1.g26697, NC_089042.1.g28285, NC_089044.1.g32100, NC_089044.1.g32654, NC_089045.1.g35296, NC_089045.1.g35848, NC_089045.1.g36678	NC_089035.1.g1907, NC_089035.1.g1927, NC_089037.1.g11786, NC_089041.1.g26616, NC_089041.1.g26693, NC_089042.1.g28301, NC_089044.1.g32080, NC_089044.1.g32597, NC_089045.1.g35220, NC_089045.1.g35774, NC_089045.1.g36600	NC_089041.1.g26418	NC_089035.1.g1935, NC_089041.1.g26737, NC_089041.1.g26802, NC_089042.1.g28414, NC_089044.1.g32230, NC_089044.1.g32782, NC_089045.1.g35453, NC_089045.1.g36019, NC_089045.1.g36865, NC_089046.1.g39117				4	1	
OG0000124	NC_089042.1.g28078, NC_089044.1.g33841, NC_089044.1.g33853, NC_089044.1.g33854, NC_089044.1.g33856, NC_089044.1.g33877, NC_089044.1.g33895			NC_089042.1.g27722, NC_089044.1.g33414, NC_089044.1.g33425, NC_089044.1.g33426, NC_089044.1.g33428, NC_089044.1.g33445, NC_089044.1.g33463	NC_089042.1.g28038, NC_089044.1.g33854, NC_089044.1.g33869, NC_089044.1.g33870, NC_089044.1.g33872, NC_089044.1.g33907	NC_089042.1.g28285, NC_089044.1.g34174, NC_089044.1.g34186, NC_089044.1.g34187, NC_089044.1.g34188, NC_089044.1.g34190, NC_089044.1.g34227	NC_089042.1.g27895, NC_089044.1.g33611, NC_089044.1.g33624, NC_089044.1.g33625, NC_089044.1.g33626, NC_089044.1.g33628, NC_089044.1.g33664	NC_089042.1.g27986, NC_089044.1.g33822, NC_089044.1.g33836, NC_089044.1.g33837, NC_089044.1.g33839, NC_089044.1.g33875	5	1	
OG0000145	NC_089035.1.g4022, NC_089041.1.g25986, NC_089043.1.g31270, NC_089044.1.g32841, NC_089045.1.g35144, NC_089046.1.g38043			NC_089035.1.g3956, NC_089041.1.g25640, NC_089043.1.g30825, NC_089044.1.g32405, NC_089045.1.g34695, NC_089046.1.g37495	NC_089035.1.g3997, NC_089041.1.g25952, NC_089043.1.g31212, NC_089044.1.g32843, NC_089045.1.g35136, NC_089046.1.g38069	NC_089035.1.g4064, NC_089041.1.g26157, NC_089043.1.g31531, NC_089044.1.g33151, NC_089045.1.g35465, NC_089046.1.g38412	NC_089035.1.g3972, NC_089037.1.g11196, NC_089041.1.g25792, NC_089043.1.g31013, NC_089044.1.g32602, NC_089045.1.g34904, NC_089046.1.g37774	NC_089035.1.g3985, NC_089041.1.g25878, NC_089043.1.g31183, NC_089044.1.g32799, NC_089045.1.g35123, NC_089046.1.g37987	5	1	
OG0000154	NC_089038.1.g14943, NC_089038.1.g14944, NC_089038.1.g14945, NC_089038.1.g14993, NC_089038.1.g14996, NC_089038.1.g14997	NC_089038.1.g14844, NC_089038.1.g14845, NC_089038.1.g14846, NC_089038.1.g14896, NC_089038.1.g14899, NC_089038.1.g14900	NC_089038.1.g14867, NC_089038.1.g14868, NC_089038.1.g14869, NC_089038.1.g14917, NC_089038.1.g14920, NC_089038.1.g14921	NC_089038.1.g14808, NC_089038.1.g14809, NC_089038.1.g14810, NC_089038.1.g14859, NC_089038.1.g14862, NC_089038.1.g14863	NC_089038.1.g14884, NC_089038.1.g14885, NC_089038.1.g14886, NC_089038.1.g14940, NC_089038.1.g14943, NC_089038.1.g14944			NC_089038.1.g14937, NC_089038.1.g14938, NC_089038.1.g14939, NC_089038.1.g14989, NC_089038.1.g14992, NC_089038.1.g14993	5	1	
OG0000164		NC_089035.1.g1227, NC_089035.1.g695, NC_089036.1.g8834, NC_089036.1.g8969, NC_089036.1.g8970, NC_089037.1.g12144, NC_089037.1.g12351, NC_089037.1.g13142, NC_089037.1.g9965, NC_089038.1.g14413, NC_089038.1.g14447, NC_089038.1.g14602, NC_089038.1.g15522, NC_089038.1.g16326, NC_089039.1.g17616, NC_089039.1.g19837, NC_089040.1.g20591, NC_089040.1.g22356, NC_089040.1.g22924, NC_089041.1.g25668, NC_089042.1.g28115, NC_089042.1.g28345, NC_089042.1.g29583, NC_089043.1.g30095, NC_089043.1.g31275, NC_089043.1.g31989, NC_089044.1.g32732, NC_089044.1.g33354, NC_089045.1.g35361, NC_089045.1.g36202, NC_089045.1.g36203		NC_089038.1.g16354, NC_089039.1.g17634, NC_089039.1.g19350, NC_089039.1.g19404					2	0	
OG0000176	NC_089045.1.g34790, NC_089045.1.g34792, NC_089045.1.g34793, NC_089046.1.g37587, NC_089046.1.g37588, NC_089046.1.g37589	NC_089045.1.g34641, NC_089045.1.g34642, NC_089045.1.g34643, NC_089046.1.g37418, NC_089046.1.g37419, NC_089046.1.g37420		NC_089045.1.g34337, NC_089045.1.g34339, NC_089045.1.g34340, NC_089046.1.g37050, NC_089046.1.g37051, NC_089046.1.g37052	NC_089045.1.g34800, NC_089045.1.g34801, NC_089045.1.g34802, NC_089046.1.g37599, NC_089046.1.g37600, NC_089046.1.g37601	NC_089045.1.g35121, NC_089045.1.g35123, NC_089045.1.g35124, NC_089046.1.g37943, NC_089046.1.g37944, NC_089046.1.g37945		NC_089045.1.g34766, NC_089046.1.g37523, NC_089046.1.g37525	5	1	
OG0000242	NC_089040.1.g21087, NC_089042.1.g28646, NC_089045.1.g37046, NC_089045.1.g37047, NC_089045.1.g37064, NC_089045.1.g37065, NC_089045.1.g37068, NC_089045.1.g37073, NC_089046.1.g38842	NC_089040.1.g20939, NC_089042.1.g28477		NC_089040.1.g20911, NC_089042.1.g28244			NC_089040.1.g20976, NC_089042.1.g28444, NC_089045.1.g36791, NC_089045.1.g36792, NC_089045.1.g36808, NC_089045.1.g36809, NC_089045.1.g36812, NC_089045.1.g36817, NC_089046.1.g38562	NC_089040.1.g21004, NC_089042.1.g28568, NC_089045.1.g37003, NC_089045.1.g37005, NC_089045.1.g37019, NC_089045.1.g37020, NC_089045.1.g37023, NC_089045.1.g37028, NC_089046.1.g38786	4	1	
OG0000245		NC_089035.1.g498, NC_089046.1.g37861, NC_089046.1.g37865, NC_089046.1.g37878, NC_089046.1.g37881, NC_089046.1.g37886, NC_089046.1.g37893, NC_089046.1.g37897, NC_089046.1.g37905	NC_089046.1.g37815	NC_089035.1.g499, NC_089046.1.g37485, NC_089046.1.g37489, NC_089046.1.g37501, NC_089046.1.g37503, NC_089046.1.g37512, NC_089046.1.g37519, NC_089046.1.g37522, NC_089046.1.g37530, NC_089046.1.g37534		NC_089035.1.g512, NC_089046.1.g38403, NC_089046.1.g38406, NC_089046.1.g38417, NC_089046.1.g38419, NC_089046.1.g38426, NC_089046.1.g38434, NC_089046.1.g38437, NC_089046.1.g38444, NC_089046.1.g38448	NC_089046.1.g37780		5	0	
OG0000248	NC_089035.1.g1102, NC_089035.1.g1454, NC_089036.1.g6919, NC_089038.1.g14163, NC_089041.1.g25922, NC_089046.1.g38770	NC_089038.1.g14054, NC_089046.1.g38627	NC_089035.1.g1417, NC_089036.1.g6895, NC_089038.1.g14105, NC_089041.1.g25777, NC_089046.1.g38539		NC_089035.1.g1080, NC_089035.1.g1430, NC_089036.1.g6903, NC_089038.1.g14091, NC_089041.1.g25881, NC_089046.1.g38819	NC_089035.1.g1459, NC_089036.1.g6993, NC_089038.1.g14261, NC_089041.1.g26087, NC_089046.1.g39176		NC_089035.1.g1073, NC_089035.1.g1429, NC_089036.1.g6923, NC_089038.1.g14155, NC_089041.1.g25812, NC_089046.1.g38717	5	1	
OG0000255	NC_089036.1.g6480, NC_089036.1.g6482, NC_089036.1.g6483, NC_089036.1.g6486, NC_089036.1.g6487			NC_089036.1.g6414, NC_089036.1.g6416, NC_089036.1.g6417, NC_089036.1.g6420, NC_089036.1.g6421	NC_089036.1.g6463, NC_089036.1.g6465, NC_089036.1.g6466, NC_089036.1.g6469, NC_089036.1.g6470	NC_089036.1.g6557, NC_089036.1.g6559, NC_089036.1.g6560, NC_089036.1.g6563, NC_089036.1.g6564	NC_089036.1.g6430, NC_089036.1.g6432, NC_089036.1.g6433, NC_089036.1.g6436, NC_089036.1.g6437	NC_089036.1.g6482, NC_089036.1.g6484, NC_089036.1.g6485, NC_089036.1.g6488, NC_089036.1.g6489	5	1	
OG0000270	NC_089037.1.g9688, NC_089038.1.g14692, NC_089040.1.g21608, NC_089040.1.g22506, NC_089043.1.g31837		NC_089037.1.g9647, NC_089038.1.g14624, NC_089040.1.g21494, NC_089040.1.g22385, NC_089043.1.g31644	NC_089037.1.g9610, NC_089038.1.g14558, NC_089040.1.g21404, NC_089040.1.g22224, NC_089043.1.g31393	NC_089037.1.g9650, NC_089038.1.g14630, NC_089040.1.g21563, NC_089040.1.g22468, NC_089043.1.g31778		NC_089037.1.g9644, NC_089038.1.g14626, NC_089040.1.g21488, NC_089040.1.g22353, NC_089043.1.g31584	NC_089037.1.g9673, NC_089038.1.g14691, NC_089040.1.g22392, NC_089043.1.g31759	5	1	
OG0000271	NC_089037.1.g12060, NC_089041.1.g25984, NC_089043.1.g31269, NC_089044.1.g32840, NC_089045.1.g35143, NC_089046.1.g38044			NC_089041.1.g25639, NC_089043.1.g30824, NC_089044.1.g32404, NC_089045.1.g34694, NC_089046.1.g37496	NC_089037.1.g12015, NC_089041.1.g25950, NC_089043.1.g31211, NC_089044.1.g32842, NC_089045.1.g35135, NC_089046.1.g38070	NC_089037.1.g12144, NC_089039.1.g19345, NC_089044.1.g33150, NC_089045.1.g35464	NC_089041.1.g25790, NC_089044.1.g32601, NC_089045.1.g34903, NC_089046.1.g37775	NC_089041.1.g25876, NC_089044.1.g32798, NC_089045.1.g35122, NC_089046.1.g37988	5	1	
OG0000273	NC_089045.1.g35140		NC_089045.1.g34910, NC_089045.1.g34911, NC_089045.1.g34915, NC_089045.1.g34920, NC_089045.1.g34921	NC_089045.1.g34689, NC_089045.1.g34690, NC_089045.1.g34692, NC_089045.1.g34696, NC_089045.1.g34700, NC_089045.1.g34701	NC_089045.1.g35129, NC_089045.1.g35130, NC_089045.1.g35133, NC_089045.1.g35137, NC_089045.1.g35142, NC_089045.1.g35143		NC_089045.1.g34899, NC_089045.1.g34900, NC_089045.1.g34902, NC_089045.1.g34905, NC_089045.1.g34910, NC_089045.1.g34911	NC_089045.1.g35118, NC_089045.1.g35119, NC_089045.1.g35124, NC_089045.1.g35129, NC_089045.1.g35130	5	1	
OG0000278	NC_089035.1.g1678, NC_089035.1.g1859, NC_089036.1.g6808, NC_089036.1.g8363, NC_089040.1.g22063		NC_089035.1.g1650, NC_089035.1.g1821, NC_089036.1.g6789, NC_089036.1.g8323, NC_089040.1.g21951	NC_089035.1.g1652, NC_089035.1.g1824, NC_089036.1.g6734, NC_089036.1.g8274, NC_089040.1.g21825	NC_089035.1.g1648, NC_089035.1.g1818, NC_089036.1.g6791, NC_089036.1.g8340, NC_089040.1.g22025	NC_089035.1.g1689, NC_089035.1.g1865, NC_089036.1.g8443, NC_089040.1.g22222		NC_089035.1.g1640, NC_089035.1.g1821, NC_089036.1.g8356, NC_089040.1.g21962	5	1	
OG0000281	NC_089035.1.g4586		NC_089035.1.g3578, NC_089036.1.g5651, NC_089036.1.g8752, NC_089046.1.g38233	NC_089035.1.g3522, NC_089035.1.g4513, NC_089036.1.g5576, NC_089036.1.g8710, NC_089038.1.g14183, NC_089040.1.g23356, NC_089041.1.g24514, NC_089046.1.g37933		NC_089038.1.g15504	NC_089035.1.g3557, NC_089035.1.g4546, NC_089036.1.g5607, NC_089036.1.g8765, NC_089040.1.g23500, NC_089041.1.g24638, NC_089046.1.g38193	NC_089035.1.g3554, NC_089035.1.g4554, NC_089036.1.g5616, NC_089036.1.g8784, NC_089040.1.g23539, NC_089041.1.g24685, NC_089046.1.g38404	5	1	
OG0000289	NC_089039.1.g17781		NC_089038.1.g14345		NC_089035.1.g1824, NC_089035.1.g5013, NC_089036.1.g5559, NC_089036.1.g7138, NC_089037.1.g12029, NC_089037.1.g9907, NC_089038.1.g14349, NC_089038.1.g14445, NC_089038.1.g14878, NC_089038.1.g15818, NC_089038.1.g16495, NC_089038.1.g16784, NC_089039.1.g17715, NC_089039.1.g17945, NC_089039.1.g18614, NC_089039.1.g19313, NC_089040.1.g21928, NC_089040.1.g22477, NC_089040.1.g23462, NC_089042.1.g28876, NC_089042.1.g29059, NC_089043.1.g30193, NC_089043.1.g31008, NC_089045.1.g36224, NC_089045.1.g36517, NC_089046.1.g39208				2	1	
OG0000291	NC_089041.1.g26846	NC_089041.1.g26696		NC_089036.1.g6929, NC_089038.1.g14290, NC_089041.1.g26487, NC_089042.1.g28037			NC_089036.1.g6955, NC_089036.1.g9208, NC_089038.1.g14357, NC_089038.1.g14410, NC_089039.1.g18500, NC_089040.1.g20726, NC_089040.1.g22372, NC_089041.1.g26658, NC_089042.1.g28175, NC_089046.1.g38438	NC_089036.1.g7016, NC_089036.1.g9233, NC_089038.1.g14468, NC_089039.1.g18526, NC_089039.1.g20123, NC_089040.1.g22407, NC_089040.1.g22881, NC_089041.1.g26743, NC_089042.1.g28287, NC_089045.1.g35347, NC_089045.1.g36932, NC_089046.1.g39626	4	1	
OG0000298		NC_089035.1.g65, NC_089035.1.g694, NC_089036.1.g7326, NC_089036.1.g7327, NC_089036.1.g8835, NC_089037.1.g12147, NC_089037.1.g12350, NC_089037.1.g9964, NC_089038.1.g13974, NC_089038.1.g14414, NC_089038.1.g14446, NC_089038.1.g14601, NC_089038.1.g15521, NC_089038.1.g15646, NC_089038.1.g16325, NC_089040.1.g20590, NC_089040.1.g22359, NC_089040.1.g22922, NC_089041.1.g25130, NC_089041.1.g25518, NC_089042.1.g28114, NC_089042.1.g29461, NC_089042.1.g29582, NC_089043.1.g31274, NC_089043.1.g31988, NC_089045.1.g36200	NC_089042.1.g29481		NC_089038.1.g15692				3	0	
OG0000300					NC_089046.1.g39506			NC_089035.1.g4994, NC_089035.1.g65, NC_089036.1.g5964, NC_089036.1.g8811, NC_089037.1.g13633, NC_089037.1.g9865, NC_089038.1.g14070, NC_089038.1.g14511, NC_089038.1.g14541, NC_089038.1.g15868, NC_089038.1.g17021, NC_089038.1.g17154, NC_089039.1.g18382, NC_089040.1.g20649, NC_089040.1.g22980, NC_089041.1.g26585, NC_089041.1.g27048, NC_089042.1.g28826, NC_089042.1.g29156, NC_089042.1.g29540, NC_089042.1.g29660, NC_089043.1.g30391, NC_089043.1.g30941, NC_089043.1.g32160, NC_089045.1.g35582, NC_089046.1.g39106, NC_089046.1.g39396	2	0	
OG0000306	NC_089037.1.g12256, NC_089037.1.g12268, NC_089038.1.g14677, NC_089039.1.g18599, NC_089039.1.g19163, NC_089041.1.g24272, NC_089042.1.g29174, NC_089044.1.g33545, NC_089046.1.g37901, NC_089046.1.g37967	NC_089037.1.g12181, NC_089037.1.g12190, NC_089039.1.g18428, NC_089039.1.g18999, NC_089041.1.g25604, NC_089042.1.g29004, NC_089044.1.g33435, NC_089046.1.g37737	NC_089035.1.g4833, NC_089036.1.g7146, NC_089037.1.g12212, NC_089037.1.g12223, NC_089038.1.g14612, NC_089039.1.g18495, NC_089039.1.g19052, NC_089044.1.g33367, NC_089046.1.g37673						2	1	
OG0000307	NC_089037.1.g12743, NC_089038.1.g15550, NC_089040.1.g23885, NC_089041.1.g24190, NC_089045.1.g35234	NC_089040.1.g23717, NC_089041.1.g24021, NC_089045.1.g35084		NC_089037.1.g12629, NC_089038.1.g15417, NC_089040.1.g23585, NC_089041.1.g23883, NC_089045.1.g34788	NC_089037.1.g12707, NC_089038.1.g15501, NC_089040.1.g23848, NC_089041.1.g24137, NC_089045.1.g35239		NC_089037.1.g12689, NC_089038.1.g15489, NC_089040.1.g23727, NC_089041.1.g24012, NC_089045.1.g35006	NC_089038.1.g15515, NC_089040.1.g23772, NC_089041.1.g24061, NC_089045.1.g35222	5	1	
OG0000310		NC_089041.1.g25702, NC_089041.1.g25708, NC_089041.1.g25712, NC_089041.1.g25715, NC_089041.1.g25720	NC_089041.1.g25714, NC_089041.1.g25720, NC_089041.1.g25721, NC_089041.1.g25723, NC_089041.1.g25726, NC_089041.1.g25730		NC_089041.1.g25816, NC_089041.1.g25824, NC_089041.1.g25825, NC_089041.1.g25826, NC_089041.1.g25828, NC_089041.1.g25831		NC_089041.1.g25662, NC_089041.1.g25669, NC_089041.1.g25673, NC_089041.1.g25676, NC_089041.1.g25680	NC_089041.1.g25750, NC_089041.1.g25757, NC_089041.1.g25761, NC_089041.1.g25764, NC_089041.1.g25769	5	0	
OG0000313	NC_089035.1.g1935, NC_089035.1.g3434, NC_089039.1.g18427, NC_089039.1.g18546, NC_089044.1.g34236, NC_089045.1.g36115, NC_089046.1.g39041, NC_089046.1.g39046, NC_089046.1.g39050					NC_089035.1.g1936, NC_089035.1.g3465, NC_089039.1.g18573, NC_089039.1.g18699, NC_089044.1.g34573, NC_089045.1.g36481, NC_089046.1.g39457, NC_089046.1.g39460, NC_089046.1.g39463	NC_089035.1.g1876, NC_089035.1.g3411, NC_089039.1.g18360, NC_089039.1.g18483, NC_089045.1.g35863, NC_089046.1.g38764, NC_089046.1.g38767, NC_089046.1.g38770		2	1	
OG0000315	NC_089036.1.g5715	NC_089036.1.g5710						NC_089036.1.g5688, NC_089036.1.g5690, NC_089036.1.g5691, NC_089036.1.g5693, NC_089036.1.g5695, NC_089036.1.g5696, NC_089036.1.g5697, NC_089036.1.g5699, NC_089036.1.g5700, NC_089036.1.g5701, NC_089036.1.g5703, NC_089036.1.g5704, NC_089036.1.g5705, NC_089036.1.g5707, NC_089036.1.g5711, NC_089036.1.g5712, NC_089036.1.g5713, NC_089036.1.g5714, NC_089036.1.g5715, NC_089036.1.g5716, NC_089036.1.g5717, NC_089036.1.g5718, NC_089040.1.g23586, NC_089044.1.g32548	2	1	
OG0000325	NC_089043.1.g30382	NC_089042.1.g29074, NC_089042.1.g29196, NC_089042.1.g29386, NC_089043.1.g30235, NC_089046.1.g38090, NC_089046.1.g38091	NC_089042.1.g29087, NC_089042.1.g29213, NC_089042.1.g29406, NC_089043.1.g30223, NC_089046.1.g38015		NC_089042.1.g29182, NC_089042.1.g29304, NC_089042.1.g29494, NC_089043.1.g30325, NC_089046.1.g38279, NC_089046.1.g38280	NC_089042.1.g29426, NC_089042.1.g29556, NC_089042.1.g29750, NC_089043.1.g30630, NC_089046.1.g38624	NC_089042.1.g29143, NC_089042.1.g29331, NC_089046.1.g37980		5	1	
OG0000327	NC_089046.1.g38694, NC_089046.1.g38697, NC_089046.1.g38700, NC_089046.1.g38703		NC_089046.1.g38456, NC_089046.1.g38459, NC_089046.1.g38462, NC_089046.1.g38465	NC_089046.1.g38156, NC_089046.1.g38159, NC_089046.1.g38162, NC_089046.1.g38165		NC_089046.1.g38907, NC_089046.1.g39089, NC_089046.1.g39092, NC_089046.1.g39093, NC_089046.1.g39096, NC_089046.1.g39099	NC_089046.1.g38405, NC_089046.1.g38408, NC_089046.1.g38411, NC_089046.1.g38414	NC_089046.1.g38628, NC_089046.1.g38631, NC_089046.1.g38634, NC_089046.1.g38637	5	1	
OG0000328		NC_089035.1.g1709, NC_089035.1.g2642, NC_089035.1.g2644, NC_089035.1.g2645, NC_089035.1.g2648, NC_089035.1.g2649, NC_089035.1.g588, NC_089036.1.g6098, NC_089042.1.g28526, NC_089043.1.g30450	NC_089035.1.g1694, NC_089035.1.g2645, NC_089035.1.g2648, NC_089035.1.g2651, NC_089036.1.g6113, NC_089040.1.g22729, NC_089042.1.g28546					NC_089035.1.g1684, NC_089035.1.g2617, NC_089035.1.g2618, NC_089035.1.g2619, NC_089035.1.g2622, NC_089036.1.g6112, NC_089040.1.g22729, NC_089042.1.g28608, NC_089043.1.g30534	3	0	
OG0000332	NC_089035.1.g1572, NC_089035.1.g4018, NC_089038.1.g14882, NC_089043.1.g31126, NC_089046.1.g39033			NC_089035.1.g1554, NC_089035.1.g3952, NC_089037.1.g11940, NC_089038.1.g14746, NC_089039.1.g17790, NC_089041.1.g26113, NC_089043.1.g30679, NC_089046.1.g38497	NC_089035.1.g3992, NC_089043.1.g31069	NC_089035.1.g1579, NC_089035.1.g4060, NC_089037.1.g12132, NC_089038.1.g14998, NC_089039.1.g18087, NC_089041.1.g26651, NC_089043.1.g31388, NC_089044.1.g33244, NC_089044.1.g33246, NC_089046.1.g39451			3	1	
OG0000341	NC_089039.1.g18091, NC_089041.1.g25975		NC_089041.1.g25831	NC_089041.1.g25630	NC_089039.1.g17772, NC_089039.1.g17774, NC_089039.1.g18023, NC_089039.1.g18034, NC_089039.1.g18035, NC_089039.1.g18036, NC_089041.1.g25940, NC_089041.1.g25941, NC_089041.1.g25943, NC_089041.1.g25944, NC_089044.1.g34321	NC_089039.1.g17981, NC_089039.1.g17983, NC_089039.1.g18245, NC_089039.1.g18246, NC_089041.1.g26146, NC_089041.1.g26147, NC_089041.1.g26149, NC_089041.1.g26151, NC_089044.1.g34642		NC_089039.1.g17788	5	1	
OG0000347	NC_089041.1.g25628, NC_089041.1.g25639, NC_089041.1.g25644, NC_089041.1.g25648	NC_089041.1.g25460, NC_089041.1.g25471, NC_089041.1.g25476, NC_089041.1.g25480	NC_089041.1.g25473, NC_089041.1.g25484, NC_089041.1.g25488, NC_089041.1.g25492		NC_089041.1.g25581, NC_089041.1.g25591, NC_089041.1.g25594, NC_089041.1.g25597	NC_089041.1.g25796, NC_089041.1.g25807, NC_089041.1.g25811, NC_089041.1.g25815		NC_089041.1.g25504, NC_089041.1.g25505, NC_089041.1.g25516, NC_089041.1.g25520, NC_089041.1.g25524	5	1	
OG0000352			NC_089037.1.g9901, NC_089040.1.g21825, NC_089044.1.g32149, NC_089045.1.g34340, NC_089045.1.g34927	NC_089037.1.g9861, NC_089040.1.g21716, NC_089044.1.g31903, NC_089045.1.g34119, NC_089045.1.g34707	NC_089037.1.g9915, NC_089040.1.g21896, NC_089044.1.g32304, NC_089045.1.g34579, NC_089045.1.g35150	NC_089037.1.g10033, NC_089040.1.g22098, NC_089044.1.g32613, NC_089045.1.g34904, NC_089045.1.g35474		NC_089037.1.g9938, NC_089040.1.g21840, NC_089044.1.g32286, NC_089045.1.g34548, NC_089045.1.g35136	5	0	
OG0000368	NC_089035.1.g2479, NC_089036.1.g6494, NC_089036.1.g8680, NC_089045.1.g36640, NC_089046.1.g39211			NC_089035.1.g2428, NC_089036.1.g6427, NC_089036.1.g8597, NC_089044.1.g32082, NC_089045.1.g36162, NC_089046.1.g38664	NC_089035.1.g2432, NC_089036.1.g6478, NC_089036.1.g8646, NC_089041.1.g24602, NC_089045.1.g36677, NC_089046.1.g39262	NC_089035.1.g2485	NC_089035.1.g2439, NC_089036.1.g6446, NC_089036.1.g8653, NC_089041.1.g24459, NC_089045.1.g36383, NC_089046.1.g38933		4	1	
OG0000396	NC_089036.1.g6395, NC_089037.1.g10315, NC_089039.1.g17901, NC_089039.1.g18355, NC_089039.1.g20127	NC_089037.1.g10288, NC_089039.1.g18195		NC_089036.1.g6330, NC_089037.1.g10236, NC_089039.1.g17756, NC_089039.1.g18198, NC_089039.1.g18571, NC_089040.1.g22999	NC_089036.1.g6377, NC_089037.1.g10295, NC_089039.1.g18307, NC_089039.1.g18687	NC_089037.1.g10417, NC_089039.1.g18506, NC_089039.1.g20301		NC_089036.1.g6396, NC_089037.1.g10327, NC_089039.1.g17856, NC_089039.1.g18307	5	1	
OG0000428	NC_089037.1.g10563, NC_089040.1.g21531, NC_089042.1.g29262, NC_089044.1.g32790		NC_089037.1.g10524, NC_089040.1.g21424, NC_089042.1.g29109, NC_089044.1.g32611	NC_089037.1.g10480, NC_089040.1.g21333, NC_089042.1.g28831, NC_089044.1.g32351	NC_089037.1.g10539, NC_089040.1.g21493, NC_089042.1.g29203, NC_089044.1.g32796	NC_089037.1.g10658, NC_089040.1.g21690, NC_089042.1.g29451, NC_089044.1.g33099		NC_089037.1.g10578, NC_089040.1.g21438, NC_089042.1.g29173, NC_089044.1.g32750	5	1	
OG0000519	NC_089036.1.g6969, NC_089037.1.g9961, NC_089038.1.g14815, NC_089040.1.g22740, NC_089041.1.g26284, NC_089042.1.g29166, NC_089043.1.g31145, NC_089045.1.g36174	NC_089037.1.g11534, NC_089039.1.g18934, NC_089040.1.g22561, NC_089041.1.g26127, NC_089043.1.g30984, NC_089045.1.g36023				NC_089036.1.g7044, NC_089037.1.g10058, NC_089038.1.g14938, NC_089039.1.g19258, NC_089040.1.g22903, NC_089041.1.g26446, NC_089042.1.g29344, NC_089043.1.g31407, NC_089045.1.g36538			2	1	
OG0000525	NC_089037.1.g13379, NC_089037.1.g13381, NC_089037.1.g13382, NC_089037.1.g13386, NC_089037.1.g13387		NC_089037.1.g13336	NC_089037.1.g13270, NC_089037.1.g13271, NC_089037.1.g13272, NC_089037.1.g13273, NC_089037.1.g13277, NC_089037.1.g13278		NC_089037.1.g13482, NC_089037.1.g13484, NC_089037.1.g13485, NC_089037.1.g13489, NC_089037.1.g13490	NC_089037.1.g13318, NC_089037.1.g13320, NC_089037.1.g13321, NC_089037.1.g13326, NC_089037.1.g13327	NC_089037.1.g13377	5	1	
OG0000544			NC_089035.1.g3252, NC_089036.1.g8749, NC_089037.1.g10666, NC_089038.1.g14801, NC_089038.1.g16684		NC_089035.1.g3246, NC_089036.1.g8756, NC_089037.1.g10678, NC_089038.1.g16715	NC_089035.1.g3283, NC_089036.1.g8873, NC_089037.1.g10800, NC_089038.1.g16909	NC_089035.1.g3235, NC_089036.1.g8763, NC_089037.1.g10680, NC_089037.1.g13342, NC_089038.1.g14806, NC_089038.1.g16706	NC_089035.1.g3226, NC_089036.1.g8782, NC_089037.1.g10718, NC_089038.1.g16722	5	0	
OG0000549	NC_089035.1.g1460, NC_089039.1.g20233, NC_089039.1.g20235, NC_089039.1.g20236, NC_089039.1.g20237	NC_089035.1.g1458, NC_089039.1.g20084, NC_089039.1.g20086, NC_089039.1.g20087, NC_089039.1.g20088	NC_089035.1.g1423, NC_089039.1.g20127, NC_089039.1.g20137, NC_089039.1.g20139, NC_089039.1.g20140, NC_089039.1.g20141, NC_089046.1.g38269		NC_089035.1.g1435, NC_089039.1.g20194, NC_089039.1.g20196, NC_089039.1.g20197, NC_089039.1.g20198				3	1	
OG0000553	NC_089035.1.g3590, NC_089035.1.g4587, NC_089036.1.g8789, NC_089039.1.g19016, NC_089040.1.g23652, NC_089040.1.g23860, NC_089041.1.g24826, NC_089046.1.g38474	NC_089035.1.g3580, NC_089035.1.g4577, NC_089039.1.g18849, NC_089040.1.g23489, NC_089040.1.g23691, NC_089041.1.g24652, NC_089046.1.g38324	NC_089035.1.g3579, NC_089035.1.g4588, NC_089036.1.g8751, NC_089039.1.g18906, NC_089040.1.g23530, NC_089041.1.g24678, NC_089046.1.g38232						2	1	
OG0000555	NC_089035.1.g4839, NC_089036.1.g6775, NC_089036.1.g7130, NC_089036.1.g7189, NC_089037.1.g10735, NC_089037.1.g11113, NC_089038.1.g14676, NC_089039.1.g18791, NC_089039.1.g19150, NC_089039.1.g19162, NC_089039.1.g20025, NC_089040.1.g21792, NC_089041.1.g24041, NC_089041.1.g25382, NC_089041.1.g25778, NC_089042.1.g29173, NC_089044.1.g33544, NC_089045.1.g35501, NC_089046.1.g37861, NC_089046.1.g37900			NC_089036.1.g6702		NC_089038.1.g14794			2	1	
OG0000567	NC_089037.1.g10715, NC_089040.1.g23641, NC_089044.1.g33232, NC_089044.1.g33602	NC_089039.1.g17815, NC_089044.1.g33125, NC_089044.1.g33129		NC_089037.1.g10634, NC_089040.1.g23348		NC_089037.1.g10810, NC_089040.1.g23824, NC_089044.1.g33558	NC_089036.1.g7330, NC_089037.1.g10691, NC_089040.1.g23491, NC_089042.1.g28652, NC_089044.1.g33005	NC_089037.1.g10728, NC_089037.1.g12019, NC_089044.1.g33211, NC_089044.1.g33215, NC_089044.1.g33594	5	1	
OG0000574	NC_089038.1.g15022, NC_089038.1.g15026, NC_089038.1.g15029	NC_089038.1.g14920, NC_089038.1.g14923, NC_089038.1.g14927, NC_089046.1.g37337		NC_089038.1.g14886, NC_089038.1.g14892, NC_089038.1.g14897		NC_089038.1.g15137, NC_089038.1.g15141, NC_089038.1.g15145	NC_089036.1.g6076, NC_089038.1.g14956, NC_089038.1.g14962, NC_089038.1.g14967, NC_089046.1.g37238	NC_089038.1.g15016, NC_089038.1.g15020, NC_089038.1.g15024, NC_089046.1.g37445	5	1	
OG0000580	NC_089040.1.g23924, NC_089040.1.g23929, NC_089040.1.g23932, NC_089040.1.g23941, NC_089040.1.g23943, NC_089040.1.g23945, NC_089040.1.g23951	NC_089040.1.g23756, NC_089040.1.g23760, NC_089040.1.g23763, NC_089040.1.g23772, NC_089040.1.g23774, NC_089040.1.g23776, NC_089040.1.g23782, NC_089044.1.g33469		NC_089040.1.g23622, NC_089040.1.g23626, NC_089040.1.g23629, NC_089040.1.g23637, NC_089040.1.g23639, NC_089040.1.g23641, NC_089040.1.g23646					2	1	
OG0000589			NC_089038.1.g14282, NC_089038.1.g16136, NC_089038.1.g17096, NC_089043.1.g31450		NC_089038.1.g14285, NC_089038.1.g16183, NC_089038.1.g16645, NC_089038.1.g17122, NC_089043.1.g31581, NC_089046.1.g37420	NC_089038.1.g14453, NC_089038.1.g16363, NC_089038.1.g17317, NC_089046.1.g37767	NC_089038.1.g16186, NC_089038.1.g17109, NC_089040.1.g22515	NC_089038.1.g14342, NC_089038.1.g16189, NC_089038.1.g16651, NC_089038.1.g17133, NC_089043.1.g31562	5	0	
OG0000590			NC_089046.1.g38446				NC_089035.1.g245, NC_089036.1.g5688, NC_089036.1.g5689, NC_089036.1.g6422, NC_089036.1.g6509, NC_089039.1.g20073, NC_089040.1.g21827, NC_089040.1.g21892, NC_089040.1.g21928, NC_089040.1.g21961, NC_089040.1.g22239, NC_089040.1.g22348, NC_089041.1.g25526, NC_089043.1.g29856, NC_089043.1.g31033, NC_089044.1.g33039, NC_089045.1.g36130, NC_089045.1.g36249, NC_089046.1.g38013, NC_089046.1.g38394	NC_089036.1.g5723	3	0	
OG0000605	NC_089036.1.g6894, NC_089040.1.g20991, NC_089040.1.g20994, NC_089043.1.g31898	NC_089036.1.g6861, NC_089040.1.g20842, NC_089040.1.g20845, NC_089043.1.g31725		NC_089036.1.g6818, NC_089040.1.g20815, NC_089040.1.g20818, NC_089043.1.g31457	NC_089036.1.g6877, NC_089040.1.g20963, NC_089040.1.g20966, NC_089043.1.g31844		NC_089036.1.g6839, NC_089040.1.g20880, NC_089040.1.g20883, NC_089043.1.g31648	NC_089043.1.g31823	5	1	
OG0000610	NC_089038.1.g14539, NC_089038.1.g14554, NC_089038.1.g14564	NC_089038.1.g14437, NC_089038.1.g14458, NC_089038.1.g14470, NC_089040.1.g22826	NC_089038.1.g14470, NC_089038.1.g14486	NC_089038.1.g14402, NC_089038.1.g14417, NC_089038.1.g14428, NC_089040.1.g22701	NC_089038.1.g14474, NC_089038.1.g14492, NC_089038.1.g14501, NC_089040.1.g22954	NC_089038.1.g14639, NC_089038.1.g14661, NC_089038.1.g14672, NC_089040.1.g23168			5	1	
OG0000618	NC_089040.1.g22048, NC_089040.1.g22049, NC_089040.1.g22050, NC_089040.1.g22052	NC_089040.1.g21880, NC_089040.1.g21881, NC_089040.1.g21884	NC_089040.1.g21937, NC_089040.1.g21938, NC_089040.1.g21939, NC_089040.1.g21941	NC_089040.1.g21810, NC_089040.1.g21811, NC_089040.1.g21813	NC_089040.1.g22010, NC_089040.1.g22013		NC_089040.1.g21905, NC_089040.1.g21906, NC_089040.1.g21907, NC_089040.1.g21909, NC_089040.1.g21910		5	1	
OG0000632		NC_089036.1.g6272, NC_089036.1.g6617, NC_089036.1.g6879, NC_089036.1.g7778, NC_089042.1.g27779, NC_089044.1.g33037, NC_089045.1.g35616, NC_089046.1.g38111					NC_089036.1.g6242, NC_089036.1.g6599, NC_089036.1.g6857, NC_089042.1.g27771, NC_089044.1.g32910, NC_089045.1.g35526, NC_089046.1.g38004	NC_089036.1.g6649, NC_089036.1.g6915, NC_089042.1.g27854, NC_089044.1.g33118, NC_089045.1.g35760, NC_089046.1.g38211	3	0	
OG0000636				NC_089035.1.g2255, NC_089036.1.g7168, NC_089037.1.g10306, NC_089038.1.g14101, NC_089039.1.g19569, NC_089040.1.g22979, NC_089040.1.g22987		NC_089035.1.g2301, NC_089036.1.g7323, NC_089037.1.g10489, NC_089038.1.g14315, NC_089039.1.g19913, NC_089040.1.g23455, NC_089040.1.g23464	NC_089035.1.g2248, NC_089036.1.g7203, NC_089037.1.g10369, NC_089038.1.g14150, NC_089039.1.g19657, NC_089040.1.g23119, NC_089040.1.g23127		3	0	
OG0000643	NC_089035.1.g2217, NC_089037.1.g12829, NC_089037.1.g13832, NC_089045.1.g35976, NC_089046.1.g37488, NC_089046.1.g37947, NC_089046.1.g38068, NC_089046.1.g38282	NC_089045.1.g35823	NC_089037.1.g13784, NC_089045.1.g35749, NC_089046.1.g37246, NC_089046.1.g37719, NC_089046.1.g37838, NC_089046.1.g38048			NC_089037.1.g12918, NC_089037.1.g13937, NC_089045.1.g36339		NC_089037.1.g13830, NC_089045.1.g35961	4	1	
OG0000652	NC_089037.1.g9524, NC_089039.1.g18131, NC_089040.1.g22954, NC_089045.1.g35238	NC_089037.1.g9496, NC_089039.1.g17970, NC_089040.1.g22788, NC_089045.1.g35089		NC_089037.1.g9449, NC_089039.1.g17981, NC_089040.1.g22662, NC_089045.1.g34792	NC_089037.1.g9491, NC_089039.1.g18077, NC_089040.1.g22912, NC_089045.1.g35245			NC_089037.1.g9511, NC_089039.1.g18079, NC_089040.1.g22837, NC_089045.1.g35225	4	1	
OG0000655	NC_089037.1.g11649, NC_089042.1.g29083, NC_089046.1.g39039	NC_089037.1.g11607, NC_089042.1.g28914, NC_089046.1.g38907		NC_089037.1.g11549, NC_089042.1.g28654, NC_089046.1.g38503		NC_089037.1.g11734, NC_089041.1.g25152, NC_089041.1.g25161, NC_089042.1.g28974, NC_089042.1.g29261, NC_089046.1.g39455	NC_089041.1.g24816	NC_089037.1.g11666, NC_089041.1.g24868, NC_089042.1.g28997, NC_089046.1.g38988	5	1	
OG0000676	NC_089043.1.g31991, NC_089043.1.g31992, NC_089043.1.g31994, NC_089043.1.g31997			NC_089043.1.g31556, NC_089043.1.g31557, NC_089043.1.g31559, NC_089043.1.g31562	NC_089043.1.g31946, NC_089043.1.g31947, NC_089043.1.g31949, NC_089043.1.g31952	NC_089043.1.g32265, NC_089043.1.g32266, NC_089043.1.g32268, NC_089043.1.g32271		NC_089043.1.g31926, NC_089043.1.g31927, NC_089043.1.g31929, NC_089043.1.g31932	4	1	
OG0000684	NC_089046.1.g38695, NC_089046.1.g38698, NC_089046.1.g38701, NC_089046.1.g38704		NC_089046.1.g38460, NC_089046.1.g38463, NC_089046.1.g38466	NC_089046.1.g38157, NC_089046.1.g38160, NC_089046.1.g38163, NC_089046.1.g38166		NC_089046.1.g39090, NC_089046.1.g39094, NC_089046.1.g39097, NC_089046.1.g39100	NC_089046.1.g38406, NC_089046.1.g38409, NC_089046.1.g38412	NC_089046.1.g38632, NC_089046.1.g38635	5	1	
OG0000686		NC_089035.1.g4626		NC_089038.1.g15381		NC_089035.1.g4674, NC_089038.1.g14163, NC_089038.1.g14405, NC_089038.1.g15234, NC_089038.1.g15630, NC_089038.1.g15631, NC_089038.1.g15632, NC_089038.1.g15635, NC_089038.1.g15636, NC_089038.1.g16268, NC_089039.1.g18172, NC_089039.1.g18189, NC_089039.1.g18191, NC_089041.1.g24786, NC_089044.1.g33278, NC_089044.1.g33281, NC_089045.1.g35563, NC_089045.1.g35564			3	0	
OG0000688		NC_089038.1.g14890, NC_089045.1.g36065	NC_089036.1.g6880, NC_089044.1.g33774	NC_089046.1.g38367			NC_089035.1.g1046, NC_089036.1.g6849, NC_089036.1.g6973, NC_089036.1.g7999, NC_089038.1.g14637, NC_089038.1.g14785, NC_089038.1.g14923, NC_089038.1.g16531, NC_089041.1.g25667, NC_089042.1.g27691, NC_089042.1.g28570, NC_089043.1.g30283, NC_089044.1.g33772, NC_089044.1.g34029, NC_089045.1.g35950		4	0	
OG0000689		NC_089042.1.g27170, NC_089042.1.g27182		NC_089042.1.g26980	NC_089042.1.g27277	NC_089042.1.g27529, NC_089042.1.g27532, NC_089042.1.g27535, NC_089042.1.g27538, NC_089042.1.g27540		NC_089042.1.g27226, NC_089042.1.g27227, NC_089042.1.g27228, NC_089042.1.g27231, NC_089042.1.g27234, NC_089042.1.g27235, NC_089042.1.g27236, NC_089042.1.g27237, NC_089042.1.g27238, NC_089042.1.g27241, NC_089042.1.g27243	5	0	
OG0000691			NC_089036.1.g6579, NC_089040.1.g22543	NC_089035.1.g1956, NC_089035.1.g1957, NC_089035.1.g2187, NC_089036.1.g6516, NC_089037.1.g11204, NC_089037.1.g11792, NC_089038.1.g14180, NC_089039.1.g17930, NC_089039.1.g18393, NC_089040.1.g22379, NC_089042.1.g26989, NC_089044.1.g32368, NC_089044.1.g32369, NC_089045.1.g34615, NC_089045.1.g35326	NC_089045.1.g35728		NC_089045.1.g35540	NC_089043.1.g30371	5	0	
OG0000692			NC_089036.1.g7518, NC_089037.1.g10133, NC_089038.1.g14912, NC_089039.1.g17843, NC_089040.1.g21148, NC_089041.1.g26021, NC_089042.1.g27187, NC_089042.1.g27714, NC_089042.1.g28220, NC_089042.1.g28599, NC_089043.1.g29932, NC_089043.1.g30283, NC_089044.1.g32461, NC_089045.1.g36175, NC_089046.1.g38012, NC_089046.1.g39438	NC_089036.1.g6442			NC_089038.1.g15450, NC_089041.1.g25985, NC_089044.1.g32404		3	0	
OG0000693				NC_089041.1.g24079, NC_089041.1.g24084, NC_089041.1.g24089, NC_089041.1.g24094	NC_089041.1.g24347, NC_089041.1.g24351, NC_089041.1.g24356, NC_089041.1.g24361	NC_089041.1.g24550, NC_089041.1.g24556, NC_089041.1.g24562, NC_089041.1.g24567	NC_089041.1.g24203, NC_089041.1.g24207, NC_089041.1.g24212, NC_089041.1.g24217	NC_089041.1.g24258, NC_089041.1.g24262, NC_089041.1.g24266, NC_089041.1.g24270	5	0	
OG0000694					NC_089038.1.g14401, NC_089040.1.g21901, NC_089041.1.g25879, NC_089043.1.g30589, NC_089045.1.g37204, NC_089046.1.g38096, NC_089046.1.g38848		NC_089038.1.g14405, NC_089041.1.g25725, NC_089043.1.g30399, NC_089045.1.g36946, NC_089046.1.g37807, NC_089046.1.g38520, NC_089046.1.g38538	NC_089038.1.g14462, NC_089040.1.g21845, NC_089042.1.g28891, NC_089045.1.g37139, NC_089046.1.g38014, NC_089046.1.g38762	3	0	
OG0000701	NC_089036.1.g7337, NC_089038.1.g15164, NC_089044.1.g33053		NC_089036.1.g7296, NC_089038.1.g15073, NC_089044.1.g32884, NC_089045.1.g34452	NC_089036.1.g7250, NC_089038.1.g15025, NC_089044.1.g32628	NC_089036.1.g7317, NC_089038.1.g15104, NC_089044.1.g33067, NC_089045.1.g34689	NC_089044.1.g33374	NC_089036.1.g7293, NC_089038.1.g15106, NC_089044.1.g32814, NC_089045.1.g34446		5	1	
OG0000702	NC_089037.1.g12594, NC_089046.1.g39043, NC_089046.1.g39044, NC_089046.1.g39048				NC_089037.1.g12555, NC_089046.1.g39096, NC_089046.1.g39098, NC_089046.1.g39101	NC_089037.1.g10864, NC_089037.1.g12685, NC_089040.1.g22443, NC_089046.1.g39459, NC_089046.1.g39462	NC_089046.1.g38766, NC_089046.1.g38769	NC_089037.1.g12597, NC_089046.1.g38990, NC_089046.1.g38992, NC_089046.1.g38995	4	1	
OG0000704	NC_089037.1.g13933, NC_089037.1.g13936, NC_089037.1.g13939			NC_089037.1.g13817, NC_089037.1.g13820, NC_089037.1.g13822	NC_089037.1.g13876, NC_089037.1.g13879, NC_089037.1.g13881	NC_089037.1.g14038, NC_089037.1.g14041, NC_089037.1.g14043	NC_089037.1.g13873, NC_089037.1.g13876, NC_089037.1.g13878, NC_089037.1.g13880	NC_089037.1.g13930, NC_089037.1.g13933, NC_089037.1.g13935	5	1	
OG0000706	NC_089038.1.g14511, NC_089045.1.g36429	NC_089038.1.g14410	NC_089044.1.g32394	NC_089035.1.g4862, NC_089038.1.g14376, NC_089038.1.g14563, NC_089044.1.g32131, NC_089045.1.g35973		NC_089035.1.g4982, NC_089038.1.g14611, NC_089038.1.g14810, NC_089044.1.g32858, NC_089044.1.g33180, NC_089044.1.g33940, NC_089045.1.g36801	NC_089038.1.g14445, NC_089038.1.g14629, NC_089045.1.g36172		5	1	
OG0000721	NC_089045.1.g36452, NC_089045.1.g36454	NC_089041.1.g24530, NC_089045.1.g36309		NC_089045.1.g35993		NC_089035.1.g2052, NC_089035.1.g2126, NC_089035.1.g4805, NC_089035.1.g5107, NC_089037.1.g13719, NC_089038.1.g17000, NC_089041.1.g24861, NC_089045.1.g36441, NC_089045.1.g36821, NC_089045.1.g36822	NC_089045.1.g36193	NC_089038.1.g16816, NC_089042.1.g28957, NC_089045.1.g36063	5	1	
OG0000722	NC_089046.1.g38559		NC_089035.1.g2321, NC_089036.1.g9049, NC_089037.1.g13033, NC_089038.1.g14111, NC_089038.1.g14395, NC_089038.1.g17159, NC_089039.1.g18678, NC_089039.1.g18710, NC_089040.1.g20754, NC_089042.1.g27116, NC_089042.1.g28521, NC_089045.1.g35713, NC_089046.1.g38311, NC_089046.1.g38549	NC_089046.1.g38012	NC_089046.1.g38599	NC_089045.1.g36301	NC_089046.1.g38268		5	1	
OG0000724		NC_089039.1.g18161, NC_089039.1.g18162, NC_089039.1.g18163, NC_089044.1.g32411, NC_089044.1.g32461, NC_089044.1.g32462, NC_089044.1.g32502, NC_089044.1.g32504, NC_089044.1.g32551			NC_089039.1.g18270, NC_089039.1.g18271, NC_089039.1.g18272, NC_089039.1.g18273, NC_089044.1.g32537, NC_089044.1.g32587, NC_089044.1.g32588, NC_089044.1.g32624, NC_089044.1.g32626, NC_089044.1.g32675				2	0	
OG0000725				NC_089035.1.g470, NC_089035.1.g471, NC_089035.1.g472, NC_089035.1.g473, NC_089035.1.g474, NC_089035.1.g475, NC_089035.1.g476, NC_089035.1.g477, NC_089035.1.g478		NC_089035.1.g481, NC_089035.1.g482, NC_089035.1.g483, NC_089035.1.g484, NC_089035.1.g485, NC_089035.1.g487, NC_089035.1.g488, NC_089035.1.g489, NC_089035.1.g490, NC_089035.1.g491			2	0	
OG0000738	NC_089036.1.g6687, NC_089036.1.g6694, NC_089042.1.g29701	NC_089036.1.g6656, NC_089036.1.g6662, NC_089042.1.g29549	NC_089036.1.g6669, NC_089036.1.g6675, NC_089042.1.g29573		NC_089036.1.g6669, NC_089036.1.g6675, NC_089042.1.g29659	NC_089036.1.g6769, NC_089036.1.g6776, NC_089042.1.g29915		NC_089036.1.g6691, NC_089036.1.g6697, NC_089042.1.g29629	5	1	
OG0000759	NC_089041.1.g24201, NC_089041.1.g24207, NC_089041.1.g24212	NC_089041.1.g24032, NC_089041.1.g24038, NC_089041.1.g24043	NC_089041.1.g24070, NC_089041.1.g24075, NC_089041.1.g24079		NC_089041.1.g24148, NC_089041.1.g24154, NC_089041.1.g24159		NC_089041.1.g24023, NC_089041.1.g24029, NC_089041.1.g24034	NC_089041.1.g24073, NC_089041.1.g24079, NC_089041.1.g24085	5	1	
OG0000763	NC_089041.1.g25894, NC_089046.1.g39298, NC_089046.1.g39644	NC_089039.1.g18760, NC_089040.1.g22506, NC_089041.1.g25566, NC_089045.1.g35465	NC_089039.1.g17684, NC_089042.1.g27862, NC_089045.1.g35253		NC_089040.1.g22638, NC_089042.1.g28628		NC_089037.1.g11565, NC_089037.1.g12563, NC_089042.1.g27197, NC_089043.1.g30859	NC_089040.1.g22556, NC_089041.1.g24687	5	1	
OG0000779	NC_089035.1.g3438, NC_089042.1.g27920, NC_089046.1.g38968	NC_089042.1.g27756, NC_089046.1.g38832	NC_089035.1.g1657, NC_089042.1.g27777, NC_089046.1.g38739	NC_089042.1.g27575, NC_089046.1.g38430			NC_089042.1.g27748, NC_089046.1.g38694	NC_089035.1.g1647, NC_089035.1.g3408, NC_089039.1.g19016, NC_089042.1.g27828, NC_089046.1.g38917	5	1	
OG0000799	NC_089037.1.g10153, NC_089044.1.g32903, NC_089045.1.g34556	NC_089037.1.g10122, NC_089044.1.g32780, NC_089045.1.g34412	NC_089037.1.g10118, NC_089045.1.g34327		NC_089037.1.g10129, NC_089039.1.g17720, NC_089044.1.g32901	NC_089037.1.g10253, NC_089044.1.g33216, NC_089045.1.g34892		NC_089037.1.g10159, NC_089037.1.g13457, NC_089044.1.g32861	5	1	
OG0000807	NC_089038.1.g14280	NC_089038.1.g14162, NC_089038.1.g14171, NC_089038.1.g14175, NC_089038.1.g14187	NC_089038.1.g14216		NC_089038.1.g14201, NC_089038.1.g14212, NC_089038.1.g14214		NC_089038.1.g14202, NC_089038.1.g14211, NC_089038.1.g14213, NC_089038.1.g14222	NC_089038.1.g14261, NC_089038.1.g14270, NC_089038.1.g14272, NC_089038.1.g14282	5	1	
OG0000811	NC_089038.1.g17113, NC_089041.1.g25688	NC_089041.1.g25519, NC_089045.1.g36201	NC_089043.1.g30986	NC_089037.1.g13011, NC_089038.1.g16957, NC_089039.1.g19184, NC_089039.1.g19459, NC_089041.1.g23765	NC_089035.1.g1871, NC_089038.1.g15693, NC_089039.1.g19316, NC_089039.1.g19575	NC_089035.1.g5073, NC_089038.1.g17240, NC_089040.1.g22073			5	1	
OG0000814	NC_089039.1.g18895, NC_089043.1.g30059, NC_089045.1.g35346		NC_089039.1.g18776, NC_089045.1.g35117	NC_089039.1.g18717, NC_089043.1.g29630, NC_089045.1.g34907	NC_089039.1.g18838, NC_089043.1.g30004, NC_089045.1.g35363		NC_089039.1.g18817, NC_089043.1.g29830, NC_089045.1.g35124	NC_089039.1.g18839, NC_089043.1.g29993, NC_089045.1.g35340	5	1	
OG0000821	NC_089040.1.g22298, NC_089043.1.g30206, NC_089043.1.g30207	NC_089035.1.g1487, NC_089035.1.g2555, NC_089037.1.g11649, NC_089040.1.g22146, NC_089041.1.g26644	NC_089044.1.g34252	NC_089035.1.g1467, NC_089039.1.g19771	NC_089035.1.g2186, NC_089039.1.g19899			NC_089035.1.g2382, NC_089038.1.g16588, NC_089042.1.g28868, NC_089046.1.g38922	5	1	
OG0000822	NC_089040.1.g23010, NC_089041.1.g25941, NC_089045.1.g36298, NC_089046.1.g37848		NC_089044.1.g32193			NC_089040.1.g23186, NC_089041.1.g26112, NC_089045.1.g36674, NC_089046.1.g38218	NC_089040.1.g22861, NC_089041.1.g25747, NC_089045.1.g36043, NC_089046.1.g37584	NC_089040.1.g22901, NC_089041.1.g25831, NC_089045.1.g36282, NC_089046.1.g37794	4	1	
OG0000826	NC_089041.1.g24899, NC_089046.1.g38953, NC_089046.1.g39138, NC_089046.1.g39139	NC_089043.1.g30577, NC_089046.1.g38816, NC_089046.1.g38995, NC_089046.1.g38998, NC_089046.1.g38999		NC_089046.1.g38588	NC_089046.1.g39008, NC_089046.1.g39184	NC_089046.1.g39365, NC_089046.1.g39553		NC_089046.1.g39079, NC_089046.1.g39080, NC_089046.1.g39081	5	1	
OG0000841	NC_089044.1.g33569, NC_089044.1.g33572, NC_089044.1.g33573			NC_089044.1.g33146, NC_089044.1.g33150	NC_089044.1.g33593, NC_089044.1.g33596, NC_089044.1.g33597	NC_089044.1.g33907, NC_089044.1.g33910, NC_089044.1.g33911	NC_089044.1.g33347, NC_089044.1.g33350, NC_089044.1.g33351	NC_089044.1.g33561, NC_089044.1.g33564, NC_089044.1.g33565	5	1	
OG0000859	NC_089046.1.g38754, NC_089046.1.g38756, NC_089046.1.g38757		NC_089046.1.g38523, NC_089046.1.g38525, NC_089046.1.g38526	NC_089046.1.g38220, NC_089046.1.g38224, NC_089046.1.g38227	NC_089046.1.g38802, NC_089046.1.g38805	NC_089046.1.g39155, NC_089046.1.g39159, NC_089046.1.g39162	NC_089046.1.g38471, NC_089046.1.g38474, NC_089046.1.g38476		5	1	
OG0000864			NC_089037.1.g11006			NC_089037.1.g11135, NC_089038.1.g14860, NC_089038.1.g15066, NC_089038.1.g15116, NC_089039.1.g17870, NC_089039.1.g18724, NC_089040.1.g21992, NC_089040.1.g22814, NC_089041.1.g25861, NC_089042.1.g28335, NC_089044.1.g33057, NC_089044.1.g33422, NC_089045.1.g35524, NC_089045.1.g36804, NC_089045.1.g37514, NC_089046.1.g39333			2	0	
OG0000891	NC_089035.1.g457, NC_089036.1.g9429, NC_089037.1.g11944, NC_089043.1.g31286		NC_089035.1.g448, NC_089037.1.g11904, NC_089043.1.g31090, NC_089043.1.g31091			NC_089035.1.g465, NC_089036.1.g9519, NC_089037.1.g12031, NC_089043.1.g31548		NC_089035.1.g453, NC_089036.1.g9413, NC_089037.1.g11944, NC_089043.1.g31197	3	1	
OG0000892	NC_089035.1.g2644, NC_089035.1.g464, NC_089045.1.g35303, NC_089045.1.g35545	NC_089035.1.g2628, NC_089045.1.g35159, NC_089045.1.g35407		NC_089035.1.g2601, NC_089035.1.g464, NC_089045.1.g34862, NC_089045.1.g35102		NC_089035.1.g474		NC_089035.1.g2601, NC_089035.1.g459, NC_089045.1.g35294, NC_089045.1.g35548	4	1	
OG0001117	NC_089036.1.g5757, NC_089038.1.g17032, NC_089039.1.g20002, NC_089040.1.g23618			NC_089036.1.g5700, NC_089038.1.g16880, NC_089039.1.g19823, NC_089040.1.g23327		NC_089036.1.g5814, NC_089038.1.g17164, NC_089039.1.g20168, NC_089040.1.g23801	NC_089036.1.g5720, NC_089038.1.g16960, NC_089039.1.g19897, NC_089040.1.g23469		3	1	
OG0001157	NC_089036.1.g6440, NC_089040.1.g21776, NC_089042.1.g29690, NC_089046.1.g38617, NC_089046.1.g38798	NC_089036.1.g6423, NC_089040.1.g21620, NC_089046.1.g38468	NC_089046.1.g38370		NC_089040.1.g21738, NC_089046.1.g38663		NC_089046.1.g38322, NC_089046.1.g38517	NC_089036.1.g6441, NC_089040.1.g21683, NC_089046.1.g38547	5	1	
OG0001287	NC_089036.1.g9160, NC_089036.1.g9162, NC_089036.1.g9164	NC_089036.1.g9142	NC_089036.1.g9129, NC_089036.1.g9131, NC_089036.1.g9137	NC_089036.1.g9080, NC_089036.1.g9084, NC_089036.1.g9090	NC_089036.1.g9134, NC_089036.1.g9136, NC_089036.1.g9141	NC_089036.1.g9246, NC_089036.1.g9248, NC_089036.1.g9254			5	1	
OG0001606	NC_089039.1.g20539, NC_089046.1.g38514, NC_089046.1.g38516, NC_089046.1.g38518	NC_089039.1.g20396, NC_089046.1.g38364, NC_089046.1.g38366, NC_089046.1.g38368	NC_089039.1.g20442, NC_089046.1.g38273	NC_089039.1.g20368	NC_089039.1.g20500, NC_089046.1.g38549, NC_089046.1.g38551, NC_089046.1.g38553	NC_089039.1.g20709			5	1	
OG0001672	NC_089040.1.g23450, NC_089041.1.g24950, NC_089044.1.g34003		NC_089036.1.g5492, NC_089037.1.g13874	NC_089037.1.g12954, NC_089044.1.g32956	NC_089036.1.g5491, NC_089042.1.g29021	NC_089036.1.g5553		NC_089036.1.g5463, NC_089037.1.g13922, NC_089038.1.g17357, NC_089039.1.g20257, NC_089043.1.g31447, NC_089043.1.g31578	5	1	
OG0002097		NC_089046.1.g37494				NC_089035.1.g1678, NC_089035.1.g1679, NC_089036.1.g5777, NC_089037.1.g14065, NC_089038.1.g16069, NC_089039.1.g19444, NC_089041.1.g26687, NC_089041.1.g26688, NC_089042.1.g28104, NC_089042.1.g28881		NC_089037.1.g11472, NC_089038.1.g15901, NC_089039.1.g19218, NC_089041.1.g26388, NC_089046.1.g37602	3	0	
OG0002099			NC_089040.1.g22120, NC_089040.1.g22121, NC_089040.1.g22783, NC_089041.1.g26859, NC_089041.1.g26860, NC_089043.1.g30533, NC_089045.1.g35511		NC_089040.1.g22201, NC_089041.1.g26957, NC_089042.1.g27302, NC_089043.1.g30644	NC_089045.1.g35831	NC_089036.1.g7339, NC_089040.1.g22092, NC_089040.1.g22093, NC_089041.1.g26822		4	0	
OG0002104	NC_089035.1.g840, NC_089036.1.g7069, NC_089036.1.g8297, NC_089038.1.g15547, NC_089038.1.g16533, NC_089041.1.g24914, NC_089041.1.g25481, NC_089041.1.g25734			NC_089035.1.g838	NC_089035.1.g813, NC_089036.1.g8276	NC_089045.1.g35830	NC_089036.1.g8269	NC_089035.1.g824, NC_089041.1.g26902	5	1	
OG0002120	NC_089036.1.g5718, NC_089044.1.g32376	NC_089044.1.g34035		NC_089035.1.g4657, NC_089036.1.g5660, NC_089041.1.g25324, NC_089044.1.g31942, NC_089044.1.g33733	NC_089035.1.g4717, NC_089036.1.g5715, NC_089039.1.g18914, NC_089044.1.g32277, NC_089044.1.g32352, NC_089044.1.g34192			NC_089044.1.g34163	4	1	
OG0002127	NC_089036.1.g6886, NC_089043.1.g30424	NC_089036.1.g6852, NC_089043.1.g30278	NC_089036.1.g6861, NC_089043.1.g30263, NC_089045.1.g36082	NC_089036.1.g6804, NC_089043.1.g30006, NC_089045.1.g35859	NC_089036.1.g6867, NC_089043.1.g30365			NC_089036.1.g6888, NC_089043.1.g30360, NC_089045.1.g36299	5	1	
OG0002135	NC_089036.1.g7507, NC_089036.1.g7510, NC_089036.1.g7513, NC_089036.1.g7516, NC_089036.1.g7519, NC_089036.1.g7522	NC_089036.1.g7479, NC_089036.1.g7482, NC_089036.1.g7485, NC_089036.1.g7488, NC_089036.1.g7491, NC_089036.1.g7494					NC_089036.1.g7488, NC_089036.1.g7492, NC_089036.1.g7496		2	1	
OG0002136	NC_089036.1.g7579, NC_089037.1.g12009, NC_089037.1.g12010, NC_089042.1.g28140, NC_089042.1.g28141	NC_089038.1.g14749, NC_089046.1.g38393	NC_089036.1.g7540, NC_089038.1.g14782, NC_089038.1.g14783	NC_089042.1.g27773			NC_089046.1.g38086, NC_089046.1.g38111	NC_089044.1.g32807, NC_089046.1.g38290	5	1	
OG0002146	NC_089036.1.g9161, NC_089036.1.g9163, NC_089036.1.g9165		NC_089036.1.g9130, NC_089036.1.g9132, NC_089036.1.g9138	NC_089036.1.g9081, NC_089036.1.g9085, NC_089036.1.g9091	NC_089036.1.g9135, NC_089036.1.g9137, NC_089036.1.g9142	NC_089036.1.g9247, NC_089036.1.g9249, NC_089036.1.g9255			4	1	
OG0002170	NC_089038.1.g14959, NC_089040.1.g23031, NC_089042.1.g28494, NC_089043.1.g30377, NC_089043.1.g30948			NC_089038.1.g14823, NC_089042.1.g27041, NC_089042.1.g28096, NC_089043.1.g29963, NC_089043.1.g30529		NC_089038.1.g15074, NC_089042.1.g28685, NC_089043.1.g30627	NC_089037.1.g12256, NC_089042.1.g28291		3	1	
OG0002189	NC_089039.1.g18887, NC_089039.1.g18889, NC_089039.1.g18891	NC_089039.1.g18711, NC_089039.1.g18713, NC_089039.1.g18715	NC_089039.1.g18769, NC_089039.1.g18771, NC_089039.1.g18773	NC_089039.1.g18710, NC_089039.1.g18712, NC_089039.1.g18714	NC_089039.1.g18831, NC_089039.1.g18833, NC_089039.1.g18835				4	1	
OG0002212	NC_089041.1.g25640, NC_089041.1.g25645, NC_089041.1.g25649	NC_089041.1.g25472, NC_089041.1.g25477, NC_089041.1.g25481	NC_089041.1.g25485, NC_089041.1.g25489, NC_089041.1.g25493			NC_089041.1.g25808, NC_089041.1.g25812, NC_089041.1.g25816		NC_089041.1.g25517, NC_089041.1.g25521, NC_089041.1.g25525	4	1	
OG0002228	NC_089042.1.g29841, NC_089042.1.g29842, NC_089042.1.g29843	NC_089042.1.g29694, NC_089042.1.g29695, NC_089042.1.g29696		NC_089042.1.g29418, NC_089042.1.g29419, NC_089042.1.g29420		NC_089042.1.g30058, NC_089042.1.g30059, NC_089042.1.g30060		NC_089042.1.g29774, NC_089042.1.g29775, NC_089042.1.g29776	4	1	
OG0002232	NC_089043.1.g31987, NC_089043.1.g31988, NC_089043.1.g32000			NC_089043.1.g31552, NC_089043.1.g31553, NC_089043.1.g31565	NC_089043.1.g31942, NC_089043.1.g31943, NC_089043.1.g31955	NC_089043.1.g32261, NC_089043.1.g32262, NC_089043.1.g32274		NC_089043.1.g31922, NC_089043.1.g31923, NC_089043.1.g31935	4	1	
OG0002253	NC_089045.1.g36444	NC_089038.1.g14891, NC_089041.1.g25121, NC_089041.1.g26333, NC_089046.1.g38437				NC_089036.1.g7807, NC_089039.1.g18288, NC_089041.1.g25444	NC_089036.1.g7703, NC_089041.1.g25084, NC_089046.1.g38299	NC_089036.1.g7741, NC_089038.1.g14984, NC_089039.1.g18081, NC_089041.1.g25142	4	1	
OG0002256	NC_089045.1.g36766			NC_089035.1.g1875, NC_089037.1.g12051	NC_089035.1.g1869, NC_089039.1.g20547, NC_089040.1.g22121, NC_089043.1.g31007	NC_089039.1.g19760, NC_089040.1.g22324	NC_089036.1.g6211, NC_089040.1.g22016, NC_089043.1.g30812	NC_089040.1.g22052, NC_089043.1.g30581, NC_089045.1.g36720	5	1	
OG0002260		NC_089035.1.g1311, NC_089035.1.g4401, NC_089039.1.g17553, NC_089041.1.g25017, NC_089041.1.g25018			NC_089035.1.g1287, NC_089035.1.g4393, NC_089039.1.g17654, NC_089041.1.g25131, NC_089041.1.g25132	NC_089035.1.g1318, NC_089036.1.g5424, NC_089039.1.g17857, NC_089041.1.g25344	NC_089039.1.g17644		4	0	
OG0002261		NC_089040.1.g22603, NC_089042.1.g28373, NC_089045.1.g35224, NC_089045.1.g35843, NC_089045.1.g36016, NC_089046.1.g39169		NC_089036.1.g6596, NC_089040.1.g22481, NC_089040.1.g22678, NC_089042.1.g28139, NC_089044.1.g32449, NC_089045.1.g34922, NC_089045.1.g35551, NC_089046.1.g38752			NC_089045.1.g35747		3	0	
OG0002262		NC_089044.1.g32879, NC_089044.1.g32880, NC_089044.1.g32883	NC_089044.1.g32818, NC_089044.1.g32819, NC_089044.1.g32823	NC_089044.1.g32563, NC_089044.1.g32564, NC_089044.1.g32567	NC_089044.1.g32996, NC_089044.1.g32997, NC_089044.1.g33000			NC_089044.1.g32956, NC_089044.1.g32957, NC_089044.1.g32960	5	0	
OG0002264				NC_089045.1.g34944	NC_089035.1.g626, NC_089037.1.g11549, NC_089039.1.g20330, NC_089045.1.g35397	NC_089037.1.g11659, NC_089039.1.g20540, NC_089040.1.g21562, NC_089045.1.g35729	NC_089035.1.g628, NC_089037.1.g11529, NC_089038.1.g16940, NC_089039.1.g20265, NC_089040.1.g21283, NC_089045.1.g35160		4	0	
OG0002265	NC_089035.1.g460, NC_089035.1.g58, NC_089046.1.g39359			NC_089035.1.g460, NC_089035.1.g55, NC_089046.1.g38815	NC_089035.1.g54, NC_089046.1.g39258, NC_089046.1.g39419	NC_089035.1.g470, NC_089035.1.g60, NC_089046.1.g39780	NC_089035.1.g57	NC_089043.1.g30036	5	1	
OG0002271	NC_089035.1.g1317, NC_089035.1.g2991, NC_089039.1.g18107	NC_089035.1.g1316, NC_089035.1.g2988, NC_089039.1.g17945	NC_089035.1.g2986	NC_089035.1.g1301, NC_089035.1.g2951, NC_089039.1.g17955			NC_089035.1.g2972	NC_089035.1.g1290, NC_089035.1.g2960, NC_089039.1.g18054	5	1	
OG0002273	NC_089035.1.g1630, NC_089044.1.g32806	NC_089038.1.g14156	NC_089038.1.g14643, NC_089045.1.g35569	NC_089035.1.g2258, NC_089039.1.g18390, NC_089045.1.g36481		NC_089038.1.g14344, NC_089044.1.g33192, NC_089044.1.g33726	NC_089038.1.g14957, NC_089041.1.g24744, NC_089042.1.g27734		5	1	
OG0002277	NC_089035.1.g2001, NC_089036.1.g7476, NC_089038.1.g14767	NC_089038.1.g14666		NC_089035.1.g1963, NC_089042.1.g28047	NC_089035.1.g1963, NC_089038.1.g14702		NC_089035.1.g1944, NC_089036.1.g7445, NC_089038.1.g14699, NC_089038.1.g16945	NC_089036.1.g7481, NC_089038.1.g14760	5	1	
OG0002279	NC_089035.1.g2164, NC_089040.1.g22570, NC_089042.1.g28488, NC_089045.1.g36084, NC_089046.1.g38312	NC_089035.1.g2144, NC_089042.1.g28322, NC_089046.1.g38156		NC_089035.1.g2125, NC_089042.1.g28090, NC_089046.1.g37770			NC_089038.1.g15115, NC_089042.1.g28287, NC_089045.1.g35835		3	1	
OG0002288	NC_089035.1.g4558, NC_089038.1.g14542, NC_089043.1.g30040, NC_089046.1.g38109, NC_089046.1.g38110	NC_089035.1.g4550, NC_089038.1.g14440, NC_089043.1.g31856, NC_089046.1.g37948, NC_089046.1.g37949				NC_089035.1.g4598, NC_089038.1.g14642, NC_089046.1.g38488, NC_089046.1.g38489			2	1	
OG0002314	NC_089037.1.g11745, NC_089038.1.g14226, NC_089044.1.g34294				NC_089037.1.g11711, NC_089038.1.g14156	NC_089038.1.g14323, NC_089044.1.g34634	NC_089035.1.g2260, NC_089037.1.g11687, NC_089038.1.g14159, NC_089044.1.g34078	NC_089037.1.g11756, NC_089038.1.g14215, NC_089044.1.g34287	4	1	
OG0002320	NC_089037.1.g13028, NC_089040.1.g23780, NC_089045.1.g35000	NC_089037.1.g12951		NC_089037.1.g12916, NC_089040.1.g23483	NC_089037.1.g12983, NC_089040.1.g23742	NC_089037.1.g13122, NC_089040.1.g23956, NC_089045.1.g35331		NC_089037.1.g13028, NC_089037.1.g13029, NC_089040.1.g23668	5	1	
OG0002329	NC_089038.1.g14472, NC_089041.1.g24871, NC_089042.1.g28515, NC_089044.1.g32663, NC_089045.1.g36512, NC_089045.1.g36664	NC_089042.1.g28350	NC_089045.1.g36447	NC_089046.1.g37510	NC_089044.1.g32658, NC_089045.1.g36701			NC_089035.1.g310, NC_089040.1.g23444, NC_089046.1.g37995	5	1	
OG0002338	NC_089038.1.g16671		NC_089037.1.g13356, NC_089038.1.g14226		NC_089037.1.g13353, NC_089038.1.g14227, NC_089038.1.g16610	NC_089037.1.g10300, NC_089037.1.g13508, NC_089038.1.g14390, NC_089038.1.g16802	NC_089038.1.g14224, NC_089038.1.g16609	NC_089037.1.g13398, NC_089038.1.g14285	5	1	
OG0002349	NC_089040.1.g21803, NC_089040.1.g21818		NC_089036.1.g6433, NC_089040.1.g21698, NC_089040.1.g21711, NC_089043.1.g29851		NC_089036.1.g6425, NC_089040.1.g21764, NC_089040.1.g21777, NC_089043.1.g29931			NC_089036.1.g6444, NC_089040.1.g21706, NC_089040.1.g21721, NC_089043.1.g29922	3	1	
OG0002363	NC_089041.1.g25389, NC_089044.1.g32447, NC_089046.1.g39086	NC_089037.1.g12679, NC_089041.1.g25235, NC_089045.1.g36543, NC_089046.1.g38949		NC_089039.1.g18732	NC_089039.1.g18852, NC_089041.1.g25343		NC_089039.1.g18829, NC_089041.1.g25193	NC_089039.1.g18852, NC_089044.1.g32392	5	1	
OG0002385	NC_089044.1.g32265		NC_089044.1.g32074, NC_089044.1.g32075, NC_089044.1.g32078	NC_089044.1.g31832, NC_089044.1.g31833, NC_089044.1.g31836	NC_089044.1.g32226	NC_089044.1.g32539, NC_089044.1.g32540, NC_089044.1.g32543		NC_089044.1.g32214, NC_089044.1.g32215, NC_089044.1.g32218	5	1	
OG0002421		NC_089035.1.g1970, NC_089045.1.g35613, NC_089045.1.g35625	NC_089035.1.g1946, NC_089039.1.g18551, NC_089045.1.g35541, NC_089045.1.g35542		NC_089046.1.g38476	NC_089035.1.g2000, NC_089044.1.g33166	NC_089035.1.g1932, NC_089045.1.g35520, NC_089045.1.g35521, NC_089045.1.g35524		5	0	
OG0002425		NC_089038.1.g14814, NC_089039.1.g19846, NC_089040.1.g22519, NC_089040.1.g22832				NC_089035.1.g2147, NC_089040.1.g22856, NC_089040.1.g23172, NC_089046.1.g39211	NC_089038.1.g14852, NC_089039.1.g19898, NC_089040.1.g22847, NC_089044.1.g33427	NC_089038.1.g14912, NC_089040.1.g22573	4	0	
OG0002428		NC_089040.1.g23753, NC_089040.1.g23767, NC_089040.1.g23778	NC_089040.1.g23796, NC_089040.1.g23810, NC_089040.1.g23818	NC_089040.1.g23620, NC_089040.1.g23632		NC_089040.1.g24092, NC_089040.1.g24101, NC_089040.1.g24106, NC_089040.1.g24107	NC_089040.1.g23760, NC_089040.1.g23770		5	0	
OG0002434			NC_089042.1.g29630, NC_089046.1.g38343	NC_089036.1.g8927, NC_089042.1.g29330, NC_089046.1.g38049	NC_089036.1.g8977, NC_089042.1.g29713, NC_089046.1.g38634	NC_089036.1.g9092, NC_089042.1.g29970, NC_089046.1.g38974		NC_089036.1.g9005, NC_089042.1.g29687, NC_089046.1.g38522	5	0	
OG0002435	NC_089035.1.g1689, NC_089035.1.g176, NC_089035.1.g63, NC_089037.1.g12049, NC_089039.1.g17939, NC_089041.1.g25097, NC_089044.1.g32930, NC_089044.1.g32932, NC_089046.1.g38070, NC_089046.1.g38898	NC_089035.1.g2569		NC_089041.1.g24782, NC_089046.1.g37540					2	1	
OG0002479	NC_089037.1.g11044, NC_089037.1.g11896, NC_089038.1.g15061	NC_089038.1.g15041, NC_089044.1.g32788	NC_089042.1.g28412, NC_089044.1.g32735	NC_089037.1.g10955			NC_089044.1.g32674	NC_089037.1.g12079, NC_089037.1.g12080, NC_089042.1.g28478, NC_089044.1.g32868	5	1	
OG0002482	NC_089037.1.g11717, NC_089037.1.g11793, NC_089038.1.g16292	NC_089038.1.g16181			NC_089037.1.g11687	NC_089037.1.g11870, NC_089038.1.g16428	NC_089037.1.g11665, NC_089037.1.g11729, NC_089038.1.g16248	NC_089037.1.g11733, NC_089037.1.g11801, NC_089038.1.g16253	5	1	
OG0002483	NC_089037.1.g11945, NC_089038.1.g14961, NC_089038.1.g15008, NC_089041.1.g24985			NC_089038.1.g14825, NC_089038.1.g14872, NC_089041.1.g24663	NC_089038.1.g14906, NC_089038.1.g14957, NC_089041.1.g24929		NC_089038.1.g14894, NC_089038.1.g14940, NC_089041.1.g24787		3	1	
OG0002523	NC_089040.1.g21812, NC_089040.1.g21828	NC_089040.1.g21649, NC_089040.1.g21663		NC_089040.1.g21606		NC_089040.1.g21965, NC_089040.1.g21966, NC_089040.1.g21980	NC_089040.1.g21691, NC_089040.1.g21701	NC_089040.1.g21714, NC_089040.1.g21715, NC_089040.1.g21730	5	1	
OG0002527	NC_089040.1.g22727, NC_089042.1.g27929		NC_089037.1.g11810	NC_089042.1.g27586	NC_089042.1.g27878, NC_089045.1.g36476	NC_089037.1.g11936, NC_089040.1.g22889, NC_089042.1.g28130, NC_089043.1.g30709	NC_089037.1.g11786, NC_089041.1.g25157, NC_089043.1.g30380		5	1	
OG0002530	NC_089040.1.g23781, NC_089045.1.g34999		NC_089040.1.g23657, NC_089040.1.g23658, NC_089045.1.g34763	NC_089040.1.g23484, NC_089045.1.g34546	NC_089040.1.g23743, NC_089045.1.g35000	NC_089040.1.g23957, NC_089045.1.g35330		NC_089040.1.g23669, NC_089045.1.g34971	5	1	
OG0002552	NC_089042.1.g28755	NC_089042.1.g28592, NC_089044.1.g32472	NC_089035.1.g2353, NC_089042.1.g28603, NC_089044.1.g32429, NC_089045.1.g36335				NC_089042.1.g28551, NC_089044.1.g32364, NC_089044.1.g32568, NC_089045.1.g36295	NC_089044.1.g32559, NC_089044.1.g32762	4	1	
OG0002554	NC_089042.1.g28982, NC_089042.1.g28983, NC_089044.1.g32332		NC_089044.1.g32147	NC_089042.1.g28559, NC_089044.1.g31901	NC_089044.1.g32302	NC_089041.1.g25559, NC_089042.1.g29163, NC_089042.1.g29164, NC_089044.1.g32611	NC_089042.1.g28774, NC_089044.1.g32071		5	1	
OG0002599		NC_089037.1.g11246, NC_089041.1.g25789, NC_089045.1.g35854	NC_089035.1.g1582, NC_089037.1.g11248, NC_089038.1.g14410, NC_089040.1.g22866, NC_089041.1.g24779, NC_089042.1.g28387, NC_089042.1.g28448	NC_089035.1.g1795		NC_089040.1.g23056	NC_089040.1.g21925		5	0	
OG0002602		NC_089046.1.g38581		NC_089045.1.g35517		NC_089036.1.g8346, NC_089038.1.g14699, NC_089038.1.g15860, NC_089039.1.g18885, NC_089040.1.g24024, NC_089041.1.g25517, NC_089041.1.g26218, NC_089046.1.g38413, NC_089046.1.g38480, NC_089046.1.g38969, NC_089046.1.g39129			3	0	
OG0002603		NC_089046.1.g38609, NC_089046.1.g38612, NC_089046.1.g38614		NC_089046.1.g38221, NC_089046.1.g38225, NC_089046.1.g38228	NC_089046.1.g38799, NC_089046.1.g38803	NC_089046.1.g39156, NC_089046.1.g39160, NC_089046.1.g39163		NC_089046.1.g38699, NC_089046.1.g38704	5	0	
OG0002604			NC_089035.1.g908	NC_089035.1.g4562, NC_089035.1.g932, NC_089038.1.g13940	NC_089035.1.g2873, NC_089035.1.g4615, NC_089035.1.g4619, NC_089035.1.g909, NC_089038.1.g13994, NC_089038.1.g15466, NC_089039.1.g19343	NC_089035.1.g946	NC_089035.1.g913		5	0	
OG0002609	NC_089035.1.g1144, NC_089042.1.g27769, NC_089045.1.g35215	NC_089035.1.g1139, NC_089039.1.g17482, NC_089042.1.g27602		NC_089042.1.g27421	NC_089035.1.g1120, NC_089039.1.g17580, NC_089042.1.g27712		NC_089035.1.g1113, NC_089042.1.g27582		4	1	
OG0002623	NC_089035.1.g3428, NC_089046.1.g38965	NC_089035.1.g3426, NC_089046.1.g38828	NC_089035.1.g3424, NC_089046.1.g38735		NC_089035.1.g3415, NC_089046.1.g39020	NC_089035.1.g3459, NC_089046.1.g39378		NC_089035.1.g3398, NC_089046.1.g38913	5	1	
OG0002624	NC_089035.1.g3767, NC_089046.1.g39092	NC_089035.1.g3759, NC_089046.1.g38955	NC_089035.1.g3759, NC_089046.1.g38849	NC_089035.1.g3700, NC_089046.1.g38549		NC_089035.1.g3803, NC_089046.1.g39505	NC_089035.1.g3728, NC_089046.1.g38812		5	1	
OG0002633	NC_089036.1.g6443, NC_089040.1.g21804, NC_089040.1.g21817		NC_089036.1.g6434, NC_089040.1.g21699, NC_089040.1.g21710		NC_089036.1.g6426, NC_089040.1.g21765, NC_089040.1.g21776			NC_089036.1.g6445, NC_089040.1.g21707, NC_089040.1.g21720	3	1	
OG0002634	NC_089036.1.g6452, NC_089036.1.g6453		NC_089036.1.g6446, NC_089036.1.g6447	NC_089036.1.g6385, NC_089036.1.g6386	NC_089036.1.g6435, NC_089036.1.g6436	NC_089036.1.g6527, NC_089036.1.g6528	NC_089036.1.g6402, NC_089036.1.g6403		5	1	
OG0002635	NC_089036.1.g6463, NC_089037.1.g11747, NC_089038.1.g14732	NC_089036.1.g6443, NC_089037.1.g11697			NC_089036.1.g6445, NC_089037.1.g11713, NC_089038.1.g14666	NC_089036.1.g6539, NC_089037.1.g11824		NC_089036.1.g6464, NC_089037.1.g11758	4	1	
OG0002653	NC_089037.1.g11743, NC_089038.1.g14694, NC_089042.1.g28287, NC_089044.1.g32273, NC_089044.1.g32779	NC_089044.1.g32657		NC_089038.1.g14560, NC_089044.1.g31843				NC_089037.1.g11754, NC_089038.1.g14693, NC_089043.1.g30263, NC_089044.1.g32224	3	1	
OG0002660	NC_089037.1.g12711, NC_089038.1.g17231, NC_089041.1.g24670, NC_089046.1.g39706		NC_089037.1.g12671, NC_089038.1.g17143, NC_089041.1.g24522, NC_089046.1.g39463	NC_089037.1.g12595, NC_089038.1.g17076, NC_089041.1.g24357, NC_089046.1.g39151					2	1	
OG0002666	NC_089038.1.g14506, NC_089039.1.g19195, NC_089040.1.g23488		NC_089038.1.g14438, NC_089042.1.g28330		NC_089035.1.g1823, NC_089036.1.g7434, NC_089039.1.g19136, NC_089040.1.g22382, NC_089040.1.g23447, NC_089042.1.g28439		NC_089039.1.g19123		3	1	
OG0002671	NC_089038.1.g15317, NC_089041.1.g25351			NC_089038.1.g15192, NC_089041.1.g25037, NC_089041.1.g25300	NC_089041.1.g25305, NC_089041.1.g25576	NC_089041.1.g25521	NC_089041.1.g25418	NC_089038.1.g15288, NC_089041.1.g25222, NC_089041.1.g25498	5	1	
OG0002677	NC_089039.1.g18398, NC_089039.1.g18399			NC_089039.1.g18236, NC_089039.1.g18237	NC_089039.1.g18355, NC_089039.1.g18356	NC_089039.1.g18544, NC_089039.1.g18545	NC_089039.1.g18330, NC_089039.1.g18331	NC_089039.1.g18353, NC_089039.1.g18354	5	1	
OG0002678	NC_089039.1.g18480, NC_089043.1.g31176	NC_089039.1.g18311, NC_089043.1.g31015	NC_089039.1.g18379, NC_089043.1.g30979		NC_089039.1.g18435, NC_089043.1.g31117	NC_089039.1.g18632, NC_089043.1.g31436		NC_089039.1.g18435, NC_089043.1.g31089	5	1	
OG0002680	NC_089039.1.g18621, NC_089039.1.g18624			NC_089039.1.g18453, NC_089039.1.g18456	NC_089039.1.g18575, NC_089039.1.g18578	NC_089039.1.g18771, NC_089039.1.g18774	NC_089039.1.g18552, NC_089039.1.g18555	NC_089039.1.g18581, NC_089039.1.g18584	5	1	
OG0002692	NC_089040.1.g21085	NC_089039.1.g17908, NC_089039.1.g17909, NC_089039.1.g19770, NC_089043.1.g30230, NC_089046.1.g37887	NC_089038.1.g15069, NC_089043.1.g30219		NC_089039.1.g17746, NC_089040.1.g21057	NC_089038.1.g15274		NC_089039.1.g17761	5	1	
OG0002709	NC_089040.1.g23922, NC_089040.1.g23935, NC_089040.1.g23946		NC_089036.1.g7095, NC_089040.1.g23798, NC_089040.1.g23808, NC_089040.1.g23816		NC_089040.1.g23880, NC_089040.1.g23888, NC_089040.1.g23893			NC_089040.1.g23804, NC_089040.1.g23819	3	1	
OG0002718	NC_089041.1.g26889	NC_089041.1.g26741			NC_089036.1.g6151, NC_089041.1.g26838, NC_089045.1.g37255	NC_089041.1.g27085	NC_089036.1.g6110, NC_089036.1.g6160, NC_089036.1.g6311, NC_089041.1.g26703, NC_089045.1.g36982	NC_089041.1.g26785	5	1	
OG0002721	NC_089042.1.g27914, NC_089042.1.g27922	NC_089042.1.g27748, NC_089042.1.g27758	NC_089042.1.g27771, NC_089042.1.g27779	NC_089042.1.g27568, NC_089042.1.g27578	NC_089042.1.g27865, NC_089042.1.g27872	NC_089042.1.g28115, NC_089042.1.g28123			5	1	
OG0002722	NC_089042.1.g27924, NC_089042.1.g27927			NC_089042.1.g27581, NC_089042.1.g27584	NC_089042.1.g27874, NC_089042.1.g27876	NC_089042.1.g28125, NC_089042.1.g28128	NC_089042.1.g27752, NC_089042.1.g27755	NC_089042.1.g27832, NC_089042.1.g27834	5	1	
OG0002723	NC_089042.1.g28827, NC_089043.1.g30799	NC_089042.1.g28661, NC_089043.1.g30663	NC_089042.1.g28676, NC_089043.1.g30627		NC_089042.1.g28766, NC_089043.1.g30752		NC_089042.1.g28622, NC_089043.1.g30549	NC_089042.1.g28739, NC_089043.1.g30738	5	1	
OG0002727	NC_089042.1.g29831, NC_089042.1.g29851	NC_089042.1.g29684, NC_089042.1.g29703	NC_089042.1.g29702, NC_089042.1.g29714	NC_089042.1.g29408, NC_089042.1.g29428		NC_089042.1.g30048, NC_089042.1.g30068		NC_089042.1.g29764, NC_089042.1.g29783	5	1	
OG0002728	NC_089042.1.g29849, NC_089042.1.g29850	NC_089042.1.g29701, NC_089042.1.g29702	NC_089042.1.g29712, NC_089042.1.g29713	NC_089042.1.g29426, NC_089042.1.g29427		NC_089042.1.g30066, NC_089042.1.g30067		NC_089042.1.g29781, NC_089042.1.g29782	5	1	
OG0002734	NC_089043.1.g30707	NC_089043.1.g30572, NC_089043.1.g30583	NC_089043.1.g30518, NC_089043.1.g30548	NC_089043.1.g30296, NC_089043.1.g30298, NC_089043.1.g30302, NC_089043.1.g30303	NC_089043.1.g30663, NC_089043.1.g30669	NC_089043.1.g30981			5	1	
OG0002736	NC_089043.1.g31230, NC_089044.1.g32682		NC_089043.1.g31037, NC_089044.1.g32501	NC_089043.1.g30784, NC_089044.1.g32232		NC_089043.1.g31491, NC_089044.1.g32979	NC_089044.1.g32442, NC_089046.1.g38005	NC_089043.1.g31148, NC_089044.1.g32636	5	1	
OG0002737	NC_089043.1.g31231, NC_089044.1.g32683		NC_089043.1.g31038, NC_089044.1.g32502	NC_089043.1.g30785, NC_089044.1.g32233		NC_089043.1.g31492, NC_089044.1.g32980	NC_089043.1.g30972, NC_089044.1.g32443	NC_089043.1.g31149, NC_089044.1.g32637	5	1	
OG0002743	NC_089044.1.g32950, NC_089045.1.g35480	NC_089045.1.g35345	NC_089036.1.g6544, NC_089041.1.g25398, NC_089044.1.g32780, NC_089045.1.g35271, NC_089046.1.g37887, NC_089046.1.g38411		NC_089036.1.g6540, NC_089045.1.g35504			NC_089045.1.g35481	4	1	
OG0002747	NC_089044.1.g33555, NC_089044.1.g33556			NC_089044.1.g33134, NC_089044.1.g33135	NC_089044.1.g33581, NC_089044.1.g33582	NC_089044.1.g33894, NC_089044.1.g33895	NC_089044.1.g33334, NC_089044.1.g33335	NC_089044.1.g33548, NC_089044.1.g33549	5	1	
OG0002750	NC_089044.1.g34157, NC_089044.1.g34158	NC_089044.1.g34017, NC_089044.1.g34018		NC_089044.1.g33717, NC_089044.1.g33718		NC_089044.1.g34495, NC_089044.1.g34496	NC_089044.1.g33938, NC_089044.1.g33939	NC_089044.1.g34145, NC_089044.1.g34146	5	1	
OG0002752	NC_089045.1.g34484	NC_089036.1.g7280, NC_089040.1.g21726	NC_089036.1.g7280, NC_089040.1.g21779, NC_089045.1.g34265	NC_089036.1.g7236, NC_089040.1.g21668, NC_089045.1.g34039				NC_089036.1.g7318, NC_089040.1.g21790, NC_089045.1.g34472	4	1	
OG0002756	NC_089045.1.g34716, NC_089046.1.g37505	NC_089045.1.g34563, NC_089046.1.g37332	NC_089045.1.g34485, NC_089046.1.g37262	NC_089045.1.g34260, NC_089046.1.g36966	NC_089045.1.g34721, NC_089046.1.g37513	NC_089045.1.g35045, NC_089046.1.g37861			5	1	
OG0002763	NC_089045.1.g35596, NC_089045.1.g35602	NC_089045.1.g35454, NC_089045.1.g35459	NC_089045.1.g35384, NC_089045.1.g35390		NC_089045.1.g35618, NC_089045.1.g35624	NC_089045.1.g35947, NC_089045.1.g35952		NC_089045.1.g35596, NC_089045.1.g35601	5	1	
OG0002771	NC_089045.1.g37267, NC_089045.1.g37268		NC_089045.1.g37031, NC_089045.1.g37032	NC_089045.1.g36734, NC_089045.1.g36735	NC_089045.1.g37281, NC_089045.1.g37282	NC_089045.1.g37628, NC_089045.1.g37629		NC_089045.1.g37207, NC_089045.1.g37208	5	1	
OG0002774	NC_089046.1.g39045, NC_089046.1.g39049	NC_089046.1.g38909, NC_089046.1.g38911	NC_089046.1.g38804, NC_089046.1.g38806	NC_089046.1.g38505, NC_089046.1.g38507	NC_089046.1.g39099, NC_089046.1.g39102			NC_089046.1.g38993, NC_089046.1.g38996	5	1	
OG0002788		NC_089043.1.g30506, NC_089044.1.g32155, NC_089044.1.g32156, NC_089046.1.g38461			NC_089046.1.g38653	NC_089043.1.g30913, NC_089044.1.g32595, NC_089044.1.g32596	NC_089043.1.g30407	NC_089043.1.g30594, NC_089044.1.g32272, NC_089044.1.g32273	5	0	
OG0002792		NC_011033.1.g39597, NC_011033.1.g39599, NC_089046.1.g38841	NC_011033.1.g39487, NC_011033.1.g39490, NC_089046.1.g38745			NC_011033.1.g40143, NC_011033.1.g40145, NC_089046.1.g39388	NC_011033.1.g39445, NC_011033.1.g39448, NC_089046.1.g38700		4	0	
OG0002793			NC_089035.1.g2104, NC_089041.1.g26692, NC_089045.1.g35726	NC_089039.1.g18230	NC_089035.1.g1310, NC_089041.1.g26801, NC_089045.1.g35972	NC_089039.1.g18538, NC_089045.1.g36314	NC_089035.1.g1304, NC_089040.1.g21979, NC_089041.1.g26657		5	0	
OG0002794			NC_089035.1.g4544, NC_089040.1.g20878	NC_089035.1.g2538, NC_089035.1.g4468, NC_089036.1.g8350, NC_089040.1.g20800		NC_089035.1.g2594, NC_089035.1.g4580, NC_089036.1.g8513, NC_089040.1.g21147		NC_089035.1.g4510, NC_089040.1.g20892	4	0	
OG0002795			NC_089036.1.g5911, NC_089045.1.g36443		NC_089036.1.g5900, NC_089040.1.g22930, NC_089045.1.g36698	NC_089036.1.g5960, NC_089045.1.g37020	NC_089036.1.g5863, NC_089040.1.g22813, NC_089045.1.g36406	NC_089036.1.g5907, NC_089045.1.g36621	5	0	
OG0002796			NC_089039.1.g19430, NC_089041.1.g24240, NC_089045.1.g36648	NC_089039.1.g19353, NC_089041.1.g24063, NC_089045.1.g36378		NC_089039.1.g19695, NC_089041.1.g24534, NC_089045.1.g37235	NC_089039.1.g19451, NC_089041.1.g24188, NC_089045.1.g36624		4	0	
OG0002797						NC_089035.1.g4074, NC_089035.1.g4075, NC_089039.1.g20299, NC_089039.1.g20300, NC_089041.1.g26655, NC_089043.1.g31817, NC_089046.1.g38210		NC_089035.1.g3994, NC_089035.1.g3995, NC_089037.1.g9729, NC_089041.1.g26355, NC_089043.1.g31473	2	0	
OG0002806	NC_089035.1.g2258, NC_089035.1.g603, NC_089036.1.g6951, NC_089036.1.g8473, NC_089037.1.g12563, NC_089039.1.g19253, NC_089041.1.g24791, NC_089042.1.g29553, NC_089043.1.g30222		NC_089035.1.g2222		NC_089035.1.g2227				2	1	
OG0002814	NC_089035.1.g1792, NC_089038.1.g15330	NC_089035.1.g1769, NC_089038.1.g15222	NC_089035.1.g1757	NC_089035.1.g1757, NC_089038.1.g15206			NC_089035.1.g1737, NC_089038.1.g15275	NC_089035.1.g1750, NC_089038.1.g15300	5	1	
OG0002826	NC_089035.1.g3345, NC_089037.1.g10722, NC_089037.1.g11687, NC_089038.1.g16619, NC_089039.1.g18749, NC_089040.1.g22418, NC_089040.1.g22485, NC_089041.1.g25522, NC_089043.1.g30049			NC_089043.1.g29618		NC_089043.1.g30270			2	1	
OG0002832	NC_089035.1.g4503, NC_089042.1.g27925	NC_089042.1.g27760, NC_089042.1.g27761, NC_089046.1.g37291					NC_089035.1.g1184, NC_089035.1.g4455, NC_089042.1.g27753, NC_089045.1.g35609, NC_089046.1.g37189, NC_089046.1.g37740		2	1	
OG0002837	NC_089036.1.g5741, NC_089037.1.g12909	NC_089036.1.g5735, NC_089037.1.g12829	NC_089036.1.g5747, NC_089037.1.g12865	NC_089036.1.g5683, NC_089037.1.g12795		NC_089036.1.g5797, NC_089037.1.g13000		NC_089036.1.g5741	5	1	
OG0002844	NC_089036.1.g6916, NC_089036.1.g6918	NC_089036.1.g6886, NC_089036.1.g6889		NC_089036.1.g6838, NC_089036.1.g6839	NC_089036.1.g6899, NC_089036.1.g6902		NC_089036.1.g6864, NC_089036.1.g6865	NC_089036.1.g6922	5	1	
OG0002847	NC_089036.1.g7267	NC_089036.1.g7228, NC_089042.1.g28087, NC_089043.1.g30779	NC_089036.1.g7221, NC_089042.1.g28107, NC_089043.1.g30747	NC_089042.1.g27880			NC_089036.1.g7214, NC_089042.1.g28066, NC_089043.1.g30669		4	1	
OG0002848	NC_089036.1.g7670					NC_089040.1.g21801	NC_089037.1.g11519, NC_089038.1.g16250, NC_089039.1.g19800, NC_089040.1.g21273, NC_089040.1.g21518, NC_089040.1.g21527, NC_089040.1.g22867, NC_089043.1.g30570, NC_089043.1.g31367		2	1	
OG0002850	NC_089036.1.g7769, NC_089036.1.g7774, NC_089036.1.g7779	NC_089036.1.g7741	NC_089036.1.g7733	NC_089036.1.g7688, NC_089036.1.g7692, NC_089036.1.g7696			NC_089036.1.g7737, NC_089036.1.g7742, NC_089036.1.g7747		4	1	
OG0002858	NC_089036.1.g8879, NC_089044.1.g34359			NC_089036.1.g8098, NC_089036.1.g8800, NC_089043.1.g29669	NC_089036.1.g8159, NC_089040.1.g20814	NC_089035.1.g1957, NC_089036.1.g8963, NC_089041.1.g26212		NC_089046.1.g38475	4	1	
OG0002867	NC_089037.1.g11114, NC_089041.1.g25989, NC_089045.1.g36494	NC_089037.1.g11421	NC_089037.1.g11058	NC_089041.1.g25642, NC_089043.1.g31257		NC_089037.1.g10722, NC_089037.1.g11193, NC_089037.1.g11544, NC_089037.1.g11545			4	1	
OG0002874	NC_089037.1.g11798, NC_089042.1.g27900	NC_089037.1.g11744, NC_089042.1.g27735	NC_089037.1.g11752, NC_089042.1.g27759	NC_089042.1.g27554			NC_089037.1.g11735, NC_089042.1.g27731	NC_089037.1.g11805, NC_089042.1.g27807	5	1	
OG0002878	NC_089037.1.g12327, NC_089040.1.g23623	NC_089037.1.g12253	NC_089037.1.g12286, NC_089040.1.g22397, NC_089040.1.g23503, NC_089046.1.g38124			NC_089037.1.g12422, NC_089040.1.g22682, NC_089040.1.g22683, NC_089040.1.g23806			3	1	
OG0002880	NC_089037.1.g12781, NC_089045.1.g36133, NC_089046.1.g39373	NC_089037.1.g12708, NC_089045.1.g35981		NC_089037.1.g12668, NC_089045.1.g35675, NC_089046.1.g38827				NC_089037.1.g12790, NC_089039.1.g20342, NC_089045.1.g36113	3	1	
OG0002884	NC_089038.1.g14281, NC_089038.1.g14283	NC_089038.1.g14173, NC_089038.1.g14177	NC_089038.1.g14217		NC_089038.1.g14213, NC_089038.1.g14216		NC_089038.1.g14212, NC_089038.1.g14214	NC_089038.1.g14271, NC_089038.1.g14273	5	1	
OG0002891	NC_089038.1.g15034	NC_089036.1.g6358				NC_089038.1.g15149, NC_089040.1.g22451, NC_089040.1.g22452, NC_089041.1.g25731, NC_089045.1.g36107		NC_089038.1.g15028, NC_089041.1.g25433, NC_089042.1.g28030, NC_089045.1.g35749	3	1	
OG0002892	NC_089038.1.g15176, NC_089038.1.g15179, NC_089038.1.g15185, NC_089038.1.g15186, NC_089038.1.g15192		NC_089038.1.g15098	NC_089038.1.g15044	NC_089038.1.g15130	NC_089038.1.g15305		NC_089038.1.g15159, NC_089038.1.g15169	5	1	
OG0002893	NC_089038.1.g15541	NC_089038.1.g15433, NC_089040.1.g22014			NC_089038.1.g15493, NC_089040.1.g22144, NC_089040.1.g22148	NC_089040.1.g22345, NC_089040.1.g22350	NC_089038.1.g15480	NC_089038.1.g15506, NC_089040.1.g22074	5	1	
OG0002899	NC_089039.1.g17786, NC_089039.1.g20698	NC_089039.1.g17620, NC_089039.1.g20560	NC_089039.1.g17692, NC_089039.1.g20603		NC_089039.1.g20663	NC_089039.1.g17934, NC_089039.1.g20865		NC_089039.1.g17735, NC_089039.1.g20621	5	1	
OG0002910	NC_089039.1.g20594	NC_089035.1.g3645, NC_089039.1.g20453	NC_089035.1.g3644, NC_089038.1.g14098, NC_089039.1.g20498		NC_089040.1.g23546	NC_089035.1.g3683, NC_089038.1.g14255, NC_089039.1.g20765		NC_089040.1.g23468	5	1	
OG0002932	NC_089041.1.g24330	NC_089041.1.g24154, NC_089041.1.g24156	NC_089041.1.g24184, NC_089041.1.g24186	NC_089041.1.g24003, NC_089041.1.g24005	NC_089041.1.g24274, NC_089041.1.g24276	NC_089041.1.g24478, NC_089041.1.g24480			5	1	
OG0002940	NC_089041.1.g26858, NC_089041.1.g26860	NC_089041.1.g26713		NC_089041.1.g26499, NC_089041.1.g26501		NC_089041.1.g27052, NC_089041.1.g27054	NC_089041.1.g26673, NC_089041.1.g26675	NC_089041.1.g26755, NC_089041.1.g26757	5	1	
OG0002941	NC_089041.1.g27072, NC_089042.1.g27179		NC_089042.1.g27019	NC_089041.1.g26710	NC_089039.1.g19148, NC_089041.1.g27013, NC_089042.1.g27117	NC_089041.1.g27264		NC_089039.1.g19140, NC_089041.1.g26962, NC_089042.1.g27069	5	1	
OG0002954	NC_089042.1.g29547, NC_089042.1.g29548	NC_089042.1.g29388, NC_089042.1.g29389		NC_089042.1.g29120, NC_089042.1.g29121	NC_089042.1.g29496, NC_089042.1.g29497	NC_089042.1.g29752, NC_089042.1.g29753	NC_089042.1.g29333		5	1	
OG0003000	NC_089045.1.g36536, NC_089045.1.g36571	NC_089045.1.g36419		NC_089045.1.g36068, NC_089045.1.g36100	NC_089044.1.g33812, NC_089045.1.g36582	NC_089045.1.g36903, NC_089045.1.g36937	NC_089045.1.g36274, NC_089045.1.g36310		5	1	
OG0003004	NC_089046.1.g37546	NC_089045.1.g34596, NC_089046.1.g37379	NC_089045.1.g34518, NC_089046.1.g37308		NC_089045.1.g34754, NC_089046.1.g37559		NC_089045.1.g34510, NC_089046.1.g37278	NC_089045.1.g34721, NC_089046.1.g37484	5	1	
OG0003009	NC_089046.1.g38441	NC_089035.1.g4238, NC_089046.1.g38290, NC_089046.1.g38458		NC_089035.1.g4186, NC_089046.1.g37898	NC_089046.1.g38466	NC_089046.1.g38821		NC_089035.1.g4214, NC_089046.1.g38366, NC_089046.1.g38537	5	1	
OG0003010	NC_089046.1.g38492		NC_089044.1.g32603, NC_089046.1.g38249	NC_089044.1.g32342, NC_089046.1.g37948	NC_089044.1.g32787, NC_089046.1.g38528		NC_089044.1.g32547, NC_089046.1.g38207	NC_089044.1.g32741, NC_089046.1.g38422	5	1	
OG0003019		NC_089035.1.g2127, NC_089036.1.g7889			NC_089035.1.g2116, NC_089036.1.g7895	NC_089035.1.g2162, NC_089035.1.g3617, NC_089036.1.g7990	NC_089035.1.g2107, NC_089036.1.g7893	NC_089035.1.g2102, NC_089036.1.g7918	5	0	
OG0003020		NC_089035.1.g2316, NC_089039.1.g20315, NC_089042.1.g28278	NC_089035.1.g2307, NC_089042.1.g28292	NC_089035.1.g2302, NC_089042.1.g28048		NC_089035.1.g2358, NC_089042.1.g28636		NC_089035.1.g2292, NC_089042.1.g28355	5	0	
OG0003022		NC_089036.1.g5515, NC_089041.1.g24642	NC_089036.1.g5517, NC_089041.1.g24671	NC_089036.1.g5452, NC_089041.1.g24506		NC_089036.1.g5579, NC_089041.1.g24973, NC_089042.1.g28813	NC_089036.1.g5476, NC_089041.1.g24630		5	0	
OG0003037			NC_089038.1.g14283, NC_089038.1.g16607, NC_089044.1.g33030		NC_089035.1.g3917, NC_089037.1.g11192, NC_089038.1.g14286	NC_089038.1.g14454, NC_089038.1.g16837, NC_089044.1.g33522		NC_089038.1.g14343, NC_089044.1.g33177	4	0	
OG0003038					NC_089035.1.g4599, NC_089039.1.g18373, NC_089042.1.g28558, NC_089045.1.g35636	NC_089042.1.g28789, NC_089045.1.g35963	NC_089035.1.g4578, NC_089039.1.g18348, NC_089042.1.g28338, NC_089042.1.g28397, NC_089045.1.g35380		3	0	
OG0003039						NC_089039.1.g18469		NC_089039.1.g18268, NC_089039.1.g18269, NC_089039.1.g18270, NC_089039.1.g18271, NC_089044.1.g32505, NC_089044.1.g32549, NC_089044.1.g32550, NC_089044.1.g32590, NC_089044.1.g32591, NC_089044.1.g32634	2	0	
OG0003042	NC_089035.1.g105, NC_089035.1.g108	NC_089035.1.g106	NC_089035.1.g106		NC_089035.1.g100, NC_089035.1.g102	NC_089035.1.g109, NC_089035.1.g112		NC_089035.1.g105, NC_089041.1.g25152	5	1	
OG0003048	NC_089035.1.g790, NC_089044.1.g33303		NC_089035.1.g762, NC_089043.1.g30477		NC_089035.1.g766, NC_089043.1.g30587	NC_089035.1.g802, NC_089044.1.g33631		NC_089035.1.g773, NC_089043.1.g30575	4	1	
OG0003057	NC_089035.1.g2215, NC_089037.1.g11054, NC_089046.1.g38762	NC_089035.1.g2193, NC_089037.1.g11005			NC_089037.1.g11019, NC_089046.1.g38811	NC_089037.1.g11138	NC_089037.1.g11013	NC_089037.1.g11057	5	1	
OG0003090	NC_089036.1.g6097, NC_089041.1.g24922	NC_089041.1.g24739	NC_089036.1.g6103, NC_089041.1.g24764		NC_089036.1.g6088, NC_089041.1.g24868	NC_089036.1.g6156, NC_089041.1.g25068		NC_089041.1.g24776	5	1	
OG0003093	NC_089036.1.g6818, NC_089036.1.g7146	NC_089037.1.g11860, NC_089042.1.g28190	NC_089038.1.g14827, NC_089040.1.g22956	NC_089035.1.g1877, NC_089044.1.g32641, NC_089046.1.g37432	NC_089044.1.g33081				4	1	
OG0003094	NC_089036.1.g6873, NC_089042.1.g27696, NC_089044.1.g32669, NC_089045.1.g36702	NC_089045.1.g36552	NC_089044.1.g32486	NC_089045.1.g36222	NC_089044.1.g32663			NC_089044.1.g32623, NC_089045.1.g36661	5	1	
OG0003099	NC_089036.1.g7096	NC_089042.1.g28428, NC_089043.1.g32043	NC_089041.1.g24006, NC_089042.1.g28450, NC_089043.1.g32021	NC_089036.1.g7009	NC_089043.1.g32171	NC_089036.1.g7160, NC_089042.1.g28783			5	1	
OG0003105	NC_089036.1.g8027, NC_089038.1.g16262, NC_089038.1.g16264				NC_089036.1.g8002, NC_089038.1.g16214, NC_089038.1.g16216			NC_089035.1.g4146, NC_089036.1.g8029, NC_089038.1.g16220, NC_089038.1.g16222	2	1	
OG0003106	NC_089036.1.g8147, NC_089038.1.g14358, NC_089043.1.g31159	NC_089036.1.g8118, NC_089041.1.g26540, NC_089046.1.g37877			NC_089046.1.g38075	NC_089038.1.g14459	NC_089036.1.g8122	NC_089046.1.g37990	5	1	
OG0003107	NC_089036.1.g8324, NC_089039.1.g17867, NC_089045.1.g37002	NC_089045.1.g36853		NC_089036.1.g8235, NC_089039.1.g17721, NC_089045.1.g36512	NC_089045.1.g37029	NC_089036.1.g8401, NC_089045.1.g37372			4	1	
OG0003118	NC_089037.1.g11006, NC_089044.1.g33903	NC_089036.1.g9153, NC_089044.1.g33766, NC_089044.1.g34124	NC_089044.1.g33685			NC_089044.1.g34598	NC_089044.1.g34043	NC_089044.1.g33883, NC_089044.1.g34253	5	1	
OG0003122	NC_089037.1.g11217, NC_089041.1.g27031	NC_089037.1.g11158, NC_089041.1.g26873	NC_089037.1.g11153, NC_089041.1.g26879			NC_089037.1.g11289		NC_089041.1.g26923, NC_089041.1.g26926, NC_089041.1.g26928	4	1	
OG0003124	NC_089037.1.g11612, NC_089039.1.g18868, NC_089040.1.g23040, NC_089041.1.g25629	NC_089039.1.g18689, NC_089040.1.g22874	NC_089040.1.g22930		NC_089040.1.g23011	NC_089037.1.g11696		NC_089040.1.g22934	5	1	
OG0003125	NC_089037.1.g11623	NC_089037.1.g11584	NC_089037.1.g11586, NC_089044.1.g33816		NC_089037.1.g11598, NC_089044.1.g34056		NC_089037.1.g11580, NC_089044.1.g33817	NC_089037.1.g11642, NC_089044.1.g34024	5	1	
OG0003128	NC_089037.1.g12153, NC_089039.1.g17756, NC_089039.1.g18646, NC_089041.1.g27159, NC_089043.1.g32206, NC_089046.1.g39348				NC_089041.1.g27097		NC_089035.1.g3562	NC_089035.1.g1029, NC_089035.1.g3562	3	1	
OG0003132	NC_089037.1.g12445, NC_089039.1.g19879	NC_089037.1.g12369, NC_089039.1.g19726	NC_089037.1.g12399, NC_089039.1.g19777	NC_089037.1.g12330, NC_089039.1.g19706			NC_089037.1.g12370, NC_089039.1.g19782		4	1	
OG0003146	NC_089038.1.g14305	NC_089038.1.g14206, NC_089038.1.g14215	NC_089038.1.g14233, NC_089038.1.g14244	NC_089038.1.g14171, NC_089038.1.g14177		NC_089038.1.g14399		NC_089038.1.g14298, NC_089038.1.g14306	5	1	
OG0003150	NC_089038.1.g14859, NC_089040.1.g22428, NC_089045.1.g36427	NC_089039.1.g18018, NC_089039.1.g19500		NC_089038.1.g14701, NC_089038.1.g14724	NC_089037.1.g11976			NC_089042.1.g28716, NC_089044.1.g33282	4	1	
OG0003153	NC_089038.1.g14951, NC_089038.1.g14984	NC_089038.1.g14853, NC_089038.1.g14885	NC_089038.1.g14905	NC_089038.1.g14849	NC_089038.1.g14896, NC_089038.1.g14927	NC_089038.1.g15068, NC_089038.1.g15098			5	1	
OG0003164	NC_089038.1.g16259	NC_089038.1.g16151, NC_089041.1.g24852, NC_089043.1.g30317	NC_089035.1.g1683, NC_089041.1.g24868, NC_089043.1.g30298		NC_089043.1.g30401	NC_089036.1.g7662		NC_089038.1.g16217	5	1	
OG0003166	NC_089038.1.g16715, NC_089040.1.g21637, NC_089044.1.g34374	NC_089038.1.g16578, NC_089040.1.g21477			NC_089038.1.g16654	NC_089038.1.g16847, NC_089044.1.g34716		NC_089038.1.g16659, NC_089040.1.g21534	4	1	
OG0003177	NC_089039.1.g18600, NC_089042.1.g29175		NC_089042.1.g29017	NC_089042.1.g28742	NC_089036.1.g6764, NC_089040.1.g21756, NC_089041.1.g23988, NC_089042.1.g29110, NC_089044.1.g33571		NC_089042.1.g28956		4	1	
OG0003178	NC_089039.1.g18914, NC_089041.1.g24180	NC_089039.1.g18738, NC_089041.1.g24011				NC_089039.1.g19064, NC_089039.1.g19065, NC_089041.1.g24341	NC_089039.1.g18833	NC_089039.1.g18856, NC_089041.1.g24051	4	1	
OG0003184	NC_089039.1.g19828, NC_089039.1.g19835	NC_089039.1.g19673, NC_089039.1.g19680	NC_089039.1.g19725, NC_089039.1.g19732	NC_089039.1.g19663	NC_089039.1.g19780, NC_089039.1.g19787	NC_089039.1.g20009			5	1	
OG0003196	NC_089040.1.g21335, NC_089045.1.g36964	NC_089045.1.g36814	NC_089040.1.g21231, NC_089045.1.g36738		NC_089040.1.g21297, NC_089045.1.g36991	NC_089045.1.g37327		NC_089040.1.g21249, NC_089045.1.g36919	5	1	
OG0003203	NC_089040.1.g22427	NC_089040.1.g22267, NC_089043.1.g30786	NC_089040.1.g22305, NC_089043.1.g30755, NC_089046.1.g37991		NC_089046.1.g38246	NC_089043.1.g31188	NC_089038.1.g14651, NC_089046.1.g37958		5	1	
OG0003205	NC_089040.1.g22479, NC_089040.1.g23057	NC_089040.1.g22886	NC_089040.1.g22359, NC_089040.1.g22943	NC_089035.1.g2013, NC_089040.1.g22760	NC_089044.1.g33128	NC_089040.1.g22643, NC_089040.1.g23231			5	1	
OG0003208	NC_089040.1.g22955, NC_089045.1.g35239	NC_089040.1.g22789, NC_089045.1.g35090		NC_089040.1.g22663, NC_089045.1.g34793	NC_089040.1.g22913, NC_089045.1.g35246			NC_089040.1.g22838, NC_089045.1.g35226	4	1	
OG0003214	NC_089041.1.g24216, NC_089041.1.g24217	NC_089041.1.g24047, NC_089041.1.g24048	NC_089041.1.g24082	NC_089041.1.g23901	NC_089041.1.g24163, NC_089041.1.g24164			NC_089041.1.g24089, NC_089041.1.g24090	5	1	
OG0003215	NC_089041.1.g24402, NC_089041.1.g24405, NC_089041.1.g24408, NC_089041.1.g24412		NC_089041.1.g24255, NC_089041.1.g24259, NC_089041.1.g24263, NC_089041.1.g24267			NC_089041.1.g24549		NC_089041.1.g24257	3	1	
OG0003217	NC_089041.1.g24613, NC_089044.1.g32507, NC_089046.1.g37452	NC_089044.1.g32369		NC_089041.1.g24300	NC_089041.1.g24569, NC_089044.1.g32490, NC_089044.1.g32491	NC_089044.1.g32792	NC_089041.1.g24426		5	1	
OG0003227	NC_089041.1.g25286, NC_089042.1.g28805, NC_089044.1.g32801, NC_089046.1.g38814	NC_089038.1.g14098, NC_089042.1.g28640					NC_089041.1.g25092, NC_089042.1.g28020, NC_089042.1.g28598, NC_089044.1.g32565		2	1	
OG0003243	NC_089042.1.g27848			NC_089040.1.g23228, NC_089042.1.g27503	NC_089040.1.g22758, NC_089042.1.g27800	NC_089040.1.g22971, NC_089042.1.g28051	NC_089040.1.g22634	NC_089040.1.g22677, NC_089045.1.g35507	5	1	
OG0003244	NC_089042.1.g27906, NC_089042.1.g27916			NC_089042.1.g27559, NC_089042.1.g27571	NC_089042.1.g27856, NC_089042.1.g27867	NC_089042.1.g28108, NC_089042.1.g28117	NC_089042.1.g27735, NC_089042.1.g27744		4	1	
OG0003248	NC_089042.1.g28368		NC_089042.1.g28207, NC_089042.1.g28208, NC_089042.1.g28213			NC_089042.1.g28552, NC_089042.1.g28553, NC_089042.1.g28554		NC_089042.1.g28271, NC_089042.1.g28272, NC_089042.1.g28274	3	1	
OG0003259	NC_089043.1.g30362, NC_089043.1.g30370	NC_089043.1.g30217, NC_089043.1.g30218	NC_089043.1.g30211	NC_089043.1.g29947, NC_089043.1.g29955		NC_089043.1.g30610, NC_089043.1.g30618	NC_089043.1.g30138		5	1	
OG0003264	NC_089043.1.g31535, NC_089043.1.g31537, NC_089043.1.g31539, NC_089043.1.g31541	NC_089043.1.g31368, NC_089043.1.g31371				NC_089043.1.g31799, NC_089043.1.g31801, NC_089043.1.g31803, NC_089043.1.g31805			2	1	
OG0003266	NC_089043.1.g31990, NC_089043.1.g31998			NC_089043.1.g31555, NC_089043.1.g31563	NC_089043.1.g31945, NC_089043.1.g31953	NC_089043.1.g32264, NC_089043.1.g32272		NC_089043.1.g31925, NC_089043.1.g31933	4	1	
OG0003277	NC_089044.1.g33570, NC_089044.1.g33571			NC_089044.1.g33147	NC_089044.1.g33594, NC_089044.1.g33595	NC_089044.1.g33908	NC_089044.1.g33348, NC_089044.1.g33349	NC_089044.1.g33562, NC_089044.1.g33563	5	1	
OG0003283	NC_089045.1.g34759, NC_089045.1.g34763	NC_089045.1.g34612	NC_089045.1.g34531, NC_089045.1.g34534	NC_089045.1.g34305, NC_089045.1.g34309	NC_089045.1.g34767	NC_089045.1.g35089, NC_089045.1.g35094			5	1	
OG0003286	NC_089045.1.g35612, NC_089046.1.g38105, NC_089046.1.g38147	NC_089046.1.g37944, NC_089046.1.g37984	NC_089046.1.g37870, NC_089046.1.g37912		NC_089046.1.g38129	NC_089046.1.g38483, NC_089046.1.g38524			4	1	
OG0003300	NC_089045.1.g36599	NC_089045.1.g36444, NC_089045.1.g36448	NC_089045.1.g36373, NC_089045.1.g36376, NC_089045.1.g36377, NC_089045.1.g36378				NC_089045.1.g36339	NC_089045.1.g36556, NC_089045.1.g36560	4	1	
OG0003303	NC_089045.1.g36841	NC_089045.1.g36688, NC_089045.1.g36689	NC_089045.1.g36611		NC_089045.1.g36877, NC_089045.1.g36878	NC_089045.1.g37195, NC_089045.1.g37196		NC_089045.1.g36795, NC_089045.1.g36796	5	1	
OG0003304	NC_089045.1.g36868	NC_089045.1.g36716	NC_089045.1.g36640, NC_089046.1.g38664	NC_089045.1.g36372, NC_089046.1.g38362		NC_089045.1.g37227, NC_089046.1.g39304		NC_089045.1.g36832, NC_089046.1.g38841	5	1	
OG0003307	NC_089045.1.g37109, NC_089045.1.g37122	NC_089045.1.g36945, NC_089045.1.g36953	NC_089045.1.g36874, NC_089045.1.g36884			NC_089045.1.g37471, NC_089045.1.g37482	NC_089045.1.g36853, NC_089045.1.g36867		4	1	
OG0003326		NC_089035.1.g2909, NC_089037.1.g10588		NC_089035.1.g2883, NC_089037.1.g10537	NC_089035.1.g2910, NC_089037.1.g10596	NC_089035.1.g2950, NC_089037.1.g10716	NC_089035.1.g2899, NC_089037.1.g10596		5	0	
OG0003330		NC_089036.1.g7670, NC_089036.1.g7678		NC_089036.1.g7620, NC_089036.1.g7629	NC_089036.1.g7670, NC_089036.1.g7678		NC_089036.1.g7670, NC_089036.1.g7678	NC_089036.1.g7705, NC_089036.1.g7714	5	0	
OG0003336		NC_089039.1.g18028, NC_089043.1.g30075	NC_089041.1.g24765, NC_089043.1.g30068	NC_089039.1.g18033, NC_089041.1.g24602		NC_089039.1.g18338, NC_089041.1.g25069, NC_089043.1.g30458		NC_089043.1.g30172	5	0	
OG0003337		NC_089039.1.g18173, NC_089039.1.g18474, NC_089043.1.g29950			NC_089039.1.g18599, NC_089043.1.g30056	NC_089039.1.g18480, NC_089043.1.g30338	NC_089039.1.g18263, NC_089039.1.g18579, NC_089043.1.g29881		4	0	
OG0003339		NC_089041.1.g24644			NC_089036.1.g6872, NC_089037.1.g11788, NC_089038.1.g14105, NC_089039.1.g18701, NC_089040.1.g22384, NC_089040.1.g22386, NC_089042.1.g28726, NC_089044.1.g33036, NC_089045.1.g34657				2	0	
OG0003346		NC_089045.1.g34354, NC_089046.1.g37135		NC_089040.1.g20999	NC_089045.1.g34508	NC_089040.1.g21353, NC_089045.1.g34834, NC_089046.1.g37660	NC_089039.1.g20107, NC_089040.1.g21074, NC_089045.1.g34270		5	0	
OG0003347		NC_089045.1.g35470	NC_089045.1.g35400		NC_089040.1.g21329, NC_089045.1.g35633, NC_089045.1.g37144, NC_089046.1.g38171	NC_089045.1.g35961		NC_089045.1.g35611, NC_089046.1.g38050, NC_089046.1.g38093	5	0	
OG0003350			NC_089035.1.g3936, NC_089038.1.g16608, NC_089040.1.g22556		NC_089035.1.g3918, NC_089040.1.g22637	NC_089035.1.g3982, NC_089040.1.g22843, NC_089043.1.g31904		NC_089035.1.g3903, NC_089040.1.g22555	4	0	
OG0003352			NC_089038.1.g14164		NC_089041.1.g25823	NC_089038.1.g16372, NC_089041.1.g26038, NC_089043.1.g30484, NC_089044.1.g33724, NC_089044.1.g33727	NC_089041.1.g24883	NC_089036.1.g6592, NC_089040.1.g22301	5	0	
OG0003353			NC_089038.1.g15469, NC_089039.1.g18505, NC_089039.1.g19068, NC_089042.1.g28160		NC_089042.1.g28271		NC_089038.1.g15503, NC_089039.1.g18316, NC_089042.1.g28120	NC_089039.1.g18567, NC_089042.1.g28221	4	0	
OG0003354			NC_089039.1.g17639		NC_089038.1.g14671, NC_089038.1.g14894, NC_089039.1.g18522, NC_089040.1.g21792, NC_089042.1.g28089, NC_089045.1.g35206, NC_089045.1.g36467, NC_089045.1.g37164, NC_089046.1.g38977				2	0	
OG0003355			NC_089040.1.g22891, NC_089040.1.g22895, NC_089045.1.g36606		NC_089040.1.g22970, NC_089045.1.g36871	NC_089045.1.g37190		NC_089040.1.g22899, NC_089045.1.g36782, NC_089045.1.g36784, NC_089045.1.g36790	4	0	
OG0003357			NC_089044.1.g32216, NC_089044.1.g32217	NC_089044.1.g31974, NC_089044.1.g31975	NC_089044.1.g32385, NC_089044.1.g32386	NC_089044.1.g32677, NC_089044.1.g32678		NC_089044.1.g32354, NC_089044.1.g32355	5	0	
OG0003358				NC_089036.1.g7431, NC_089036.1.g7434, NC_089036.1.g7437, NC_089036.1.g7440		NC_089036.1.g7581, NC_089036.1.g7592		NC_089036.1.g7515, NC_089036.1.g7518, NC_089036.1.g7521, NC_089036.1.g7524	3	0	
OG0003359				NC_089043.1.g30882	NC_089038.1.g15696, NC_089038.1.g16562, NC_089043.1.g31268	NC_089038.1.g15862, NC_089043.1.g31592	NC_089038.1.g15678, NC_089038.1.g16557, NC_089043.1.g31071	NC_089038.1.g16568	5	0	
OG0003392	NC_089035.1.g1397	NC_089042.1.g28657	NC_089035.1.g1353, NC_089044.1.g33138	NC_089042.1.g28407, NC_089044.1.g32885	NC_089042.1.g28763			NC_089042.1.g28736, NC_089044.1.g33290	5	1	
OG0003417	NC_089035.1.g2557, NC_089042.1.g29068	NC_089042.1.g28900	NC_089042.1.g28915		NC_089035.1.g2523, NC_089042.1.g29002	NC_089035.1.g2570, NC_089042.1.g29246		NC_089035.1.g2507	5	1	
OG0003436	NC_089035.1.g3401, NC_089043.1.g30840		NC_089036.1.g6749	NC_089043.1.g29873		NC_089036.1.g6807, NC_089043.1.g30533, NC_089043.1.g30760	NC_089043.1.g30170	NC_089043.1.g30336	5	1	
OG0003442	NC_089035.1.g3810, NC_089035.1.g3811	NC_089035.1.g3807, NC_089035.1.g3808	NC_089035.1.g3809		NC_089035.1.g3793, NC_089035.1.g3794			NC_089035.1.g3778, NC_089035.1.g3779	4	1	
OG0003446	NC_089035.1.g3971			NC_089036.1.g8306, NC_089036.1.g8307, NC_089038.1.g14502		NC_089039.1.g17985	NC_089037.1.g13612, NC_089038.1.g14522, NC_089039.1.g17765	NC_089039.1.g17790	4	1	
OG0003454	NC_089035.1.g4424, NC_089043.1.g31071, NC_089044.1.g33087		NC_089035.1.g4421, NC_089038.1.g14767		NC_089035.1.g4404		NC_089035.1.g4375	NC_089035.1.g4388, NC_089043.1.g30986	4	1	
OG0003456	NC_089035.1.g4577		NC_089035.1.g4579	NC_089035.1.g4503	NC_089035.1.g4558, NC_089044.1.g34382	NC_089035.1.g4617, NC_089042.1.g30151, NC_089044.1.g34701	NC_089044.1.g34144		5	1	
OG0003467	NC_089035.1.g5062, NC_089038.1.g16289			NC_089035.1.g4986, NC_089038.1.g16151	NC_089035.1.g5044, NC_089038.1.g16242			NC_089035.1.g5024, NC_089038.1.g16248, NC_089041.1.g23909	3	1	
OG0003475	NC_089036.1.g5388, NC_089039.1.g20228		NC_089039.1.g20131	NC_089039.1.g20053	NC_089036.1.g5384, NC_089039.1.g20189	NC_089036.1.g5445, NC_089039.1.g20402	NC_089039.1.g20139		5	1	
OG0003480	NC_089036.1.g6027, NC_089046.1.g38018		NC_089038.1.g17348, NC_089046.1.g37787	NC_089039.1.g19131	NC_089040.1.g23017, NC_089044.1.g32259, NC_089046.1.g38044		NC_089036.1.g6488		4	1	
OG0003491	NC_089036.1.g6565, NC_089043.1.g30399	NC_089043.1.g30252		NC_089036.1.g6493, NC_089042.1.g27128, NC_089043.1.g29983	NC_089036.1.g6547	NC_089036.1.g6645		NC_089043.1.g30333	5	1	
OG0003497	NC_089036.1.g6819, NC_089036.1.g7147	NC_089042.1.g28191	NC_089042.1.g28209, NC_089042.1.g28210	NC_089035.1.g1876, NC_089044.1.g32640	NC_089044.1.g33080		NC_089046.1.g38183		5	1	
OG0003521	NC_089036.1.g8111	NC_089036.1.g8081, NC_089041.1.g24931, NC_089045.1.g36769		NC_089035.1.g2765	NC_089036.1.g8086, NC_089037.1.g11347, NC_089045.1.g36954	NC_089045.1.g37279			4	1	
OG0003526	NC_089036.1.g8306, NC_089045.1.g36819	NC_089036.1.g8324	NC_089036.1.g8310		NC_089045.1.g36852	NC_089036.1.g8384, NC_089045.1.g37169	NC_089036.1.g8320, NC_089045.1.g36564		5	1	
OG0003537	NC_089036.1.g8796, NC_089041.1.g24275, NC_089045.1.g34585	NC_089041.1.g24101		NC_089036.1.g8717, NC_089041.1.g23946	NC_089041.1.g24222	NC_089041.1.g24423	NC_089041.1.g24082		5	1	
OG0003556	NC_089037.1.g9657, NC_089038.1.g14607, NC_089044.1.g34392	NC_089038.1.g14516	NC_089038.1.g14540, NC_089044.1.g34176		NC_089038.1.g14549, NC_089044.1.g34412			NC_089044.1.g34387	4	1	
OG0003571	NC_089037.1.g10853, NC_089037.1.g11421		NC_089037.1.g10815	NC_089037.1.g10772, NC_089037.1.g11316	NC_089037.1.g10828	NC_089037.1.g10943		NC_089037.1.g10865, NC_089037.1.g11427	5	1	
OG0003576	NC_089037.1.g11005, NC_089039.1.g19073		NC_089039.1.g18961	NC_089037.1.g10921, NC_089039.1.g18898	NC_089039.1.g19020	NC_089037.1.g11093, NC_089039.1.g19234	NC_089039.1.g19002		5	1	
OG0003593	NC_089037.1.g11778, NC_089044.1.g32592		NC_089037.1.g11733	NC_089037.1.g11671	NC_089037.1.g11743, NC_089044.1.g32580	NC_089037.1.g11855, NC_089044.1.g32880	NC_089044.1.g32350		5	1	
OG0003605	NC_089037.1.g12359	NC_089037.1.g12281, NC_089042.1.g29290		NC_089035.1.g1432		NC_089037.1.g12450	NC_089037.1.g12282, NC_089042.1.g29237	NC_089037.1.g12349, NC_089042.1.g29373	5	1	
OG0003618	NC_089037.1.g13238	NC_089037.1.g13164	NC_089037.1.g13202, NC_089045.1.g34986	NC_089037.1.g13131, NC_089045.1.g34778	NC_089037.1.g13205	NC_089037.1.g13340, NC_089045.1.g35547			5	1	
OG0003621	NC_089037.1.g13403	NC_089037.1.g13315	NC_089037.1.g13355, NC_089041.1.g26480		NC_089037.1.g13352, NC_089041.1.g26601	NC_089037.1.g13507		NC_089037.1.g13397, NC_089041.1.g26530	5	1	
OG0003628	NC_089037.1.g13734, NC_089041.1.g26630	NC_089037.1.g13635, NC_089041.1.g26481	NC_089041.1.g26472	NC_089037.1.g13619, NC_089041.1.g26276			NC_089041.1.g26438	NC_089041.1.g26522	5	1	
OG0003637	NC_089038.1.g14264	NC_089038.1.g14138, NC_089038.1.g14154	NC_089038.1.g14189	NC_089038.1.g14493	NC_089038.1.g14180	NC_089038.1.g14348, NC_089038.1.g14364, NC_089038.1.g14738			5	1	
OG0003641	NC_089038.1.g14525, NC_089044.1.g33180	NC_089044.1.g33075	NC_089038.1.g14455, NC_089044.1.g33010	NC_089038.1.g14389	NC_089038.1.g14458, NC_089044.1.g33205			NC_089044.1.g33157	5	1	
OG0003645	NC_089038.1.g14616, NC_089042.1.g28037		NC_089038.1.g14552, NC_089039.1.g18052, NC_089042.1.g27892				NC_089038.1.g14558, NC_089042.1.g27855	NC_089038.1.g14620, NC_089042.1.g27942	3	1	
OG0003660	NC_089038.1.g14947, NC_089038.1.g14991	NC_089038.1.g14849	NC_089038.1.g14871, NC_089038.1.g14915		NC_089038.1.g14889, NC_089038.1.g14937		NC_089038.1.g14879	NC_089038.1.g14942	5	1	
OG0003730	NC_089039.1.g20293, NC_089039.1.g20306	NC_089039.1.g20150, NC_089039.1.g20163		NC_089039.1.g20119	NC_089039.1.g20258, NC_089039.1.g20271		NC_089039.1.g20197, NC_089039.1.g20208		4	1	
OG0003733	NC_089039.1.g20493	NC_089039.1.g20348, NC_089039.1.g20349	NC_089039.1.g20393, NC_089039.1.g20394	NC_089039.1.g20320	NC_089039.1.g20450, NC_089039.1.g20451	NC_089039.1.g20663			5	1	
OG0003736	NC_089039.1.g20568, NC_089045.1.g37137		NC_089039.1.g20471, NC_089045.1.g36900	NC_089039.1.g20397, NC_089044.1.g33054, NC_089045.1.g36617		NC_089039.1.g20738	NC_089045.1.g36884		4	1	
OG0003737	NC_089039.1.g20605	NC_089039.1.g20465	NC_089039.1.g20510	NC_089039.1.g20434		NC_089039.1.g20776, NC_089042.1.g29047, NC_089045.1.g36599	NC_089039.1.g20498, NC_089042.1.g28660		5	1	
OG0003749	NC_089040.1.g21394, NC_089044.1.g33607	NC_089044.1.g33480	NC_089044.1.g33409	NC_089040.1.g21204, NC_089044.1.g33187	NC_089044.1.g33630		NC_089040.1.g21278, NC_089044.1.g33385		5	1	
OG0003751	NC_089040.1.g21439, NC_089040.1.g21444	NC_089040.1.g21289, NC_089040.1.g21294			NC_089039.1.g17832, NC_089040.1.g21401, NC_089040.1.g21406		NC_089040.1.g21324, NC_089040.1.g21329		3	1	
OG0003754	NC_089040.1.g21629	NC_089035.1.g729, NC_089040.1.g21468			NC_089035.1.g699	NC_089040.1.g21782	NC_089035.1.g702, NC_089040.1.g21508	NC_089035.1.g249, NC_089035.1.g710	5	1	
OG0003758	NC_089040.1.g21800, NC_089042.1.g29074	NC_089040.1.g21640	NC_089040.1.g21695	NC_089040.1.g21586, NC_089042.1.g28644		NC_089040.1.g21954, NC_089042.1.g29252	NC_089040.1.g21681		5	1	
OG0003772	NC_089040.1.g22477	NC_089040.1.g22318, NC_089042.1.g27740, NC_089042.1.g27752		NC_089040.1.g22204	NC_089040.1.g22436		NC_089040.1.g22329	NC_089040.1.g22368, NC_089042.1.g27822	5	1	
OG0003785	NC_089040.1.g22943	NC_089040.1.g22775, NC_089044.1.g32836	NC_089044.1.g32779			NC_089040.1.g23119, NC_089044.1.g33267	NC_089044.1.g32715	NC_089040.1.g22826, NC_089044.1.g32910	5	1	
OG0003799	NC_089040.1.g23918, NC_089040.1.g23938, NC_089040.1.g23949	NC_089040.1.g23750, NC_089040.1.g23769, NC_089040.1.g23780		NC_089040.1.g23617, NC_089040.1.g23634, NC_089040.1.g23644					2	1	
OG0003815	NC_089041.1.g25116, NC_089041.1.g25117, NC_089042.1.g29955		NC_089036.1.g6894, NC_089036.1.g7875, NC_089043.1.g30172	NC_089041.1.g24802			NC_089041.1.g24930, NC_089041.1.g24931		3	1	
OG0003872	NC_089042.1.g27923			NC_089042.1.g27580	NC_089042.1.g27873, NC_089042.1.g27875	NC_089042.1.g28124	NC_089042.1.g27751, NC_089042.1.g27754, NC_089042.1.g27762	NC_089042.1.g27831	5	1	
OG0003905	NC_089043.1.g30089	NC_089039.1.g18628, NC_089042.1.g29041	NC_089042.1.g29055	NC_089039.1.g18634, NC_089041.1.g24861	NC_089042.1.g29148	NC_089041.1.g25342, NC_089043.1.g30312			5	1	
OG0003908	NC_089043.1.g30153	NC_089043.1.g29995, NC_089044.1.g32858		NC_089043.1.g29732, NC_089043.1.g29733	NC_089044.1.g32974	NC_089043.1.g30382	NC_089043.1.g29927, NC_089044.1.g32735		5	1	
OG0003958	NC_089044.1.g33436					NC_089044.1.g33774, NC_089044.1.g33777	NC_089044.1.g33217, NC_089044.1.g33219, NC_089044.1.g33227, NC_089044.1.g33228	NC_089044.1.g33430, NC_089044.1.g33438	3	1	
OG0003980	NC_089045.1.g35044, NC_089046.1.g37416, NC_089046.1.g38865			NC_089046.1.g36880, NC_089046.1.g38330		NC_089046.1.g37773, NC_089046.1.g39270	NC_089046.1.g38588	NC_089046.1.g37354	4	1	
OG0004008	NC_089045.1.g36949	NC_089045.1.g34859			NC_089039.1.g18601, NC_089045.1.g36981	NC_089039.1.g18800, NC_089040.1.g22440, NC_089045.1.g37312	NC_089045.1.g36702	NC_089045.1.g36905	5	1	
OG0004009	NC_089045.1.g37069		NC_089045.1.g36837		NC_089040.1.g21059, NC_089045.1.g37092	NC_089045.1.g37434, NC_089045.1.g37435, NC_089045.1.g37437	NC_089045.1.g36813	NC_089045.1.g37024	5	1	
OG0004020	NC_089046.1.g37743	NC_089036.1.g6519, NC_089041.1.g26972, NC_089045.1.g35609		NC_089046.1.g37211		NC_089038.1.g14848, NC_089046.1.g38112, NC_089046.1.g39307		NC_089043.1.g31332	4	1	
OG0004059		NC_089035.1.g68, NC_089042.1.g27321	NC_089035.1.g68, NC_089042.1.g27167			NC_089035.1.g73, NC_089042.1.g27674	NC_089035.1.g69, NC_089042.1.g27126	NC_089042.1.g27382	5	0	
OG0004061		NC_089035.1.g1771, NC_089035.1.g2557, NC_089035.1.g5060				NC_089035.1.g1992, NC_089035.1.g3343, NC_089035.1.g3344	NC_089041.1.g26561, NC_089045.1.g36452	NC_089041.1.g26648	4	0	
OG0004062		NC_089035.1.g2552, NC_089040.1.g20826	NC_089035.1.g2556, NC_089040.1.g20879		NC_089040.1.g20949	NC_089040.1.g21148		NC_089035.1.g2533, NC_089035.1.g4509, NC_089040.1.g20893	5	0	
OG0004063		NC_089035.1.g2652, NC_089036.1.g8703, NC_089038.1.g14693, NC_089042.1.g28009	NC_089035.1.g2655, NC_089036.1.g8686	NC_089035.1.g2627, NC_089036.1.g8647, NC_089042.1.g27813					3	0	
OG0004069		NC_089037.1.g10496, NC_089038.1.g16723, NC_089040.1.g21349	NC_089037.1.g10488, NC_089038.1.g16775, NC_089040.1.g21392				NC_089037.1.g10502, NC_089038.1.g16797, NC_089040.1.g21384		3	0	
OG0004070		NC_089038.1.g14186, NC_089038.1.g14193, NC_089038.1.g14203			NC_089038.1.g14223, NC_089038.1.g14241		NC_089038.1.g14221, NC_089038.1.g14238	NC_089038.1.g14281, NC_089038.1.g14295	4	0	
OG0004074		NC_089039.1.g18592, NC_089045.1.g36367			NC_089039.1.g18717, NC_089045.1.g36560	NC_089039.1.g18922, NC_089045.1.g36880	NC_089039.1.g18693	NC_089039.1.g18723, NC_089045.1.g36482	5	0	
OG0004080		NC_089041.1.g24904	NC_089041.1.g24914, NC_089043.1.g30344			NC_089041.1.g25227, NC_089043.1.g30764, NC_089044.1.g33111	NC_089041.1.g24879	NC_089041.1.g24932, NC_089044.1.g32763	5	0	
OG0004088		NC_089044.1.g33331, NC_089046.1.g39167, NC_089046.1.g39168		NC_089039.1.g19416, NC_089041.1.g24810, NC_089043.1.g30008		NC_089039.1.g19759, NC_089046.1.g39716	NC_089046.1.g39023		4	0	
OG0004093		NC_089045.1.g36296, NC_089045.1.g36299, NC_089045.1.g36302	NC_089045.1.g36223, NC_089045.1.g36226, NC_089045.1.g36228		NC_089045.1.g36486, NC_089045.1.g36488, NC_089045.1.g36491				3	0	
OG0004097			NC_089035.1.g4512, NC_089037.1.g10013, NC_089037.1.g10695		NC_089035.1.g4496, NC_089037.1.g10029, NC_089037.1.g10708		NC_089035.1.g4468, NC_089037.1.g10016, NC_089037.1.g10710		3	0	
OG0004098			NC_089038.1.g17364, NC_089039.1.g17896, NC_089039.1.g20060, NC_089042.1.g27817				NC_089038.1.g17373, NC_089039.1.g17916, NC_089039.1.g20062, NC_089042.1.g27784, NC_089045.1.g36919		2	0	
OG0004099			NC_089040.1.g22562, NC_089045.1.g36023, NC_089046.1.g38694				NC_089040.1.g22522, NC_089045.1.g35999, NC_089046.1.g38648	NC_089040.1.g22563, NC_089045.1.g36235, NC_089046.1.g38871	3	0	
OG0004100			NC_089041.1.g25688, NC_089042.1.g29072		NC_089040.1.g23488, NC_089042.1.g29167	NC_089042.1.g29407	NC_089040.1.g23370, NC_089042.1.g29009	NC_089040.1.g23411, NC_089042.1.g29138	5	0	
OG0004101			NC_089045.1.g36022, NC_089045.1.g36190				NC_089044.1.g32054, NC_089045.1.g35998, NC_089045.1.g36162	NC_089044.1.g32264, NC_089045.1.g36234, NC_089045.1.g36398, NC_089046.1.g38870	3	0	
OG0004102				NC_089035.1.g3531, NC_089037.1.g13857, NC_089038.1.g16283, NC_089038.1.g16607, NC_089040.1.g21332, NC_089042.1.g28848, NC_089043.1.g30905, NC_089043.1.g31008		NC_089038.1.g16559			2	0	
OG0004103				NC_089035.1.g5211, NC_089042.1.g28892	NC_089042.1.g29267	NC_089035.1.g5333, NC_089042.1.g29516	NC_089035.1.g1193, NC_089042.1.g29107	NC_089035.1.g1195, NC_089042.1.g29236	5	0	
OG0004104				NC_089043.1.g31094, NC_089043.1.g31097, NC_089043.1.g31100			NC_089043.1.g31281, NC_089043.1.g31284, NC_089043.1.g31287	NC_089043.1.g31455, NC_089043.1.g31458, NC_089043.1.g31461	3	0	
OG0004105					NC_089035.1.g1946, NC_089035.1.g994, NC_089040.1.g22997, NC_089041.1.g24038, NC_089045.1.g35951	NC_089035.1.g1991, NC_089041.1.g25867	NC_089038.1.g15873, NC_089041.1.g25483		3	0	
OG0004106					NC_089036.1.g8960, NC_089038.1.g14804, NC_089039.1.g17815, NC_089040.1.g22057, NC_089043.1.g30450, NC_089046.1.g38915, NC_089046.1.g39064		NC_089038.1.g17069	NC_089038.1.g17092	3	0	
OG0004533	NC_089035.1.g645, NC_089046.1.g38635	NC_089035.1.g648, NC_089046.1.g38484	NC_089035.1.g619, NC_089046.1.g38387		NC_089035.1.g619, NC_089046.1.g38681				3	1	
OG0004647	NC_089035.1.g811, NC_089042.1.g29716	NC_089035.1.g813, NC_089042.1.g29565	NC_089035.1.g784, NC_089042.1.g29588	NC_089035.1.g811			NC_089035.1.g787		4	1	
OG0005162	NC_089035.1.g1587, NC_089041.1.g25696	NC_089038.1.g14949, NC_089038.1.g14950	NC_089041.1.g25534	NC_089041.1.g25358			NC_089041.1.g25480	NC_089041.1.g25570	5	1	
OG0005261	NC_089035.1.g1790, NC_089037.1.g11819		NC_089037.1.g11775		NC_089035.1.g1748, NC_089046.1.g39703	NC_089035.1.g1796, NC_089046.1.g40062		NC_089046.1.g39592	4	1	
OG0005278	NC_089035.1.g1831, NC_089040.1.g22443, NC_089045.1.g36254	NC_089040.1.g22322				NC_089045.1.g35843	NC_089040.1.g22333	NC_089045.1.g35495, NC_089045.1.g36229	4	1	
OG0005539	NC_089035.1.g2302	NC_089042.1.g28510	NC_089035.1.g2264, NC_089042.1.g28530	NC_089035.1.g2261		NC_089035.1.g2308, NC_089040.1.g23592	NC_089042.1.g28470		5	1	
OG0005623	NC_089035.1.g2446		NC_089035.1.g2407	NC_089035.1.g2398, NC_089045.1.g35070	NC_089035.1.g2400	NC_089035.1.g2454, NC_089045.1.g35862		NC_089035.1.g2387	5	1	
OG0005625	NC_089035.1.g2452, NC_089042.1.g28626	NC_089038.1.g14218	NC_089038.1.g15070		NC_089045.1.g36632	NC_089038.1.g15276, NC_089043.1.g30595	NC_089035.1.g1940		5	1	
OG0006113	NC_089035.1.g3160, NC_089035.1.g3161, NC_089045.1.g35125	NC_089035.1.g3160		NC_089035.1.g3115	NC_089035.1.g3157	NC_089035.1.g3193		NC_089035.1.g3131	5	1	
OG0006407	NC_089035.1.g3598, NC_089042.1.g28247, NC_089042.1.g29601, NC_089046.1.g37539	NC_089035.1.g3588, NC_089042.1.g29442				NC_089035.1.g3627, NC_089042.1.g29806			2	1	
OG0006574	NC_089035.1.g3809	NC_089035.1.g3806	NC_089035.1.g3807, NC_089035.1.g3808		NC_089035.1.g3791, NC_089035.1.g3792		NC_089035.1.g3774	NC_089035.1.g3777	5	1	
OG0006936	NC_089035.1.g4366, NC_089036.1.g8999		NC_089035.1.g4358	NC_089036.1.g8921	NC_089035.1.g4345	NC_089035.1.g4404, NC_089036.1.g9086		NC_089035.1.g4321	5	1	
OG0007433	NC_089035.1.g5029	NC_089035.1.g5015		NC_089035.1.g4952, NC_089035.1.g4960	NC_089035.1.g5012	NC_089035.1.g5078		NC_089035.1.g4991, NC_089035.1.g4999	5	1	
OG0007658	NC_089036.1.g5367	NC_089035.1.g4400	NC_089035.1.g4409, NC_089036.1.g5368		NC_089036.1.g5363	NC_089036.1.g5423		NC_089035.1.g4376, NC_089036.1.g5338	5	1	
OG0008506	NC_089036.1.g6684			NC_089036.1.g6615, NC_089044.1.g31962	NC_089036.1.g6666	NC_089036.1.g6766	NC_089036.1.g6637	NC_089036.1.g6688, NC_089044.1.g32341	5	1	
OG0009412	NC_089036.1.g8215, NC_089039.1.g19958	NC_089036.1.g8185, NC_089039.1.g19803		NC_089039.1.g19784	NC_089036.1.g8191	NC_089036.1.g8291, NC_089039.1.g20123			4	1	
OG0009473	NC_089036.1.g8300, NC_089040.1.g22815	NC_089040.1.g22652			NC_089040.1.g22784	NC_089036.1.g8379, NC_089040.1.g22995	NC_089040.1.g22660	NC_089040.1.g22702	5	1	
OG0009663	NC_089036.1.g8563, NC_089040.1.g23266	NC_089036.1.g8542, NC_089040.1.g23107		NC_089036.1.g8484	NC_089036.1.g8536, NC_089037.1.g11443	NC_089036.1.g8646			4	1	
OG0009997	NC_089036.1.g9012	NC_089036.1.g8998	NC_089036.1.g8978, NC_089036.1.g8980, NC_089036.1.g8983		NC_089036.1.g8986		NC_089036.1.g8989	NC_089036.1.g9014	5	1	
OG0010135	NC_089036.1.g9212, NC_089041.1.g25554			NC_089036.1.g9136		NC_089036.1.g9301, NC_089041.1.g25723	NC_089036.1.g9175, NC_089041.1.g25351	NC_089041.1.g25424	4	1	
OG0010813	NC_089037.1.g10143, NC_089043.1.g30329	NC_089037.1.g10114	NC_089037.1.g10108			NC_089037.1.g10242	NC_089037.1.g10111, NC_089043.1.g30108	NC_089037.1.g10149	5	1	
OG0011539	NC_089037.1.g11148	NC_089037.1.g11090, NC_089046.1.g38582		NC_089037.1.g11047		NC_089037.1.g10630, NC_089046.1.g39130	NC_089037.1.g11095	NC_089037.1.g11140	5	1	
OG0012203	NC_089037.1.g12255, NC_089037.1.g12267, NC_089041.1.g25777, NC_089045.1.g35351, NC_089045.1.g36331, NC_089046.1.g37966	NC_089041.1.g25605				NC_089045.1.g35682			2	1	
OG0012205	NC_089037.1.g12261, NC_089045.1.g35676		NC_089037.1.g12215	NC_089037.1.g12151		NC_089037.1.g12353, NC_089045.1.g36028	NC_089037.1.g12181	NC_089037.1.g12255	5	1	
OG0012759	NC_089037.1.g13056, NC_089038.1.g14716		NC_089037.1.g13012, NC_089038.1.g14647	NC_089037.1.g12944		NC_089037.1.g13150	NC_089037.1.g13000	NC_089037.1.g13059	5	1	
OG0012938	NC_089037.1.g13291	NC_089037.1.g13217	NC_089037.1.g13257				NC_089037.1.g13241, NC_089038.1.g14765	NC_089037.1.g13298, NC_089038.1.g14828, NC_089044.1.g33058	4	1	
OG0013919	NC_089038.1.g15117, NC_089041.1.g24617	NC_089038.1.g15004		NC_089038.1.g14979, NC_089041.1.g24303	NC_089038.1.g15054	NC_089041.1.g24770	NC_089038.1.g15058		5	1	
OG0014982	NC_089038.1.g16707		NC_089038.1.g16609, NC_089039.1.g20439		NC_089039.1.g20497	NC_089038.1.g16839, NC_089039.1.g20706	NC_089038.1.g16643, NC_089039.1.g20428		4	1	
OG0016024	NC_089039.1.g18207, NC_089040.1.g22285	NC_089040.1.g22134	NC_089040.1.g22181	NC_089039.1.g18049		NC_089040.1.g22466		NC_089039.1.g18151, NC_089040.1.g22190	5	1	
OG0016158	NC_089039.1.g18439, NC_089042.1.g27999		NC_089039.1.g18336, NC_089042.1.g27853	NC_089039.1.g18271	NC_089042.1.g27952		NC_089042.1.g27820	NC_089042.1.g27911	5	1	
OG0016378	NC_089039.1.g18856		NC_089039.1.g18739	NC_089039.1.g18688	NC_089039.1.g18804, NC_089039.1.g18805	NC_089039.1.g19012, NC_089039.1.g19013	NC_089039.1.g18785		5	1	
OG0016604	NC_089039.1.g19267	NC_089039.1.g19105	NC_089040.1.g20669, NC_089043.1.g30647		NC_089039.1.g19208, NC_089043.1.g30772	NC_089039.1.g19429		NC_089039.1.g19204	5	1	
OG0017837	NC_089040.1.g21132		NC_089045.1.g35169	NC_089045.1.g34940	NC_089040.1.g21104	NC_089040.1.g21301, NC_089045.1.g35725	NC_089035.1.g2617, NC_089040.1.g21022		5	1	
OG0018344	NC_089040.1.g22054	NC_089042.1.g27649	NC_089040.1.g21943	NC_089040.1.g21816	NC_089040.1.g22017, NC_089042.1.g27766		NC_089040.1.g21912, NC_089042.1.g27642		5	1	
OG0018418	NC_089040.1.g22190, NC_089041.1.g24921, NC_089043.1.g30786		NC_089040.1.g22080, NC_089041.1.g24763		NC_089041.1.g24867	NC_089041.1.g25067		NC_089041.1.g24775	4	1	
OG0018525	NC_089040.1.g22403		NC_089038.1.g14163	NC_089041.1.g24073, NC_089041.1.g24753		NC_089043.1.g30485, NC_089044.1.g33728		NC_089035.1.g1783, NC_089038.1.g14211	4	1	
OG0018535	NC_089040.1.g22429, NC_089045.1.g37040		NC_089040.1.g22308, NC_089045.1.g36812	NC_089040.1.g22165	NC_089040.1.g22393	NC_089040.1.g22591, NC_089045.1.g37410			4	1	
OG0018614	NC_089040.1.g22587						NC_089036.1.g6511, NC_089039.1.g18431, NC_089040.1.g22232, NC_089040.1.g22439, NC_089041.1.g25360, NC_089042.1.g28521	NC_089041.1.g25264	2	1	
OG0018648	NC_089040.1.g22674, NC_089042.1.g27804			NC_089040.1.g22388, NC_089042.1.g27457		NC_089040.1.g22837, NC_089042.1.g28001	NC_089040.1.g22509, NC_089042.1.g27631		3	1	
OG0018900	NC_089040.1.g23140		NC_089040.1.g23021, NC_089040.1.g23415	NC_089040.1.g22840, NC_089040.1.g23243	NC_089040.1.g23107	NC_089040.1.g23320, NC_089040.1.g23718			4	1	
OG0018987	NC_089040.1.g23280, NC_089042.1.g27992, NC_089042.1.g27993		NC_089042.1.g27847	NC_089042.1.g27644, NC_089042.1.g27645	NC_089042.1.g27945		NC_089042.1.g27814		4	1	
OG0019567	NC_089041.1.g24160, NC_089041.1.g24164	NC_089041.1.g23990, NC_089041.1.g23994				NC_089041.1.g24324, NC_089041.1.g24328		NC_089041.1.g24030, NC_089041.1.g24034	3	1	
OG0020055	NC_089041.1.g24986, NC_089041.1.g24987	NC_089041.1.g24807, NC_089041.1.g24809			NC_089041.1.g24930, NC_089041.1.g24932			NC_089041.1.g24837, NC_089041.1.g24839	3	1	
OG0020096	NC_089041.1.g25051	NC_089041.1.g24876, NC_089041.1.g24877		NC_089041.1.g24729	NC_089041.1.g24998	NC_089041.1.g25199	NC_089041.1.g24852, NC_089041.1.g24853		5	1	
OG0020268	NC_089041.1.g25347, NC_089043.1.g30503			NC_089041.1.g25033, NC_089043.1.g30079	NC_089045.1.g36139	NC_089041.1.g25515, NC_089043.1.g30747		NC_089035.1.g891	4	1	
OG0020281	NC_089041.1.g25371			NC_089041.1.g25059	NC_089035.1.g454, NC_089038.1.g14309	NC_089041.1.g25541	NC_089035.1.g455, NC_089038.1.g14313	NC_089035.1.g461	5	1	
OG0021705	NC_089042.1.g27632			NC_089042.1.g27273, NC_089042.1.g27274, NC_089042.1.g27275			NC_089042.1.g27429, NC_089042.1.g27430, NC_089042.1.g27431, NC_089042.1.g27446		2	1	
OG0021782	NC_089042.1.g27755		NC_089036.1.g7222, NC_089042.1.g27600	NC_089036.1.g7178, NC_089042.1.g27406	NC_089036.1.g7248, NC_089042.1.g27698	NC_089042.1.g27945			4	1	
OG0021959	NC_089042.1.g28138, NC_089042.1.g28143		NC_089042.1.g27988, NC_089042.1.g27991				NC_089042.1.g27951, NC_089042.1.g27954	NC_089042.1.g28043, NC_089042.1.g28046	3	1	
OG0022779	NC_089042.1.g29558	NC_089038.1.g14936, NC_089040.1.g22041	NC_089038.1.g14958	NC_089038.1.g14907	NC_089038.1.g14988	NC_089037.1.g11700, NC_089042.1.g27537			5	1	
OG0024556	NC_089044.1.g32490, NC_089044.1.g32925, NC_089044.1.g33444, NC_089045.1.g35268				NC_089044.1.g32470, NC_089045.1.g35277		NC_089036.1.g6495, NC_089044.1.g32241		2	1	
OG0024612	NC_089044.1.g32642	NC_089037.1.g13140	NC_089037.1.g13178	NC_089037.1.g10562, NC_089039.1.g17632		NC_089039.1.g17928, NC_089044.1.g32935	NC_089038.1.g15250		5	1	
OG0024797	NC_089044.1.g33018		NC_089040.1.g21851, NC_089044.1.g32852		NC_089044.1.g33034	NC_089044.1.g33342	NC_089044.1.g32785	NC_089040.1.g21864, NC_089044.1.g32994	5	1	
OG0025112	NC_089044.1.g33628		NC_089044.1.g33428	NC_089044.1.g33209	NC_089035.1.g2596, NC_089044.1.g33645	NC_089035.1.g2641, NC_089044.1.g33963	NC_089044.1.g33401		5	1	
OG0025409	NC_089044.1.g34111	NC_089039.1.g19018, NC_089042.1.g27750	NC_089039.1.g19070, NC_089042.1.g27772	NC_089044.1.g33673	NC_089039.1.g19122	NC_089044.1.g34449			5	1	
OG0025693	NC_089045.1.g34636	NC_089042.1.g27830, NC_089045.1.g34488	NC_089042.1.g27854, NC_089045.1.g34405	NC_089042.1.g27651			NC_089042.1.g27821, NC_089045.1.g34403		4	1	
OG0025858	NC_089045.1.g35039	NC_089045.1.g34890	NC_089045.1.g34803, NC_089045.1.g34804	NC_089045.1.g34584, NC_089045.1.g34585			NC_089045.1.g34793	NC_089045.1.g35013	5	1	
OG0025914	NC_089045.1.g35117, NC_089045.1.g35119	NC_089045.1.g34970	NC_089045.1.g34889, NC_089045.1.g34891				NC_089045.1.g34879	NC_089045.1.g35098, NC_089045.1.g35100	4	1	
OG0026302	NC_089045.1.g35966, NC_089046.1.g38181		NC_089035.1.g2805	NC_089035.1.g2771, NC_089046.1.g37642	NC_089035.1.g2801	NC_089035.1.g2836, NC_089046.1.g38560			4	1	
OG0026800	NC_089045.1.g36936, NC_089045.1.g36944	NC_089045.1.g36796	NC_089040.1.g22094, NC_089045.1.g36720	NC_089045.1.g36452		NC_089045.1.g37308	NC_089045.1.g36697		5	1	
OG0026802	NC_089045.1.g36945	NC_089045.1.g36791, NC_089045.1.g36797			NC_089045.1.g36976, NC_089045.1.g36980, NC_089045.1.g36983	NC_089045.1.g37309	NC_089045.1.g36698		4	1	
OG0026904	NC_089045.1.g37179	NC_089045.1.g37016, NC_089045.1.g37017	NC_089045.1.g36941			NC_089045.1.g37544	NC_089045.1.g36931, NC_089045.1.g36932	NC_089045.1.g37126	5	1	
OG0027071	NC_089046.1.g37725		NC_089046.1.g37498	NC_089040.1.g23042, NC_089046.1.g37193	NC_089040.1.g23305	NC_089040.1.g23522, NC_089046.1.g38095	NC_089046.1.g37460		5	1	
OG0027366	NC_089046.1.g38293	NC_089036.1.g5644	NC_089037.1.g12586, NC_089046.1.g38059			NC_089036.1.g5704, NC_089044.1.g33561	NC_089044.1.g33008	NC_089039.1.g18494	5	1	
OG0027953	NC_089046.1.g39443	NC_089040.1.g21061	NC_089038.1.g15088, NC_089046.1.g39209			NC_089040.1.g21376		NC_089038.1.g15156, NC_089040.1.g21126, NC_089046.1.g39393	4	1	
OG0028160		NC_089035.1.g213		NC_089035.1.g220, NC_089040.1.g21000	NC_089035.1.g213	NC_089035.1.g222, NC_089040.1.g21354	NC_089035.1.g138, NC_089039.1.g18332		5	0	
OG0028164		NC_089035.1.g3567, NC_089040.1.g21514, NC_089042.1.g29137	NC_089042.1.g29154			NC_089042.1.g29494	NC_089042.1.g29086	NC_089035.1.g3542, NC_089042.1.g29216	5	0	
OG0028168		NC_089036.1.g7317, NC_089040.1.g21919, NC_089043.1.g29923		NC_089040.1.g21847, NC_089043.1.g29657	NC_089039.1.g18749, NC_089043.1.g30031		NC_089043.1.g29854		4	0	
OG0028172		NC_089037.1.g10598, NC_089039.1.g19958, NC_089043.1.g30405		NC_089035.1.g255		NC_089037.1.g10728	NC_089035.1.g251, NC_089039.1.g20008	NC_089037.1.g10645	5	0	
OG0028179		NC_089038.1.g14589	NC_089035.1.g2522, NC_089038.1.g14618		NC_089038.1.g14623		NC_089038.1.g14617, NC_089038.1.g14859	NC_089038.1.g14684, NC_089038.1.g14920	5	0	
OG0028181		NC_089038.1.g14747, NC_089041.1.g26705		NC_089041.1.g24028, NC_089041.1.g26493			NC_089038.1.g14784, NC_089041.1.g26666, NC_089045.1.g36251	NC_089041.1.g26747	4	0	
OG0028182		NC_089038.1.g14748		NC_089037.1.g11781, NC_089040.1.g22337	NC_089046.1.g38004		NC_089037.1.g11825, NC_089038.1.g14786, NC_089045.1.g35821	NC_089037.1.g12081	5	0	
OG0028183		NC_089038.1.g14917		NC_089038.1.g14883, NC_089038.1.g14889, NC_089038.1.g14894	NC_089038.1.g14973		NC_089038.1.g14953, NC_089038.1.g14959, NC_089038.1.g14964		4	0	
OG0028185		NC_089038.1.g15073, NC_089042.1.g27749, NC_089042.1.g27759, NC_089042.1.g27976		NC_089041.1.g25709, NC_089042.1.g27569, NC_089042.1.g27579, NC_089045.1.g36626					2	0	
OG0028189		NC_089039.1.g18371, NC_089039.1.g18373	NC_089039.1.g18435	NC_089039.1.g18373		NC_089039.1.g18688, NC_089039.1.g18689	NC_089039.1.g18472, NC_089039.1.g18473		5	0	
OG0028193		NC_089040.1.g22261, NC_089046.1.g38244		NC_089046.1.g37849	NC_089040.1.g22383, NC_089046.1.g38419	NC_089046.1.g38772	NC_089040.1.g22276, NC_089046.1.g38117		5	0	
OG0028195		NC_089040.1.g22764, NC_089046.1.g38389	NC_089037.1.g13729, NC_089038.1.g14423, NC_089040.1.g22815, NC_089046.1.g38290				NC_089040.1.g22775, NC_089046.1.g38250		3	0	
OG0028196		NC_089041.1.g24503, NC_089043.1.g31149, NC_089044.1.g32746	NC_089043.1.g31118, NC_089043.1.g31119	NC_089043.1.g30867			NC_089043.1.g31057	NC_089043.1.g30727	5	0	
OG0028198		NC_089042.1.g28484, NC_089042.1.g28485	NC_089042.1.g28507, NC_089042.1.g28508		NC_089042.1.g28607, NC_089042.1.g28608	NC_089042.1.g28839, NC_089042.1.g28841			4	0	
OG0028201		NC_089042.1.g29469	NC_089039.1.g18866, NC_089039.1.g20294, NC_089039.1.g20297, NC_089039.1.g20300, NC_089041.1.g26772, NC_089042.1.g29490		NC_089042.1.g29577				3	0	
OG0028204		NC_089043.1.g30148, NC_089043.1.g30151	NC_089043.1.g30142, NC_089043.1.g30146		NC_089043.1.g30246, NC_089043.1.g30248	NC_089043.1.g30535, NC_089043.1.g30538			4	0	
OG0028214		NC_089045.1.g36270, NC_089045.1.g36279, NC_089045.1.g36291	NC_089045.1.g36196, NC_089045.1.g36207, NC_089045.1.g36220		NC_089045.1.g36457, NC_089045.1.g36468				3	0	
OG0028215		NC_089046.1.g37900		NC_089046.1.g37505, NC_089046.1.g37524		NC_089046.1.g38421, NC_089046.1.g38439	NC_089046.1.g37783, NC_089046.1.g37796	NC_089046.1.g38004	5	0	
OG0028216			NC_089035.1.g5048, NC_089038.1.g14911, NC_089038.1.g16198		NC_089038.1.g14933	NC_089035.1.g5108, NC_089038.1.g15103, NC_089038.1.g16424		NC_089038.1.g16249	4	0	
OG0028217			NC_089036.1.g7944		NC_089037.1.g12815	NC_089036.1.g8059	NC_089036.1.g7964, NC_089037.1.g12799, NC_089040.1.g20760	NC_089036.1.g7987, NC_089037.1.g12858	5	0	
OG0028219			NC_089038.1.g15057, NC_089043.1.g31705		NC_089038.1.g15090, NC_089043.1.g31840	NC_089038.1.g15261, NC_089043.1.g32166	NC_089038.1.g15094, NC_089043.1.g31646		4	0	
OG0028220			NC_089039.1.g19691, NC_089041.1.g24414	NC_089039.1.g19622, NC_089041.1.g24245, NC_089041.1.g25184	NC_089041.1.g24515, NC_089041.1.g25455	NC_089039.1.g19971			4	0	
OG0028221			NC_089039.1.g20412, NC_089046.1.g38723	NC_089039.1.g20338, NC_089046.1.g38416	NC_089039.1.g20470		NC_089039.1.g20401	NC_089039.1.g20432, NC_089046.1.g38901	5	0	
OG0028222			NC_089040.1.g22117, NC_089042.1.g27594		NC_089042.1.g27693, NC_089042.1.g27929	NC_089040.1.g22397, NC_089042.1.g27939		NC_089042.1.g27651, NC_089044.1.g33649	4	0	
OG0028223			NC_089042.1.g27835, NC_089044.1.g33458		NC_089044.1.g33679		NC_089038.1.g14516, NC_089042.1.g27800	NC_089040.1.g22123, NC_089042.1.g27891, NC_089045.1.g36816	4	0	
OG0028225			NC_089043.1.g31343, NC_089043.1.g31345, NC_089043.1.g31347, NC_089043.1.g31349		NC_089043.1.g31477, NC_089043.1.g31479, NC_089043.1.g31481, NC_089043.1.g31483				2	0	
OG0028227			NC_089046.1.g38424	NC_089042.1.g27843, NC_089046.1.g38128	NC_089042.1.g28169	NC_089036.1.g7315, NC_089042.1.g28411, NC_089046.1.g39059		NC_089040.1.g23136	5	0	
OG0028228				NC_089036.1.g6436, NC_089042.1.g26864	NC_089036.1.g6490, NC_089041.1.g25432	NC_089041.1.g25139, NC_089041.1.g26224, NC_089042.1.g27419		NC_089041.1.g25349	4	0	
OG0028229							NC_089037.1.g10037, NC_089037.1.g12656, NC_089038.1.g17157, NC_089041.1.g24484, NC_089046.1.g39421	NC_089037.1.g10075, NC_089038.1.g17183, NC_089041.1.g24535	2	0	
OG0028230							NC_089043.1.g30205	NC_089035.1.g2234, NC_089037.1.g11310, NC_089037.1.g11312, NC_089037.1.g11895, NC_089038.1.g16309, NC_089040.1.g22318, NC_089043.1.g30587	2	0	
OG0028258	NC_089035.1.g902	NC_089035.1.g906		NC_089035.1.g902, NC_089039.1.g18138	NC_089035.1.g877		NC_089035.1.g880	NC_089035.1.g885	5	1	
OG0028259	NC_089035.1.g989, NC_089035.1.g990		NC_089035.1.g963	NC_089035.1.g988	NC_089035.1.g966		NC_089035.1.g964	NC_089035.1.g966	5	1	
OG0028281	NC_089035.1.g1453, NC_089038.1.g16241, NC_089039.1.g18780	NC_089035.1.g1452, NC_089039.1.g18605, NC_089039.1.g19083				NC_089036.1.g8046			2	1	
OG0028293	NC_089035.1.g1673		NC_089036.1.g8034, NC_089037.1.g11811, NC_089042.1.g28211		NC_089045.1.g35404	NC_089044.1.g33195		NC_089042.1.g28275	4	1	
OG0028295	NC_089035.1.g1718	NC_089035.1.g2897	NC_089035.1.g2902			NC_089035.1.g1728, NC_089035.1.g2937	NC_089035.1.g2886	NC_089035.1.g2876	5	1	
OG0028306	NC_089035.1.g1943, NC_089041.1.g24145	NC_089035.1.g1914		NC_089041.1.g23848		NC_089041.1.g24309	NC_089035.1.g1884, NC_089041.1.g23972		4	1	
OG0028314	NC_089035.1.g2106, NC_089040.1.g22166	NC_089035.1.g2081		NC_089035.1.g2070	NC_089035.1.g2077		NC_089035.1.g2064	NC_089035.1.g2060	5	1	
OG0028324	NC_089035.1.g2199	NC_089043.1.g29898	NC_089035.1.g2163		NC_089039.1.g18783, NC_089043.1.g30000		NC_089043.1.g29827	NC_089035.1.g2156	5	1	
OG0028343	NC_089035.1.g2447		NC_089035.1.g2409	NC_089035.1.g2399	NC_089035.1.g2401	NC_089035.1.g2455		NC_089035.1.g2384, NC_089035.1.g2388	5	1	
OG0028362	NC_089035.1.g3034		NC_089035.1.g3033	NC_089044.1.g31885	NC_089035.1.g3026	NC_089035.1.g3067, NC_089037.1.g11107	NC_089035.1.g3016		5	1	
OG0028376	NC_089035.1.g3304			NC_089035.1.g3253	NC_089035.1.g3297, NC_089036.1.g6655	NC_089035.1.g3337	NC_089035.1.g3287, NC_089036.1.g6626		4	1	
OG0028380	NC_089035.1.g3538	NC_089035.1.g1143		NC_089041.1.g25016	NC_089035.1.g2230, NC_089035.1.g3517	NC_089035.1.g3566		NC_089035.1.g2208	5	1	
OG0028388	NC_089035.1.g3663	NC_089037.1.g13734	NC_089037.1.g13781	NC_089035.1.g3598, NC_089037.1.g13715		NC_089037.1.g13936		NC_089037.1.g13827	5	1	
OG0028392	NC_089035.1.g3693, NC_089039.1.g20412	NC_089039.1.g20268	NC_089039.1.g20315	NC_089039.1.g20239			NC_089039.1.g20310	NC_089039.1.g20337	5	1	
OG0028400	NC_089035.1.g3910, NC_089038.1.g14870				NC_089035.1.g3889	NC_089035.1.g3952	NC_089035.1.g3866	NC_089035.1.g3875, NC_089038.1.g14861	4	1	
OG0028402	NC_089035.1.g3957	NC_089035.1.g3946	NC_089035.1.g3953	NC_089035.1.g3893, NC_089039.1.g20366	NC_089035.1.g3935	NC_089035.1.g3998			5	1	
OG0028437	NC_089035.1.g5028, NC_089035.1.g5037	NC_089035.1.g5019	NC_089035.1.g5021			NC_089035.1.g5077	NC_089035.1.g4984, NC_089035.1.g4991		4	1	
OG0028440	NC_089035.1.g5082		NC_089035.1.g5071	NC_089035.1.g5007	NC_089035.1.g5067	NC_089035.1.g5132, NC_089042.1.g28404		NC_089035.1.g5047	5	1	
OG0028468	NC_089036.1.g5648	NC_089036.1.g5642, NC_089041.1.g25024	NC_089036.1.g5653		NC_089036.1.g5646		NC_089036.1.g5610	NC_089036.1.g5619	5	1	
OG0028479	NC_089036.1.g6173			NC_089035.1.g1045, NC_089036.1.g6116, NC_089039.1.g18305	NC_089039.1.g18428	NC_089039.1.g18624	NC_089036.1.g6133		4	1	
OG0028504	NC_089036.1.g6497				NC_089036.1.g6477	NC_089036.1.g6575	NC_089036.1.g6445, NC_089036.1.g6450	NC_089036.1.g6495, NC_089036.1.g6499	4	1	
OG0028506	NC_089036.1.g6506	NC_089041.1.g24817	NC_089036.1.g6494		NC_089041.1.g24940		NC_089036.1.g6459	NC_089036.1.g6507, NC_089041.1.g24847	5	1	
OG0028516	NC_089036.1.g6677, NC_089040.1.g22689, NC_089046.1.g38328	NC_089039.1.g18340, NC_089043.1.g30171	NC_089046.1.g38425				NC_089045.1.g35137		3	1	
OG0028517	NC_089036.1.g6713			NC_089036.1.g6644	NC_089036.1.g6697	NC_089036.1.g6799	NC_089036.1.g6667, NC_089036.1.g6668	NC_089036.1.g6720	5	1	
OG0028520	NC_089036.1.g6741	NC_089036.1.g6710	NC_089036.1.g6724		NC_089036.1.g6727	NC_089036.1.g6829, NC_089044.1.g33455	NC_089036.1.g6695		5	1	
OG0028529	NC_089036.1.g6900, NC_089036.1.g6901			NC_089036.1.g6825	NC_089036.1.g6884	NC_089036.1.g6975, NC_089036.1.g6976	NC_089036.1.g6845		4	1	
OG0028543	NC_089036.1.g7129, NC_089044.1.g33395			NC_089036.1.g7043			NC_089036.1.g7076, NC_089037.1.g10979, NC_089044.1.g33169	NC_089036.1.g7127	3	1	
OG0028551	NC_089036.1.g7251, NC_089037.1.g10876		NC_089037.1.g10837	NC_089037.1.g10794	NC_089037.1.g10850	NC_089037.1.g10965		NC_089037.1.g10885	5	1	
OG0028552	NC_089036.1.g7258		NC_089036.1.g7212, NC_089041.1.g26840	NC_089041.1.g26633	NC_089036.1.g7237	NC_089041.1.g27188	NC_089041.1.g26803		5	1	
OG0028557	NC_089036.1.g7322, NC_089045.1.g34483	NC_089036.1.g7279	NC_089045.1.g34264	NC_089045.1.g34038				NC_089036.1.g7317, NC_089045.1.g34471	4	1	
OG0028584	NC_089036.1.g8045	NC_089036.1.g8016		NC_089036.1.g7964, NC_089037.1.g13804	NC_089036.1.g8021	NC_089036.1.g8118	NC_089036.1.g8023		5	1	
OG0028585	NC_089036.1.g8073		NC_089036.1.g8035	NC_089036.1.g7995	NC_089036.1.g8049	NC_089036.1.g8148, NC_089041.1.g24390	NC_089036.1.g8052		5	1	
OG0028587	NC_089036.1.g8130, NC_089036.1.g8132, NC_089038.1.g16383				NC_089036.1.g8107, NC_089036.1.g8108			NC_089036.1.g8131, NC_089036.1.g8132	2	1	
OG0028594	NC_089036.1.g8311	NC_089040.1.g22268	NC_089044.1.g32973				NC_089040.1.g22281, NC_089045.1.g36785	NC_089040.1.g22324, NC_089045.1.g36997	4	1	
OG0028597	NC_089036.1.g8395	NC_089036.1.g8367	NC_089036.1.g8358	NC_089036.1.g8313		NC_089036.1.g8475	NC_089036.1.g8366, NC_089036.1.g8367		5	1	
OG0028627	NC_089037.1.g9523, NC_089039.1.g18132	NC_089037.1.g9495, NC_089039.1.g17971, NC_089040.1.g22787, NC_089045.1.g35088		NC_089039.1.g17982					2	1	
OG0028644	NC_089037.1.g9969	NC_089037.1.g9932		NC_089037.1.g9892	NC_089037.1.g9943	NC_089037.1.g10066		NC_089037.1.g9967, NC_089040.1.g23026	5	1	
OG0028650	NC_089037.1.g10167, NC_089042.1.g27860, NC_089046.1.g39681				NC_089037.1.g10144, NC_089039.1.g17873, NC_089046.1.g39733		NC_089037.1.g10137		2	1	
OG0028660	NC_089037.1.g10550	NC_089037.1.g10519		NC_089037.1.g10465, NC_089037.1.g10467	NC_089037.1.g10526	NC_089037.1.g10645		NC_089037.1.g10565	5	1	
OG0028669	NC_089037.1.g10771			NC_089037.1.g10692	NC_089037.1.g10746	NC_089037.1.g10862	NC_089037.1.g10744	NC_089037.1.g10782, NC_089042.1.g28726	5	1	
OG0028689	NC_089037.1.g11372	NC_089037.1.g11318	NC_089037.1.g11320, NC_089046.1.g38551		NC_089037.1.g11333		NC_089046.1.g38502	NC_089037.1.g11379	5	1	
OG0028696	NC_089037.1.g11503	NC_089043.1.g30003	NC_089043.1.g30010		NC_089043.1.g30104		NC_089043.1.g29937	NC_089037.1.g11513, NC_089043.1.g30103	5	1	
OG0028700	NC_089037.1.g11652, NC_089045.1.g35644		NC_089037.1.g11614	NC_089045.1.g35195	NC_089037.1.g11623	NC_089045.1.g35997		NC_089037.1.g11669	5	1	
OG0028704	NC_089037.1.g11712, NC_089039.1.g19744		NC_089037.1.g11670	NC_089039.1.g19568		NC_089039.1.g19912	NC_089039.1.g19656	NC_089039.1.g19676	5	1	
OG0028709	NC_089037.1.g11826	NC_089037.1.g11769	NC_089037.1.g11782	NC_089037.1.g11717		NC_089037.1.g11907		NC_089036.1.g6661, NC_089037.1.g11833	5	1	
OG0028716	NC_089037.1.g11918, NC_089038.1.g16889				NC_089038.1.g16824	NC_089037.1.g12003, NC_089038.1.g17017	NC_089038.1.g16816	NC_089038.1.g16832	4	1	
OG0028717	NC_089037.1.g11935	NC_089044.1.g32311	NC_089036.1.g7835, NC_089037.1.g11895	NC_089044.1.g32026	NC_089044.1.g32443		NC_089040.1.g22890		5	1	
OG0028727	NC_089037.1.g12071	NC_089036.1.g6431, NC_089037.1.g11994, NC_089045.1.g34391			NC_089037.1.g12026		NC_089036.1.g6398	NC_089042.1.g27451	4	1	
OG0028729	NC_089037.1.g12086, NC_089043.1.g30493			NC_089043.1.g30070		NC_089043.1.g30737		NC_089037.1.g12076, NC_089042.1.g28347, NC_089043.1.g30431	3	1	
OG0028743	NC_089037.1.g12335	NC_089046.1.g37486		NC_089037.1.g12221	NC_089046.1.g37667		NC_089037.1.g12260, NC_089046.1.g37383	NC_089046.1.g37593	5	1	
OG0028752	NC_089037.1.g12493, NC_089042.1.g28418		NC_089042.1.g28262		NC_089042.1.g28378	NC_089042.1.g28608	NC_089042.1.g28217	NC_089042.1.g28327	5	1	
OG0028761	NC_089037.1.g12657	NC_089037.1.g12584	NC_089037.1.g12617			NC_089037.1.g12750	NC_089037.1.g12600	NC_089037.1.g12662, NC_089040.1.g23627	5	1	
OG0028772	NC_089037.1.g13076		NC_089037.1.g13032	NC_089037.1.g12966	NC_089037.1.g13035, NC_089037.1.g13037	NC_089037.1.g13173		NC_089037.1.g13079	5	1	
OG0028858	NC_089038.1.g14956	NC_089038.1.g14858	NC_089038.1.g14933		NC_089038.1.g14902, NC_089038.1.g14960		NC_089038.1.g14889	NC_089038.1.g14951	5	1	
OG0028865	NC_089038.1.g15106		NC_089038.1.g15016	NC_089035.1.g952, NC_089038.1.g14968		NC_089038.1.g15216	NC_089038.1.g15047	NC_089038.1.g15094	5	1	
OG0028879	NC_089038.1.g15314	NC_089038.1.g15208		NC_089038.1.g14369, NC_089038.1.g15190		NC_089038.1.g15437	NC_089038.1.g15262	NC_089038.1.g15286	5	1	
OG0028897	NC_089038.1.g15735			NC_089038.1.g15607		NC_089038.1.g15857	NC_089040.1.g22444	NC_089038.1.g15698, NC_089039.1.g18391, NC_089040.1.g22478	4	1	
OG0028913	NC_089038.1.g16219	NC_089038.1.g16114	NC_089038.1.g16125		NC_089038.1.g16174, NC_089040.1.g21747		NC_089038.1.g16177	NC_089038.1.g16179	5	1	
OG0028919	NC_089038.1.g16347		NC_089036.1.g9389, NC_089038.1.g16256, NC_089038.1.g16258			NC_089038.1.g16478		NC_089038.1.g16307, NC_089038.1.g16311	3	1	
OG0028922	NC_089038.1.g16538, NC_089043.1.g30000		NC_089038.1.g16444	NC_089038.1.g16398	NC_089038.1.g16483		NC_089038.1.g16483	NC_089038.1.g16493	5	1	
OG0028932	NC_089038.1.g16762	NC_089038.1.g16620		NC_089038.1.g16608, NC_089040.1.g23249	NC_089040.1.g23509	NC_089038.1.g16893		NC_089038.1.g16705	5	1	
OG0028933	NC_089038.1.g16837, NC_089038.1.g16838	NC_089038.1.g16692		NC_089038.1.g16684	NC_089038.1.g16774		NC_089038.1.g16767	NC_089038.1.g16781	5	1	
OG0028940	NC_089038.1.g17050	NC_089038.1.g16896, NC_089045.1.g35724	NC_089038.1.g16956, NC_089045.1.g35649			NC_089038.1.g17181	NC_089038.1.g16977		4	1	
OG0028956	NC_089038.1.g17509			NC_089038.1.g16897, NC_089038.1.g17360	NC_089038.1.g17444	NC_089038.1.g17644	NC_089038.1.g17435	NC_089038.1.g17457	5	1	
OG0028993	NC_089039.1.g18446			NC_089035.1.g734, NC_089039.1.g18278	NC_089039.1.g18402, NC_089041.1.g26603	NC_089039.1.g18593	NC_089039.1.g18378		4	1	
OG0029001	NC_089039.1.g18571	NC_089039.1.g18402	NC_089039.1.g18469, NC_089041.1.g26995		NC_089039.1.g18520	NC_089039.1.g18722	NC_089039.1.g18504		5	1	
OG0029005	NC_089039.1.g18623	NC_089039.1.g18452, NC_089041.1.g24531	NC_089039.1.g18519		NC_089039.1.g18577	NC_089039.1.g18773	NC_089039.1.g18554		5	1	
OG0029030	NC_089039.1.g19049	NC_089041.1.g24933	NC_089039.1.g18938, NC_089041.1.g24942			NC_089039.1.g19210	NC_089041.1.g24913	NC_089041.1.g24964	5	1	
OG0029031	NC_089039.1.g19086, NC_089043.1.g30526	NC_089043.1.g30376		NC_089039.1.g18911, NC_089043.1.g30101	NC_089043.1.g30465			NC_089043.1.g30459	4	1	
OG0029034	NC_089039.1.g19113	NC_089039.1.g18949	NC_089039.1.g19002		NC_089039.1.g19059		NC_089039.1.g19042	NC_089039.1.g19052, NC_089045.1.g36882	5	1	
OG0029035	NC_089039.1.g19121	NC_089037.1.g11432, NC_089039.1.g18956	NC_089037.1.g11439, NC_089039.1.g19009				NC_089037.1.g11431, NC_089039.1.g19049		3	1	
OG0029044	NC_089039.1.g19428	NC_089039.1.g19272		NC_089039.1.g19248	NC_089039.1.g19383	NC_089039.1.g19593		NC_089039.1.g19369, NC_089046.1.g38403	5	1	
OG0029048	NC_089039.1.g19476, NC_089041.1.g25893, NC_089042.1.g27799	NC_089039.1.g19319	NC_089039.1.g19373			NC_089039.1.g19638, NC_089042.1.g27996			3	1	
OG0029054	NC_089039.1.g19752, NC_089042.1.g28471	NC_089039.1.g19595, NC_089042.1.g28305	NC_089039.1.g19646				NC_089039.1.g19667	NC_089039.1.g19683	4	1	
OG0029058	NC_089039.1.g19966	NC_089039.1.g19809	NC_089039.1.g19866		NC_089039.1.g19921, NC_089039.1.g19922	NC_089039.1.g20131		NC_089039.1.g19887	5	1	
OG0029060	NC_089039.1.g19991, NC_089043.1.g30355	NC_089039.1.g19835				NC_089039.1.g20157	NC_089039.1.g19886, NC_089043.1.g30020	NC_089039.1.g19913	4	1	
OG0029097	NC_089040.1.g21161	NC_089040.1.g21015	NC_089040.1.g21062			NC_089040.1.g21333	NC_089040.1.g21051	NC_089040.1.g21079, NC_089046.1.g38664	5	1	
OG0029109	NC_089040.1.g21412	NC_089040.1.g21261			NC_089040.1.g21375	NC_089040.1.g21575	NC_089040.1.g21296	NC_089037.1.g13859, NC_089040.1.g21323	5	1	
OG0029117	NC_089040.1.g21576	NC_089040.1.g21419	NC_089040.1.g21465			NC_089040.1.g21732	NC_089040.1.g21459	NC_089040.1.g21478, NC_089046.1.g37905	5	1	
OG0029152	NC_089040.1.g22027	NC_089040.1.g21857	NC_089040.1.g21916	NC_089040.1.g21789, NC_089040.1.g21790	NC_089040.1.g21984	NC_089040.1.g22189			5	1	
OG0029153	NC_089040.1.g22053	NC_089040.1.g21886	NC_089040.1.g21942	NC_089040.1.g21814, NC_089040.1.g21815	NC_089040.1.g22016		NC_089040.1.g21911		5	1	
OG0029156	NC_089040.1.g22096		NC_089040.1.g21979	NC_089040.1.g21856		NC_089040.1.g22250, NC_089040.1.g22251	NC_089040.1.g21946	NC_089040.1.g21988	5	1	
OG0029180	NC_089040.1.g22321	NC_089040.1.g22628	NC_089040.1.g22682	NC_089040.1.g22077, NC_089040.1.g22507	NC_089040.1.g22761		NC_089040.1.g22638		5	1	
OG0029184	NC_089040.1.g22449, NC_089046.1.g38166	NC_089040.1.g22290	NC_089039.1.g17857, NC_089040.1.g22326	NC_089040.1.g22180			NC_089040.1.g22298		4	1	
OG0029185	NC_089040.1.g22455, NC_089045.1.g34530	NC_089045.1.g34388		NC_089045.1.g34082	NC_089045.1.g34543	NC_089045.1.g34867	NC_089045.1.g34305		5	1	
OG0029195	NC_089040.1.g22639	NC_089040.1.g22475			NC_089040.1.g22603	NC_089040.1.g22807	NC_089040.1.g22485, NC_089040.1.g22486	NC_089040.1.g22519	5	1	
OG0029234	NC_089040.1.g23289		NC_089044.1.g34202	NC_089040.1.g22991	NC_089040.1.g23252, NC_089044.1.g34438	NC_089040.1.g23470		NC_089040.1.g23171	5	1	
OG0029239	NC_089040.1.g23411	NC_089040.1.g23247, NC_089043.1.g30953	NC_089040.1.g23285	NC_089040.1.g23112	NC_089040.1.g23376		NC_089040.1.g23253		5	1	
OG0029253	NC_089040.1.g23832		NC_089040.1.g23710	NC_089040.1.g23533	NC_089040.1.g23795	NC_089040.1.g24005	NC_089040.1.g23672, NC_089040.1.g23674		5	1	
OG0029261	NC_089041.1.g24157		NC_089041.1.g24033		NC_089035.1.g4437, NC_089041.1.g24111	NC_089041.1.g24321	NC_089041.1.g23983	NC_089041.1.g24027	5	1	
OG0029263	NC_089041.1.g24239	NC_089042.1.g27392	NC_089041.1.g24105, NC_089042.1.g27398	NC_089041.1.g23918	NC_089042.1.g27498			NC_089042.1.g27456	5	1	
OG0029277	NC_089041.1.g24671		NC_089041.1.g24523	NC_089041.1.g24358	NC_089041.1.g24622	NC_089041.1.g24821		NC_089041.1.g24536, NC_089043.1.g30858	5	1	
OG0029281	NC_089041.1.g24710			NC_089041.1.g24398	NC_089041.1.g24659	NC_089041.1.g24862	NC_089041.1.g24523	NC_089037.1.g13606, NC_089041.1.g24574	5	1	
OG0029289	NC_089041.1.g24846	NC_089041.1.g24668			NC_089041.1.g24794	NC_089041.1.g24998	NC_089037.1.g11230, NC_089041.1.g24654	NC_089041.1.g24704	5	1	
OG0029298	NC_089041.1.g25009, NC_089042.1.g28479		NC_089042.1.g28334	NC_089041.1.g24688		NC_089041.1.g25157	NC_089042.1.g28278	NC_089042.1.g28396	5	1	
OG0029307	NC_089041.1.g25189	NC_089041.1.g25033	NC_089037.1.g11941, NC_089041.1.g25034		NC_089041.1.g25147		NC_089041.1.g25008	NC_089041.1.g25055	5	1	
OG0029321	NC_089041.1.g25484, NC_089041.1.g25485	NC_089041.1.g25326	NC_089041.1.g25325		NC_089041.1.g25436		NC_089041.1.g25287	NC_089041.1.g25353	5	1	
OG0029322	NC_089041.1.g25500, NC_089041.1.g25501	NC_089041.1.g25339	NC_089041.1.g25339	NC_089041.1.g25176		NC_089041.1.g25665	NC_089041.1.g25300		5	1	
OG0029334	NC_089041.1.g25844		NC_089041.1.g25685	NC_089041.1.g25501	NC_089039.1.g18010, NC_089041.1.g25790		NC_089041.1.g25633	NC_089041.1.g25720	5	1	
OG0029363	NC_089041.1.g26353			NC_089041.1.g25987		NC_089041.1.g26523	NC_089036.1.g9056, NC_089041.1.g26152	NC_089036.1.g9080, NC_089041.1.g26226	4	1	
OG0029370	NC_089041.1.g26434	NC_089041.1.g26278		NC_089041.1.g26075, NC_089045.1.g34952		NC_089041.1.g26613	NC_089041.1.g26238	NC_089041.1.g26315	5	1	
OG0029395	NC_089042.1.g27205, NC_089043.1.g30241		NC_089043.1.g30098	NC_089040.1.g22306, NC_089043.1.g29831		NC_089043.1.g30488	NC_089043.1.g30030		4	1	
OG0029416	NC_089042.1.g27810	NC_089042.1.g27642		NC_089042.1.g27463	NC_089042.1.g27759	NC_089042.1.g28008, NC_089042.1.g28014	NC_089042.1.g27637		5	1	
OG0029430	NC_089042.1.g28009	NC_089044.1.g32298				NC_089042.1.g28212	NC_089042.1.g27828, NC_089044.1.g32198	NC_089042.1.g27918, NC_089044.1.g32397	4	1	
OG0029484	NC_089042.1.g28986	NC_089042.1.g28818, NC_089043.1.g30435	NC_089042.1.g28834	NC_089036.1.g7209, NC_089042.1.g28562	NC_089042.1.g28922				4	1	
OG0029492	NC_089042.1.g29155	NC_089037.1.g9820, NC_089042.1.g28987	NC_089038.1.g16250	NC_089038.1.g16102		NC_089038.1.g16374, NC_089044.1.g33723			4	1	
OG0029493	NC_089042.1.g29184, NC_089045.1.g34907	NC_089045.1.g34756	NC_089045.1.g34673	NC_089042.1.g28753, NC_089045.1.g34454		NC_089045.1.g35237			4	1	
OG0029532	NC_089043.1.g30177	NC_089043.1.g30021, NC_089043.1.g30022	NC_089043.1.g30028		NC_089043.1.g30124		NC_089043.1.g29955	NC_089043.1.g30122	5	1	
OG0029536	NC_089043.1.g30211	NC_089037.1.g12002			NC_089043.1.g30169, NC_089046.1.g38493	NC_089037.1.g12162, NC_089043.1.g30450		NC_089043.1.g30165	4	1	
OG0029537	NC_089043.1.g30215	NC_089043.1.g30071		NC_089043.1.g29798	NC_089043.1.g30172	NC_089043.1.g30454		NC_089043.1.g30167, NC_089043.1.g30168	5	1	
OG0029539	NC_089043.1.g30261		NC_089041.1.g24096	NC_089043.1.g29851	NC_089043.1.g30220		NC_089041.1.g24048, NC_089043.1.g30046	NC_089043.1.g30219	5	1	
OG0029549	NC_089043.1.g30386	NC_089043.1.g30239		NC_089043.1.g29972		NC_089043.1.g30634	NC_089043.1.g30157, NC_089044.1.g33338	NC_089043.1.g30319	5	1	
OG0029553	NC_089043.1.g30504	NC_089043.1.g30356	NC_089043.1.g30335, NC_089044.1.g32236		NC_089043.1.g30442		NC_089043.1.g30270	NC_089043.1.g30440	5	1	
OG0029568	NC_089043.1.g30763	NC_089043.1.g30627			NC_089043.1.g30715, NC_089043.1.g30716	NC_089043.1.g31032	NC_089043.1.g30516	NC_089043.1.g30707	5	1	
OG0029571	NC_089043.1.g30820	NC_089040.1.g20628, NC_089043.1.g30685	NC_089039.1.g19162			NC_089043.1.g31090		NC_089040.1.g20690, NC_089043.1.g30758	4	1	
OG0029572	NC_089043.1.g30889	NC_089043.1.g30275, NC_089043.1.g30756	NC_089043.1.g30260, NC_089043.1.g30719	NC_089043.1.g30473				NC_089043.1.g30830	4	1	
OG0029575	NC_089043.1.g30911		NC_089043.1.g30743		NC_089043.1.g30869	NC_089043.1.g31180	NC_089043.1.g30666	NC_089043.1.g30839, NC_089043.1.g30852	5	1	
OG0029577	NC_089043.1.g30914		NC_089043.1.g30748		NC_089043.1.g30874		NC_089043.1.g30670, NC_089043.1.g30671, NC_089044.1.g32851	NC_089043.1.g30857	4	1	
OG0029587	NC_089043.1.g31101	NC_089038.1.g14149	NC_089043.1.g30907		NC_089038.1.g14192	NC_089038.1.g14359		NC_089038.1.g14253, NC_089043.1.g31015	5	1	
OG0029595	NC_089043.1.g31405		NC_089043.1.g31210	NC_089039.1.g17745, NC_089039.1.g18638, NC_089043.1.g30957		NC_089043.1.g31666		NC_089043.1.g31314	4	1	
OG0029602	NC_089043.1.g31799			NC_089043.1.g30525	NC_089043.1.g31744	NC_089043.1.g31213, NC_089043.1.g32068	NC_089043.1.g30701	NC_089043.1.g30887	5	1	
OG0029650	NC_089044.1.g32643, NC_089046.1.g38394			NC_089038.1.g14282	NC_089038.1.g14350	NC_089038.1.g14518, NC_089044.1.g32936	NC_089038.1.g15008		4	1	
OG0029673	NC_089044.1.g33057	NC_089040.1.g21451	NC_089037.1.g11860, NC_089040.1.g21497		NC_089044.1.g32702		NC_089036.1.g6731	NC_089035.1.g1857	5	1	
OG0029674	NC_089044.1.g33063	NC_089044.1.g32951, NC_089044.1.g32952		NC_089044.1.g32638		NC_089036.1.g6441, NC_089044.1.g33387		NC_089040.1.g21672	4	1	
OG0029705	NC_089044.1.g33563, NC_089044.1.g33568			NC_089044.1.g33145	NC_089044.1.g33592	NC_089044.1.g33906	NC_089044.1.g33346	NC_089044.1.g33560	5	1	
OG0029721	NC_089044.1.g33876, NC_089044.1.g33910			NC_089044.1.g33476	NC_089044.1.g33922	NC_089044.1.g34241	NC_089044.1.g33679	NC_089044.1.g33889	5	1	
OG0029728	NC_089044.1.g34061		NC_089045.1.g35629	NC_089042.1.g28268	NC_089043.1.g30303	NC_089036.1.g6640, NC_089042.1.g28863		NC_089036.1.g9050	5	1	
OG0029731	NC_089044.1.g34135, NC_089045.1.g36921, NC_089045.1.g37007	NC_089045.1.g36858				NC_089045.1.g37287	NC_089045.1.g36752	NC_089045.1.g36968	4	1	
OG0029734	NC_089044.1.g34246		NC_089044.1.g34022	NC_089044.1.g33802	NC_089036.1.g7227, NC_089044.1.g34265	NC_089044.1.g34583	NC_089044.1.g34025		5	1	
OG0029736	NC_089044.1.g34360	NC_089044.1.g34225		NC_089044.1.g33919	NC_089044.1.g34381	NC_089044.1.g34527, NC_089044.1.g34700	NC_089044.1.g34143		5	1	
OG0029760	NC_089045.1.g34952	NC_089045.1.g34801	NC_089045.1.g34715	NC_089045.1.g34497, NC_089045.1.g34498	NC_089045.1.g34954		NC_089045.1.g34705		5	1	
OG0029796	NC_089045.1.g35381		NC_089045.1.g35173	NC_089035.1.g1083, NC_089045.1.g34948	NC_089035.1.g1068	NC_089035.1.g1101, NC_089045.1.g35730			4	1	
OG0029798	NC_089045.1.g35393	NC_089045.1.g35261, NC_089045.1.g35262	NC_089045.1.g35184		NC_089045.1.g35416	NC_089045.1.g35741		NC_089045.1.g35398	5	1	
OG0029805	NC_089045.1.g35538	NC_089037.1.g9757			NC_089037.1.g9757	NC_089045.1.g35890	NC_089037.1.g9751	NC_089037.1.g9781, NC_089045.1.g35543	5	1	
OG0029810	NC_089045.1.g35628	NC_089045.1.g35488	NC_089045.1.g35417	NC_089045.1.g35177	NC_089045.1.g35511, NC_089045.1.g35655	NC_089045.1.g35979			5	1	
OG0029826	NC_089045.1.g35785		NC_089037.1.g11247	NC_089039.1.g18391, NC_089040.1.g22690	NC_089040.1.g22615	NC_089040.1.g23057	NC_089038.1.g14176		5	1	
OG0029831	NC_089045.1.g35836	NC_089045.1.g35686, NC_089046.1.g38018	NC_089045.1.g35613	NC_089045.1.g35385	NC_089045.1.g35856	NC_089045.1.g36192			5	1	
OG0029836	NC_089045.1.g35908			NC_089040.1.g22304	NC_089040.1.g22556	NC_089040.1.g22754	NC_089040.1.g22440	NC_089040.1.g22475, NC_089046.1.g38067	5	1	
OG0029838	NC_089045.1.g35928, NC_089045.1.g35929		NC_089045.1.g35705	NC_089045.1.g35482			NC_089045.1.g35685, NC_089045.1.g35686	NC_089045.1.g35915	4	1	
OG0029840	NC_089045.1.g35947		NC_089045.1.g35719	NC_089045.1.g35499		NC_089045.1.g36307	NC_089045.1.g35701	NC_089045.1.g35924, NC_089045.1.g35930	5	1	
OG0029877	NC_089045.1.g36552	NC_089045.1.g36402	NC_089045.1.g36326, NC_089045.1.g36328		NC_089045.1.g36597		NC_089045.1.g36287	NC_089045.1.g36517	5	1	
OG0029904	NC_089045.1.g36940, NC_089045.1.g36948	NC_089045.1.g36799	NC_089045.1.g36722	NC_089045.1.g36453		NC_089045.1.g37311	NC_089045.1.g36701		5	1	
OG0029919	NC_089045.1.g37177	NC_089045.1.g37013, NC_089045.1.g37014	NC_089045.1.g36939		NC_089045.1.g37188	NC_089045.1.g37542		NC_089045.1.g37124	5	1	
OG0029921	NC_089045.1.g37183	NC_089041.1.g25195, NC_089045.1.g35717, NC_089045.1.g35896		NC_089044.1.g32076			NC_089042.1.g27599, NC_089045.1.g36194		3	1	
OG0029923	NC_089045.1.g37194	NC_089045.1.g37030	NC_089038.1.g14538, NC_089045.1.g36955		NC_089045.1.g37202	NC_089045.1.g37556	NC_089045.1.g36944		5	1	
OG0029932	NC_089046.1.g37517, NC_089046.1.g37530			NC_089046.1.g36979, NC_089046.1.g36995		NC_089046.1.g37874, NC_089046.1.g37889		NC_089046.1.g37470	3	1	
OG0029933	NC_089046.1.g37586	NC_089045.1.g34640, NC_089046.1.g37417		NC_089046.1.g37049	NC_089045.1.g34799, NC_089046.1.g37598	NC_089046.1.g37942			4	1	
OG0029968	NC_089046.1.g38221				NC_089036.1.g8328, NC_089040.1.g23238, NC_089046.1.g38248	NC_089036.1.g8431, NC_089040.1.g23446, NC_089046.1.g38597			2	1	
OG0029972	NC_089046.1.g38281	NC_089046.1.g38122		NC_089046.1.g37744, NC_089046.1.g37745	NC_089046.1.g38310	NC_089046.1.g38658	NC_089046.1.g38018		5	1	
OG0029976	NC_089046.1.g38317		NC_089046.1.g38082		NC_089046.1.g38342	NC_089046.1.g38692, NC_089046.1.g38693	NC_089046.1.g38049	NC_089046.1.g38251	5	1	
OG0029986	NC_089046.1.g38374		NC_089043.1.g30158, NC_089046.1.g38140	NC_089042.1.g28928	NC_089046.1.g38399	NC_089042.1.g29552, NC_089046.1.g38753			4	1	
OG0029987	NC_089046.1.g38376	NC_089046.1.g38225	NC_089045.1.g36210, NC_089046.1.g38143	NC_089046.1.g37832	NC_089046.1.g38402			NC_089046.1.g38306	5	1	
OG0029990	NC_089046.1.g38423	NC_089046.1.g38275	NC_089046.1.g38185		NC_089046.1.g38450	NC_089041.1.g25252, NC_089046.1.g38806		NC_089041.1.g24956	5	1	
OG0030025	NC_089046.1.g38852	NC_089039.1.g20425, NC_089046.1.g38713	NC_089046.1.g38620	NC_089046.1.g38317	NC_089046.1.g38901		NC_089046.1.g38575		5	1	
OG0030030	NC_089046.1.g38932			NC_089046.1.g38394	NC_089046.1.g38985	NC_089046.1.g39340	NC_089046.1.g38653	NC_089046.1.g38876, NC_089046.1.g38877	5	1	
OG0030066	NC_089046.1.g39634	NC_089037.1.g9485, NC_089046.1.g39507		NC_089037.1.g9439, NC_089046.1.g39082	NC_089037.1.g9480, NC_089046.1.g39690				3	1	
OG0030069		NC_089035.1.g273, NC_089039.1.g19660			NC_089039.1.g19768	NC_089035.1.g280, NC_089036.1.g6153	NC_089039.1.g19728	NC_089039.1.g19750	5	0	
OG0030074		NC_089035.1.g454, NC_089038.1.g14983		NC_089038.1.g14956	NC_089038.1.g15031	NC_089035.1.g462, NC_089038.1.g15204	NC_089038.1.g15035		5	0	
OG0030077		NC_089035.1.g649, NC_089046.1.g38485		NC_089035.1.g644, NC_089046.1.g38089		NC_089046.1.g39020	NC_089035.1.g622	NC_089046.1.g38566	5	0	
OG0030086		NC_089035.1.g1531	NC_089035.1.g1502		NC_089035.1.g1509, NC_089035.1.g2101	NC_089035.1.g1541, NC_089038.1.g14576	NC_089035.1.g1494		5	0	
OG0030095		NC_089035.1.g2356		NC_089035.1.g2341, NC_089037.1.g10867	NC_089035.1.g2353, NC_089037.1.g10925			NC_089035.1.g2331, NC_089037.1.g10962	4	0	
OG0030099		NC_089035.1.g2580, NC_089040.1.g21687	NC_089035.1.g2582	NC_089040.1.g21632	NC_089035.1.g2573		NC_089035.1.g2578, NC_089040.1.g21723		5	0	
OG0030106		NC_089035.1.g2987, NC_089046.1.g38113	NC_089046.1.g38040	NC_089046.1.g37735		NC_089035.1.g3021, NC_089046.1.g38648	NC_089046.1.g38007		5	0	
OG0030120		NC_089035.1.g3578, NC_089036.1.g7888			NC_089035.1.g3572, NC_089036.1.g7894	NC_089036.1.g7989	NC_089035.1.g3554, NC_089036.1.g7892		4	0	
OG0030126		NC_089035.1.g3961, NC_089037.1.g9763, NC_089039.1.g19150		NC_089035.1.g3909		NC_089035.1.g4014, NC_089037.1.g9881		NC_089035.1.g3934	4	0	
OG0030137		NC_089036.1.g5542	NC_089035.1.g4195, NC_089036.1.g5544, NC_089039.1.g20037	NC_089036.1.g5479	NC_089036.1.g5540		NC_089036.1.g5504		5	0	
OG0030140		NC_089036.1.g6277, NC_089036.1.g7239, NC_089044.1.g33389, NC_089045.1.g35753		NC_089045.1.g35456				NC_089042.1.g27289, NC_089045.1.g35891	3	0	
OG0030147		NC_089036.1.g6977, NC_089039.1.g18248		NC_089039.1.g18247	NC_089037.1.g13290, NC_089039.1.g18367	NC_089039.1.g18557	NC_089039.1.g18342		5	0	
OG0030150		NC_089036.1.g7328	NC_089036.1.g7326			NC_089036.1.g7429	NC_089036.1.g7324, NC_089043.1.g30462	NC_089036.1.g7360, NC_089046.1.g38660	5	0	
OG0030155		NC_089036.1.g8165, NC_089040.1.g22295	NC_089036.1.g8154, NC_089040.1.g22331			NC_089036.1.g8268, NC_089037.1.g9871, NC_089040.1.g22615			3	0	
OG0030163		NC_089037.1.g9626	NC_089037.1.g9616		NC_089037.1.g9619	NC_089037.1.g9742, NC_089038.1.g14721		NC_089037.1.g9642, NC_089038.1.g14610	5	0	
OG0030195		NC_089037.1.g12678, NC_089042.1.g28462		NC_089037.1.g12638	NC_089037.1.g12716, NC_089042.1.g28585		NC_089037.1.g12698	NC_089037.1.g12762	5	0	
OG0030196		NC_089037.1.g12943, NC_089046.1.g38006	NC_089037.1.g12977				NC_089037.1.g12963, NC_089038.1.g14834, NC_089045.1.g35083, NC_089046.1.g37895		3	0	
OG0030197		NC_089037.1.g13212		NC_089035.1.g5002	NC_089035.1.g5061		NC_089035.1.g5029	NC_089035.1.g5041, NC_089038.1.g16785, NC_089041.1.g24742	5	0	
OG0030207		NC_089038.1.g14889, NC_089041.1.g23870	NC_089041.1.g23911	NC_089041.1.g23737	NC_089041.1.g23987			NC_089038.1.g14983, NC_089041.1.g23910	5	0	
OG0030218		NC_089038.1.g17322, NC_089041.1.g24438, NC_089041.1.g26918		NC_089041.1.g24299, NC_089042.1.g27142	NC_089041.1.g24568	NC_089036.1.g7540			4	0	
OG0030247		NC_089039.1.g20253	NC_089041.1.g26771	NC_089039.1.g20221, NC_089039.1.g20224		NC_089039.1.g20572, NC_089041.1.g27112, NC_089042.1.g29833			4	0	
OG0030254		NC_089040.1.g20987, NC_089042.1.g28228		NC_089040.1.g20956		NC_089040.1.g21303, NC_089042.1.g28583	NC_089040.1.g21024	NC_089040.1.g21052	5	0	
OG0030270		NC_089040.1.g22476, NC_089040.1.g22478	NC_089040.1.g22512, NC_089040.1.g22520		NC_089040.1.g22604, NC_089040.1.g22607			NC_089040.1.g22521	4	0	
OG0030321		NC_089042.1.g28934	NC_089042.1.g28949		NC_089042.1.g29038		NC_089042.1.g28386, NC_089042.1.g28888, NC_089042.1.g28889	NC_089042.1.g29018	5	0	
OG0030354		NC_089043.1.g31027, NC_089045.1.g35591			NC_089041.1.g25522	NC_089039.1.g18496	NC_089039.1.g18280, NC_089045.1.g35501	NC_089039.1.g18297	5	0	
OG0030359		NC_089043.1.g31563	NC_089037.1.g11761, NC_089043.1.g31542		NC_089043.1.g31676		NC_089043.1.g31481	NC_089043.1.g31652, NC_089045.1.g34511	5	0	
OG0030422		NC_089046.1.g37882, NC_089046.1.g37899, NC_089046.1.g37909		NC_089046.1.g37504, NC_089046.1.g37523		NC_089046.1.g38420, NC_089046.1.g38438			3	0	
OG0030426		NC_089046.1.g38245		NC_089046.1.g37850	NC_089041.1.g24688, NC_089046.1.g38420	NC_089041.1.g24895, NC_089046.1.g38773	NC_089046.1.g38118		5	0	
OG0030432		NC_089046.1.g38439	NC_089040.1.g22700, NC_089045.1.g35369, NC_089046.1.g37388			NC_089043.1.g30892	NC_089046.1.g37357	NC_089046.1.g37566	5	0	
OG0030450			NC_089035.1.g1807, NC_089038.1.g14131, NC_089042.1.g28522, NC_089046.1.g38045				NC_089042.1.g28461	NC_089042.1.g28584, NC_089046.1.g38218	3	0	
OG0030451			NC_089035.1.g2901		NC_089035.1.g1684, NC_089045.1.g36853	NC_089035.1.g1729, NC_089035.1.g2936		NC_089035.1.g2875, NC_089045.1.g36771	4	0	
OG0030452			NC_089035.1.g3935, NC_089035.1.g5157		NC_089035.1.g5153	NC_089035.1.g5214, NC_089036.1.g9460	NC_089044.1.g32969	NC_089035.1.g5132	5	0	
OG0030453			NC_089037.1.g12901, NC_089037.1.g12902	NC_089037.1.g12832	NC_089037.1.g12901, NC_089037.1.g12902	NC_089037.1.g13039	NC_089037.1.g12888		5	0	
OG0030454			NC_089038.1.g15228, NC_089041.1.g25191	NC_089041.1.g25038	NC_089038.1.g15263, NC_089041.1.g25306	NC_089038.1.g15438	NC_089038.1.g15263		5	0	
OG0030455			NC_089038.1.g15838	NC_089037.1.g12026, NC_089038.1.g15800		NC_089037.1.g12219, NC_089038.1.g16059	NC_089038.1.g15882	NC_089038.1.g15891	5	0	
OG0030456			NC_089040.1.g21956	NC_089040.1.g21832	NC_089040.1.g22031, NC_089042.1.g28167		NC_089040.1.g21069, NC_089040.1.g21924	NC_089040.1.g21967	5	0	
OG0030457			NC_089040.1.g22412, NC_089043.1.g30744		NC_089037.1.g11615, NC_089040.1.g22501, NC_089043.1.g30871			NC_089040.1.g22421, NC_089043.1.g30854	3	0	
OG0030458			NC_089040.1.g22654, NC_089042.1.g28141			NC_089040.1.g22946, NC_089042.1.g28483	NC_089040.1.g22143, NC_089040.1.g22612, NC_089042.1.g28101		3	0	
OG0030459			NC_089040.1.g23574	NC_089036.1.g5648, NC_089036.1.g5649, NC_089036.1.g5650, NC_089036.1.g5653, NC_089036.1.g5654, NC_089040.1.g23399					2	0	
OG0030463			NC_089044.1.g32410, NC_089044.1.g32412		NC_089037.1.g13009, NC_089044.1.g32576	NC_089044.1.g32875, NC_089044.1.g32877	NC_089037.1.g12995		4	0	
OG0030465			NC_089045.1.g36627		NC_089040.1.g22197, NC_089045.1.g36893	NC_089042.1.g28181, NC_089045.1.g37212	NC_089042.1.g27801, NC_089045.1.g36601		4	0	
OG0030466				NC_089035.1.g2220, NC_089035.1.g3876, NC_089040.1.g20673, NC_089043.1.g29668		NC_089035.1.g2268, NC_089035.1.g3979	NC_089035.1.g2211		3	0	
OG0030467				NC_089037.1.g12598	NC_089038.1.g16588	NC_089046.1.g39309	NC_089036.1.g7225, NC_089036.1.g8428, NC_089038.1.g16586, NC_089042.1.g27972		4	0	
OG0030468				NC_089039.1.g18341, NC_089046.1.g38173	NC_089039.1.g18462	NC_089039.1.g18659	NC_089039.1.g18440	NC_089039.1.g18464, NC_089046.1.g38644	5	0	
OG0030469				NC_089040.1.g22550, NC_089045.1.g35672			NC_089035.1.g1630, NC_089040.1.g22682, NC_089041.1.g24157, NC_089042.1.g29723, NC_089045.1.g35875		2	0	
OG0030470				NC_089041.1.g25189	NC_089041.1.g25461	NC_089041.1.g25325, NC_089041.1.g25680	NC_089041.1.g24978	NC_089041.1.g25027, NC_089041.1.g25382	5	0	
OG0030472					NC_089040.1.g22980, NC_089040.1.g22982	NC_089040.1.g23181, NC_089040.1.g23188, NC_089040.1.g23190, NC_089040.1.g23197		NC_089040.1.g22905	3	0	
OG0030473	NC_089035.1.g126	NC_089035.1.g121		NC_089035.1.g119, NC_089035.1.g121	NC_089035.1.g117			NC_089035.1.g120	4	1	
OG0030474	NC_089035.1.g133	NC_089035.1.g127	NC_089035.1.g124		NC_089035.1.g123		NC_089035.1.g125	NC_089035.1.g126	5	1	
OG0030475	NC_089035.1.g134	NC_089035.1.g128	NC_089035.1.g125		NC_089035.1.g124		NC_089035.1.g126	NC_089035.1.g127	5	1	
OG0030476	NC_089035.1.g193	NC_089035.1.g182	NC_089035.1.g181, NC_089036.1.g7929	NC_089035.1.g187		NC_089035.1.g189			4	1	
OG0030477	NC_089035.1.g199			NC_089035.1.g193	NC_089035.1.g186	NC_089035.1.g195	NC_089035.1.g187	NC_089035.1.g185	5	1	
OG0030478	NC_089035.1.g206			NC_089035.1.g200	NC_089035.1.g193	NC_089035.1.g202	NC_089035.1.g194	NC_089035.1.g192	5	1	
OG0030479	NC_089035.1.g328	NC_089035.1.g322		NC_089035.1.g327	NC_089035.1.g315	NC_089035.1.g332		NC_089035.1.g322	5	1	
OG0030480	NC_089035.1.g339	NC_089035.1.g332	NC_089035.1.g325		NC_089035.1.g327		NC_089035.1.g332	NC_089035.1.g333	5	1	
OG0030481	NC_089035.1.g365	NC_089035.1.g359	NC_089035.1.g354		NC_089035.1.g357		NC_089035.1.g359	NC_089035.1.g362	5	1	
OG0030482	NC_089035.1.g379		NC_089035.1.g368	NC_089035.1.g375	NC_089035.1.g370		NC_089035.1.g372	NC_089035.1.g375	5	1	
OG0030483	NC_089035.1.g409	NC_089035.1.g407	NC_089035.1.g400		NC_089035.1.g402	NC_089035.1.g417		NC_089035.1.g406	5	1	
OG0030484	NC_089035.1.g418	NC_089035.1.g417	NC_089035.1.g411		NC_089035.1.g412		NC_089035.1.g411	NC_089035.1.g416	5	1	
OG0030485	NC_089035.1.g461	NC_089035.1.g468	NC_089035.1.g451		NC_089035.1.g451		NC_089035.1.g452	NC_089035.1.g457	5	1	
OG0030486	NC_089035.1.g466	NC_089035.1.g474	NC_089035.1.g456		NC_089035.1.g455		NC_089035.1.g456	NC_089035.1.g462	5	1	
OG0030487	NC_089035.1.g582	NC_089035.1.g586		NC_089035.1.g586	NC_089035.1.g562		NC_089035.1.g563	NC_089035.1.g570	5	1	
OG0030488	NC_089035.1.g614		NC_089035.1.g591	NC_089035.1.g614	NC_089035.1.g591	NC_089035.1.g627		NC_089035.1.g601	5	1	
OG0030489	NC_089035.1.g662		NC_089035.1.g636	NC_089035.1.g662	NC_089035.1.g637	NC_089035.1.g675	NC_089035.1.g638		5	1	
OG0030490	NC_089035.1.g710	NC_089035.1.g713	NC_089035.1.g686			NC_089035.1.g724	NC_089035.1.g686	NC_089035.1.g694	5	1	
OG0030491	NC_089035.1.g756	NC_089035.1.g761	NC_089035.1.g729	NC_089035.1.g758			NC_089035.1.g733	NC_089035.1.g741	5	1	
OG0030492	NC_089035.1.g784		NC_089035.1.g756	NC_089035.1.g785		NC_089035.1.g796	NC_089035.1.g760	NC_089035.1.g768	5	1	
OG0030493	NC_089035.1.g829	NC_089035.1.g830	NC_089035.1.g801			NC_089035.1.g841	NC_089035.1.g804	NC_089035.1.g811	5	1	
OG0030494	NC_089035.1.g910	NC_089035.1.g914	NC_089035.1.g884		NC_089035.1.g885	NC_089035.1.g924	NC_089035.1.g888		5	1	
OG0030495	NC_089035.1.g953	NC_089035.1.g954	NC_089035.1.g926		NC_089035.1.g930		NC_089035.1.g930	NC_089035.1.g930	5	1	
OG0030496	NC_089035.1.g988	NC_089035.1.g988		NC_089035.1.g987	NC_089035.1.g965	NC_089035.1.g1003		NC_089035.1.g965	5	1	
OG0030497	NC_089035.1.g1006	NC_089035.1.g1009	NC_089035.1.g980		NC_089035.1.g984		NC_089035.1.g981	NC_089035.1.g984	5	1	
OG0030498	NC_089035.1.g1128	NC_089035.1.g1124		NC_089035.1.g1116	NC_089035.1.g1104		NC_089035.1.g1097	NC_089035.1.g1099	5	1	
OG0030499	NC_089035.1.g1213	NC_089035.1.g1208	NC_089035.1.g1175	NC_089035.1.g1199		NC_089035.1.g1216		NC_089035.1.g1182	5	1	
OG0030500	NC_089035.1.g1240		NC_089035.1.g1202	NC_089035.1.g1228	NC_089035.1.g1212	NC_089035.1.g1245	NC_089035.1.g1208		5	1	
OG0030501	NC_089035.1.g1298		NC_089035.1.g1260		NC_089035.1.g1274	NC_089035.1.g1304	NC_089035.1.g1270	NC_089035.1.g1273	5	1	
OG0030502	NC_089035.1.g1299		NC_089035.1.g1261		NC_089035.1.g1275	NC_089035.1.g1305	NC_089035.1.g1271	NC_089035.1.g1274	5	1	
OG0030503	NC_089035.1.g1311	NC_089035.1.g1309		NC_089035.1.g1295	NC_089035.1.g1285	NC_089035.1.g1316	NC_089035.1.g1282		5	1	
OG0030504	NC_089035.1.g1372		NC_089046.1.g38095	NC_089035.1.g1352		NC_089035.1.g1375	NC_089046.1.g38060	NC_089046.1.g38263	5	1	
OG0030505	NC_089035.1.g1427	NC_089035.1.g1422	NC_089035.1.g1387			NC_089035.1.g1433	NC_089035.1.g1391	NC_089035.1.g1398	5	1	
OG0030506	NC_089035.1.g1472	NC_089035.1.g1468	NC_089035.1.g1433		NC_089035.1.g1446		NC_089035.1.g1433	NC_089035.1.g1446	5	1	
OG0030507	NC_089035.1.g1489	NC_089035.1.g1484	NC_089035.1.g1451	NC_089035.1.g1464		NC_089035.1.g1489	NC_089035.1.g1447		5	1	
OG0030508	NC_089035.1.g1507	NC_089035.1.g1501	NC_089035.1.g1469		NC_089035.1.g1481	NC_089035.1.g1508		NC_089035.1.g1476	5	1	
OG0030509	NC_089035.1.g1510	NC_089035.1.g1504	NC_089035.1.g1472	NC_089035.1.g1485		NC_089035.1.g1511	NC_089035.1.g1467		5	1	
OG0030510	NC_089035.1.g1528		NC_089035.1.g1496	NC_089035.1.g1507		NC_089035.1.g1534	NC_089035.1.g1488	NC_089035.1.g1501	5	1	
OG0030511	NC_089035.1.g1569	NC_089035.1.g1564	NC_089035.1.g1537		NC_089035.1.g1541		NC_089035.1.g1529	NC_089035.1.g1535	5	1	
OG0030512	NC_089035.1.g1579	NC_089035.1.g1570	NC_089035.1.g1545	NC_089035.1.g1560			NC_089035.1.g1537	NC_089035.1.g1543	5	1	
OG0030513	NC_089035.1.g1618	NC_089035.1.g1609	NC_089035.1.g1585		NC_089035.1.g1588	NC_089035.1.g1624		NC_089035.1.g1580	5	1	
OG0030514	NC_089035.1.g1622	NC_089035.1.g1616	NC_089035.1.g1589		NC_089035.1.g1593		NC_089035.1.g1582	NC_089035.1.g1585	5	1	
OG0030515	NC_089035.1.g1623	NC_089035.1.g1605	NC_089035.1.g1590		NC_089035.1.g1584		NC_089035.1.g1573	NC_089035.1.g1576	5	1	
OG0030516	NC_089035.1.g1631			NC_089035.1.g1605	NC_089035.1.g1600	NC_089035.1.g1639	NC_089035.1.g1589	NC_089035.1.g1592	5	1	
OG0030517	NC_089035.1.g1659			NC_089035.1.g1634	NC_089035.1.g1632	NC_089035.1.g1669	NC_089035.1.g1620	NC_089035.1.g1623	5	1	
OG0030518	NC_089035.1.g1675		NC_089035.1.g1647	NC_089035.1.g1649		NC_089035.1.g1686	NC_089035.1.g1637	NC_089035.1.g1637	5	1	
OG0030519	NC_089035.1.g1741	NC_089035.1.g1726	NC_089035.1.g1711	NC_089035.1.g1710			NC_089035.1.g1690, NC_089042.1.g29512		4	1	
OG0030520	NC_089035.1.g1753		NC_089035.1.g1723		NC_089035.1.g1716	NC_089035.1.g1762	NC_089035.1.g1701	NC_089035.1.g1714	5	1	
OG0030521	NC_089035.1.g1760		NC_089035.1.g1728	NC_089035.1.g1728	NC_089035.1.g1720		NC_089035.1.g1709	NC_089035.1.g1719	5	1	
OG0030522	NC_089035.1.g1761	NC_089035.1.g1741	NC_089035.1.g1729		NC_089035.1.g1721	NC_089035.1.g1769		NC_089035.1.g1720	5	1	
OG0030523	NC_089035.1.g1777	NC_089035.1.g1755	NC_089035.1.g1744		NC_089035.1.g1737	NC_089035.1.g1784		NC_089035.1.g1735	5	1	
OG0030524	NC_089035.1.g1788	NC_089035.1.g1766	NC_089035.1.g1753	NC_089035.1.g1753		NC_089035.1.g1793		NC_089035.1.g1746	5	1	
OG0030525	NC_089035.1.g1791		NC_089035.1.g1756	NC_089035.1.g1756	NC_089035.1.g1749		NC_089035.1.g1736	NC_089035.1.g1749	5	1	
OG0030526	NC_089035.1.g1797	NC_089035.1.g1774	NC_089035.1.g1760	NC_089035.1.g1761		NC_089035.1.g1801		NC_089035.1.g1754	5	1	
OG0030527	NC_089035.1.g1799		NC_089035.1.g1764	NC_089035.1.g1764	NC_089035.1.g1756		NC_089035.1.g1744	NC_089035.1.g1758	5	1	
OG0030528	NC_089035.1.g1820			NC_089035.1.g1785	NC_089035.1.g1779	NC_089035.1.g1825	NC_089035.1.g1765	NC_089035.1.g1780	5	1	
OG0030529	NC_089035.1.g1821	NC_089035.1.g1802	NC_089035.1.g1784		NC_089035.1.g1781		NC_089035.1.g1766	NC_089035.1.g1782	5	1	
OG0030530	NC_089035.1.g1823			NC_089035.1.g1786	NC_089035.1.g1782	NC_089035.1.g1826	NC_089035.1.g1767	NC_089035.1.g1784	5	1	
OG0030531	NC_089035.1.g1824			NC_089035.1.g1787	NC_089035.1.g1783	NC_089035.1.g1827	NC_089035.1.g1768	NC_089035.1.g1785	5	1	
OG0030532	NC_089035.1.g1855	NC_089035.1.g1833	NC_089035.1.g1817		NC_089035.1.g1814	NC_089035.1.g1861		NC_089035.1.g1817	5	1	
OG0030533	NC_089035.1.g1884	NC_089035.1.g1860	NC_089035.1.g1845			NC_089035.1.g1887	NC_089035.1.g1826	NC_089035.1.g1843	5	1	
OG0030534	NC_089035.1.g1892		NC_089035.1.g1851	NC_089035.1.g1849	NC_089035.1.g1849	NC_089035.1.g1896	NC_089035.1.g1834		5	1	
OG0030535	NC_089035.1.g1896	NC_089035.1.g1871		NC_089035.1.g1853	NC_089035.1.g1853		NC_089035.1.g1838	NC_089035.1.g1854	5	1	
OG0030536	NC_089035.1.g1903	NC_089035.1.g1877	NC_089035.1.g1860	NC_089035.1.g1859		NC_089035.1.g1905		NC_089035.1.g1860	5	1	
OG0030537	NC_089035.1.g1906		NC_089035.1.g1863	NC_089035.1.g1861		NC_089035.1.g1908	NC_089035.1.g1847	NC_089035.1.g1863	5	1	
OG0030538	NC_089035.1.g1911			NC_089035.1.g1866	NC_089035.1.g1865	NC_089035.1.g1914	NC_089035.1.g1854	NC_089035.1.g1871	5	1	
OG0030539	NC_089035.1.g1922	NC_089035.1.g1894	NC_089035.1.g1878	NC_089035.1.g1881	NC_089035.1.g1881			NC_089035.1.g1882	5	1	
OG0030540	NC_089035.1.g1925		NC_089035.1.g1882	NC_089035.1.g1884	NC_089035.1.g1884	NC_089035.1.g1929	NC_089035.1.g1868		5	1	
OG0030541	NC_089035.1.g1954			NC_089035.1.g1909	NC_089035.1.g1912	NC_089035.1.g1956	NC_089035.1.g1892	NC_089035.1.g1909	5	1	
OG0030542	NC_089035.1.g1982	NC_089035.1.g1953		NC_089035.1.g1940		NC_089035.1.g1988	NC_089035.1.g1921	NC_089035.1.g1937	5	1	
OG0030543	NC_089035.1.g1993	NC_089035.1.g1967	NC_089035.1.g1942	NC_089035.1.g1951			NC_089035.1.g1934	NC_089035.1.g1948	5	1	
OG0030544	NC_089035.1.g2005			NC_089035.1.g1967	NC_089035.1.g1969	NC_089035.1.g2013	NC_089035.1.g1949	NC_089035.1.g1960	5	1	
OG0030545	NC_089035.1.g2020	NC_089035.1.g1995	NC_089035.1.g1973		NC_089035.1.g1987	NC_089035.1.g2029	NC_089035.1.g1968		5	1	
OG0030546	NC_089035.1.g2021	NC_089035.1.g1996	NC_089035.1.g1974		NC_089035.1.g1988	NC_089035.1.g2030	NC_089035.1.g1969		5	1	
OG0030547	NC_089035.1.g2036		NC_089035.1.g1988	NC_089035.1.g2000	NC_089035.1.g2002	NC_089035.1.g2047	NC_089035.1.g1983		5	1	
OG0030548	NC_089035.1.g2047	NC_089035.1.g2020		NC_089035.1.g2011		NC_089035.1.g2059	NC_089035.1.g1994	NC_089035.1.g2000	5	1	
OG0030549	NC_089035.1.g2108	NC_089035.1.g2085	NC_089035.1.g2063		NC_089035.1.g2081	NC_089035.1.g2123	NC_089035.1.g2067		5	1	
OG0030550	NC_089035.1.g2109	NC_089035.1.g2086	NC_089035.1.g2064		NC_089035.1.g2082		NC_089035.1.g2068	NC_089035.1.g2065	5	1	
OG0030551	NC_089035.1.g2126	NC_089035.1.g2103	NC_089035.1.g2081	NC_089035.1.g2086		NC_089035.1.g2140		NC_089035.1.g2079	5	1	
OG0030552	NC_089035.1.g2127	NC_089035.1.g2105	NC_089035.1.g2084	NC_089035.1.g2087		NC_089035.1.g2141	NC_089035.1.g2084		5	1	
OG0030553	NC_089035.1.g2132	NC_089035.1.g2110				NC_089035.1.g2146	NC_089035.1.g2090	NC_089035.1.g2084, NC_089035.1.g2085	4	1	
OG0030554	NC_089035.1.g2154		NC_089035.1.g2118	NC_089035.1.g2117	NC_089035.1.g2124	NC_089035.1.g2170		NC_089035.1.g2110	5	1	
OG0030555	NC_089035.1.g2168	NC_089035.1.g2149	NC_089035.1.g2131		NC_089035.1.g2138	NC_089035.1.g2182		NC_089035.1.g2124	5	1	
OG0030556	NC_089035.1.g2173		NC_089035.1.g2136	NC_089035.1.g2133	NC_089035.1.g2143	NC_089035.1.g2187		NC_089035.1.g2129	5	1	
OG0030557	NC_089035.1.g2207	NC_089035.1.g2184	NC_089035.1.g2172		NC_089035.1.g2175		NC_089035.1.g2167	NC_089035.1.g2164	5	1	
OG0030558	NC_089035.1.g2224	NC_089035.1.g2202	NC_089035.1.g2190	NC_089035.1.g2181	NC_089035.1.g2195	NC_089035.1.g2235			5	1	
OG0030559	NC_089035.1.g2229	NC_089035.1.g2206	NC_089035.1.g2193	NC_089035.1.g2188	NC_089035.1.g2197	NC_089035.1.g2238			5	1	
OG0030560	NC_089035.1.g2231	NC_089035.1.g2208	NC_089035.1.g2195	NC_089035.1.g2190	NC_089035.1.g2199			NC_089035.1.g2181	5	1	
OG0030561	NC_089035.1.g2238		NC_089035.1.g2203		NC_089035.1.g2207	NC_089035.1.g2249	NC_089035.1.g2191	NC_089035.1.g2188	5	1	
OG0030562	NC_089035.1.g2241	NC_089035.1.g2218	NC_089035.1.g2206	NC_089035.1.g2202	NC_089035.1.g2210			NC_089035.1.g2191	5	1	
OG0030563	NC_089035.1.g2294	NC_089035.1.g2268	NC_089035.1.g2257			NC_089035.1.g2299	NC_089035.1.g2246	NC_089035.1.g2246	5	1	
OG0030564	NC_089035.1.g2301		NC_089035.1.g2263		NC_089035.1.g2269	NC_089035.1.g2307	NC_089035.1.g2255	NC_089035.1.g2250	5	1	
OG0030565	NC_089035.1.g2314		NC_089035.1.g2276	NC_089035.1.g2274	NC_089035.1.g2282	NC_089035.1.g2324		NC_089035.1.g2262	5	1	
OG0030566	NC_089035.1.g2320		NC_089035.1.g2282	NC_089035.1.g2279	NC_089035.1.g2289	NC_089035.1.g2330		NC_089035.1.g2268	5	1	
OG0030567	NC_089035.1.g2397	NC_089035.1.g2362		NC_089035.1.g2347	NC_089035.1.g2359	NC_089035.1.g2403		NC_089035.1.g2337	5	1	
OG0030568	NC_089035.1.g2411		NC_089035.1.g2373	NC_089035.1.g2362		NC_089035.1.g2417	NC_089035.1.g2368	NC_089035.1.g2350	5	1	
OG0030569	NC_089035.1.g2466	NC_089035.1.g2425		NC_089035.1.g2417	NC_089035.1.g2419	NC_089035.1.g2474		NC_089035.1.g2406	5	1	
OG0030570	NC_089035.1.g2608	NC_089035.1.g2581	NC_089035.1.g2583	NC_089035.1.g2563	NC_089035.1.g2574	NC_089035.1.g2625			5	1	
OG0030571	NC_089035.1.g2624	NC_089035.1.g2605	NC_089035.1.g2609	NC_089035.1.g2579		NC_089035.1.g2643	NC_089035.1.g2598		5	1	
OG0030572	NC_089035.1.g2691	NC_089035.1.g2674	NC_089035.1.g2680		NC_089035.1.g2669		NC_089035.1.g2666	NC_089035.1.g2648	5	1	
OG0030573	NC_089035.1.g2745	NC_089035.1.g2731	NC_089035.1.g2734	NC_089035.1.g2705	NC_089035.1.g2727			NC_089035.1.g2706	5	1	
OG0030574	NC_089035.1.g2759		NC_089035.1.g2748		NC_089035.1.g2741	NC_089035.1.g2781	NC_089035.1.g2735	NC_089035.1.g2720	5	1	
OG0030575	NC_089035.1.g2767	NC_089035.1.g2754	NC_089035.1.g2757		NC_089035.1.g2750		NC_089035.1.g2744	NC_089035.1.g2730	5	1	
OG0030576	NC_089035.1.g2807	NC_089035.1.g2797			NC_089035.1.g2795	NC_089035.1.g2831	NC_089035.1.g2788	NC_089035.1.g2774	5	1	
OG0030577	NC_089035.1.g2845		NC_089035.1.g2840	NC_089035.1.g2806	NC_089035.1.g2834	NC_089035.1.g2871		NC_089035.1.g2812	5	1	
OG0030578	NC_089035.1.g2931	NC_089035.1.g2923	NC_089035.1.g2926		NC_089035.1.g2923	NC_089035.1.g2964	NC_089035.1.g2911		5	1	
OG0030579	NC_089035.1.g3073, NC_089043.1.g30769	NC_089035.1.g3070	NC_089035.1.g3071		NC_089035.1.g3063			NC_089035.1.g3042	4	1	
OG0030580	NC_089035.1.g3085	NC_089035.1.g3083	NC_089035.1.g3083		NC_089035.1.g3076		NC_089035.1.g3064	NC_089035.1.g3053	5	1	
OG0030581	NC_089035.1.g3114	NC_089035.1.g3113		NC_089035.1.g3071	NC_089035.1.g3106		NC_089035.1.g3094	NC_089035.1.g3084	5	1	
OG0030582	NC_089035.1.g3167	NC_089035.1.g3165	NC_089035.1.g3167			NC_089035.1.g3199	NC_089035.1.g3150	NC_089035.1.g3137	5	1	
OG0030583	NC_089035.1.g3311	NC_089035.1.g3316	NC_089035.1.g3312	NC_089035.1.g3261			NC_089035.1.g3294	NC_089035.1.g3286	5	1	
OG0030584	NC_089035.1.g3316			NC_089035.1.g3265	NC_089035.1.g3308	NC_089035.1.g3350	NC_089035.1.g3299	NC_089035.1.g3291	5	1	
OG0030585	NC_089035.1.g3337	NC_089035.1.g3339		NC_089035.1.g3284	NC_089035.1.g3331	NC_089035.1.g3370		NC_089035.1.g3310	5	1	
OG0030586	NC_089035.1.g3372	NC_089035.1.g3373	NC_089035.1.g3368			NC_089035.1.g3403	NC_089035.1.g3356	NC_089035.1.g3344	5	1	
OG0030587	NC_089035.1.g3390	NC_089035.1.g3390	NC_089035.1.g3385	NC_089035.1.g3335		NC_089035.1.g3423		NC_089035.1.g3361	5	1	
OG0030588	NC_089035.1.g3452		NC_089035.1.g3447	NC_089035.1.g3395	NC_089035.1.g3441	NC_089035.1.g3483		NC_089035.1.g3424	5	1	
OG0030589	NC_089035.1.g3473		NC_089035.1.g3465	NC_089035.1.g3414	NC_089035.1.g3458	NC_089035.1.g3503	NC_089035.1.g3447		5	1	
OG0030590	NC_089035.1.g3509	NC_089035.1.g3505		NC_089035.1.g3451	NC_089035.1.g3494	NC_089035.1.g3540		NC_089035.1.g3478	5	1	
OG0030591	NC_089035.1.g3544	NC_089035.1.g3532	NC_089035.1.g3528	NC_089035.1.g3477		NC_089035.1.g3572	NC_089035.1.g3509		5	1	
OG0030592	NC_089035.1.g3553		NC_089035.1.g3539	NC_089035.1.g3486	NC_089035.1.g3534	NC_089035.1.g3581		NC_089035.1.g3513	5	1	
OG0030593	NC_089035.1.g3564	NC_089035.1.g3551	NC_089035.1.g3551		NC_089035.1.g3544		NC_089035.1.g3528	NC_089035.1.g3523	5	1	
OG0030594	NC_089035.1.g3673			NC_089035.1.g3607	NC_089035.1.g3657	NC_089035.1.g3706	NC_089035.1.g3637	NC_089035.1.g3643	5	1	
OG0030595	NC_089035.1.g3836	NC_089035.1.g3832	NC_089035.1.g3836	NC_089035.1.g3771	NC_089035.1.g3820	NC_089035.1.g3874			5	1	
OG0030596	NC_089035.1.g3852	NC_089035.1.g3846		NC_089035.1.g3787	NC_089035.1.g3835	NC_089035.1.g3890		NC_089035.1.g3819	5	1	
OG0030597	NC_089035.1.g3880		NC_089035.1.g3879	NC_089035.1.g3820		NC_089035.1.g3921	NC_089035.1.g3841	NC_089035.1.g3847	5	1	
OG0030598	NC_089035.1.g3883, NC_089036.1.g5910			NC_089035.1.g3823		NC_089035.1.g3923	NC_089035.1.g3843	NC_089035.1.g3849	4	1	
OG0030599	NC_089035.1.g3901	NC_089040.1.g23305	NC_089040.1.g23346	NC_089035.1.g3841			NC_089035.1.g3858	NC_089040.1.g23353	5	1	
OG0030600	NC_089035.1.g3946			NC_089035.1.g3882	NC_089035.1.g3924	NC_089035.1.g3987	NC_089035.1.g3895	NC_089035.1.g3908	5	1	
OG0030601	NC_089035.1.g3969	NC_089035.1.g3956	NC_089035.1.g3962	NC_089035.1.g3904	NC_089035.1.g3944	NC_089035.1.g4009			5	1	
OG0030602	NC_089035.1.g3986	NC_089035.1.g3972		NC_089035.1.g3920		NC_089035.1.g4025	NC_089035.1.g3930	NC_089035.1.g3944	5	1	
OG0030603	NC_089035.1.g3997			NC_089035.1.g3931	NC_089035.1.g3968	NC_089035.1.g4035	NC_089035.1.g3941	NC_089035.1.g3955	5	1	
OG0030604	NC_089035.1.g4021			NC_089035.1.g3955	NC_089035.1.g3996	NC_089035.1.g4063	NC_089035.1.g3971	NC_089035.1.g3984	5	1	
OG0030605	NC_089035.1.g4023		NC_089035.1.g4018		NC_089035.1.g3998	NC_089035.1.g4065	NC_089035.1.g3973	NC_089035.1.g3986	5	1	
OG0030606	NC_089035.1.g4150	NC_089035.1.g4129	NC_089035.1.g4146		NC_089035.1.g4128		NC_089035.1.g4098	NC_089035.1.g4110	5	1	
OG0030607	NC_089035.1.g4153		NC_089035.1.g4148	NC_089035.1.g4084	NC_089035.1.g4130	NC_089035.1.g4193	NC_089035.1.g4100		5	1	
OG0030608	NC_089035.1.g4293	NC_089035.1.g4276	NC_089035.1.g4289		NC_089035.1.g4274		NC_089035.1.g4243	NC_089035.1.g4254	5	1	
OG0030609	NC_089035.1.g4310	NC_089035.1.g4294	NC_089035.1.g4306		NC_089035.1.g4291		NC_089035.1.g4259	NC_089035.1.g4271	5	1	
OG0030610	NC_089035.1.g4472		NC_089035.1.g4466	NC_089035.1.g4395	NC_089035.1.g4454	NC_089035.1.g4513	NC_089035.1.g4423		5	1	
OG0030611	NC_089035.1.g4542	NC_089035.1.g4534	NC_089035.1.g4543		NC_089036.1.g8408	NC_089035.1.g2595	NC_089035.1.g4501		5	1	
OG0030612	NC_089035.1.g4566	NC_089035.1.g4558		NC_089035.1.g4492	NC_089035.1.g4548		NC_089035.1.g4526	NC_089035.1.g4535	5	1	
OG0030613	NC_089035.1.g4669, NC_089040.1.g21848			NC_089035.1.g4593, NC_089040.1.g21625	NC_089040.1.g21803	NC_089040.1.g22005			3	1	
OG0030614	NC_089035.1.g4670		NC_089035.1.g4671		NC_089035.1.g4654	NC_089035.1.g4709	NC_089035.1.g4628	NC_089035.1.g4634	5	1	
OG0030615	NC_089035.1.g4719	NC_089035.1.g4707	NC_089035.1.g4718		NC_089035.1.g4701		NC_089035.1.g4675	NC_089035.1.g4681	5	1	
OG0030616	NC_089035.1.g4721	NC_089035.1.g4709	NC_089035.1.g4720		NC_089035.1.g4703		NC_089035.1.g4677	NC_089035.1.g4683	5	1	
OG0030617	NC_089035.1.g4870	NC_089035.1.g4856		NC_089035.1.g4793		NC_089035.1.g4911	NC_089035.1.g4824	NC_089035.1.g4831	5	1	
OG0030618	NC_089035.1.g4874	NC_089035.1.g4861	NC_089035.1.g4867		NC_089035.1.g4853		NC_089035.1.g4828	NC_089035.1.g4835	5	1	
OG0030619	NC_089035.1.g4950	NC_089035.1.g4933	NC_089035.1.g4940		NC_089035.1.g4929	NC_089035.1.g4993	NC_089035.1.g4903		5	1	
OG0030620	NC_089035.1.g5063	NC_089035.1.g5048	NC_089035.1.g5049	NC_089035.1.g4987			NC_089035.1.g5012, NC_089035.1.g5014		4	1	
OG0030621	NC_089035.1.g5221, NC_089040.1.g21223		NC_089040.1.g21121	NC_089035.1.g5145	NC_089040.1.g21189		NC_089035.1.g5171		4	1	
OG0030622	NC_089035.1.g5267	NC_089035.1.g5258		NC_089035.1.g5192		NC_089035.1.g5315	NC_089035.1.g5219	NC_089035.1.g5234	5	1	
OG0030623	NC_089036.1.g5408	NC_089036.1.g5402	NC_089036.1.g5409		NC_089036.1.g5404		NC_089036.1.g5361	NC_089036.1.g5376	5	1	
OG0030624	NC_089036.1.g5608		NC_089036.1.g5613	NC_089036.1.g5540	NC_089036.1.g5605	NC_089036.1.g5670		NC_089036.1.g5576	5	1	
OG0030625	NC_089036.1.g5626	NC_089036.1.g5621		NC_089036.1.g5559		NC_089036.1.g5687	NC_089036.1.g5586	NC_089036.1.g5596	5	1	
OG0030626	NC_089036.1.g5657		NC_089036.1.g5661	NC_089036.1.g5590	NC_089036.1.g5655		NC_089036.1.g5620	NC_089036.1.g5628	5	1	
OG0030627	NC_089036.1.g5719, NC_089044.1.g32377, NC_089044.1.g34175				NC_089036.1.g5716, NC_089044.1.g34193		NC_089044.1.g33955		2	1	
OG0030628	NC_089036.1.g5722	NC_089036.1.g5715		NC_089036.1.g5664		NC_089036.1.g5776	NC_089036.1.g5685	NC_089036.1.g5710	5	1	
OG0030629	NC_089036.1.g5729	NC_089036.1.g5721, NC_089042.1.g27103		NC_089036.1.g5671		NC_089036.1.g5784		NC_089036.1.g5727	4	1	
OG0030630	NC_089036.1.g5771	NC_089036.1.g5768	NC_089036.1.g5780		NC_089036.1.g5768	NC_089036.1.g5829		NC_089036.1.g5774	5	1	
OG0030631	NC_089036.1.g5808		NC_089036.1.g5815		NC_089036.1.g5804	NC_089036.1.g5863	NC_089036.1.g5767	NC_089036.1.g5809	5	1	
OG0030632	NC_089036.1.g5941		NC_089036.1.g5946	NC_089036.1.g5880		NC_089036.1.g5998	NC_089036.1.g5901	NC_089036.1.g5944	5	1	
OG0030633	NC_089036.1.g6015		NC_089036.1.g6024	NC_089036.1.g5960		NC_089036.1.g6074	NC_089036.1.g5976	NC_089036.1.g6023	5	1	
OG0030634	NC_089036.1.g6125			NC_089036.1.g6064, NC_089042.1.g27591	NC_089036.1.g6116		NC_089041.1.g25156	NC_089042.1.g27839	4	1	
OG0030635	NC_089036.1.g6154		NC_089036.1.g6166	NC_089036.1.g6096		NC_089036.1.g6220	NC_089036.1.g6111	NC_089036.1.g6161	5	1	
OG0030636	NC_089036.1.g6218		NC_089036.1.g6228	NC_089036.1.g6160, NC_089046.1.g38724		NC_089036.1.g6285, NC_089046.1.g39687			3	1	
OG0030637	NC_089036.1.g6237	NC_089036.1.g6229	NC_089036.1.g6247		NC_089036.1.g6230		NC_089036.1.g6193	NC_089036.1.g6243	5	1	
OG0030638	NC_089036.1.g6286		NC_089044.1.g33169		NC_089036.1.g6276, NC_089040.1.g23113, NC_089044.1.g33366, NC_089046.1.g39274				2	1	
OG0030639	NC_089036.1.g6336	NC_089036.1.g6321		NC_089036.1.g6277	NC_089036.1.g6323		NC_089036.1.g6294	NC_089036.1.g6336	5	1	
OG0030640	NC_089036.1.g6337, NC_089037.1.g11027	NC_089046.1.g39370			NC_089046.1.g39557	NC_089036.1.g6404	NC_089046.1.g39222		4	1	
OG0030641	NC_089036.1.g6356	NC_089036.1.g6341			NC_089036.1.g6341	NC_089036.1.g6424	NC_089036.1.g6313	NC_089036.1.g6356	5	1	
OG0030642	NC_089036.1.g6357	NC_089036.1.g6343		NC_089036.1.g6294		NC_089036.1.g6426	NC_089036.1.g6315	NC_089036.1.g6358	5	1	
OG0030643	NC_089036.1.g6394	NC_089036.1.g6381		NC_089036.1.g6329	NC_089036.1.g6376	NC_089036.1.g6465		NC_089036.1.g6395	5	1	
OG0030644	NC_089036.1.g6412		NC_089036.1.g6403	NC_089036.1.g6348		NC_089036.1.g6483	NC_089036.1.g6363	NC_089036.1.g6414	5	1	
OG0030645	NC_089036.1.g6413		NC_089036.1.g6404	NC_089036.1.g6349	NC_089036.1.g6394	NC_089036.1.g6484		NC_089036.1.g6415	5	1	
OG0030646	NC_089036.1.g6430, NC_089040.1.g21244	NC_089040.1.g21095			NC_089040.1.g21210	NC_089036.1.g6501	NC_089040.1.g21129		4	1	
OG0030647	NC_089036.1.g6441		NC_089036.1.g6429	NC_089036.1.g6374	NC_089036.1.g6421	NC_089036.1.g6512	NC_089036.1.g6389		5	1	
OG0030648	NC_089036.1.g6445	NC_089036.1.g6428	NC_089036.1.g6437	NC_089036.1.g6378		NC_089036.1.g6517	NC_089036.1.g6393		5	1	
OG0030649	NC_089036.1.g6540		NC_089036.1.g6527	NC_089036.1.g6469	NC_089036.1.g6522	NC_089036.1.g6619		NC_089036.1.g6543	5	1	
OG0030650	NC_089036.1.g6541	NC_089036.1.g6509	NC_089036.1.g6528		NC_089036.1.g6523	NC_089036.1.g6620		NC_089036.1.g6544	5	1	
OG0030651	NC_089036.1.g6547	NC_089036.1.g6513		NC_089036.1.g6475	NC_089036.1.g6527	NC_089036.1.g6626	NC_089036.1.g6499		5	1	
OG0030652	NC_089036.1.g6564	NC_089036.1.g6534	NC_089036.1.g6551	NC_089036.1.g6492		NC_089036.1.g6644	NC_089036.1.g6518		5	1	
OG0030653	NC_089036.1.g6567		NC_089036.1.g6553	NC_089036.1.g6495	NC_089036.1.g6549	NC_089036.1.g6647		NC_089036.1.g6566	5	1	
OG0030654	NC_089036.1.g6569		NC_089036.1.g6555	NC_089036.1.g6497	NC_089036.1.g6551	NC_089036.1.g6649		NC_089036.1.g6568	5	1	
OG0030655	NC_089036.1.g6585	NC_089036.1.g6553	NC_089036.1.g6570			NC_089036.1.g6665	NC_089036.1.g6538	NC_089036.1.g6584	5	1	
OG0030656	NC_089036.1.g6616	NC_089036.1.g6588	NC_089036.1.g6603		NC_089036.1.g6598		NC_089036.1.g6572	NC_089036.1.g6619	5	1	
OG0030657	NC_089036.1.g6648			NC_089036.1.g6577	NC_089036.1.g6633	NC_089036.1.g6732	NC_089036.1.g6604	NC_089036.1.g6655	5	1	
OG0030658	NC_089036.1.g6659	NC_089036.1.g6629	NC_089036.1.g6644			NC_089036.1.g6743	NC_089036.1.g6612	NC_089036.1.g6664	5	1	
OG0030659	NC_089036.1.g6670	NC_089035.1.g3307	NC_089035.1.g3304	NC_089036.1.g6603		NC_089036.1.g6754		NC_089035.1.g3278	5	1	
OG0030660	NC_089036.1.g6686, NC_089036.1.g6688			NC_089036.1.g6617, NC_089036.1.g6618		NC_089036.1.g6768, NC_089036.1.g6770			2	1	
OG0030661	NC_089036.1.g6717	NC_089036.1.g6685		NC_089036.1.g6647	NC_089036.1.g6701	NC_089036.1.g6803	NC_089036.1.g6671		5	1	
OG0030662	NC_089036.1.g6725, NC_089037.1.g9607		NC_089036.1.g6709			NC_089036.1.g6814, NC_089037.1.g9691, NC_089044.1.g32768			2	1	
OG0030663	NC_089036.1.g6735		NC_089036.1.g6718	NC_089036.1.g6664	NC_089036.1.g6721		NC_089036.1.g6690	NC_089036.1.g6742	5	1	
OG0030664	NC_089036.1.g6842			NC_089036.1.g6764	NC_089036.1.g6827	NC_089036.1.g6921	NC_089036.1.g6788	NC_089036.1.g6848	5	1	
OG0030665	NC_089036.1.g6853	NC_089036.1.g6821		NC_089036.1.g6773	NC_089036.1.g6838	NC_089036.1.g6932		NC_089036.1.g6859	5	1	
OG0030666	NC_089036.1.g6937	NC_089036.1.g6908	NC_089036.1.g6911	NC_089036.1.g6859	NC_089036.1.g6923	NC_089036.1.g7012			5	1	
OG0030667	NC_089036.1.g6952	NC_089036.1.g6922	NC_089036.1.g6925	NC_089036.1.g6874		NC_089036.1.g7026		NC_089036.1.g6960	5	1	
OG0030668	NC_089036.1.g6959	NC_089036.1.g6928			NC_089036.1.g6942	NC_089036.1.g7033	NC_089036.1.g6904	NC_089036.1.g6966	5	1	
OG0030669	NC_089036.1.g6997	NC_089036.1.g6962	NC_089036.1.g6961	NC_089036.1.g6912		NC_089036.1.g7069	NC_089036.1.g6938		5	1	
OG0030670	NC_089036.1.g6999		NC_089036.1.g6962	NC_089036.1.g6914		NC_089036.1.g7071	NC_089036.1.g6940	NC_089036.1.g7001	5	1	
OG0030671	NC_089036.1.g7046	NC_089036.1.g7014		NC_089036.1.g6963	NC_089036.1.g7025		NC_089036.1.g6991	NC_089036.1.g7049	5	1	
OG0030672	NC_089036.1.g7055	NC_089036.1.g7024	NC_089036.1.g7017	NC_089036.1.g6972			NC_089036.1.g7001	NC_089036.1.g7056	5	1	
OG0030673	NC_089036.1.g7057	NC_089036.1.g7026	NC_089036.1.g7019	NC_089036.1.g6974		NC_089036.1.g7125	NC_089036.1.g7003		5	1	
OG0030674	NC_089036.1.g7059	NC_089036.1.g7028		NC_089036.1.g6976	NC_089036.1.g7037	NC_089036.1.g7127	NC_089036.1.g7005		5	1	
OG0030675	NC_089036.1.g7070	NC_089036.1.g7039, NC_089039.1.g19359		NC_089036.1.g6986, NC_089039.1.g19335				NC_089039.1.g19454	3	1	
OG0030676	NC_089036.1.g7135	NC_089036.1.g7103	NC_089036.1.g7097	NC_089036.1.g7048		NC_089036.1.g7202	NC_089036.1.g7082		5	1	
OG0030677	NC_089036.1.g7188	NC_089036.1.g7151, NC_089038.1.g16512			NC_089038.1.g16584		NC_089038.1.g16581	NC_089038.1.g16592	4	1	
OG0030678	NC_089036.1.g7250			NC_089036.1.g7160	NC_089036.1.g7229	NC_089036.1.g7314	NC_089036.1.g7194	NC_089036.1.g7243	5	1	
OG0030679	NC_089036.1.g7285		NC_089036.1.g7244	NC_089036.1.g7197	NC_089036.1.g7265		NC_089036.1.g7236	NC_089036.1.g7280	5	1	
OG0030680	NC_089036.1.g7296	NC_089036.1.g7254		NC_089036.1.g7211		NC_089036.1.g7360	NC_089036.1.g7251	NC_089036.1.g7291	5	1	
OG0030681	NC_089036.1.g7300		NC_089036.1.g7258	NC_089036.1.g7216	NC_089036.1.g7279	NC_089036.1.g7365	NC_089036.1.g7255		5	1	
OG0030682	NC_089036.1.g7313	NC_089036.1.g7270			NC_089036.1.g7292	NC_089036.1.g7378	NC_089036.1.g7269	NC_089036.1.g7307	5	1	
OG0030683	NC_089036.1.g7340	NC_089044.1.g32961		NC_089036.1.g7253	NC_089036.1.g7320	NC_089036.1.g7402		NC_089036.1.g7337	5	1	
OG0030684	NC_089036.1.g7359	NC_089036.1.g7319	NC_089036.1.g7319	NC_089036.1.g7272		NC_089036.1.g7422	NC_089036.1.g7317		5	1	
OG0030685	NC_089036.1.g7380	NC_089036.1.g7341	NC_089036.1.g7339	NC_089036.1.g7293	NC_089036.1.g7356			NC_089036.1.g7375	5	1	
OG0030686	NC_089036.1.g7403	NC_089036.1.g7364	NC_089036.1.g7360	NC_089036.1.g7314	NC_089036.1.g7380		NC_089036.1.g7360		5	1	
OG0030687	NC_089036.1.g7408	NC_089036.1.g7370	NC_089036.1.g7365	NC_089036.1.g7319		NC_089036.1.g7471		NC_089036.1.g7403	5	1	
OG0030688	NC_089036.1.g7431	NC_089036.1.g7401		NC_089036.1.g7347	NC_089036.1.g7413	NC_089036.1.g7502		NC_089036.1.g7430	5	1	
OG0030689	NC_089036.1.g7442	NC_089036.1.g7413		NC_089036.1.g7357	NC_089036.1.g7424	NC_089036.1.g7513		NC_089036.1.g7442	5	1	
OG0030690	NC_089036.1.g7705	NC_089036.1.g7676	NC_089036.1.g7667	NC_089036.1.g7627		NC_089036.1.g7781		NC_089036.1.g7712	5	1	
OG0030691	NC_089036.1.g7784	NC_089036.1.g7748	NC_089036.1.g7742			NC_089036.1.g7850	NC_089036.1.g7754	NC_089036.1.g7787	5	1	
OG0030692	NC_089036.1.g7786	NC_089036.1.g7750	NC_089036.1.g7744		NC_089036.1.g7757		NC_089036.1.g7756	NC_089036.1.g7789	5	1	
OG0030693	NC_089036.1.g7793	NC_089036.1.g7757	NC_089036.1.g7751	NC_089036.1.g7711		NC_089036.1.g7859		NC_089036.1.g7796	5	1	
OG0030694	NC_089036.1.g7813		NC_089036.1.g7771	NC_089036.1.g7732	NC_089036.1.g7787	NC_089036.1.g7883	NC_089036.1.g7785		5	1	
OG0030695	NC_089036.1.g7855	NC_089036.1.g7820	NC_089036.1.g7810	NC_089036.1.g7775	NC_089036.1.g7826			NC_089036.1.g7854	5	1	
OG0030696	NC_089036.1.g7867	NC_089036.1.g7834		NC_089036.1.g7787		NC_089036.1.g7936	NC_089036.1.g7837	NC_089036.1.g7866	5	1	
OG0030697	NC_089036.1.g7899	NC_089036.1.g7867	NC_089036.1.g7855	NC_089036.1.g7819	NC_089036.1.g7873	NC_089036.1.g7972			5	1	
OG0030698	NC_089036.1.g7921	NC_089036.1.g7885	NC_089036.1.g7874	NC_089036.1.g7835	NC_089036.1.g7891		NC_089036.1.g7890		5	1	
OG0030699	NC_089036.1.g8076	NC_089036.1.g8046	NC_089036.1.g8038	NC_089036.1.g7998	NC_089036.1.g8052			NC_089036.1.g8077	5	1	
OG0030700	NC_089036.1.g8089	NC_089036.1.g8059	NC_089036.1.g8050	NC_089036.1.g8011	NC_089036.1.g8064	NC_089036.1.g8163			5	1	
OG0030701	NC_089036.1.g8227	NC_089036.1.g8198			NC_089036.1.g8202	NC_089036.1.g8304	NC_089036.1.g8198	NC_089036.1.g8222	5	1	
OG0030702	NC_089036.1.g8434	NC_089036.1.g8410			NC_089036.1.g8411	NC_089036.1.g8516	NC_089036.1.g8409	NC_089036.1.g8429	5	1	
OG0030703	NC_089036.1.g8675	NC_089036.1.g8651	NC_089036.1.g8635		NC_089036.1.g8641		NC_089036.1.g8648	NC_089036.1.g8667	5	1	
OG0030704	NC_089036.1.g8687	NC_089036.1.g8661		NC_089036.1.g8604	NC_089036.1.g8653	NC_089036.1.g8769		NC_089036.1.g8677	5	1	
OG0030705	NC_089036.1.g8900	NC_089036.1.g8877	NC_089036.1.g8862		NC_089036.1.g8869	NC_089036.1.g8983		NC_089036.1.g8897	5	1	
OG0030706	NC_089036.1.g8913, NC_089039.1.g19306			NC_089036.1.g8832, NC_089039.1.g19121		NC_089036.1.g8997, NC_089039.1.g19467			2	1	
OG0030707	NC_089036.1.g8914	NC_089036.1.g8893	NC_089036.1.g8879			NC_089036.1.g8998	NC_089036.1.g8889	NC_089036.1.g8913	5	1	
OG0030708	NC_089036.1.g9102	NC_089036.1.g9083	NC_089036.1.g9068	NC_089036.1.g9021	NC_089036.1.g9071			NC_089036.1.g9101	5	1	
OG0030709	NC_089036.1.g9159		NC_089036.1.g9126	NC_089036.1.g9077	NC_089036.1.g9131	NC_089036.1.g9243		NC_089036.1.g9157	5	1	
OG0030710	NC_089036.1.g9168	NC_089036.1.g9144		NC_089036.1.g9094	NC_089036.1.g9145	NC_089036.1.g9258		NC_089036.1.g9161	5	1	
OG0030711	NC_089036.1.g9211	NC_089036.1.g9187	NC_089036.1.g9180		NC_089036.1.g9185		NC_089036.1.g9174	NC_089036.1.g9200	5	1	
OG0030712	NC_089037.1.g9458	NC_089037.1.g9433	NC_089037.1.g9422	NC_089037.1.g9386	NC_089037.1.g9425			NC_089037.1.g9446	5	1	
OG0030713	NC_089037.1.g9467	NC_089037.1.g9440			NC_089037.1.g9434	NC_089037.1.g9557	NC_089037.1.g9425	NC_089037.1.g9455	5	1	
OG0030714	NC_089037.1.g9481	NC_089037.1.g9454	NC_089037.1.g9443	NC_089037.1.g9408		NC_089037.1.g9572		NC_089037.1.g9469	5	1	
OG0030715	NC_089037.1.g9531		NC_089037.1.g9492	NC_089037.1.g9456		NC_089037.1.g9617	NC_089037.1.g9489	NC_089037.1.g9518	5	1	
OG0030716	NC_089037.1.g9543	NC_089037.1.g9514	NC_089037.1.g9504		NC_089037.1.g9509		NC_089037.1.g9502	NC_089037.1.g9530	5	1	
OG0030717	NC_089037.1.g9606	NC_089037.1.g9576	NC_089037.1.g9567		NC_089037.1.g9570		NC_089037.1.g9565	NC_089037.1.g9592	5	1	
OG0030718	NC_089037.1.g9701		NC_089037.1.g9663	NC_089037.1.g9623	NC_089037.1.g9663	NC_089037.1.g9787	NC_089037.1.g9658		5	1	
OG0030719	NC_089037.1.g9756	NC_089037.1.g9724		NC_089037.1.g9677	NC_089037.1.g9717		NC_089037.1.g9713	NC_089037.1.g9744	5	1	
OG0030720	NC_089037.1.g9786	NC_089037.1.g9753	NC_089037.1.g9748		NC_089037.1.g9749		NC_089037.1.g9744	NC_089037.1.g9775	5	1	
OG0030721	NC_089037.1.g9847			NC_089037.1.g9765	NC_089037.1.g9814	NC_089037.1.g9933	NC_089037.1.g9803	NC_089037.1.g9839	5	1	
OG0030722	NC_089037.1.g9872			NC_089037.1.g9791	NC_089037.1.g9845	NC_089037.1.g9962	NC_089037.1.g9833	NC_089037.1.g9871	5	1	
OG0030723	NC_089037.1.g9927	NC_089037.1.g9890		NC_089037.1.g9846		NC_089037.1.g10016	NC_089037.1.g9887	NC_089037.1.g9925	5	1	
OG0030724	NC_089037.1.g9937	NC_089037.1.g9901	NC_089037.1.g9898	NC_089037.1.g9858	NC_089037.1.g9912	NC_089037.1.g10030			5	1	
OG0030725	NC_089037.1.g9994	NC_089037.1.g9960	NC_089037.1.g9957	NC_089037.1.g9919	NC_089037.1.g9972	NC_089037.1.g10092			5	1	
OG0030726	NC_089037.1.g10008	NC_089037.1.g9977	NC_089037.1.g9972	NC_089037.1.g9932	NC_089037.1.g9985	NC_089037.1.g10105			5	1	
OG0030727	NC_089037.1.g10023	NC_089037.1.g9992		NC_089037.1.g9947		NC_089037.1.g10120	NC_089037.1.g9986	NC_089037.1.g10025	5	1	
OG0030728	NC_089037.1.g10288, NC_089042.1.g28650					NC_089037.1.g10390, NC_089042.1.g28840	NC_089042.1.g28448	NC_089037.1.g10299	3	1	
OG0030729	NC_089037.1.g10478	NC_089037.1.g10452	NC_089037.1.g10444	NC_089037.1.g10396		NC_089037.1.g10575		NC_089037.1.g10492	5	1	
OG0030730	NC_089037.1.g10588	NC_089046.1.g39170	NC_089046.1.g39063	NC_089037.1.g10506		NC_089037.1.g10684		NC_089037.1.g10602	5	1	
OG0030731	NC_089037.1.g10601	NC_089037.1.g10568	NC_089037.1.g10561		NC_089037.1.g10577		NC_089037.1.g10575	NC_089037.1.g10615	5	1	
OG0030732	NC_089037.1.g10633	NC_089037.1.g10602	NC_089037.1.g10596	NC_089037.1.g10551	NC_089037.1.g10607			NC_089037.1.g10649	5	1	
OG0030733	NC_089037.1.g10723, NC_089037.1.g13414		NC_089036.1.g6816	NC_089037.1.g13304		NC_089037.1.g13520	NC_089037.1.g13352		4	1	
OG0030734	NC_089037.1.g10744	NC_089037.1.g10706		NC_089037.1.g10663	NC_089037.1.g10718	NC_089037.1.g10835		NC_089037.1.g10756	5	1	
OG0030735	NC_089037.1.g10769		NC_089037.1.g10729	NC_089037.1.g10690	NC_089037.1.g10744	NC_089037.1.g10860		NC_089037.1.g10780	5	1	
OG0030736	NC_089037.1.g10800		NC_089037.1.g10757	NC_089037.1.g10718	NC_089037.1.g10773	NC_089037.1.g10889		NC_089037.1.g10812	5	1	
OG0030737	NC_089037.1.g10811		NC_089037.1.g10769	NC_089037.1.g10730	NC_089037.1.g10784	NC_089037.1.g10901		NC_089037.1.g10823	5	1	
OG0030738	NC_089037.1.g10823		NC_089037.1.g10781	NC_089037.1.g10742	NC_089037.1.g10797	NC_089037.1.g10912		NC_089037.1.g10835	5	1	
OG0030739	NC_089037.1.g10907		NC_089037.1.g10869	NC_089037.1.g10826	NC_089037.1.g10882	NC_089037.1.g10996		NC_089037.1.g10917	5	1	
OG0030740	NC_089037.1.g10951	NC_089037.1.g10910	NC_089037.1.g10913		NC_089037.1.g10927		NC_089037.1.g10918	NC_089037.1.g10964	5	1	
OG0030741	NC_089037.1.g10955	NC_089037.1.g10914		NC_089037.1.g10873		NC_089037.1.g11046	NC_089037.1.g10922	NC_089037.1.g10968	5	1	
OG0030742	NC_089037.1.g10992		NC_089037.1.g10949	NC_089037.1.g10908		NC_089037.1.g11080	NC_089037.1.g10955	NC_089037.1.g11001	5	1	
OG0030743	NC_089037.1.g11092	NC_089037.1.g11040	NC_089037.1.g11041		NC_089037.1.g11051		NC_089037.1.g11046	NC_089037.1.g11089	5	1	
OG0030744	NC_089037.1.g11176	NC_089037.1.g11116	NC_089037.1.g11111		NC_089037.1.g11131		NC_089037.1.g11121	NC_089037.1.g11168	5	1	
OG0030745	NC_089037.1.g11202		NC_089037.1.g11138		NC_089037.1.g11158	NC_089037.1.g11274	NC_089037.1.g11149	NC_089037.1.g11195	5	1	
OG0030746	NC_089037.1.g11257	NC_089037.1.g11198	NC_089037.1.g11195	NC_089037.1.g11154	NC_089037.1.g11216	NC_089037.1.g11332			5	1	
OG0030747	NC_089037.1.g11271			NC_089037.1.g11168	NC_089037.1.g11230	NC_089037.1.g11346	NC_089037.1.g11220	NC_089037.1.g11271	5	1	
OG0030748	NC_089037.1.g11307	NC_089037.1.g11247	NC_089037.1.g11249, NC_089046.1.g38554		NC_089037.1.g11267	NC_089037.1.g11382			4	1	
OG0030749	NC_089037.1.g11347		NC_089035.1.g477	NC_089037.1.g11243			NC_089041.1.g24827	NC_089037.1.g11353, NC_089041.1.g24880	4	1	
OG0030750	NC_089037.1.g11362	NC_089037.1.g11306		NC_089037.1.g11258	NC_089037.1.g11322	NC_089037.1.g11434	NC_089037.1.g11308		5	1	
OG0030751	NC_089037.1.g11397		NC_089037.1.g11344	NC_089037.1.g11293		NC_089037.1.g11468	NC_089037.1.g11343	NC_089037.1.g11403	5	1	
OG0030752	NC_089037.1.g11400	NC_089037.1.g11344	NC_089037.1.g11347	NC_089037.1.g11295	NC_089037.1.g11361			NC_089037.1.g11404	5	1	
OG0030753	NC_089037.1.g11560			NC_089037.1.g11457	NC_089037.1.g11534	NC_089037.1.g11642	NC_089037.1.g11513	NC_089037.1.g11577	5	1	
OG0030754	NC_089037.1.g11692	NC_089037.1.g11079	NC_089037.1.g11650	NC_089037.1.g11590			NC_089037.1.g11641	NC_089037.1.g11128	5	1	
OG0030755	NC_089037.1.g11733	NC_089037.1.g11685	NC_089037.1.g11687	NC_089037.1.g11629		NC_089037.1.g11812	NC_089037.1.g11677		5	1	
OG0030756	NC_089037.1.g11797	NC_089037.1.g11743	NC_089037.1.g11751	NC_089037.1.g11688		NC_089037.1.g11876	NC_089037.1.g11734		5	1	
OG0030757	NC_089037.1.g11808	NC_089037.1.g11753	NC_089037.1.g11764		NC_089037.1.g11771	NC_089037.1.g11888		NC_089037.1.g11815	5	1	
OG0030758	NC_089037.1.g11809		NC_089037.1.g11765		NC_089037.1.g11772	NC_089037.1.g11889	NC_089037.1.g11745	NC_089037.1.g11816	5	1	
OG0030759	NC_089037.1.g11872	NC_089037.1.g11819	NC_089037.1.g11835	NC_089037.1.g11765	NC_089037.1.g11840	NC_089037.1.g11962			5	1	
OG0030760	NC_089037.1.g11874		NC_089037.1.g11837	NC_089037.1.g11767	NC_089037.1.g11842	NC_089037.1.g11964		NC_089037.1.g11881	5	1	
OG0030762	NC_089037.1.g11911		NC_089037.1.g11871	NC_089037.1.g11808	NC_089037.1.g11871	NC_089037.1.g11997		NC_089037.1.g11913	5	1	
OG0030763	NC_089037.1.g11953	NC_089037.1.g11884	NC_089037.1.g11913	NC_089037.1.g11847		NC_089037.1.g12040		NC_089037.1.g11953	5	1	
OG0030764	NC_089037.1.g12016	NC_089037.1.g11942	NC_089037.1.g11969	NC_089037.1.g11906	NC_089037.1.g11971			NC_089037.1.g12011	5	1	
OG0030765	NC_089037.1.g12019, NC_089038.1.g15145		NC_089037.1.g11973, NC_089038.1.g15050					NC_089037.1.g12015, NC_089038.1.g15127	2	1	
OG0030766	NC_089037.1.g12021	NC_089037.1.g11947		NC_089037.1.g11912	NC_089037.1.g11978		NC_089037.1.g11941	NC_089037.1.g12018	5	1	
OG0030767	NC_089037.1.g12022	NC_089037.1.g11948		NC_089037.1.g11913	NC_089037.1.g11979	NC_089037.1.g12105	NC_089037.1.g11942		5	1	
OG0030768	NC_089037.1.g12061			NC_089037.1.g11952	NC_089037.1.g12016	NC_089037.1.g12145	NC_089037.1.g11978	NC_089037.1.g12053	5	1	
OG0030769	NC_089037.1.g12066		NC_089037.1.g12016		NC_089037.1.g12021	NC_089037.1.g11737, NC_089037.1.g12150		NC_089037.1.g12057	4	1	
OG0030770	NC_089037.1.g12077	NC_089037.1.g12000	NC_089037.1.g12027	NC_089037.1.g11967	NC_089037.1.g12034			NC_089037.1.g12067	5	1	
OG0030771	NC_089037.1.g12113		NC_089037.1.g12062	NC_089037.1.g12001	NC_089037.1.g12068	NC_089037.1.g12194	NC_089037.1.g12029		5	1	
OG0030772	NC_089037.1.g12128		NC_089037.1.g12075	NC_089037.1.g12016	NC_089037.1.g12081	NC_089037.1.g12208	NC_089037.1.g12043		5	1	
OG0030773	NC_089037.1.g12138		NC_089037.1.g12086	NC_089037.1.g12027	NC_089037.1.g12092	NC_089037.1.g12220	NC_089037.1.g12053		5	1	
OG0030774	NC_089037.1.g12263	NC_089037.1.g12185	NC_089037.1.g12217	NC_089037.1.g12153			NC_089037.1.g12183	NC_089037.1.g12257	5	1	
OG0030775	NC_089037.1.g12270	NC_089037.1.g12192	NC_089037.1.g12225	NC_089037.1.g12158	NC_089037.1.g12234	NC_089037.1.g12360			5	1	
OG0030776	NC_089037.1.g12291	NC_089037.1.g12212	NC_089037.1.g12247		NC_089037.1.g12254		NC_089037.1.g12209	NC_089037.1.g12282	5	1	
OG0030777	NC_089037.1.g12342	NC_089037.1.g12265		NC_089037.1.g12229		NC_089037.1.g12435	NC_089037.1.g12267	NC_089037.1.g12334	5	1	
OG0030778	NC_089037.1.g12343	NC_089037.1.g12266	NC_089037.1.g12297	NC_089037.1.g12230	NC_089037.1.g12308			NC_089037.1.g12335	5	1	
OG0030779	NC_089037.1.g12404	NC_089037.1.g12327	NC_089037.1.g12357		NC_089037.1.g12368	NC_089037.1.g12499	NC_089037.1.g12327		5	1	
OG0030780	NC_089037.1.g12472, NC_089042.1.g27464	NC_089042.1.g27284				NC_089042.1.g27642	NC_089042.1.g27251	NC_089042.1.g27346	4	1	
OG0030781	NC_089037.1.g12473		NC_089037.1.g12431		NC_089037.1.g12438	NC_089037.1.g12566	NC_089037.1.g12405	NC_089037.1.g12468	5	1	
OG0030782	NC_089037.1.g12544	NC_089037.1.g12470	NC_089037.1.g12502		NC_089037.1.g12509		NC_089037.1.g12480	NC_089037.1.g12542	5	1	
OG0030783	NC_089037.1.g12592	NC_089037.1.g12517	NC_089037.1.g12550	NC_089037.1.g12473		NC_089037.1.g12683	NC_089037.1.g12530		5	1	
OG0030784	NC_089037.1.g12629	NC_089037.1.g12556	NC_089037.1.g12588	NC_089037.1.g12513	NC_089037.1.g12591	NC_089037.1.g12719			5	1	
OG0030785	NC_089037.1.g12635	NC_089037.1.g12563	NC_089037.1.g12594		NC_089037.1.g12598		NC_089037.1.g12579	NC_089037.1.g12640	5	1	
OG0030786	NC_089037.1.g12648	NC_089037.1.g12576	NC_089037.1.g12609		NC_089037.1.g12612		NC_089037.1.g12592	NC_089037.1.g12655	5	1	
OG0030787	NC_089037.1.g12651	NC_089037.1.g12579	NC_089037.1.g12612		NC_089037.1.g12615		NC_089037.1.g12595	NC_089037.1.g12657	5	1	
OG0030788	NC_089037.1.g12728	NC_089037.1.g12655		NC_089037.1.g12614	NC_089037.1.g12690	NC_089037.1.g12820	NC_089037.1.g12673		5	1	
OG0030789	NC_089037.1.g12766		NC_089037.1.g12730	NC_089037.1.g12654		NC_089037.1.g12857	NC_089037.1.g12714	NC_089037.1.g12776	5	1	
OG0030790	NC_089037.1.g12785		NC_089037.1.g12748	NC_089037.1.g12672	NC_089037.1.g12749	NC_089037.1.g12875	NC_089037.1.g12733		5	1	
OG0030791	NC_089037.1.g12810	NC_089037.1.g12733	NC_089037.1.g12771		NC_089037.1.g12772		NC_089037.1.g12756	NC_089037.1.g12817	5	1	
OG0030792	NC_089037.1.g12861	NC_089037.1.g12781	NC_089037.1.g12820	NC_089037.1.g12748		NC_089037.1.g12952		NC_089037.1.g12865	5	1	
OG0030793	NC_089037.1.g12880	NC_089037.1.g12800	NC_089037.1.g12838	NC_089037.1.g12767	NC_089037.1.g12839	NC_089037.1.g12970			5	1	
OG0030794	NC_089037.1.g12916	NC_089037.1.g12836		NC_089037.1.g12802		NC_089037.1.g13008	NC_089037.1.g12859	NC_089043.1.g31122	5	1	
OG0030795	NC_089037.1.g12936			NC_089037.1.g10310, NC_089037.1.g12822	NC_089037.1.g12891		NC_089037.1.g12879	NC_089037.1.g12933	4	1	
OG0030796	NC_089037.1.g13096			NC_089037.1.g12986	NC_089037.1.g13061	NC_089037.1.g13194	NC_089037.1.g13044	NC_089037.1.g13101	5	1	
OG0030797	NC_089037.1.g13198, NC_089041.1.g24927	NC_089037.1.g13119			NC_089037.1.g13165	NC_089037.1.g13297	NC_089037.1.g13149		4	1	
OG0030798	NC_089037.1.g13207	NC_089037.1.g13128		NC_089037.1.g13098		NC_089037.1.g13306	NC_089037.1.g13158	NC_089037.1.g13211	5	1	
OG0030799	NC_089037.1.g13536	NC_089037.1.g13449		NC_089037.1.g13431	NC_089037.1.g13492	NC_089037.1.g13648		NC_089037.1.g13536	5	1	
OG0030800	NC_089037.1.g13696			NC_089037.1.g13584	NC_089037.1.g13648	NC_089037.1.g13806	NC_089037.1.g13637	NC_089037.1.g13696	5	1	
OG0030801	NC_089037.1.g13706	NC_089037.1.g13611	NC_089035.1.g1059, NC_089037.1.g13662			NC_089037.1.g13814	NC_089037.1.g13650		4	1	
OG0030802	NC_089037.1.g13793	NC_089037.1.g13694		NC_089037.1.g13676		NC_089037.1.g13898	NC_089037.1.g13732	NC_089037.1.g13787	5	1	
OG0030803	NC_089037.1.g13794	NC_089037.1.g13695		NC_089037.1.g13677		NC_089037.1.g13899	NC_089037.1.g13733	NC_089037.1.g13788	5	1	
OG0030804	NC_089037.1.g13845	NC_089037.1.g13748	NC_089037.1.g13797	NC_089037.1.g13729	NC_089037.1.g13788	NC_089037.1.g13950			5	1	
OG0030805	NC_089037.1.g13922	NC_089037.1.g13827	NC_089037.1.g13872		NC_089037.1.g13867	NC_089037.1.g14028		NC_089037.1.g13920	5	1	
OG0030806	NC_089037.1.g13934			NC_089037.1.g13818	NC_089037.1.g13877	NC_089037.1.g14039	NC_089037.1.g13874	NC_089037.1.g13931	5	1	
OG0030807	NC_089037.1.g13948	NC_089037.1.g13846		NC_089037.1.g13831		NC_089037.1.g14052	NC_089037.1.g13889	NC_089037.1.g13944	5	1	
OG0030808	NC_089037.1.g14026	NC_089037.1.g13923	NC_089037.1.g13973		NC_089037.1.g13964		NC_089037.1.g13968	NC_089037.1.g14020	5	1	
OG0030809	NC_089038.1.g14091	NC_089038.1.g13991	NC_089038.1.g14035	NC_089038.1.g13972			NC_089038.1.g14031	NC_089038.1.g14085	5	1	
OG0030810	NC_089038.1.g14120	NC_089038.1.g16833				NC_089037.1.g13778, NC_089038.1.g17115, NC_089038.1.g17116, NC_089038.1.g17300			2	1	
OG0030811	NC_089038.1.g14122			NC_089038.1.g14002	NC_089038.1.g14054	NC_089038.1.g14221	NC_089038.1.g14062	NC_089038.1.g14116	5	1	
OG0030812	NC_089038.1.g14130		NC_089038.1.g14071	NC_089038.1.g14009	NC_089038.1.g14059	NC_089038.1.g14227	NC_089038.1.g14069		5	1	
OG0030813	NC_089038.1.g14229	NC_089038.1.g14118		NC_089038.1.g14110		NC_089038.1.g14325	NC_089038.1.g14162	NC_089038.1.g14217	5	1	
OG0030814	NC_089038.1.g14233	NC_089038.1.g14120	NC_089038.1.g14167, NC_089038.1.g14172	NC_089038.1.g14105			NC_089038.1.g14164		4	1	
OG0030815	NC_089038.1.g14269	NC_089038.1.g14161			NC_089038.1.g14199	NC_089038.1.g14366	NC_089038.1.g14200	NC_089038.1.g14260	5	1	
OG0030816	NC_089038.1.g14272	NC_089038.1.g14164	NC_089038.1.g14208	NC_089038.1.g14147	NC_089038.1.g14203		NC_089038.1.g14204		5	1	
OG0030817	NC_089038.1.g14296	NC_089038.1.g14197		NC_089038.1.g14165	NC_089038.1.g14232		NC_089038.1.g14229	NC_089038.1.g14289	5	1	
OG0030818	NC_089038.1.g14300	NC_089038.1.g14199	NC_089038.1.g14229		NC_089038.1.g14235		NC_089038.1.g14232	NC_089038.1.g14291	5	1	
OG0030819	NC_089038.1.g14303	NC_089038.1.g14202	NC_089038.1.g14231	NC_089038.1.g14169		NC_089038.1.g14396		NC_089038.1.g14294	5	1	
OG0030820	NC_089038.1.g14339		NC_089036.1.g6334		NC_089038.1.g14276	NC_089038.1.g14440	NC_089038.1.g14277	NC_089038.1.g14332	5	1	
OG0030821	NC_089038.1.g14365		NC_089038.1.g14296	NC_089038.1.g14230	NC_089038.1.g14297		NC_089038.1.g14299	NC_089038.1.g14356	5	1	
OG0030822	NC_089038.1.g14371			NC_089038.1.g14239	NC_089038.1.g14304	NC_089038.1.g14473	NC_089038.1.g14306	NC_089038.1.g14363	5	1	
OG0030823	NC_089038.1.g14376		NC_089038.1.g14307	NC_089043.1.g30306	NC_089038.1.g14311, NC_089045.1.g35994			NC_089038.1.g14368	4	1	
OG0030824	NC_089038.1.g14381	NC_089038.1.g14277	NC_089038.1.g14312	NC_089038.1.g14250		NC_089038.1.g14485		NC_089038.1.g14373	5	1	
OG0030825	NC_089038.1.g14385	NC_089038.1.g14281	NC_089038.1.g14315	NC_089038.1.g14253		NC_089038.1.g14488		NC_089038.1.g14377	5	1	
OG0030826	NC_089038.1.g14398	NC_089038.1.g14295	NC_089038.1.g14330			NC_089038.1.g14501	NC_089038.1.g14336	NC_089038.1.g14391	5	1	
OG0030827	NC_089038.1.g14420		NC_089038.1.g14350	NC_089038.1.g14287	NC_089038.1.g14355	NC_089038.1.g14523		NC_089038.1.g14412	5	1	
OG0030828	NC_089038.1.g14440	NC_089038.1.g14336		NC_089038.1.g14307		NC_089038.1.g14544	NC_089038.1.g14375	NC_089038.1.g14433	5	1	
OG0030829	NC_089038.1.g14450	NC_089038.1.g14345	NC_089038.1.g14378		NC_089038.1.g14381		NC_089037.1.g11072, NC_089038.1.g14384		4	1	
OG0030830	NC_089038.1.g14465		NC_089038.1.g14392		NC_089038.1.g14395	NC_089038.1.g14566	NC_089038.1.g14397	NC_089038.1.g14454	5	1	
OG0030831	NC_089038.1.g14481	NC_089038.1.g14375	NC_089038.1.g14407		NC_089038.1.g14412		NC_089038.1.g14415	NC_089038.1.g14474	5	1	
OG0030832	NC_089038.1.g14482	NC_089038.1.g14376	NC_089038.1.g14408	NC_089038.1.g14347		NC_089038.1.g14581	NC_089038.1.g14416		5	1	
OG0030833	NC_089038.1.g14493	NC_089038.1.g14388	NC_089038.1.g14425		NC_089038.1.g14426		NC_089038.1.g14426	NC_089038.1.g14488	5	1	
OG0030834	NC_089038.1.g14495	NC_089038.1.g14393		NC_089038.1.g14361		NC_089038.1.g14596	NC_089038.1.g14429	NC_089038.1.g14492	5	1	
OG0030835	NC_089038.1.g14507	NC_089038.1.g14406	NC_089038.1.g14439	NC_089038.1.g14373	NC_089038.1.g14442		NC_089038.1.g14443		5	1	
OG0030836	NC_089038.1.g14565	NC_089038.1.g14471		NC_089038.1.g14429		NC_089038.1.g14673	NC_089038.1.g14503	NC_089038.1.g14562	5	1	
OG0030837	NC_089038.1.g14567			NC_089038.1.g14431	NC_089038.1.g14504	NC_089038.1.g14675	NC_089038.1.g14505	NC_089038.1.g14564	5	1	
OG0030838	NC_089038.1.g14574	NC_089038.1.g14480		NC_089038.1.g14438	NC_089038.1.g14512		NC_089038.1.g14513	NC_089038.1.g14572	5	1	
OG0030839	NC_089038.1.g14592	NC_089038.1.g14498	NC_089038.1.g14523		NC_089038.1.g14533		NC_089038.1.g14533	NC_089038.1.g14593	5	1	
OG0030840	NC_089038.1.g14612		NC_089038.1.g14548	NC_089038.1.g14480	NC_089038.1.g14556	NC_089038.1.g14726		NC_089038.1.g14615	5	1	
OG0030841	NC_089038.1.g14614	NC_089038.1.g14522	NC_089038.1.g14550			NC_089038.1.g14728	NC_089038.1.g14556	NC_089038.1.g14618	5	1	
OG0030842	NC_089038.1.g14665	NC_089038.1.g14574	NC_089038.1.g14602		NC_089038.1.g14607		NC_089038.1.g14600	NC_089038.1.g14668	5	1	
OG0030843	NC_089038.1.g14693		NC_089038.1.g14625	NC_089038.1.g14559	NC_089038.1.g14631		NC_089038.1.g14627	NC_089038.1.g14692	5	1	
OG0030844	NC_089038.1.g14754	NC_089038.1.g14651	NC_089038.1.g14685	NC_089038.1.g14627		NC_089038.1.g14876	NC_089038.1.g14684		5	1	
OG0030845	NC_089038.1.g14761		NC_089038.1.g14694		NC_089038.1.g14695	NC_089038.1.g14884	NC_089038.1.g14692	NC_089038.1.g14754	5	1	
OG0030846	NC_089038.1.g14783		NC_089038.1.g14718	NC_089038.1.g14656		NC_089038.1.g14907	NC_089038.1.g14714	NC_089038.1.g14776	5	1	
OG0030847	NC_089038.1.g14807	NC_089044.1.g33286			NC_089042.1.g28153		NC_089044.1.g33174	NC_089038.1.g14520, NC_089044.1.g33385	4	1	
OG0030848	NC_089038.1.g14828	NC_089038.1.g14726	NC_089038.1.g14762		NC_089038.1.g14765		NC_089038.1.g14760	NC_089038.1.g14823	5	1	
OG0030849	NC_089038.1.g14833	NC_089038.1.g14731	NC_089038.1.g14766	NC_089038.1.g14700		NC_089038.1.g14951	NC_089038.1.g14764		5	1	
OG0030850	NC_089038.1.g14910	NC_089038.1.g14806		NC_089038.1.g14775	NC_089038.1.g14848	NC_089038.1.g15032	NC_089038.1.g14845		5	1	
OG0030851	NC_089038.1.g14913	NC_089038.1.g14809		NC_089038.1.g14778	NC_089038.1.g14852	NC_089038.1.g15035		NC_089038.1.g14908	5	1	
OG0030852	NC_089038.1.g14923	NC_089038.1.g14822	NC_089038.1.g14848		NC_089038.1.g14865	NC_089038.1.g14801, NC_089038.1.g15047			4	1	
OG0030853	NC_089038.1.g14988	NC_089039.1.g17973				NC_089038.1.g15104	NC_089038.1.g14924	NC_089041.1.g26373, NC_089042.1.g29633	4	1	
OG0030854	NC_089038.1.g15011		NC_089038.1.g14934	NC_089038.1.g14875	NC_089038.1.g14961	NC_089038.1.g15126		NC_089038.1.g15007	5	1	
OG0030855	NC_089038.1.g15038	NC_089038.1.g14934	NC_089038.1.g14956	NC_089038.1.g14905	NC_089038.1.g14986			NC_089038.1.g15032	5	1	
OG0030856	NC_089038.1.g15045			NC_089038.1.g14913	NC_089038.1.g14995	NC_089038.1.g15162	NC_089038.1.g14983	NC_089038.1.g15039	5	1	
OG0030857	NC_089038.1.g15057	NC_089038.1.g14952		NC_089038.1.g14924	NC_089038.1.g15001		NC_089038.1.g14994	NC_089038.1.g15050	5	1	
OG0030858	NC_089038.1.g15104			NC_089038.1.g14966	NC_089038.1.g15041	NC_089038.1.g15214	NC_089038.1.g15045	NC_089038.1.g15092	5	1	
OG0030859	NC_089038.1.g15138	NC_089038.1.g15022	NC_089038.1.g15044	NC_089038.1.g14999	NC_089038.1.g15074			NC_089038.1.g15121	5	1	
OG0030860	NC_089038.1.g15141	NC_089038.1.g15025				NC_089036.1.g7150, NC_089038.1.g15248	NC_089038.1.g15082	NC_089038.1.g15123	4	1	
OG0030861	NC_089038.1.g15146	NC_089038.1.g15028		NC_089038.1.g15005	NC_089038.1.g15080	NC_089038.1.g15252	NC_089038.1.g15086		5	1	
OG0030862	NC_089038.1.g15166	NC_089038.1.g15048, NC_089042.1.g28573	NC_089038.1.g15075	NC_089038.1.g15027			NC_089038.1.g15108		4	1	
OG0030863	NC_089038.1.g15193	NC_089038.1.g15083, NC_089038.1.g15084		NC_089038.1.g15064		NC_089038.1.g15315		NC_089038.1.g15170	4	1	
OG0030864	NC_089038.1.g15194, NC_089044.1.g32400		NC_089044.1.g32206		NC_089044.1.g32375, NC_089044.1.g33015		NC_089044.1.g32146		3	1	
OG0030865	NC_089038.1.g15207		NC_089038.1.g15127	NC_089038.1.g15081	NC_089038.1.g15159	NC_089038.1.g15329		NC_089038.1.g15182	5	1	
OG0030866	NC_089038.1.g15312		NC_089038.1.g15226	NC_089038.1.g15188		NC_089038.1.g15435	NC_089038.1.g15260	NC_089038.1.g15284	5	1	
OG0030867	NC_089038.1.g15326	NC_089038.1.g15218	NC_089038.1.g15237	NC_089038.1.g15202	NC_089038.1.g15273	NC_089038.1.g15448			5	1	
OG0030868	NC_089038.1.g15363	NC_089038.1.g15256	NC_089038.1.g15276	NC_089038.1.g15236	NC_089038.1.g15311	NC_089038.1.g15482			5	1	
OG0030869	NC_089038.1.g15397		NC_089038.1.g15310	NC_089038.1.g15270		NC_089038.1.g15516	NC_089038.1.g15342	NC_089038.1.g15364	5	1	
OG0030870	NC_089038.1.g15447	NC_089038.1.g15343	NC_089038.1.g15357		NC_089038.1.g15400	NC_089038.1.g15567		NC_089038.1.g15418	5	1	
OG0030871	NC_089038.1.g15475	NC_089038.1.g15368	NC_089038.1.g15382		NC_089038.1.g15426		NC_089038.1.g15414	NC_089038.1.g15444	5	1	
OG0030872	NC_089038.1.g15479	NC_089038.1.g15371	NC_089038.1.g15385		NC_089038.1.g15429		NC_089038.1.g15418	NC_089038.1.g15448	5	1	
OG0030873	NC_089038.1.g15516	NC_089038.1.g15408	NC_089038.1.g15421			NC_089038.1.g15634	NC_089038.1.g15455	NC_089038.1.g15482	5	1	
OG0030874	NC_089038.1.g15518	NC_089038.1.g15410		NC_089036.1.g7950, NC_089038.1.g15384	NC_089038.1.g15469		NC_089038.1.g15457		4	1	
OG0030875	NC_089038.1.g15544	NC_089038.1.g15436			NC_089038.1.g15496	NC_089038.1.g15665	NC_089038.1.g15483	NC_089038.1.g15509	5	1	
OG0030876	NC_089038.1.g15631	NC_089038.1.g15526		NC_089038.1.g15502	NC_089038.1.g15588	NC_089038.1.g15757	NC_089038.1.g15574		5	1	
OG0030877	NC_089038.1.g15640		NC_089038.1.g15548	NC_089038.1.g15511	NC_089038.1.g15597	NC_089038.1.g15763		NC_089038.1.g15604	5	1	
OG0030878	NC_089038.1.g15736		NC_089038.1.g15644	NC_089038.1.g15609		NC_089038.1.g15859	NC_089038.1.g15676	NC_089038.1.g15699	5	1	
OG0030879	NC_089038.1.g15784	NC_089038.1.g15676		NC_089038.1.g15411, NC_089038.1.g15654	NC_089038.1.g15738			NC_089038.1.g15742	4	1	
OG0030880	NC_089038.1.g15788	NC_089038.1.g15681	NC_089038.1.g15691	NC_089038.1.g15658		NC_089038.1.g15910	NC_089038.1.g15728		5	1	
OG0030881	NC_089038.1.g15869			NC_089038.1.g15738	NC_089038.1.g15822	NC_089038.1.g15991	NC_089038.1.g15810	NC_089038.1.g15828	5	1	
OG0030882	NC_089038.1.g15940	NC_089038.1.g15835		NC_089038.1.g15808	NC_089038.1.g15890	NC_089038.1.g16067		NC_089038.1.g15899	5	1	
OG0030883	NC_089038.1.g15960			NC_089038.1.g15828	NC_089038.1.g15911	NC_089038.1.g16090	NC_089038.1.g15911	NC_089038.1.g15920	5	1	
OG0030884	NC_089038.1.g15974			NC_089038.1.g15842	NC_089038.1.g15925	NC_089038.1.g16105	NC_089038.1.g15925	NC_089038.1.g15934	5	1	
OG0030885	NC_089038.1.g15984		NC_089038.1.g15891	NC_089038.1.g15852		NC_089038.1.g16115	NC_089038.1.g15935	NC_089038.1.g15944	5	1	
OG0030886	NC_089038.1.g16008			NC_089038.1.g15875	NC_089038.1.g15956	NC_089038.1.g16138	NC_089038.1.g15957	NC_089038.1.g15966	5	1	
OG0030887	NC_089038.1.g16207	NC_089038.1.g16101		NC_089038.1.g16076	NC_089038.1.g16162	NC_089038.1.g16342		NC_089038.1.g16167	5	1	
OG0030888	NC_089038.1.g16210, NC_089042.1.g27732	NC_089038.1.g16105				NC_089038.1.g16345	NC_089038.1.g16168	NC_089038.1.g16170	4	1	
OG0030889	NC_089038.1.g16258			NC_089038.1.g16123	NC_089038.1.g16211	NC_089038.1.g16393	NC_089038.1.g16214	NC_089038.1.g16216	5	1	
OG0030890	NC_089038.1.g16261			NC_089038.1.g16125	NC_089038.1.g16213	NC_089038.1.g16395	NC_089038.1.g16216	NC_089038.1.g16219	5	1	
OG0030891	NC_089038.1.g16275			NC_089046.1.g38004	NC_089038.1.g16228	NC_089038.1.g16410	NC_089038.1.g16231	NC_089038.1.g16234	5	1	
OG0030892	NC_089038.1.g16328		NC_089038.1.g16236		NC_089038.1.g16279	NC_089038.1.g16460	NC_089038.1.g16281	NC_089038.1.g16288	5	1	
OG0030893	NC_089038.1.g16352	NC_089040.1.g21050	NC_089040.1.g21093	NC_089038.1.g16205		NC_089038.1.g16483, NC_089040.1.g21365			4	1	
OG0030894	NC_089038.1.g16400	NC_089038.1.g16281	NC_089038.1.g16308	NC_089038.1.g16255		NC_089038.1.g16532		NC_089038.1.g16359	5	1	
OG0030895	NC_089038.1.g16458		NC_089038.1.g16366	NC_089038.1.g16315		NC_089038.1.g16590	NC_089038.1.g16405	NC_089038.1.g16416	5	1	
OG0030896	NC_089038.1.g16473, NC_089043.1.g31722	NC_089038.1.g16355			NC_089038.1.g16419		NC_089038.1.g16422	NC_089038.1.g16431	4	1	
OG0030897	NC_089038.1.g16546			NC_089035.1.g1442, NC_089038.1.g16404		NC_089035.1.g1470, NC_089038.1.g16671		NC_089035.1.g1440	3	1	
OG0030898	NC_089038.1.g16609	NC_089038.1.g16477	NC_089038.1.g16511	NC_089038.1.g16465		NC_089038.1.g16738		NC_089038.1.g16556	5	1	
OG0030899	NC_089038.1.g16622	NC_089038.1.g16489	NC_089038.1.g16523	NC_089038.1.g16477		NC_089035.1.g2450, NC_089038.1.g16749			4	1	
OG0030900	NC_089038.1.g16625	NC_089038.1.g16492	NC_089038.1.g16526		NC_089038.1.g16565	NC_089038.1.g16752	NC_089038.1.g16560		5	1	
OG0030901	NC_089038.1.g16645		NC_089038.1.g16548		NC_089038.1.g16585	NC_089038.1.g16774	NC_089038.1.g16582	NC_089038.1.g16593	5	1	
OG0030902	NC_089038.1.g16739		NC_089038.1.g16640	NC_089038.1.g16585	NC_089038.1.g16675	NC_089038.1.g16868		NC_089038.1.g16681	5	1	
OG0030903	NC_089038.1.g16740		NC_089038.1.g16641	NC_089038.1.g16586	NC_089038.1.g16676	NC_089038.1.g16869		NC_089038.1.g16682	5	1	
OG0030904	NC_089038.1.g16754	NC_089038.1.g16612	NC_089038.1.g16661		NC_089038.1.g16690	NC_089038.1.g16886		NC_089038.1.g16697	5	1	
OG0030905	NC_089038.1.g16815		NC_089038.1.g16723	NC_089038.1.g16661	NC_089038.1.g16751		NC_089038.1.g16743, NC_089038.1.g16744		4	1	
OG0030906	NC_089038.1.g16925	NC_089038.1.g16779	NC_089038.1.g16828		NC_089038.1.g16861		NC_089038.1.g16851	NC_089038.1.g16868	5	1	
OG0030907	NC_089038.1.g16942	NC_089038.1.g16796		NC_089038.1.g16786		NC_089038.1.g17071	NC_089038.1.g16868	NC_089038.1.g16884	5	1	
OG0030908	NC_089038.1.g16946	NC_089038.1.g16795	NC_089038.1.g16850, NC_089038.1.g16852	NC_089038.1.g16790	NC_089038.1.g16881				4	1	
OG0030909	NC_089038.1.g16947		NC_089038.1.g16853	NC_089038.1.g16791	NC_089038.1.g16882		NC_089038.1.g16871	NC_089038.1.g16887	5	1	
OG0030910	NC_089038.1.g16957		NC_089038.1.g16863	NC_089038.1.g16800	NC_089038.1.g16892	NC_089038.1.g17083	NC_089038.1.g16881		5	1	
OG0030911	NC_089038.1.g16958		NC_089038.1.g16864	NC_089038.1.g16801	NC_089038.1.g16893	NC_089038.1.g17084		NC_089038.1.g16897	5	1	
OG0030912	NC_089038.1.g17065			NC_089038.1.g16910		NC_089036.1.g8047, NC_089038.1.g17194, NC_089039.1.g20452	NC_089038.1.g16989		3	1	
OG0030913	NC_089038.1.g17165		NC_089038.1.g17071	NC_089038.1.g17007	NC_089038.1.g17099	NC_089038.1.g17292		NC_089038.1.g17109	5	1	
OG0030914	NC_089038.1.g17220		NC_089038.1.g17132	NC_089038.1.g17065	NC_089038.1.g17158	NC_089038.1.g17352		NC_089038.1.g17170	5	1	
OG0030915	NC_089038.1.g17295, NC_089041.1.g25352, NC_089046.1.g38632		NC_089038.1.g17207	NC_089038.1.g17141		NC_089038.1.g17428			3	1	
OG0030916	NC_089038.1.g17441	NC_089038.1.g17277	NC_089038.1.g17358	NC_089038.1.g17290	NC_089038.1.g17377		NC_089038.1.g17367		5	1	
OG0030917	NC_089038.1.g17544	NC_089038.1.g17381			NC_089038.1.g17478	NC_089038.1.g17679	NC_089038.1.g17470	NC_089038.1.g17492	5	1	
OG0030918	NC_089039.1.g17553		NC_089039.1.g17466	NC_089039.1.g17403	NC_089039.1.g17488	NC_089039.1.g17689	NC_089039.1.g17480		5	1	
OG0030919	NC_089039.1.g17588	NC_089039.1.g17425	NC_089039.1.g17501	NC_089039.1.g17437	NC_089039.1.g17524	NC_089039.1.g17724			5	1	
OG0030920	NC_089039.1.g17624	NC_089039.1.g17458	NC_089039.1.g17532		NC_089039.1.g17557		NC_089039.1.g17548	NC_089039.1.g17569	5	1	
OG0030921	NC_089039.1.g17674	NC_089039.1.g17507	NC_089039.1.g17586	NC_089039.1.g17522		NC_089039.1.g17809		NC_089039.1.g17620	5	1	
OG0030922	NC_089039.1.g17681	NC_089039.1.g17514		NC_089039.1.g17530	NC_089039.1.g17614	NC_089039.1.g17816	NC_089039.1.g17606		5	1	
OG0030923	NC_089039.1.g17683	NC_089039.1.g17516	NC_089039.1.g17592	NC_089039.1.g17532		NC_089039.1.g17818		NC_089039.1.g17628	5	1	
OG0030924	NC_089039.1.g17708	NC_089039.1.g17542		NC_089039.1.g17558	NC_089039.1.g17643	NC_089039.1.g17845	NC_089039.1.g17634		5	1	
OG0030925	NC_089039.1.g17716	NC_089039.1.g17549		NC_089039.1.g17565	NC_089039.1.g17650	NC_089039.1.g17853		NC_089039.1.g17661	5	1	
OG0030926	NC_089039.1.g17787	NC_089039.1.g17621	NC_089039.1.g17693			NC_089039.1.g17935	NC_089039.1.g17712	NC_089039.1.g17736	5	1	
OG0030927	NC_089039.1.g17911	NC_089039.1.g17742	NC_089039.1.g17818			NC_089039.1.g18059	NC_089039.1.g17838	NC_089039.1.g17864	5	1	
OG0030928	NC_089039.1.g17987		NC_089039.1.g17894		NC_089039.1.g17924	NC_089039.1.g18134	NC_089039.1.g17914	NC_089039.1.g17941	5	1	
OG0030929	NC_089039.1.g17988	NC_089039.1.g17820			NC_089039.1.g17925	NC_089039.1.g18135	NC_089039.1.g17915	NC_089039.1.g17942	5	1	
OG0030930	NC_089039.1.g18035		NC_089039.1.g17943	NC_089039.1.g17887		NC_089039.1.g18185	NC_089039.1.g17968	NC_089039.1.g17991	5	1	
OG0030931	NC_089039.1.g18041	NC_089039.1.g17876	NC_089039.1.g17949	NC_089039.1.g17893	NC_089039.1.g17980		NC_089039.1.g17974		5	1	
OG0030932	NC_089039.1.g18044	NC_089039.1.g17879	NC_089039.1.g17952	NC_089039.1.g17896	NC_089039.1.g17983	NC_089039.1.g18196			5	1	
OG0030933	NC_089039.1.g18046	NC_089039.1.g17881	NC_089037.1.g12236, NC_089039.1.g17954		NC_089039.1.g17985		NC_089037.1.g12199		4	1	
OG0030934	NC_089039.1.g18077	NC_089039.1.g17912		NC_089039.1.g17925		NC_089039.1.g18230	NC_089036.1.g5569	NC_089039.1.g18025	5	1	
OG0030935	NC_089039.1.g18105	NC_089039.1.g17943	NC_089039.1.g18015	NC_089039.1.g17953		NC_089039.1.g18261		NC_089039.1.g18052	5	1	
OG0030936	NC_089039.1.g18109	NC_089039.1.g17947	NC_089039.1.g18018		NC_089039.1.g18052	NC_089039.1.g18264		NC_089039.1.g18056	5	1	
OG0030937	NC_089039.1.g18118	NC_089039.1.g17956		NC_089039.1.g17965	NC_089039.1.g18061		NC_089039.1.g18049	NC_089039.1.g18065	5	1	
OG0030938	NC_089039.1.g18120	NC_089039.1.g17958		NC_089039.1.g17967	NC_089039.1.g18063		NC_089039.1.g18051	NC_089039.1.g18067	5	1	
OG0030939	NC_089039.1.g18170	NC_089040.1.g22262	NC_089040.1.g22302		NC_089040.1.g22385	NC_089046.1.g39858		NC_089040.1.g22316	5	1	
OG0030940	NC_089039.1.g18186	NC_089039.1.g18024	NC_089039.1.g18086		NC_089039.1.g18128		NC_089039.1.g18111	NC_089039.1.g18128	5	1	
OG0030941	NC_089039.1.g18245	NC_089039.1.g18086	NC_089039.1.g18146		NC_089039.1.g18192		NC_089039.1.g18173	NC_089039.1.g18194	5	1	
OG0030942	NC_089039.1.g18258	NC_089039.1.g18099	NC_089039.1.g18159		NC_089039.1.g18204		NC_089039.1.g18186	NC_089039.1.g18205	5	1	
OG0030943	NC_089039.1.g18261	NC_089039.1.g18102	NC_089039.1.g18163		NC_089039.1.g18208		NC_089039.1.g18190	NC_089039.1.g18209	5	1	
OG0030944	NC_089039.1.g18290	NC_089039.1.g18131			NC_089039.1.g18237, NC_089039.1.g18238		NC_089039.1.g18220	NC_089039.1.g18238	4	1	
OG0030945	NC_089039.1.g18312		NC_089039.1.g18211	NC_089039.1.g18156	NC_089039.1.g18262		NC_089039.1.g18244	NC_089039.1.g18260	5	1	
OG0030946	NC_089039.1.g18329	NC_089039.1.g18170	NC_089039.1.g18227	NC_089039.1.g18172	NC_089039.1.g18280		NC_089039.1.g18260		5	1	
OG0030947	NC_089039.1.g18343	NC_089039.1.g18184	NC_089039.1.g18242	NC_089039.1.g18184		NC_089039.1.g18491		NC_089039.1.g18291	5	1	
OG0030948	NC_089039.1.g18386	NC_089039.1.g18224	NC_089039.1.g18286		NC_089039.1.g18340		NC_089039.1.g18318	NC_089039.1.g18338	5	1	
OG0030949	NC_089039.1.g18401	NC_089039.1.g18240			NC_089039.1.g18358	NC_089039.1.g18547	NC_089039.1.g18334	NC_089039.1.g18356	5	1	
OG0030950	NC_089039.1.g18432			NC_089039.1.g18265	NC_089039.1.g18387	NC_089039.1.g18579	NC_089039.1.g18364	NC_089039.1.g18386	5	1	
OG0030951	NC_089039.1.g18436	NC_089039.1.g18269		NC_089039.1.g18268	NC_089039.1.g18391	NC_089039.1.g18583	NC_089039.1.g18367		5	1	
OG0030952	NC_089039.1.g18452	NC_089039.1.g18285		NC_089039.1.g18285	NC_089039.1.g18408	NC_089039.1.g18600	NC_089039.1.g18385		5	1	
OG0030953	NC_089039.1.g18484	NC_089039.1.g18315	NC_089039.1.g18383	NC_089039.1.g18316	NC_089039.1.g18439			NC_089039.1.g18439	5	1	
OG0030954	NC_089039.1.g18495	NC_089043.1.g30674	NC_089039.1.g18393	NC_089043.1.g30394		NC_089043.1.g31080		NC_089039.1.g18450	5	1	
OG0030955	NC_089039.1.g18534	NC_089039.1.g18372	NC_089039.1.g18434	NC_089039.1.g18372	NC_089039.1.g18492			NC_089039.1.g18492	5	1	
OG0030956	NC_089039.1.g18570	NC_089039.1.g18399	NC_089039.1.g18466		NC_089039.1.g18518	NC_089039.1.g18720		NC_089039.1.g18529	5	1	
OG0030957	NC_089039.1.g18579			NC_089039.1.g18412	NC_089039.1.g18531	NC_089039.1.g18731	NC_089039.1.g18513	NC_089039.1.g18540	5	1	
OG0030958	NC_089039.1.g18593			NC_089039.1.g18425	NC_089039.1.g18548	NC_089039.1.g18744	NC_089039.1.g18526	NC_089039.1.g18552	5	1	
OG0030959	NC_089039.1.g18619	NC_089039.1.g18448		NC_089039.1.g18451	NC_089039.1.g18573		NC_089039.1.g18550	NC_089039.1.g18579	5	1	
OG0030960	NC_089039.1.g18632	NC_089039.1.g18460	NC_089039.1.g18527			NC_089039.1.g18781	NC_089039.1.g18564	NC_089039.1.g18593	5	1	
OG0030961	NC_089039.1.g18644		NC_089039.1.g18539	NC_089039.1.g18477		NC_089039.1.g18794	NC_089039.1.g18576	NC_089039.1.g18605	5	1	
OG0030962	NC_089039.1.g18669	NC_089039.1.g18498		NC_089039.1.g18501		NC_089039.1.g18823	NC_089039.1.g18601	NC_089039.1.g18630	5	1	
OG0030963	NC_089039.1.g18674		NC_089039.1.g18563	NC_089039.1.g18505		NC_089039.1.g18827	NC_089039.1.g18605	NC_089039.1.g18633	5	1	
OG0030964	NC_089039.1.g18708	NC_089039.1.g18535		NC_089039.1.g18539	NC_089039.1.g18655		NC_089039.1.g18636	NC_089039.1.g18664	5	1	
OG0030965	NC_089039.1.g18771	NC_089039.1.g18596	NC_089039.1.g18658	NC_089039.1.g18602		NC_089039.1.g18927	NC_089039.1.g18697		5	1	
OG0030966	NC_089039.1.g18788		NC_089039.1.g18672	NC_089039.1.g18618	NC_089039.1.g18733	NC_089039.1.g18944	NC_089039.1.g18711		5	1	
OG0030967	NC_089039.1.g18827			NC_089039.1.g18661	NC_089039.1.g18775	NC_089039.1.g18985	NC_089039.1.g18752	NC_089039.1.g18777	5	1	
OG0030968	NC_089039.1.g18828			NC_089039.1.g18662	NC_089039.1.g18776	NC_089039.1.g18986	NC_089039.1.g18753	NC_089039.1.g18778	5	1	
OG0030969	NC_089039.1.g18881, NC_089039.1.g20315	NC_089039.1.g18703, NC_089039.1.g20170		NC_089039.1.g18705, NC_089039.1.g20140					2	1	
OG0030970	NC_089039.1.g18981	NC_089039.1.g18816		NC_089039.1.g18807	NC_089039.1.g18930	NC_089038.1.g14627, NC_089039.1.g19137			4	1	
OG0030971	NC_089039.1.g18990		NC_089039.1.g18878	NC_089039.1.g18816	NC_089039.1.g18940	NC_089039.1.g19148	NC_089039.1.g18917		5	1	
OG0030972	NC_089039.1.g19013			NC_089037.1.g13411, NC_089039.1.g18839		NC_089039.1.g19175	NC_089039.1.g18941	NC_089039.1.g18953	4	1	
OG0030973	NC_089039.1.g19066	NC_089039.1.g18903		NC_089039.1.g18891	NC_089039.1.g19013	NC_089039.1.g19227		NC_089039.1.g19006	5	1	
OG0030974	NC_089039.1.g19099	NC_089039.1.g18935	NC_089039.1.g18988	NC_089039.1.g18924		NC_089039.1.g19259		NC_089039.1.g19037	5	1	
OG0030975	NC_089039.1.g19107	NC_089039.1.g18943	NC_089039.1.g18996		NC_089039.1.g19053		NC_089039.1.g19036	NC_089039.1.g19045	5	1	
OG0030976	NC_089039.1.g19130		NC_089039.1.g19017	NC_089039.1.g18953	NC_089039.1.g19074	NC_089039.1.g19288		NC_089039.1.g19067	5	1	
OG0030977	NC_089039.1.g19134			NC_089039.1.g18958	NC_089039.1.g19078	NC_089039.1.g19292	NC_089039.1.g19062	NC_089039.1.g19072	5	1	
OG0030978	NC_089039.1.g19151	NC_089039.1.g18986	NC_089039.1.g19040	NC_089039.1.g18976		NC_089039.1.g19309		NC_089039.1.g19089	5	1	
OG0030979	NC_089039.1.g19184	NC_089039.1.g19019	NC_089039.1.g19072		NC_089039.1.g19124		NC_089039.1.g19109	NC_089039.1.g19119	5	1	
OG0030980	NC_089039.1.g19215	NC_089046.1.g37971	NC_089046.1.g37899		NC_089046.1.g38157		NC_089046.1.g37864	NC_089046.1.g38079	5	1	
OG0030981	NC_089039.1.g19231		NC_089039.1.g19122	NC_089039.1.g19051		NC_089039.1.g19389	NC_089039.1.g19159	NC_089039.1.g19167	5	1	
OG0030982	NC_089039.1.g19240			NC_089039.1.g19062	NC_089039.1.g19183	NC_089039.1.g19400	NC_089039.1.g19169	NC_089039.1.g19178	5	1	
OG0030983	NC_089039.1.g19243		NC_089039.1.g19136		NC_089039.1.g19186	NC_089039.1.g19403	NC_089039.1.g19172	NC_089039.1.g19181	5	1	
OG0030984	NC_089039.1.g19261	NC_089039.1.g19096	NC_089039.1.g19152		NC_089039.1.g19200	NC_089039.1.g19420		NC_089039.1.g19196	5	1	
OG0030985	NC_089039.1.g19303	NC_089039.1.g19142	NC_089039.1.g19195		NC_089039.1.g19244		NC_089039.1.g19229	NC_089039.1.g19240	5	1	
OG0030986	NC_089039.1.g19322	NC_089039.1.g19161		NC_089039.1.g19138	NC_089039.1.g19266	NC_089039.1.g19484	NC_089039.1.g19249		5	1	
OG0030987	NC_089039.1.g19345	NC_089039.1.g19185	NC_089039.1.g19236		NC_089039.1.g19289		NC_089039.1.g19271	NC_089039.1.g19282	5	1	
OG0030988	NC_089039.1.g19379		NC_089039.1.g19275	NC_089039.1.g19199		NC_089039.1.g19542	NC_089039.1.g19307	NC_089039.1.g19320	5	1	
OG0030989	NC_089039.1.g19388	NC_089035.1.g2871, NC_089039.1.g19231, NC_089041.1.g25961	NC_089039.1.g19286		NC_089035.1.g4614				3	1	
OG0030990	NC_089039.1.g19421	NC_089039.1.g19264				NC_089039.1.g19586	NC_089039.1.g19349	NC_089036.1.g9342, NC_089039.1.g19362	4	1	
OG0030991	NC_089039.1.g19440	NC_089039.1.g19285	NC_089039.1.g19339		NC_089039.1.g19396		NC_089039.1.g19367	NC_089039.1.g19382	5	1	
OG0030992	NC_089039.1.g19448	NC_089039.1.g19293		NC_089039.1.g19268	NC_089039.1.g19404	NC_089039.1.g19612	NC_089039.1.g19375		5	1	
OG0030993	NC_089039.1.g19458		NC_089039.1.g19357	NC_089039.1.g19277		NC_089039.1.g19621	NC_089039.1.g19384	NC_089039.1.g19398	5	1	
OG0030994	NC_089039.1.g19489	NC_089039.1.g19329	NC_089039.1.g19383		NC_089039.1.g19439	NC_089039.1.g19650		NC_089039.1.g19423	5	1	
OG0030995	NC_089039.1.g19593	NC_089039.1.g19429		NC_089039.1.g19415	NC_089039.1.g19534	NC_089039.1.g19758		NC_089039.1.g19523	5	1	
OG0030996	NC_089039.1.g19633	NC_089039.1.g19466	NC_089039.1.g19527	NC_089039.1.g19453		NC_089039.1.g19796		NC_089039.1.g19560	5	1	
OG0030997	NC_089039.1.g19703		NC_089039.1.g19598	NC_089039.1.g19524	NC_089039.1.g19646		NC_089039.1.g19610	NC_089039.1.g19631	5	1	
OG0030998	NC_089039.1.g19720	NC_089039.1.g19558	NC_089039.1.g19615		NC_089039.1.g19663		NC_089039.1.g19628	NC_089039.1.g19647	5	1	
OG0030999	NC_089039.1.g19798		NC_089039.1.g19694	NC_089039.1.g19625	NC_089039.1.g19747	NC_089039.1.g19974		NC_089039.1.g19732	5	1	
OG0031000	NC_089039.1.g19809			NC_089039.1.g19639	NC_089039.1.g19760	NC_089039.1.g19985	NC_089039.1.g19721	NC_089039.1.g19743	5	1	
OG0031001	NC_089039.1.g19853		NC_089039.1.g19749		NC_089039.1.g19806	NC_089039.1.g20022	NC_089039.1.g19756	NC_089039.1.g19778	5	1	
OG0031002	NC_089039.1.g19866	NC_089039.1.g19714	NC_089039.1.g19765	NC_089039.1.g19693			NC_089039.1.g19770	NC_089039.1.g19793	5	1	
OG0031003	NC_089039.1.g19882	NC_089039.1.g19729		NC_089039.1.g19709	NC_089039.1.g19834		NC_089039.1.g19785	NC_089039.1.g19808	5	1	
OG0031004	NC_089039.1.g19949		NC_089039.1.g19852	NC_089039.1.g19776	NC_089039.1.g19904	NC_089039.1.g20115		NC_089039.1.g19872	5	1	
OG0031005	NC_089039.1.g20011		NC_089039.1.g19909	NC_089039.1.g19838	NC_089039.1.g19965	NC_089039.1.g20180	NC_089039.1.g19911		5	1	
OG0031006	NC_089039.1.g20045		NC_089039.1.g19949, NC_089042.1.g27312	NC_089039.1.g19874	NC_089039.1.g20002	NC_089039.1.g20217			4	1	
OG0031007	NC_089039.1.g20054	NC_089039.1.g19906	NC_089039.1.g19958		NC_089039.1.g20011		NC_089039.1.g19959	NC_089039.1.g19985	5	1	
OG0031008	NC_089039.1.g20158, NC_089039.1.g20160, NC_089039.1.g20161						NC_089039.1.g20060	NC_089039.1.g20086, NC_089039.1.g20088	2	1	
OG0031009	NC_089039.1.g20159	NC_089039.1.g20010			NC_089039.1.g20114	NC_089039.1.g20331	NC_089039.1.g20061	NC_089039.1.g20087	5	1	
OG0031010	NC_089039.1.g20189		NC_089039.1.g20088	NC_089039.1.g20014	NC_089039.1.g20144	NC_089039.1.g20361		NC_089039.1.g20117	5	1	
OG0031011	NC_089039.1.g20418	NC_089039.1.g20274		NC_089039.1.g20246	NC_089039.1.g20380	NC_089039.1.g20592		NC_089039.1.g20343	5	1	
OG0031012	NC_089039.1.g20424	NC_089039.1.g20281		NC_089039.1.g20253		NC_089039.1.g20597	NC_089039.1.g20319	NC_089039.1.g20348	5	1	
OG0031013	NC_089039.1.g20459	NC_089039.1.g20314	NC_089039.1.g20358	NC_089039.1.g20286		NC_089039.1.g20629		NC_089039.1.g20381	5	1	
OG0031014	NC_089039.1.g20479	NC_089039.1.g20335	NC_089039.1.g20380		NC_089039.1.g20437		NC_089039.1.g20372	NC_089039.1.g20402	5	1	
OG0031015	NC_089039.1.g20494	NC_089039.1.g20350	NC_089039.1.g20395	NC_089039.1.g20321	NC_089039.1.g20452			NC_089039.1.g20416	5	1	
OG0031016	NC_089039.1.g20540	NC_089043.1.g31355	NC_089043.1.g31330		NC_089043.1.g31464		NC_089043.1.g31266	NC_089043.1.g31439	5	1	
OG0031017	NC_089039.1.g20638			NC_089039.1.g20468	NC_089039.1.g20603	NC_089039.1.g20808	NC_089039.1.g20533	NC_089039.1.g20562	5	1	
OG0031018	NC_089039.1.g20691		NC_089039.1.g20597	NC_089039.1.g20518	NC_089039.1.g20656	NC_089039.1.g20858	NC_089039.1.g20586		5	1	
OG0031019	NC_089040.1.g20712			NC_089040.1.g20535	NC_089040.1.g20677	NC_089040.1.g20879	NC_089040.1.g20607	NC_089040.1.g20633	5	1	
OG0031020	NC_089040.1.g20717	NC_089040.1.g20579	NC_089040.1.g20620			NC_089040.1.g20884	NC_089040.1.g20612	NC_089040.1.g20638	5	1	
OG0031021	NC_089040.1.g20745	NC_089040.1.g20607	NC_089040.1.g20647	NC_089040.1.g20568	NC_089040.1.g20712		NC_089040.1.g20640		5	1	
OG0031022	NC_089040.1.g20763			NC_089040.1.g20581	NC_089040.1.g20729	NC_089040.1.g20928	NC_089040.1.g20654	NC_089040.1.g20681	5	1	
OG0031023	NC_089040.1.g20765			NC_089040.1.g20582	NC_089040.1.g20730	NC_089040.1.g20929	NC_089040.1.g20655	NC_089040.1.g20682	5	1	
OG0031024	NC_089040.1.g20806	NC_089040.1.g20659	NC_089040.1.g20703	NC_089040.1.g20625		NC_089040.1.g20970	NC_089040.1.g20693		5	1	
OG0031025	NC_089040.1.g20833	NC_089040.1.g20688	NC_089040.1.g20731	NC_089040.1.g20652		NC_089040.1.g20998		NC_089040.1.g20749	5	1	
OG0031026	NC_089040.1.g20835		NC_089040.1.g20733	NC_089040.1.g20654	NC_089040.1.g20800	NC_089040.1.g21000		NC_089040.1.g20751	5	1	
OG0031027	NC_089040.1.g20836		NC_089040.1.g20734	NC_089040.1.g20655	NC_089040.1.g20801	NC_089040.1.g21001		NC_089040.1.g20752	5	1	
OG0031028	NC_089040.1.g20837		NC_089040.1.g20736	NC_089040.1.g20656	NC_089040.1.g20802	NC_089040.1.g21002		NC_089040.1.g20753	5	1	
OG0031029	NC_089040.1.g20841	NC_089040.1.g20695		NC_089040.1.g20661	NC_089040.1.g20806	NC_089040.1.g21006		NC_089040.1.g20757	5	1	
OG0031030	NC_089040.1.g20881		NC_089040.1.g20781	NC_089040.1.g20705	NC_089040.1.g20849	NC_089040.1.g21048		NC_089040.1.g20796	5	1	
OG0031031	NC_089040.1.g20883	NC_089040.1.g20731	NC_089040.1.g20783	NC_089040.1.g20707	NC_089040.1.g20851		NC_089040.1.g20771		5	1	
OG0031032	NC_089040.1.g20921		NC_089040.1.g20822		NC_089040.1.g20891	NC_089040.1.g21090	NC_089040.1.g20810	NC_089040.1.g20835	5	1	
OG0031033	NC_089040.1.g21049	NC_089040.1.g20902	NC_089040.1.g20952	NC_089040.1.g20876	NC_089040.1.g21025		NC_089040.1.g20940		5	1	
OG0031034	NC_089040.1.g21191	NC_089040.1.g21046	NC_089040.1.g21089	NC_089040.1.g21007			NC_089040.1.g21082	NC_089040.1.g21109	5	1	
OG0031035	NC_089040.1.g21418	NC_089040.1.g21268	NC_089040.1.g21315		NC_089040.1.g21382		NC_089040.1.g21304	NC_089040.1.g21330	5	1	
OG0031036	NC_089040.1.g21434	NC_089040.1.g21284	NC_089040.1.g21331		NC_089040.1.g21396		NC_089040.1.g21319	NC_089040.1.g21347	5	1	
OG0031037	NC_089040.1.g21435	NC_089040.1.g21285	NC_089040.1.g21332		NC_089040.1.g21397		NC_089040.1.g21320	NC_089040.1.g21348	5	1	
OG0031038	NC_089040.1.g21519	NC_089040.1.g21370	NC_089040.1.g21413		NC_089040.1.g21482		NC_089040.1.g21405	NC_089040.1.g21427	5	1	
OG0031039	NC_089040.1.g21561		NC_089040.1.g21451		NC_089040.1.g21519	NC_089040.1.g21718	NC_089040.1.g21444	NC_089040.1.g21464	5	1	
OG0031040	NC_089040.1.g21574		NC_089040.1.g21463		NC_089040.1.g21531	NC_089040.1.g21730	NC_089040.1.g21457	NC_089040.1.g21476	5	1	
OG0031041	NC_089040.1.g21602			NC_089038.1.g14581, NC_089040.1.g21398	NC_089038.1.g14647	NC_089038.1.g14827		NC_089040.1.g21503	4	1	
OG0031042	NC_089040.1.g21616	NC_089041.1.g26580	NC_089035.1.g2975				NC_089035.1.g2961, NC_089046.1.g37356	NC_089046.1.g37565	4	1	
OG0031043	NC_089040.1.g21669		NC_089040.1.g21555	NC_089040.1.g21463	NC_089040.1.g21622		NC_089040.1.g21549	NC_089040.1.g21567	5	1	
OG0031044	NC_089040.1.g21670		NC_089040.1.g21556	NC_089040.1.g21464	NC_089040.1.g21623	NC_089040.1.g21823		NC_089040.1.g21568	5	1	
OG0031045	NC_089040.1.g21676	NC_089040.1.g21515		NC_089040.1.g21471		NC_089040.1.g21830	NC_089040.1.g21557	NC_089040.1.g21575	5	1	
OG0031046	NC_089040.1.g21705		NC_089040.1.g21596	NC_089040.1.g21502	NC_089040.1.g21662	NC_089040.1.g21863		NC_089040.1.g21606	5	1	
OG0031047	NC_089040.1.g21715		NC_089040.1.g21609	NC_089040.1.g21511	NC_089040.1.g21674	NC_089040.1.g21873		NC_089040.1.g21619	5	1	
OG0031048	NC_089040.1.g21754, NC_089042.1.g27902			NC_089040.1.g21547	NC_089035.1.g4093, NC_089040.1.g21713, NC_089042.1.g27853				2	1	
OG0031049	NC_089040.1.g21757	NC_089040.1.g21599		NC_089040.1.g21550		NC_089040.1.g21911	NC_089040.1.g21636	NC_089040.1.g21660	5	1	
OG0031050	NC_089040.1.g21772	NC_089040.1.g21616	NC_089040.1.g21669			NC_089040.1.g21929	NC_089040.1.g21654	NC_089040.1.g21678	5	1	
OG0031051	NC_089040.1.g21774	NC_089040.1.g21618	NC_089040.1.g21671			NC_089040.1.g21931	NC_089040.1.g21656	NC_089040.1.g21680	5	1	
OG0031052	NC_089040.1.g21783		NC_089040.1.g21680		NC_089040.1.g21746	NC_089040.1.g21940	NC_089040.1.g21666	NC_089040.1.g21689	5	1	
OG0031053	NC_089040.1.g21819	NC_089040.1.g21654	NC_089040.1.g21712	NC_089040.1.g21600		NC_089040.1.g21971	NC_089040.1.g21696		5	1	
OG0031054	NC_089040.1.g21824	NC_089040.1.g21659		NC_089040.1.g21604	NC_089040.1.g21781	NC_089040.1.g21976		NC_089040.1.g21725	5	1	
OG0031055	NC_089040.1.g21835	NC_089040.1.g21671		NC_089040.1.g21613	NC_089040.1.g21788	NC_089040.1.g21988		NC_089040.1.g21737	5	1	
OG0031056	NC_089040.1.g21855	NC_089040.1.g21689	NC_089040.1.g21740		NC_089040.1.g21811	NC_089040.1.g22013	NC_089040.1.g21725		5	1	
OG0031057	NC_089040.1.g21866	NC_089040.1.g21700	NC_089040.1.g21750		NC_089040.1.g21823		NC_089040.1.g21736	NC_089040.1.g21762	5	1	
OG0031058	NC_089040.1.g21887	NC_089040.1.g21722	NC_089040.1.g21774		NC_089040.1.g21845		NC_089040.1.g21759	NC_089040.1.g21786	5	1	
OG0031059	NC_089040.1.g21893	NC_089040.1.g21728	NC_089040.1.g21781		NC_089040.1.g21852		NC_089040.1.g21764	NC_089040.1.g21792	5	1	
OG0031060	NC_089040.1.g21898	NC_089040.1.g21733	NC_089040.1.g21787	NC_089040.1.g21674	NC_089040.1.g21857			NC_089040.1.g21797	5	1	
OG0031061	NC_089040.1.g21933		NC_089040.1.g21819	NC_089039.1.g18239		NC_089035.1.g3931, NC_089040.1.g22092		NC_089040.1.g21834	4	1	
OG0031062	NC_089040.1.g21957	NC_089040.1.g21793	NC_089040.1.g21843		NC_089040.1.g21915		NC_089040.1.g21821	NC_089040.1.g21857	5	1	
OG0031063	NC_089040.1.g21989		NC_089040.1.g21878		NC_089040.1.g21946	NC_089040.1.g22147	NC_089040.1.g21852	NC_089040.1.g21893	5	1	
OG0031064	NC_089040.1.g22047	NC_089040.1.g21879	NC_089040.1.g21936	NC_089040.1.g21809	NC_089040.1.g22008		NC_089040.1.g21904		5	1	
OG0031065	NC_089040.1.g22073	NC_089040.1.g21907	NC_089040.1.g21959	NC_089040.1.g21836	NC_089040.1.g22035		NC_089040.1.g21927		5	1	
OG0031066	NC_089040.1.g22092	NC_089040.1.g21926		NC_089040.1.g21852	NC_089040.1.g22050	NC_089040.1.g22246	NC_089040.1.g21942		5	1	
OG0031067	NC_089040.1.g22102	NC_089040.1.g21937		NC_089040.1.g21864	NC_089040.1.g22059	NC_089040.1.g22259	NC_089040.1.g21954		5	1	
OG0031068	NC_089040.1.g22189	NC_089040.1.g22030	NC_089040.1.g22079		NC_089040.1.g22157		NC_089040.1.g22052	NC_089040.1.g22087	5	1	
OG0031069	NC_089040.1.g22203	NC_089040.1.g22046		NC_089040.1.g21971	NC_089040.1.g22173	NC_089040.1.g22375	NC_089040.1.g22067		5	1	
OG0031070	NC_089040.1.g22256		NC_089040.1.g22148	NC_089040.1.g22020	NC_089040.1.g22227		NC_089040.1.g22122	NC_089040.1.g22157	5	1	
OG0031071	NC_089040.1.g22279		NC_089040.1.g22175		NC_089038.1.g14934, NC_089040.1.g22255	NC_089040.1.g22460	NC_089046.1.g38298		4	1	
OG0031072	NC_089040.1.g22283	NC_089040.1.g22132	NC_089040.1.g22179			NC_089040.1.g22464	NC_089040.1.g22154	NC_089040.1.g22188	5	1	
OG0031073	NC_089040.1.g22288	NC_089040.1.g22136	NC_089040.1.g22184		NC_089040.1.g22261		NC_089040.1.g22157	NC_089040.1.g22193	5	1	
OG0031074	NC_089040.1.g22304	NC_089040.1.g22152		NC_089046.1.g38662		NC_089046.1.g39624	NC_089046.1.g38931	NC_089040.1.g22206	5	1	
OG0031075	NC_089040.1.g22363	NC_089040.1.g22209	NC_089040.1.g22250			NC_089040.1.g22535	NC_089040.1.g22223	NC_089040.1.g22262	5	1	
OG0031076	NC_089040.1.g22375		NC_089040.1.g22262	NC_089040.1.g22127	NC_089040.1.g22343	NC_089040.1.g22546		NC_089040.1.g22273	5	1	
OG0031077	NC_089040.1.g22383	NC_089040.1.g22226	NC_089035.1.g2647, NC_089040.1.g22269			NC_089040.1.g22554		NC_089040.1.g22279	4	1	
OG0031078	NC_089040.1.g22415	NC_089040.1.g22257	NC_089040.1.g22298	NC_089040.1.g22157		NC_089040.1.g22581	NC_089040.1.g22271		5	1	
OG0031079	NC_089040.1.g22430	NC_089040.1.g22269	NC_089040.1.g22309		NC_089040.1.g22394		NC_089040.1.g22282	NC_089040.1.g22325	5	1	
OG0031080	NC_089040.1.g22487	NC_089040.1.g22324	NC_089040.1.g22363	NC_089040.1.g22209	NC_089040.1.g22444			NC_089040.1.g22374	5	1	
OG0031081	NC_089040.1.g22498	NC_089040.1.g22336	NC_089040.1.g22374		NC_089040.1.g22456		NC_089040.1.g22346	NC_089040.1.g22384	5	1	
OG0031082	NC_089040.1.g22534		NC_089040.1.g22414	NC_089040.1.g22253	NC_089040.1.g22503	NC_089040.1.g22698		NC_089040.1.g22423	5	1	
OG0031083	NC_089040.1.g22635		NC_089040.1.g22504	NC_089040.1.g22347	NC_089040.1.g22597	NC_089040.1.g22805	NC_089040.1.g22480		5	1	
OG0031084	NC_089040.1.g22656		NC_089040.1.g22528	NC_089040.1.g22366		NC_089040.1.g22819	NC_089040.1.g22492	NC_089040.1.g22530	5	1	
OG0031085	NC_089040.1.g22667	NC_089040.1.g22493			NC_089040.1.g22625	NC_089040.1.g22830	NC_089040.1.g22503	NC_089040.1.g22543	5	1	
OG0031086	NC_089040.1.g22695		NC_089040.1.g22573	NC_089040.1.g22408		NC_089040.1.g22858	NC_089040.1.g22531	NC_089040.1.g22576	5	1	
OG0031087	NC_089040.1.g22755, NC_089040.1.g23740			NC_089040.1.g22461		NC_089040.1.g22921, NC_089040.1.g23917		NC_089042.1.g27341	3	1	
OG0031088	NC_089040.1.g22774		NC_089040.1.g22657		NC_089040.1.g22737	NC_089040.1.g22949	NC_089040.1.g22615	NC_089040.1.g22657	5	1	
OG0031089	NC_089040.1.g22807	NC_089040.1.g22642		NC_089040.1.g22521	NC_089040.1.g22776	NC_089040.1.g22987	NC_089040.1.g22651		5	1	
OG0031090	NC_089040.1.g22808	NC_089040.1.g22643		NC_089040.1.g22522	NC_089040.1.g22777	NC_089040.1.g22988	NC_089040.1.g22652		5	1	
OG0031091	NC_089040.1.g22887	NC_089040.1.g22724	NC_089040.1.g22771	NC_089040.1.g22597	NC_089040.1.g22851	NC_089040.1.g23066			5	1	
OG0031092	NC_089040.1.g22890		NC_089040.1.g22775	NC_089040.1.g22600	NC_089040.1.g22854		NC_089040.1.g22735	NC_089040.1.g22773	5	1	
OG0031093	NC_089040.1.g22920		NC_089040.1.g22806	NC_089040.1.g22630		NC_089040.1.g23098	NC_089040.1.g22765	NC_089040.1.g22806	5	1	
OG0031094	NC_089040.1.g22922		NC_089040.1.g22808		NC_089040.1.g22884	NC_089040.1.g23100	NC_089040.1.g22767	NC_089040.1.g22808	5	1	
OG0031095	NC_089040.1.g22929		NC_089040.1.g22812	NC_089040.1.g22637		NC_089040.1.g23106	NC_089040.1.g22772	NC_089040.1.g22813	5	1	
OG0031096	NC_089040.1.g22934	NC_089040.1.g22766	NC_089039.1.g19731, NC_089039.1.g19738, NC_089040.1.g22817		NC_089040.1.g22893				3	1	
OG0031097	NC_089040.1.g22936		NC_089040.1.g22819	NC_089040.1.g22642		NC_089040.1.g23111	NC_089040.1.g22778	NC_089040.1.g22819	5	1	
OG0031098	NC_089040.1.g22970	NC_089040.1.g22805			NC_089040.1.g22932	NC_089040.1.g23147	NC_089040.1.g22815	NC_089040.1.g22855	5	1	
OG0031099	NC_089040.1.g22976	NC_089040.1.g22808	NC_089040.1.g22857		NC_089040.1.g22936		NC_089040.1.g22818	NC_089040.1.g22860	5	1	
OG0031100	NC_089040.1.g23014	NC_089040.1.g22848	NC_089040.1.g22900	NC_089040.1.g22721	NC_089040.1.g22984	NC_089040.1.g23192			5	1	
OG0031101	NC_089040.1.g23025	NC_089040.1.g22861				NC_089040.1.g23206	NC_089040.1.g22876, NC_089040.1.g23113	NC_089040.1.g22919	4	1	
OG0031102	NC_089040.1.g23038	NC_089040.1.g22872	NC_089040.1.g22929	NC_089040.1.g22745			NC_089040.1.g22889	NC_089040.1.g22932	5	1	
OG0031103	NC_089040.1.g23052		NC_089040.1.g22939	NC_089040.1.g22755	NC_089040.1.g23020	NC_089040.1.g23227	NC_089040.1.g22899		5	1	
OG0031104	NC_089040.1.g23064	NC_089040.1.g22894		NC_089040.1.g22767	NC_089040.1.g23032	NC_089040.1.g23241		NC_089040.1.g22955	5	1	
OG0031105	NC_089040.1.g23132		NC_089040.1.g23013	NC_089040.1.g22832	NC_089040.1.g23097	NC_089040.1.g23311		NC_089040.1.g23018	5	1	
OG0031106	NC_089040.1.g23151		NC_089040.1.g23033	NC_089040.1.g22853	NC_089040.1.g23121	NC_089040.1.g23333		NC_089040.1.g23040	5	1	
OG0031107	NC_089040.1.g23268	NC_089040.1.g23108		NC_089040.1.g22968	NC_089040.1.g23232	NC_089040.1.g23442		NC_089040.1.g23152	5	1	
OG0031108	NC_089040.1.g23437		NC_089040.1.g23310		NC_089040.1.g23400	NC_089040.1.g23619	NC_089040.1.g23279	NC_089040.1.g23317	5	1	
OG0031109	NC_089040.1.g23469	NC_089040.1.g23299	NC_089040.1.g23340	NC_089040.1.g23166		NC_089040.1.g23646	NC_089040.1.g23311		5	1	
OG0031110	NC_089040.1.g23527	NC_089040.1.g23360		NC_089040.1.g23232	NC_089040.1.g23491	NC_089040.1.g23707	NC_089040.1.g23373		5	1	
OG0031111	NC_089040.1.g23685		NC_089040.1.g23562	NC_089040.1.g23388	NC_089040.1.g23651		NC_089037.1.g11282, NC_089040.1.g23532		4	1	
OG0031112	NC_089040.1.g23720	NC_089040.1.g23558	NC_089040.1.g23598	NC_089040.1.g23425		NC_089040.1.g23897		NC_089040.1.g23610	5	1	
OG0031113	NC_089040.1.g23728	NC_089040.1.g23565			NC_089040.1.g23693	NC_089040.1.g23905	NC_089040.1.g23573	NC_089040.1.g23619	5	1	
OG0031114	NC_089040.1.g23764	NC_089040.1.g23599		NC_089040.1.g23468	NC_089040.1.g23726	NC_089040.1.g23941		NC_089040.1.g23653	5	1	
OG0031115	NC_089040.1.g23775	NC_089040.1.g23609	NC_089040.1.g23651	NC_089040.1.g23479		NC_089040.1.g23952	NC_089040.1.g23617		5	1	
OG0031116	NC_089040.1.g23802	NC_089040.1.g23637	NC_089040.1.g23681		NC_089040.1.g23765		NC_089040.1.g23644	NC_089040.1.g23691	5	1	
OG0031117	NC_089040.1.g23900, NC_089046.1.g37710			NC_089040.1.g23600, NC_089046.1.g37177			NC_089040.1.g23742, NC_089046.1.g37445		2	1	
OG0031118	NC_089040.1.g23985	NC_089040.1.g23816	NC_089040.1.g23856		NC_089040.1.g23930		NC_089040.1.g23811	NC_089040.1.g23856	5	1	
OG0031119	NC_089041.1.g24028		NC_089041.1.g23899	NC_089041.1.g23724	NC_089041.1.g23974		NC_089041.1.g23855	NC_089041.1.g23898	5	1	
OG0031120	NC_089041.1.g24060	NC_089041.1.g23889	NC_089041.1.g23930	NC_089041.1.g23759	NC_089041.1.g24007	NC_089041.1.g24219			5	1	
OG0031121	NC_089041.1.g24267		NC_089041.1.g24126	NC_089041.1.g23941	NC_089041.1.g24215	NC_089041.1.g24417		NC_089041.1.g24139	5	1	
OG0031122	NC_089041.1.g24270	NC_089041.1.g24099			NC_089041.1.g24218	NC_089041.1.g24420	NC_089041.1.g24080	NC_089041.1.g24142	5	1	
OG0031123	NC_089041.1.g24292	NC_089041.1.g24118		NC_089041.1.g23963	NC_089041.1.g24239	NC_089041.1.g24440	NC_089041.1.g24100		5	1	
OG0031124	NC_089041.1.g24308		NC_089041.1.g24161	NC_089041.1.g23981	NC_089041.1.g24251	NC_089041.1.g24456	NC_089041.1.g24114		5	1	
OG0031125	NC_089041.1.g24309		NC_089041.1.g24162	NC_089041.1.g23982	NC_089041.1.g24252	NC_089041.1.g24457	NC_089041.1.g24115		5	1	
OG0031126	NC_089041.1.g24334		NC_089041.1.g24189		NC_089041.1.g24279	NC_089041.1.g24483	NC_089041.1.g24139	NC_089041.1.g24196	5	1	
OG0031127	NC_089041.1.g24335	NC_089041.1.g24160			NC_089041.1.g24280	NC_089041.1.g24484	NC_089041.1.g24140	NC_089041.1.g24197	5	1	
OG0031128	NC_089041.1.g24491	NC_089041.1.g24316	NC_089041.1.g24346	NC_089041.1.g24175		NC_089041.1.g24647		NC_089041.1.g24354	5	1	
OG0031129	NC_089041.1.g24512		NC_089041.1.g24367	NC_089041.1.g24195	NC_089041.1.g24464	NC_089041.1.g24667		NC_089041.1.g24374	5	1	
OG0031130	NC_089041.1.g24533	NC_089041.1.g24362	NC_089041.1.g24391		NC_089041.1.g24489		NC_089041.1.g24343	NC_089041.1.g24399	5	1	
OG0031131	NC_089041.1.g24557		NC_089041.1.g24415	NC_089041.1.g24246		NC_089041.1.g24715	NC_089041.1.g24369	NC_089041.1.g24424	5	1	
OG0031132	NC_089041.1.g24563	NC_089041.1.g24392			NC_089041.1.g24522	NC_089041.1.g24721	NC_089041.1.g24375	NC_089041.1.g24430	5	1	
OG0031133	NC_089041.1.g24601		NC_089041.1.g24455		NC_089041.1.g24556	NC_089041.1.g24756	NC_089041.1.g24412	NC_089041.1.g24464	5	1	
OG0031134	NC_089041.1.g24681		NC_089041.1.g24533	NC_089041.1.g24368		NC_089041.1.g24831	NC_089041.1.g24494	NC_089041.1.g24546	5	1	
OG0031135	NC_089041.1.g24696			NC_089041.1.g24383	NC_089041.1.g24645	NC_089041.1.g24846	NC_089041.1.g24509	NC_089041.1.g24561	5	1	
OG0031136	NC_089041.1.g24723	NC_089041.1.g24545		NC_089041.1.g24411		NC_089041.1.g24876	NC_089041.1.g24537	NC_089041.1.g24587	5	1	
OG0031137	NC_089041.1.g24744	NC_089041.1.g24565		NC_089041.1.g24431	NC_089041.1.g24691	NC_089041.1.g24898	NC_089041.1.g24557		5	1	
OG0031138	NC_089041.1.g24755	NC_089041.1.g24577	NC_089041.1.g24609			NC_089041.1.g24909	NC_089041.1.g24568	NC_089041.1.g24618	5	1	
OG0031139	NC_089041.1.g24809			NC_089041.1.g24493	NC_089041.1.g24756	NC_089041.1.g24962	NC_089041.1.g24619	NC_089041.1.g24668	5	1	
OG0031140	NC_089041.1.g24856		NC_089041.1.g24702		NC_089041.1.g24805	NC_089041.1.g25007	NC_089041.1.g24665, NC_089046.1.g37473		4	1	
OG0031141	NC_089041.1.g24879		NC_089041.1.g24726	NC_089041.1.g24562	NC_089041.1.g24829		NC_089041.1.g24689	NC_089041.1.g24738	5	1	
OG0031142	NC_089041.1.g25095			NC_089041.1.g24780	NC_089041.1.g25051	NC_089041.1.g25256	NC_089041.1.g24911	NC_089041.1.g24962	5	1	
OG0031143	NC_089041.1.g25184		NC_089041.1.g25030	NC_089041.1.g24870	NC_089041.1.g25142		NC_089041.1.g25004	NC_089041.1.g25051	5	1	
OG0031144	NC_089041.1.g25214		NC_089041.1.g25059	NC_089041.1.g24900		NC_089041.1.g25381	NC_089041.1.g25029	NC_089041.1.g25081	5	1	
OG0031145	NC_089041.1.g25284	NC_089041.1.g25128, NC_089044.1.g32790	NC_089041.1.g25124		NC_089041.1.g25235			NC_089041.1.g25150	4	1	
OG0031146	NC_089041.1.g25292	NC_089041.1.g25137	NC_089041.1.g25132		NC_089041.1.g25244		NC_089041.1.g25099	NC_089041.1.g25159	5	1	
OG0031147	NC_089041.1.g25312		NC_089041.1.g25154	NC_089041.1.g24999	NC_089041.1.g25266	NC_089041.1.g25484	NC_089041.1.g25122		5	1	
OG0031148	NC_089041.1.g25326	NC_089041.1.g25173	NC_089041.1.g25167		NC_089041.1.g25279		NC_089041.1.g25134	NC_089041.1.g25195	5	1	
OG0031149	NC_089041.1.g25380	NC_089041.1.g25228	NC_089041.1.g25221		NC_089041.1.g25335		NC_089041.1.g25184	NC_089041.1.g25248	5	1	
OG0031150	NC_089041.1.g25411	NC_089041.1.g25258	NC_089041.1.g25255	NC_089041.1.g25098			NC_089041.1.g25219	NC_089041.1.g25280	5	1	
OG0031151	NC_089041.1.g25433			NC_089041.1.g25118	NC_089041.1.g25390	NC_089041.1.g25605	NC_089041.1.g25237	NC_089041.1.g25303	5	1	
OG0031152	NC_089041.1.g25447	NC_089041.1.g25292		NC_089041.1.g25133	NC_089041.1.g25404	NC_089041.1.g25618		NC_089041.1.g25320	5	1	
OG0031153	NC_089041.1.g25475	NC_089041.1.g25319	NC_089041.1.g25316	NC_089041.1.g25161	NC_089041.1.g25429		NC_089041.1.g25279		5	1	
OG0031154	NC_089041.1.g25491		NC_089041.1.g25331	NC_089041.1.g25171	NC_089041.1.g25442	NC_089041.1.g25658		NC_089041.1.g25360	5	1	
OG0031155	NC_089041.1.g25566		NC_089041.1.g25405	NC_089041.1.g25244	NC_089041.1.g25515	NC_089041.1.g25736		NC_089041.1.g25438	5	1	
OG0031156	NC_089041.1.g25570			NC_089041.1.g25248, NC_089046.1.g37991	NC_089046.1.g38577	NC_089041.1.g25740		NC_089046.1.g38465	4	1	
OG0031157	NC_089041.1.g25601	NC_089041.1.g25435			NC_089041.1.g25555	NC_089041.1.g25770	NC_089041.1.g25397	NC_089041.1.g25478	5	1	
OG0031158	NC_089041.1.g25616	NC_089041.1.g25448	NC_089041.1.g25460	NC_089036.1.g7387, NC_089041.1.g25292	NC_089036.1.g7453				4	1	
OG0031159	NC_089041.1.g25693		NC_089041.1.g25531	NC_089041.1.g25355		NC_089041.1.g25859	NC_089041.1.g25477	NC_089041.1.g25567	5	1	
OG0031160	NC_089041.1.g25722	NC_089041.1.g25551	NC_089041.1.g25563		NC_089041.1.g25667	NC_089041.1.g25892	NC_089041.1.g25510		5	1	
OG0031161	NC_089041.1.g25728	NC_089041.1.g25557	NC_089041.1.g25568		NC_089041.1.g25672		NC_089041.1.g25515	NC_089041.1.g25602	5	1	
OG0031162	NC_089041.1.g25757	NC_089041.1.g25584	NC_089041.1.g25600		NC_089041.1.g25704		NC_089041.1.g25549	NC_089041.1.g25638	5	1	
OG0031163	NC_089041.1.g25761	NC_089041.1.g25589	NC_089041.1.g25605		NC_089041.1.g25708		NC_089041.1.g25553	NC_089041.1.g25642	5	1	
OG0031164	NC_089041.1.g25762	NC_089041.1.g25590	NC_089041.1.g25606	NC_089041.1.g25426	NC_089041.1.g25709		NC_089041.1.g25554		5	1	
OG0031165	NC_089041.1.g25771		NC_089037.1.g11540, NC_089041.1.g25616	NC_089037.1.g11480	NC_089037.1.g11554			NC_089041.1.g25651	4	1	
OG0031166	NC_089041.1.g25774		NC_089041.1.g25619	NC_089041.1.g25437	NC_089041.1.g25721	NC_089041.1.g25940		NC_089041.1.g25654	5	1	
OG0031167	NC_089041.1.g25851	NC_089041.1.g25685	NC_089041.1.g25697		NC_089041.1.g25800	NC_089041.1.g26016		NC_089041.1.g25734	5	1	
OG0031168	NC_089041.1.g25924		NC_089041.1.g25780		NC_089041.1.g25884	NC_089041.1.g26092	NC_089041.1.g25730	NC_089041.1.g25815	5	1	
OG0031169	NC_089041.1.g25936			NC_089041.1.g25592	NC_089041.1.g25897	NC_089041.1.g26107	NC_089041.1.g25743	NC_089041.1.g25828	5	1	
OG0031170	NC_089041.1.g25938	NC_089041.1.g25790	NC_089041.1.g25794	NC_089041.1.g25593	NC_089041.1.g25899	NC_089041.1.g26109			5	1	
OG0031171	NC_089041.1.g25967	NC_089041.1.g25820		NC_089041.1.g25622	NC_089041.1.g25932	NC_089041.1.g26138		NC_089041.1.g25858	5	1	
OG0031172	NC_089041.1.g25978	NC_089041.1.g25830	NC_089041.1.g25834	NC_089041.1.g25633			NC_089041.1.g25784	NC_089041.1.g25868	5	1	
OG0031173	NC_089041.1.g25983		NC_089041.1.g25838	NC_089041.1.g25638	NC_089041.1.g25949	NC_089041.1.g26155		NC_089041.1.g25875	5	1	
OG0031174	NC_089041.1.g26001	NC_089037.1.g10346, NC_089041.1.g25852		NC_089041.1.g25652	NC_089041.1.g25965		NC_089041.1.g25807		4	1	
OG0031175	NC_089041.1.g26019		NC_089041.1.g25869		NC_089041.1.g25984	NC_089041.1.g26188	NC_089041.1.g25823	NC_089041.1.g25906	5	1	
OG0031176	NC_089041.1.g26043	NC_089041.1.g25893		NC_089041.1.g25686		NC_089041.1.g26210	NC_089041.1.g25846	NC_089041.1.g25929	5	1	
OG0031177	NC_089041.1.g26080	NC_089041.1.g25930	NC_089041.1.g25922			NC_089041.1.g26251	NC_089041.1.g25884	NC_089041.1.g25965	5	1	
OG0031178	NC_089041.1.g26091	NC_089041.1.g25942		NC_089041.1.g25729	NC_089041.1.g26049	NC_089041.1.g26262		NC_089041.1.g25976	5	1	
OG0031179	NC_089041.1.g26115		NC_089041.1.g25954	NC_089041.1.g25750	NC_089041.1.g26069	NC_089041.1.g26285	NC_089041.1.g25916		5	1	
OG0031180	NC_089041.1.g26131	NC_089041.1.g25977		NC_089041.1.g25765	NC_089041.1.g26085	NC_089041.1.g26300	NC_089041.1.g25932		5	1	
OG0031181	NC_089041.1.g26159		NC_089041.1.g25996	NC_089041.1.g25792		NC_089041.1.g26327	NC_089036.1.g8864, NC_089041.1.g25961		4	1	
OG0031182	NC_089041.1.g26268			NC_089041.1.g25892	NC_089041.1.g26215	NC_089041.1.g26429	NC_089041.1.g26066	NC_089041.1.g26137	5	1	
OG0031183	NC_089041.1.g26298		NC_089041.1.g26130	NC_089041.1.g25922	NC_089041.1.g26246	NC_089041.1.g26460	NC_089041.1.g26095		5	1	
OG0031184	NC_089041.1.g26328	NC_089041.1.g26167	NC_089041.1.g26158	NC_089041.1.g25954	NC_089041.1.g26274	NC_089041.1.g26492			5	1	
OG0031185	NC_089041.1.g26391	NC_089041.1.g26231	NC_089041.1.g26225		NC_089041.1.g26342		NC_089041.1.g26192	NC_089041.1.g26266	5	1	
OG0031186	NC_089041.1.g26456	NC_089041.1.g26303	NC_089041.1.g26296		NC_089041.1.g26415		NC_089041.1.g26264	NC_089041.1.g26340	5	1	
OG0031187	NC_089041.1.g26460	NC_089041.1.g26307	NC_089041.1.g26302		NC_089041.1.g26420	NC_089041.1.g26643		NC_089041.1.g26344	5	1	
OG0031188	NC_089041.1.g26611	NC_089041.1.g26461	NC_089041.1.g26451		NC_089041.1.g26573	NC_089041.1.g26803	NC_089041.1.g26419		5	1	
OG0031189	NC_089041.1.g26747		NC_089041.1.g26589	NC_089041.1.g26393		NC_089041.1.g26939	NC_089041.1.g26556	NC_089041.1.g26643	5	1	
OG0031190	NC_089041.1.g26795		NC_089041.1.g26636		NC_089041.1.g26757	NC_089041.1.g26984	NC_089041.1.g26601	NC_089041.1.g26690	5	1	
OG0031191	NC_089041.1.g26835	NC_089041.1.g26680		NC_089041.1.g26474		NC_089041.1.g27025	NC_089041.1.g26641	NC_089041.1.g26727	5	1	
OG0031192	NC_089041.1.g26838	NC_089041.1.g26686		NC_089041.1.g26479		NC_089041.1.g27029	NC_089041.1.g26647	NC_089041.1.g26733	5	1	
OG0031193	NC_089041.1.g26844	NC_089041.1.g26693		NC_089041.1.g26485		NC_089041.1.g27037	NC_089041.1.g26654	NC_089041.1.g26740	5	1	
OG0031194	NC_089041.1.g26851	NC_089041.1.g26701		NC_089041.1.g26490	NC_089041.1.g26803	NC_089041.1.g27044	NC_089041.1.g26662		5	1	
OG0031195	NC_089041.1.g26865	NC_089041.1.g26717	NC_089041.1.g26721	NC_089041.1.g26506	NC_089041.1.g26812	NC_089041.1.g27059			5	1	
OG0031196	NC_089041.1.g26984			NC_089041.1.g26626	NC_089041.1.g26931	NC_089041.1.g27181	NC_089041.1.g26796	NC_089041.1.g26874	5	1	
OG0031197	NC_089041.1.g27042	NC_089041.1.g26884		NC_089041.1.g26682	NC_089041.1.g26985	NC_089041.1.g27235	NC_089041.1.g26851		5	1	
OG0031198	NC_089041.1.g27075	NC_089041.1.g26913	NC_089041.1.g26918	NC_089041.1.g26713		NC_089041.1.g27267	NC_089041.1.g26881		5	1	
OG0031199	NC_089041.1.g27089	NC_089041.1.g26927	NC_089041.1.g26932	NC_089041.1.g26726	NC_089041.1.g27029			NC_089041.1.g26978	5	1	
OG0031200	NC_089041.1.g27156			NC_089041.1.g26792	NC_089041.1.g27094	NC_089041.1.g27347	NC_089041.1.g26959	NC_089041.1.g27044	5	1	
OG0031201	NC_089042.1.g27220			NC_089042.1.g26853	NC_089042.1.g27156	NC_089042.1.g27408	NC_089042.1.g27020	NC_089042.1.g27108	5	1	
OG0031202	NC_089042.1.g27221			NC_089042.1.g26854	NC_089042.1.g27157	NC_089042.1.g27409	NC_089042.1.g27021	NC_089042.1.g27109	5	1	
OG0031203	NC_089042.1.g27243			NC_089042.1.g26876	NC_089042.1.g27178	NC_089042.1.g27431	NC_089042.1.g27042	NC_089042.1.g27128	5	1	
OG0031204	NC_089042.1.g27250	NC_089040.1.g22038		NC_089040.1.g21965	NC_089040.1.g22165		NC_089040.1.g22060	NC_089040.1.g22095	5	1	
OG0031205	NC_089042.1.g27252		NC_089042.1.g27087	NC_089042.1.g26883	NC_089042.1.g27187	NC_089042.1.g27438		NC_089042.1.g27137	5	1	
OG0031206	NC_089042.1.g27322		NC_089042.1.g27158	NC_089042.1.g26956		NC_089042.1.g27511	NC_089042.1.g27118	NC_089042.1.g27206	5	1	
OG0031207	NC_089042.1.g27325		NC_089042.1.g27161	NC_089042.1.g26959	NC_089042.1.g27260	NC_089042.1.g27514		NC_089042.1.g27209	5	1	
OG0031208	NC_089042.1.g27347		NC_089042.1.g27178	NC_089042.1.g26982	NC_089042.1.g27278		NC_089042.1.g27142	NC_089042.1.g27230	5	1	
OG0031209	NC_089042.1.g27350	NC_089042.1.g27174	NC_089042.1.g27181	NC_089042.1.g26985		NC_089042.1.g27534		NC_089042.1.g27233	5	1	
OG0031210	NC_089042.1.g27413		NC_089042.1.g27242	NC_089042.1.g27048		NC_089042.1.g27591	NC_089042.1.g27203	NC_089042.1.g27296	5	1	
OG0031211	NC_089042.1.g27441	NC_089042.1.g27258	NC_089042.1.g27267	NC_089042.1.g27076	NC_089042.1.g27367	NC_089042.1.g27617			5	1	
OG0031212	NC_089042.1.g27503		NC_089042.1.g27332	NC_089042.1.g27141		NC_089042.1.g27682	NC_089042.1.g27292	NC_089042.1.g27389	5	1	
OG0031213	NC_089042.1.g27513	NC_089042.1.g27338	NC_089042.1.g27344		NC_089042.1.g27444		NC_089042.1.g27305	NC_089042.1.g27402	5	1	
OG0031214	NC_089042.1.g27663	NC_089042.1.g27495	NC_089042.1.g27504	NC_089042.1.g27312		NC_089042.1.g27848	NC_089042.1.g27473		5	1	
OG0031215	NC_089042.1.g27752	NC_089042.1.g27588	NC_089042.1.g27598	NC_089042.1.g27403			NC_089042.1.g27566	NC_089042.1.g27656	5	1	
OG0031216	NC_089042.1.g27806	NC_089042.1.g27639	NC_089042.1.g27660		NC_089042.1.g27755		NC_089042.1.g27633	NC_089042.1.g27709	5	1	
OG0031217	NC_089042.1.g27841		NC_089042.1.g27697	NC_089042.1.g27496	NC_089042.1.g27794	NC_089042.1.g28044	NC_089042.1.g27671		5	1	
OG0031218	NC_089042.1.g27862		NC_089042.1.g27716	NC_089042.1.g27518	NC_089042.1.g27816	NC_089042.1.g28067	NC_089042.1.g27693		5	1	
OG0031219	NC_089042.1.g27863			NC_089042.1.g27519	NC_089042.1.g27817	NC_089042.1.g28068	NC_089042.1.g27695	NC_089042.1.g27770	5	1	
OG0031220	NC_089042.1.g27877		NC_089042.1.g27733		NC_089042.1.g27829	NC_089042.1.g28080	NC_089042.1.g27707	NC_089042.1.g27785	5	1	
OG0031221	NC_089042.1.g27904, NC_089042.1.g27918			NC_089042.1.g27557, NC_089042.1.g27573		NC_089042.1.g28106, NC_089042.1.g28119			2	1	
OG0031222	NC_089042.1.g27912		NC_089042.1.g27769	NC_089042.1.g27566	NC_089042.1.g27863	NC_089042.1.g28113, NC_089042.1.g28121			4	1	
OG0031223	NC_089042.1.g27942	NC_089042.1.g27769	NC_089042.1.g27787	NC_089042.1.g27600	NC_089042.1.g27887			NC_089042.1.g27846	5	1	
OG0031224	NC_089042.1.g27943	NC_089042.1.g27770	NC_089042.1.g27788	NC_089042.1.g27601	NC_089042.1.g27888			NC_089042.1.g27847	5	1	
OG0031225	NC_089042.1.g27958		NC_089042.1.g27810	NC_089042.1.g27616	NC_089042.1.g27907		NC_089042.1.g27781	NC_089042.1.g27868	5	1	
OG0031226	NC_089042.1.g27962	NC_089042.1.g27792		NC_089042.1.g27622	NC_089042.1.g27912	NC_089042.1.g28165		NC_089042.1.g27876	5	1	
OG0031227	NC_089042.1.g27977		NC_089042.1.g27836		NC_089042.1.g27930	NC_089042.1.g28182	NC_089042.1.g27802	NC_089042.1.g27892	5	1	
OG0031228	NC_089042.1.g27980	NC_089042.1.g27810			NC_089042.1.g27933	NC_089042.1.g28185	NC_089042.1.g27804	NC_089042.1.g27894	5	1	
OG0031229	NC_089042.1.g27983		NC_089042.1.g27839	NC_089042.1.g27637	NC_089042.1.g27936		NC_089042.1.g27806	NC_089042.1.g27897	5	1	
OG0031230	NC_089042.1.g27987, NC_089042.1.g28002	NC_089042.1.g27818, NC_089042.1.g27833				NC_089042.1.g28194, NC_089042.1.g28205			2	1	
OG0031231	NC_089042.1.g28012	NC_089042.1.g27841	NC_089042.1.g27864, NC_089045.1.g35403	NC_089042.1.g27658		NC_089042.1.g28215			4	1	
OG0031232	NC_089042.1.g28041			NC_089042.1.g27687	NC_089042.1.g27998	NC_089042.1.g28245	NC_089042.1.g27859	NC_089042.1.g27946	5	1	
OG0031233	NC_089042.1.g28053, NC_089046.1.g39599				NC_089042.1.g28011	NC_089039.1.g18528, NC_089041.1.g26056, NC_089042.1.g28259			2	1	
OG0031234	NC_089042.1.g28109	NC_089042.1.g27944		NC_089042.1.g27751	NC_089042.1.g28071	NC_089042.1.g28316	NC_089042.1.g27927		5	1	
OG0031235	NC_089042.1.g28115			NC_089042.1.g27755	NC_089042.1.g28075	NC_089042.1.g28320	NC_089042.1.g27931	NC_089042.1.g28022	5	1	
OG0031236	NC_089042.1.g28123	NC_089042.1.g27955	NC_089042.1.g27975		NC_089042.1.g28083	NC_089042.1.g28329	NC_089042.1.g27938		5	1	
OG0031237	NC_089042.1.g28134	NC_089042.1.g27966	NC_089042.1.g27985	NC_089042.1.g27770			NC_089042.1.g27948	NC_089042.1.g28040	5	1	
OG0031238	NC_089042.1.g28155		NC_089042.1.g28002	NC_089042.1.g27785	NC_089042.1.g28104	NC_089042.1.g28349		NC_089042.1.g28056	5	1	
OG0031239	NC_089042.1.g28207	NC_089042.1.g28029		NC_089042.1.g27831		NC_089042.1.g28396	NC_089042.1.g28014	NC_089042.1.g28108	5	1	
OG0031240	NC_089042.1.g28208	NC_089042.1.g28030	NC_089042.1.g28052	NC_089042.1.g27832	NC_089042.1.g28154	NC_089042.1.g28397			5	1	
OG0031241	NC_089042.1.g28235	NC_089042.1.g28058	NC_089042.1.g28078		NC_089042.1.g28181	NC_089042.1.g28420		NC_089042.1.g28134	5	1	
OG0031242	NC_089042.1.g28258	NC_089042.1.g28082		NC_089042.1.g27875	NC_089042.1.g28209	NC_089042.1.g28442	NC_089042.1.g28060		5	1	
OG0031243	NC_089042.1.g28270	NC_089042.1.g28095			NC_089042.1.g28224	NC_089042.1.g28454	NC_089042.1.g28073	NC_089042.1.g28173	5	1	
OG0031244	NC_089042.1.g28285	NC_089042.1.g28109	NC_089042.1.g28126		NC_089042.1.g28239	NC_089042.1.g28467		NC_089042.1.g28189	5	1	
OG0031245	NC_089042.1.g28296	NC_089042.1.g28122		NC_089042.1.g27910	NC_089042.1.g28250	NC_089042.1.g28477		NC_089042.1.g28201	5	1	
OG0031246	NC_089042.1.g28307			NC_089042.1.g27921	NC_089042.1.g28261	NC_089042.1.g28490	NC_089042.1.g28109	NC_089042.1.g28212	5	1	
OG0031247	NC_089042.1.g28319	NC_089042.1.g28149	NC_089042.1.g28166	NC_089042.1.g27932			NC_089042.1.g28125	NC_089042.1.g28226	5	1	
OG0031248	NC_089042.1.g28370	NC_089042.1.g28200	NC_089042.1.g28216		NC_089042.1.g28326		NC_089042.1.g28167	NC_089042.1.g28277	5	1	
OG0031249	NC_089042.1.g28378	NC_089042.1.g28207	NC_089042.1.g28223		NC_089042.1.g28334	NC_089042.1.g28563		NC_089042.1.g28288	5	1	
OG0031250	NC_089042.1.g28379		NC_089042.1.g28224	NC_089042.1.g27988		NC_089042.1.g28564	NC_089042.1.g28177	NC_089042.1.g28289	5	1	
OG0031251	NC_089042.1.g28381	NC_089042.1.g28210		NC_089042.1.g27990	NC_089042.1.g28337	NC_089042.1.g28566	NC_089042.1.g28179		5	1	
OG0031252	NC_089042.1.g28401		NC_089042.1.g28248		NC_089042.1.g28362	NC_089042.1.g28589	NC_089042.1.g28202	NC_089042.1.g28313	5	1	
OG0031253	NC_089042.1.g28433	NC_089042.1.g28265	NC_089042.1.g28276			NC_089042.1.g28623	NC_089042.1.g28231	NC_089042.1.g28342	5	1	
OG0031254	NC_089042.1.g28441		NC_089042.1.g28293		NC_089042.1.g28405	NC_089042.1.g28637	NC_089042.1.g28243	NC_089042.1.g28356	5	1	
OG0031255	NC_089042.1.g28454	NC_089042.1.g28288	NC_089042.1.g28304	NC_089042.1.g28058	NC_089042.1.g28419	NC_089042.1.g28648			5	1	
OG0031256	NC_089042.1.g28466		NC_089042.1.g27474	NC_089042.1.g27288	NC_089042.1.g27575	NC_089042.1.g27824		NC_089042.1.g27533	5	1	
OG0031257	NC_089042.1.g28470			NC_089042.1.g28076	NC_089042.1.g28434	NC_089042.1.g28665	NC_089042.1.g28271	NC_089042.1.g28386	5	1	
OG0031258	NC_089042.1.g28481		NC_089042.1.g28336		NC_089042.1.g28443		NC_089040.1.g21098, NC_089042.1.g28280	NC_089042.1.g28398	4	1	
OG0031259	NC_089042.1.g28547	NC_089042.1.g28379	NC_089038.1.g15453, NC_089042.1.g28394	NC_089042.1.g28144		NC_089042.1.g28732			4	1	
OG0031260	NC_089042.1.g28553	NC_089042.1.g28387	NC_089042.1.g28401	NC_089042.1.g28153	NC_089042.1.g28507		NC_089042.1.g28347		5	1	
OG0031261	NC_089042.1.g28601	NC_089042.1.g28436	NC_089042.1.g28456			NC_089042.1.g28792	NC_089042.1.g28399	NC_089042.1.g28520	5	1	
OG0031262	NC_089042.1.g28634	NC_089042.1.g28466	NC_089042.1.g28487	NC_089042.1.g28232	NC_089042.1.g28589	NC_089042.1.g28823			5	1	
OG0031263	NC_089042.1.g28639	NC_089042.1.g28471	NC_089042.1.g28492	NC_089042.1.g28238			NC_089042.1.g28435	NC_089042.1.g28560	5	1	
OG0031264	NC_089042.1.g28716	NC_089042.1.g28551	NC_089042.1.g28567		NC_089042.1.g28671	NC_089042.1.g28905		NC_089042.1.g28629	5	1	
OG0031265	NC_089042.1.g28718	NC_089042.1.g28553		NC_089042.1.g28307, NC_089042.1.g28309		NC_089042.1.g28907	NC_089042.1.g28509		4	1	
OG0031266	NC_089042.1.g28740		NC_089042.1.g28588	NC_089042.1.g28331		NC_089042.1.g28929	NC_089042.1.g28531	NC_089042.1.g28652	5	1	
OG0031267	NC_089042.1.g28752	NC_089042.1.g28589	NC_089042.1.g28600		NC_089042.1.g28700		NC_089042.1.g28548	NC_089042.1.g28665	5	1	
OG0031268	NC_089042.1.g28779	NC_089042.1.g28617	NC_089042.1.g28628	NC_089042.1.g28368			NC_089042.1.g28575	NC_089042.1.g28693	5	1	
OG0031269	NC_089042.1.g28785	NC_089042.1.g28622	NC_089042.1.g28634	NC_089042.1.g28374		NC_089042.1.g28971	NC_089042.1.g28581		5	1	
OG0031270	NC_089042.1.g28819	NC_089042.1.g28652	NC_089042.1.g28667		NC_089042.1.g28756		NC_089042.1.g28614	NC_089042.1.g28731	5	1	
OG0031271	NC_089042.1.g28825	NC_089042.1.g28659	NC_089042.1.g28674	NC_089042.1.g28409		NC_089042.1.g29008	NC_089042.1.g28620		5	1	
OG0031272	NC_089042.1.g28833	NC_089042.1.g28668	NC_089042.1.g28683		NC_089042.1.g28771	NC_089042.1.g29016		NC_089042.1.g28747	5	1	
OG0031273	NC_089042.1.g28844	NC_089042.1.g28680	NC_089042.1.g28693		NC_089042.1.g28782		NC_089042.1.g28638	NC_089042.1.g28757	5	1	
OG0031274	NC_089042.1.g28891		NC_089042.1.g28740	NC_089042.1.g28473	NC_089042.1.g28827	NC_089042.1.g29077		NC_089042.1.g28804	5	1	
OG0031275	NC_089042.1.g28908	NC_089042.1.g28748	NC_089042.1.g28760	NC_089042.1.g28490	NC_089042.1.g28847			NC_089042.1.g28821	5	1	
OG0031276	NC_089042.1.g28924		NC_089042.1.g28776	NC_089042.1.g28505	NC_089042.1.g28865	NC_089042.1.g29111		NC_089042.1.g28841	5	1	
OG0031277	NC_089042.1.g28943	NC_089042.1.g28784	NC_089042.1.g28795	NC_089042.1.g28523	NC_089042.1.g28884			NC_089042.1.g28860	5	1	
OG0031278	NC_089042.1.g28976	NC_089042.1.g28810	NC_089042.1.g28826		NC_089042.1.g28913		NC_089042.1.g28768	NC_089042.1.g28890	5	1	
OG0031279	NC_089042.1.g29012	NC_089042.1.g28844	NC_089042.1.g28861		NC_089042.1.g28948	NC_089042.1.g29194		NC_089042.1.g28926	5	1	
OG0031280	NC_089042.1.g29014		NC_089042.1.g28863		NC_089042.1.g28950	NC_089042.1.g29196	NC_089042.1.g28804	NC_089042.1.g28928	5	1	
OG0031281	NC_089042.1.g29030	NC_089042.1.g28862	NC_089042.1.g28879		NC_089042.1.g28966		NC_089042.1.g28820	NC_089042.1.g28943	5	1	
OG0031282	NC_089042.1.g29039	NC_089042.1.g28872	NC_089042.1.g28887		NC_089042.1.g28976		NC_089042.1.g28830	NC_089042.1.g28953	5	1	
OG0031283	NC_089042.1.g29119			NC_089042.1.g28693	NC_089042.1.g29057		NC_089042.1.g28904, NC_089046.1.g37854	NC_089042.1.g29035	4	1	
OG0031284	NC_089042.1.g29160		NC_089042.1.g29003	NC_089042.1.g28729	NC_089042.1.g29096	NC_089042.1.g29337	NC_089042.1.g28942		5	1	
OG0031285	NC_089042.1.g29169		NC_089042.1.g29012	NC_089042.1.g28738	NC_089042.1.g29106	NC_089042.1.g29347		NC_089042.1.g29079	5	1	
OG0031286	NC_089042.1.g29207	NC_089042.1.g29040	NC_089042.1.g29054		NC_089042.1.g29147		NC_089042.1.g28992	NC_089042.1.g29121	5	1	
OG0031287	NC_089042.1.g29226	NC_089042.1.g29060			NC_089042.1.g29169	NC_089042.1.g29410	NC_089042.1.g29011	NC_089042.1.g29140	5	1	
OG0031288	NC_089042.1.g29307		NC_089042.1.g29156	NC_089042.1.g28873	NC_089042.1.g29246	NC_089042.1.g29496		NC_089042.1.g29218	5	1	
OG0031289	NC_089042.1.g29314	NC_089042.1.g29146	NC_089042.1.g29163		NC_089042.1.g29254	NC_089042.1.g29503	NC_089042.1.g29094		5	1	
OG0031290	NC_089042.1.g29320	NC_089042.1.g29152		NC_089042.1.g28885	NC_089042.1.g29260	NC_089042.1.g29509	NC_089042.1.g29100		5	1	
OG0031291	NC_089042.1.g29324			NC_089042.1.g28889	NC_089042.1.g29264	NC_089042.1.g29513	NC_089042.1.g29104	NC_089042.1.g29233	5	1	
OG0031292	NC_089042.1.g29375		NC_089042.1.g29228	NC_089042.1.g28945	NC_089042.1.g29320	NC_089042.1.g29571	NC_089042.1.g29158		5	1	
OG0031293	NC_089042.1.g29380		NC_089042.1.g29233		NC_089042.1.g29325	NC_089042.1.g29576	NC_089042.1.g29163	NC_089042.1.g29293	5	1	
OG0031294	NC_089042.1.g29420	NC_089042.1.g29255		NC_089042.1.g28989	NC_089042.1.g29367	NC_089042.1.g29619	NC_089042.1.g29204		5	1	
OG0031295	NC_089042.1.g29422	NC_089042.1.g29257	NC_089042.1.g29279		NC_089042.1.g29369	NC_089042.1.g29621		NC_089042.1.g29339	5	1	
OG0031296	NC_089042.1.g29429	NC_089042.1.g29264		NC_089042.1.g28998	NC_089042.1.g29377	NC_089042.1.g29629	NC_089042.1.g29212		5	1	
OG0031297	NC_089042.1.g29572		NC_089042.1.g29435	NC_089042.1.g29148	NC_089042.1.g29523		NC_089042.1.g29360	NC_089042.1.g29493	5	1	
OG0031298	NC_089042.1.g29573		NC_089042.1.g29436	NC_089042.1.g29149	NC_089042.1.g29524		NC_089042.1.g29361	NC_089042.1.g29494	5	1	
OG0031299	NC_089042.1.g29579		NC_089042.1.g29441	NC_089042.1.g29154	NC_089042.1.g29529		NC_089042.1.g29366	NC_089042.1.g29499	5	1	
OG0031300	NC_089042.1.g29580		NC_089042.1.g29442	NC_089042.1.g29155	NC_089042.1.g29530		NC_089042.1.g29367	NC_089042.1.g29500	5	1	
OG0031301	NC_089042.1.g29714	NC_089042.1.g29563	NC_089042.1.g29586		NC_089042.1.g29672		NC_089042.1.g29510	NC_089042.1.g29643	5	1	
OG0031302	NC_089042.1.g29902	NC_089042.1.g29752	NC_089042.1.g29764		NC_089042.1.g29838		NC_089042.1.g29678	NC_089042.1.g29833	5	1	
OG0031303	NC_089042.1.g29941	NC_089042.1.g29795	NC_089042.1.g29807	NC_089042.1.g29519		NC_089042.1.g30167		NC_089042.1.g29875	5	1	
OG0031304	NC_089043.1.g30047	NC_089043.1.g29889	NC_089043.1.g29902	NC_089043.1.g29616		NC_089043.1.g30268		NC_089043.1.g29982	5	1	
OG0031305	NC_089043.1.g30048			NC_089043.1.g29617	NC_089043.1.g29993	NC_089043.1.g30269	NC_089043.1.g29818	NC_089043.1.g29983	5	1	
OG0031306	NC_089043.1.g30053	NC_089043.1.g29895	NC_089043.1.g29906			NC_089043.1.g30276	NC_089043.1.g29821	NC_089043.1.g29986	5	1	
OG0031307	NC_089043.1.g30055	NC_089043.1.g29896	NC_089043.1.g29909	NC_089043.1.g29626			NC_089043.1.g29824	NC_089043.1.g29989	5	1	
OG0031308	NC_089043.1.g30061			NC_089043.1.g29632	NC_089043.1.g30007	NC_089043.1.g30284	NC_089043.1.g29832	NC_089043.1.g29996	5	1	
OG0031309	NC_089043.1.g30151	NC_089043.1.g29993	NC_089043.1.g29999	NC_089043.1.g29730		NC_089043.1.g30380	NC_089043.1.g29925		5	1	
OG0031310	NC_089043.1.g30180	NC_089043.1.g30026		NC_089043.1.g29757	NC_089043.1.g30128	NC_089043.1.g30412	NC_089043.1.g29959		5	1	
OG0031311	NC_089043.1.g30221	NC_089043.1.g30080	NC_089043.1.g30073	NC_089043.1.g29806	NC_089043.1.g30179	NC_089043.1.g30462			5	1	
OG0031312	NC_089043.1.g30280	NC_089043.1.g30143	NC_089043.1.g30138		NC_089043.1.g30242	NC_089043.1.g30530		NC_089043.1.g30237	5	1	
OG0031313	NC_089043.1.g30335	NC_089043.1.g30195	NC_089043.1.g30186	NC_089043.1.g29923		NC_089043.1.g30584	NC_089043.1.g30113		5	1	
OG0031314	NC_089043.1.g30363	NC_089043.1.g30219	NC_089043.1.g30212	NC_089043.1.g29948		NC_089043.1.g30611	NC_089043.1.g30139		5	1	
OG0031315	NC_089043.1.g30366		NC_089043.1.g30215	NC_089043.1.g29951	NC_089043.1.g30313	NC_089043.1.g30614	NC_089043.1.g30141		5	1	
OG0031316	NC_089043.1.g30369	NC_089043.1.g30224	NC_089043.1.g30217	NC_089043.1.g29954		NC_089043.1.g30617	NC_089043.1.g30144		5	1	
OG0031317	NC_089043.1.g30373	NC_089043.1.g30227		NC_089043.1.g29958	NC_089043.1.g30316	NC_089043.1.g30621		NC_089043.1.g30310	5	1	
OG0031318	NC_089043.1.g30375	NC_089043.1.g30229		NC_089043.1.g29960	NC_089043.1.g30318	NC_089043.1.g30623		NC_089043.1.g30312	5	1	
OG0031319	NC_089043.1.g30390	NC_089043.1.g30243	NC_089043.1.g30228	NC_089043.1.g29975	NC_089043.1.g30331	NC_089043.1.g30638			5	1	
OG0031320	NC_089043.1.g30391	NC_089043.1.g30244	NC_089043.1.g30229		NC_089043.1.g30332		NC_089043.1.g30160	NC_089043.1.g30323	5	1	
OG0031321	NC_089043.1.g30410		NC_089043.1.g30248		NC_089043.1.g30351	NC_089043.1.g30656	NC_089043.1.g30181	NC_089043.1.g30347	5	1	
OG0031322	NC_089043.1.g30427	NC_089043.1.g30286			NC_089043.1.g30368	NC_089043.1.g30674	NC_089043.1.g30198	NC_089043.1.g30365	5	1	
OG0031323	NC_089043.1.g30453		NC_089043.1.g30292	NC_089043.1.g30034	NC_089043.1.g30393	NC_089043.1.g30701		NC_089043.1.g30393	5	1	
OG0031324	NC_089043.1.g30477	NC_089043.1.g30332		NC_089043.1.g30054	NC_089043.1.g30417		NC_089035.1.g4463, NC_089043.1.g30246		4	1	
OG0031325	NC_089043.1.g30491		NC_089043.1.g30326	NC_089043.1.g30068	NC_089043.1.g30432	NC_089043.1.g30735	NC_089043.1.g30259		5	1	
OG0031326	NC_089043.1.g30573			NC_089043.1.g30159	NC_089043.1.g30523	NC_089043.1.g30832	NC_089043.1.g30337	NC_089043.1.g30514	5	1	
OG0031327	NC_089043.1.g30591			NC_089043.1.g30176	NC_089043.1.g30542	NC_089043.1.g30852	NC_089043.1.g30355	NC_089043.1.g30531	5	1	
OG0031328	NC_089043.1.g30596	NC_089043.1.g30452	NC_089043.1.g30433	NC_089043.1.g30182		NC_089043.1.g30863		NC_089043.1.g30536	5	1	
OG0031329	NC_089043.1.g30605	NC_089043.1.g30463	NC_089043.1.g30444	NC_089043.1.g30192	NC_089043.1.g30556		NC_089043.1.g30368		5	1	
OG0031330	NC_089043.1.g30631	NC_089043.1.g30486	NC_089043.1.g30469	NC_089043.1.g30219	NC_089043.1.g30579	NC_089043.1.g30894			5	1	
OG0031331	NC_089043.1.g30641	NC_089043.1.g30502		NC_089043.1.g30231	NC_089043.1.g30593		NC_089043.1.g30404	NC_089043.1.g30590	5	1	
OG0031332	NC_089043.1.g30652	NC_089043.1.g30514		NC_089043.1.g30244	NC_089043.1.g30605	NC_089043.1.g30924		NC_089043.1.g30602	5	1	
OG0031333	NC_089043.1.g30683	NC_089043.1.g30543		NC_089043.1.g30272	NC_089043.1.g30633	NC_089043.1.g30955	NC_089043.1.g30441		5	1	
OG0031334	NC_089043.1.g30693	NC_089043.1.g30556	NC_089043.1.g30535	NC_089043.1.g30285		NC_089043.1.g30967	NC_089043.1.g30456		5	1	
OG0031335	NC_089043.1.g30696	NC_089043.1.g30559		NC_089043.1.g30288	NC_089043.1.g30649	NC_089043.1.g30970		NC_089043.1.g30644	5	1	
OG0031336	NC_089043.1.g30701	NC_089043.1.g30566	NC_089043.1.g30543	NC_089043.1.g30293	NC_089043.1.g30655			NC_089043.1.g30650	5	1	
OG0031337	NC_089043.1.g30717			NC_089043.1.g30307	NC_089043.1.g30673	NC_089043.1.g30989	NC_089043.1.g30477	NC_089043.1.g30665	5	1	
OG0031338	NC_089043.1.g30788	NC_089043.1.g30651		NC_089043.1.g30372	NC_089043.1.g30741	NC_089043.1.g31057	NC_089043.1.g30540		5	1	
OG0031339	NC_089043.1.g30802	NC_089043.1.g30666	NC_089043.1.g30630		NC_089043.1.g30755		NC_089043.1.g30552	NC_089043.1.g30741	5	1	
OG0031340	NC_089043.1.g30803	NC_089043.1.g30667	NC_089043.1.g30631		NC_089043.1.g30756		NC_089043.1.g30553	NC_089043.1.g30742	5	1	
OG0031341	NC_089043.1.g30819	NC_089043.1.g30684	NC_089039.1.g19161		NC_089040.1.g20739	NC_089040.1.g20937, NC_089043.1.g31089			4	1	
OG0031342	NC_089043.1.g30919	NC_089043.1.g30783	NC_089043.1.g30752		NC_089043.1.g30878		NC_089043.1.g30676	NC_089043.1.g30862	5	1	
OG0031343	NC_089043.1.g30949	NC_089043.1.g30812	NC_089043.1.g30781		NC_089043.1.g30906	NC_089043.1.g31215		NC_089043.1.g30891	5	1	
OG0031344	NC_089043.1.g30974	NC_089043.1.g30834		NC_089043.1.g30552	NC_089043.1.g30928	NC_089043.1.g31237		NC_089043.1.g30914	5	1	
OG0031345	NC_089043.1.g31028	NC_089043.1.g30866	NC_089043.1.g30833		NC_089043.1.g30964		NC_089043.1.g30766	NC_089043.1.g30945	5	1	
OG0031346	NC_089043.1.g31054	NC_089043.1.g30891	NC_089043.1.g30859	NC_089043.1.g30612	NC_089043.1.g30990	NC_089043.1.g31316			5	1	
OG0031347	NC_089043.1.g31075	NC_089043.1.g30912	NC_089043.1.g30882		NC_089043.1.g31013	NC_089043.1.g31338	NC_089043.1.g30818		5	1	
OG0031348	NC_089043.1.g31085	NC_089043.1.g30922		NC_089043.1.g30642	NC_089043.1.g31024	NC_089043.1.g31348		NC_089043.1.g30998	5	1	
OG0031349	NC_089043.1.g31166	NC_089043.1.g31004	NC_089043.1.g30967	NC_089043.1.g30721	NC_089043.1.g31106	NC_089043.1.g31427			5	1	
OG0031350	NC_089043.1.g31355, NC_089043.1.g31357		NC_089043.1.g31158, NC_089043.1.g31160					NC_089043.1.g31263, NC_089043.1.g31265	2	1	
OG0031351	NC_089043.1.g31358	NC_089043.1.g31191	NC_089043.1.g31161		NC_089043.1.g31296		NC_089043.1.g31100	NC_089043.1.g31266	5	1	
OG0031352	NC_089043.1.g31399	NC_089043.1.g31233	NC_089043.1.g31205	NC_089043.1.g30952		NC_089043.1.g31661		NC_089043.1.g31309	5	1	
OG0031353	NC_089043.1.g31426	NC_089043.1.g31258		NC_089043.1.g30981	NC_089043.1.g31362		NC_089043.1.g31168	NC_089043.1.g31340	5	1	
OG0031354	NC_089043.1.g31449		NC_089043.1.g31257	NC_089043.1.g31003	NC_089043.1.g31386	NC_089043.1.g31712		NC_089043.1.g31363	5	1	
OG0031355	NC_089043.1.g31477			NC_089043.1.g31032	NC_089043.1.g31413	NC_089043.1.g31740	NC_089043.1.g31220	NC_089043.1.g31391	5	1	
OG0031356	NC_089043.1.g31677	NC_089043.1.g31507, NC_089043.1.g31510		NC_089043.1.g31235				NC_089043.1.g31597, NC_089043.1.g31600	3	1	
OG0031357	NC_089043.1.g31734	NC_089043.1.g31570	NC_089043.1.g31549	NC_089043.1.g31294		NC_089043.1.g32001		NC_089043.1.g31659	5	1	
OG0031358	NC_089043.1.g31749		NC_089043.1.g31563	NC_089043.1.g31309		NC_089043.1.g32018	NC_089043.1.g31500	NC_089043.1.g31674	5	1	
OG0031359	NC_089043.1.g31774			NC_089043.1.g31334	NC_089043.1.g31720	NC_089043.1.g32043	NC_089043.1.g31525	NC_089043.1.g31700	5	1	
OG0031360	NC_089043.1.g31887		NC_089043.1.g31694	NC_089043.1.g31445	NC_089043.1.g31829	NC_089043.1.g32153	NC_089043.1.g31635		5	1	
OG0031361	NC_089043.1.g31895			NC_089043.1.g31453	NC_089043.1.g31841	NC_089043.1.g32162		NC_089043.1.g31818, NC_089043.1.g31820	4	1	
OG0031362	NC_089043.1.g31922	NC_089043.1.g31751	NC_089043.1.g31736	NC_089043.1.g31484		NC_089043.1.g32194		NC_089043.1.g31853	5	1	
OG0031363	NC_089043.1.g32008	NC_089043.1.g31826		NC_089043.1.g31573		NC_089043.1.g32282	NC_089043.1.g31751	NC_089043.1.g31943	5	1	
OG0031364	NC_089043.1.g32085		NC_089043.1.g31888	NC_089044.1.g33162	NC_089043.1.g32043	NC_089043.1.g32357		NC_089043.1.g32026	5	1	
OG0031365	NC_089043.1.g32160	NC_089043.1.g31998		NC_089043.1.g31733	NC_089043.1.g32129	NC_089043.1.g32441		NC_089043.1.g32113	5	1	
OG0031366	NC_089044.1.g32224		NC_089044.1.g32041	NC_089044.1.g31798	NC_089044.1.g32190	NC_089044.1.g32506	NC_089044.1.g31975		5	1	
OG0031367	NC_089044.1.g32306		NC_089044.1.g32115	NC_089044.1.g31876		NC_089044.1.g32583	NC_089044.1.g32044	NC_089044.1.g32255	5	1	
OG0031368	NC_089044.1.g32323	NC_089044.1.g32160	NC_089044.1.g32134		NC_089044.1.g32290	NC_089044.1.g32600	NC_089044.1.g32061		5	1	
OG0031369	NC_089044.1.g32344	NC_089044.1.g32183			NC_089044.1.g32316	NC_089044.1.g32625	NC_089044.1.g32087	NC_089044.1.g32301	5	1	
OG0031370	NC_089044.1.g32346	NC_089044.1.g32186	NC_089044.1.g32166		NC_089044.1.g32318	NC_089044.1.g32628		NC_089044.1.g32304	5	1	
OG0031371	NC_089044.1.g32353	NC_089044.1.g32193	NC_089044.1.g32173	NC_089044.1.g31923	NC_089044.1.g32325	NC_089044.1.g32635			5	1	
OG0031372	NC_089044.1.g32354	NC_089044.1.g32194		NC_089044.1.g31924		NC_089044.1.g32636	NC_089044.1.g32097	NC_089044.1.g32311	5	1	
OG0031373	NC_089044.1.g32358	NC_089044.1.g32201	NC_089044.1.g32178		NC_089044.1.g32332	NC_089044.1.g32639		NC_089044.1.g32316	5	1	
OG0031374	NC_089044.1.g32360	NC_089044.1.g32204		NC_089044.1.g31929	NC_089044.1.g32335		NC_089044.1.g32104	NC_089044.1.g32318	5	1	
OG0031375	NC_089044.1.g32364	NC_089044.1.g32208	NC_089044.1.g32180	NC_089044.1.g31933	NC_089044.1.g32339		NC_089044.1.g32107		5	1	
OG0031376	NC_089044.1.g32389	NC_089044.1.g32234	NC_089044.1.g32194	NC_089044.1.g31953	NC_089044.1.g32363	NC_089044.1.g32654			5	1	
OG0031377	NC_089044.1.g32397			NC_089044.1.g31961	NC_089044.1.g32371	NC_089044.1.g32662	NC_089044.1.g32140	NC_089044.1.g32339	5	1	
OG0031378	NC_089044.1.g32399			NC_089044.1.g31964	NC_089044.1.g32374	NC_089044.1.g32667	NC_089044.1.g32145	NC_089044.1.g32343	5	1	
OG0031379	NC_089044.1.g32407	NC_089044.1.g32249	NC_089044.1.g32213		NC_089044.1.g32382		NC_089044.1.g32153	NC_089044.1.g32349	5	1	
OG0031380	NC_089044.1.g32408	NC_089044.1.g32250	NC_089044.1.g32214		NC_089044.1.g32383	NC_089044.1.g32674		NC_089044.1.g32351	5	1	
OG0031381	NC_089044.1.g32418	NC_089044.1.g32266	NC_089044.1.g32230	NC_089044.1.g31989		NC_089044.1.g32689	NC_089044.1.g32169		5	1	
OG0031382	NC_089044.1.g32439	NC_089044.1.g32288	NC_089044.1.g32249		NC_089044.1.g32420	NC_089044.1.g32714		NC_089044.1.g32386	5	1	
OG0031383	NC_089044.1.g32461	NC_089037.1.g11345			NC_089037.1.g11362, NC_089044.1.g32438	NC_089044.1.g32733	NC_089044.1.g32209		4	1	
OG0031384	NC_089044.1.g32464	NC_089044.1.g32310	NC_089044.1.g32272		NC_089044.1.g32442		NC_089044.1.g32212	NC_089044.1.g32408	5	1	
OG0031385	NC_089044.1.g32465	NC_089037.1.g11869		NC_089037.1.g11832	NC_089037.1.g11894		NC_089037.1.g11864	NC_089037.1.g11935	5	1	
OG0031386	NC_089044.1.g32472	NC_089044.1.g32320	NC_089044.1.g32281		NC_089044.1.g32452		NC_089044.1.g32222	NC_089044.1.g32417	5	1	
OG0031387	NC_089044.1.g32474	NC_089044.1.g32322	NC_089044.1.g32283		NC_089044.1.g32454	NC_089044.1.g32743		NC_089044.1.g32419	5	1	
OG0031388	NC_089044.1.g32488	NC_089044.1.g32338	NC_089044.1.g32296		NC_089044.1.g32468		NC_089044.1.g32238	NC_089044.1.g32433	5	1	
OG0031389	NC_089044.1.g32573	NC_089044.1.g32435, NC_089045.1.g36277					NC_089044.1.g32334	NC_089036.1.g8089, NC_089044.1.g32527	3	1	
OG0031390	NC_089044.1.g32609	NC_089044.1.g32476		NC_089044.1.g32166	NC_089044.1.g32600		NC_089044.1.g32369	NC_089044.1.g32563	5	1	
OG0031391	NC_089044.1.g32610	NC_089044.1.g32477		NC_089044.1.g32167	NC_089044.1.g32601		NC_089044.1.g32370	NC_089044.1.g32564	5	1	
OG0031392	NC_089044.1.g32659		NC_089044.1.g32479	NC_089044.1.g32213	NC_089044.1.g32654		NC_089044.1.g32419	NC_089044.1.g32617	5	1	
OG0031393	NC_089044.1.g32720	NC_089044.1.g32592		NC_089044.1.g32277	NC_089044.1.g32720	NC_089044.1.g33022	NC_089044.1.g32487		5	1	
OG0031394	NC_089044.1.g32749	NC_089044.1.g32626		NC_089044.1.g32312	NC_089044.1.g32754	NC_089044.1.g33056		NC_089044.1.g32712	5	1	
OG0031395	NC_089044.1.g32855	NC_089044.1.g32729	NC_089044.1.g32671	NC_089044.1.g32420	NC_089044.1.g32858			NC_089044.1.g32816	5	1	
OG0031396	NC_089044.1.g32931		NC_089044.1.g32759		NC_089044.1.g32930	NC_089044.1.g33245	NC_089044.1.g32693	NC_089044.1.g32889	5	1	
OG0031397	NC_089044.1.g32984	NC_089044.1.g32873		NC_089044.1.g32556	NC_089044.1.g32989		NC_089044.1.g32749	NC_089044.1.g32948	5	1	
OG0031398	NC_089044.1.g32985		NC_089044.1.g32813	NC_089044.1.g32557	NC_089044.1.g32990	NC_089044.1.g33308	NC_089044.1.g32750		5	1	
OG0031399	NC_089044.1.g32990		NC_089044.1.g32817	NC_089044.1.g32562	NC_089044.1.g32995		NC_089044.1.g32754	NC_089044.1.g32955	5	1	
OG0031400	NC_089044.1.g32995			NC_089044.1.g32577	NC_089044.1.g33010	NC_089044.1.g33320	NC_089044.1.g32764	NC_089044.1.g32971	5	1	
OG0031401	NC_089044.1.g32996			NC_089044.1.g32578	NC_089044.1.g33011	NC_089044.1.g33321	NC_089044.1.g32765	NC_089044.1.g32972	5	1	
OG0031402	NC_089044.1.g33034		NC_089044.1.g32867	NC_089044.1.g32613		NC_089044.1.g33356	NC_089044.1.g32798	NC_089044.1.g33007	5	1	
OG0031403	NC_089044.1.g33039	NC_089044.1.g32930	NC_089044.1.g32872		NC_089044.1.g33055	NC_089044.1.g33361		NC_089044.1.g33011	5	1	
OG0031404	NC_089044.1.g33068	NC_089035.1.g3991, NC_089044.1.g32960	NC_089035.1.g4000	NC_089044.1.g32648		NC_089035.1.g4046			4	1	
OG0031405	NC_089044.1.g33108	NC_089044.1.g32997	NC_089044.1.g32936		NC_089044.1.g33127		NC_089044.1.g32873	NC_089044.1.g33080	5	1	
OG0031406	NC_089044.1.g33136	NC_089044.1.g33028	NC_089044.1.g32963		NC_089044.1.g33158	NC_089044.1.g33457		NC_089044.1.g33110	5	1	
OG0031407	NC_089044.1.g33138		NC_089044.1.g32965		NC_089044.1.g33160	NC_089044.1.g33459	NC_089044.1.g32903	NC_089044.1.g33112	5	1	
OG0031408	NC_089044.1.g33140	NC_089044.1.g33033	NC_089044.1.g32967		NC_089044.1.g33163		NC_089044.1.g32906	NC_089044.1.g33114	5	1	
OG0031409	NC_089044.1.g33200	NC_089044.1.g33095	NC_089044.1.g33032		NC_089044.1.g33224	NC_089044.1.g33524		NC_089044.1.g33179	5	1	
OG0031410	NC_089044.1.g33225	NC_089044.1.g33120			NC_089044.1.g33251	NC_089044.1.g33550	NC_089044.1.g32996	NC_089044.1.g33205	5	1	
OG0031411	NC_089044.1.g33248	NC_089044.1.g33142		NC_089044.1.g32824	NC_089044.1.g33274	NC_089044.1.g33577	NC_089044.1.g33020		5	1	
OG0031412	NC_089044.1.g33306	NC_089044.1.g33203		NC_089035.1.g731	NC_089044.1.g33335	NC_089044.1.g33634	NC_089044.1.g33080		5	1	
OG0031413	NC_089044.1.g33317	NC_089044.1.g33215	NC_089044.1.g33148	NC_089044.1.g32896	NC_089044.1.g33345	NC_089044.1.g33645			5	1	
OG0031414	NC_089044.1.g33357	NC_089044.1.g33249	NC_089044.1.g33185	NC_089044.1.g32933	NC_089044.1.g33382	NC_089044.1.g33684			5	1	
OG0031415	NC_089044.1.g33380	NC_089044.1.g33269			NC_089044.1.g33406	NC_089044.1.g33709	NC_089044.1.g33149	NC_089044.1.g33360	5	1	
OG0031416	NC_089044.1.g33381	NC_089044.1.g33270	NC_089044.1.g33207	NC_089044.1.g32961		NC_089044.1.g33710		NC_089044.1.g33361	5	1	
OG0031417	NC_089044.1.g33396	NC_089044.1.g33284		NC_089044.1.g32976	NC_089044.1.g33422	NC_089044.1.g33733		NC_089044.1.g33381	5	1	
OG0031418	NC_089044.1.g33415	NC_089044.1.g33306	NC_089044.1.g33241	NC_089044.1.g32995	NC_089044.1.g33443		NC_089044.1.g33199		5	1	
OG0031419	NC_089044.1.g33483	NC_089044.1.g33371	NC_089044.1.g33307		NC_089044.1.g33508		NC_089044.1.g33266	NC_089044.1.g33478	5	1	
OG0031420	NC_089044.1.g33503	NC_089044.1.g33392	NC_089044.1.g33326		NC_089044.1.g33529		NC_089044.1.g33285	NC_089044.1.g33496	5	1	
OG0031421	NC_089044.1.g33507	NC_089044.1.g33399	NC_089044.1.g33333		NC_089044.1.g33535		NC_089044.1.g33290	NC_089044.1.g33502	5	1	
OG0031422	NC_089044.1.g33519			NC_089038.1.g14238, NC_089044.1.g33098	NC_089044.1.g33546	NC_089044.1.g33860	NC_089044.1.g33302		4	1	
OG0031423	NC_089044.1.g33537	NC_089044.1.g33428	NC_089044.1.g33362		NC_089044.1.g33564		NC_089044.1.g33318	NC_089044.1.g33532	5	1	
OG0031424	NC_089044.1.g33550			NC_089044.1.g33129	NC_089044.1.g33576	NC_089044.1.g33889	NC_089044.1.g33329	NC_089044.1.g33543	5	1	
OG0031425	NC_089044.1.g33551			NC_089044.1.g33130	NC_089044.1.g33577	NC_089044.1.g33890	NC_089044.1.g33330	NC_089044.1.g33544	5	1	
OG0031426	NC_089044.1.g33558			NC_089044.1.g33137	NC_089044.1.g33584	NC_089044.1.g33897	NC_089044.1.g33336	NC_089044.1.g33550	5	1	
OG0031427	NC_089044.1.g33567			NC_089044.1.g33144	NC_089044.1.g33591	NC_089044.1.g33905	NC_089044.1.g33345	NC_089044.1.g33559	5	1	
OG0031428	NC_089044.1.g33593, NC_089044.1.g33594	NC_089044.1.g33468		NC_089044.1.g33174, NC_089044.1.g33175			NC_089044.1.g33372		3	1	
OG0031429	NC_089044.1.g33627	NC_089044.1.g33574, NC_089044.1.g33575	NC_089044.1.g33502		NC_089044.1.g33721		NC_089044.1.g33474		4	1	
OG0031430	NC_089044.1.g33651			NC_089044.1.g33233	NC_089044.1.g33666	NC_089044.1.g33988	NC_089044.1.g33422	NC_089044.1.g33636	5	1	
OG0031431	NC_089044.1.g33657			NC_089044.1.g33239	NC_089044.1.g33672	NC_089044.1.g33995	NC_089044.1.g33429	NC_089044.1.g33642	5	1	
OG0031432	NC_089044.1.g33667			NC_089044.1.g33249	NC_089044.1.g33684	NC_089044.1.g34006	NC_089044.1.g33438	NC_089044.1.g33654	5	1	
OG0031433	NC_089044.1.g33668			NC_089044.1.g33250	NC_089044.1.g33686	NC_089044.1.g34007	NC_089044.1.g33440	NC_089044.1.g33656	5	1	
OG0031434	NC_089044.1.g33683	NC_089044.1.g33556	NC_089044.1.g33484	NC_089044.1.g33264	NC_089044.1.g33702	NC_089044.1.g34023			5	1	
OG0031435	NC_089044.1.g33772		NC_089044.1.g33574		NC_089044.1.g33791	NC_089044.1.g34110	NC_089044.1.g33545	NC_089044.1.g33762	5	1	
OG0031436	NC_089044.1.g33909			NC_089044.1.g33475	NC_089044.1.g33921	NC_089044.1.g34240	NC_089044.1.g33678	NC_089044.1.g33888	5	1	
OG0031437	NC_089044.1.g33939	NC_089044.1.g33795		NC_089044.1.g33502	NC_089044.1.g33952	NC_089044.1.g34271	NC_089044.1.g33710		5	1	
OG0031438	NC_089044.1.g33997	NC_089044.1.g33851			NC_089044.1.g34013	NC_089044.1.g34329	NC_089044.1.g33771	NC_089044.1.g33978	5	1	
OG0031439	NC_089044.1.g34000		NC_089044.1.g33777	NC_089044.1.g33563	NC_089044.1.g34016	NC_089044.1.g34332		NC_089044.1.g33981	5	1	
OG0031440	NC_089044.1.g34001	NC_089041.1.g25740, NC_089044.1.g33856	NC_089044.1.g33778			NC_089044.1.g34334		NC_089044.1.g33982	4	1	
OG0031441	NC_089044.1.g34067	NC_089044.1.g33926		NC_089044.1.g33629	NC_089044.1.g34088	NC_089044.1.g34402		NC_089044.1.g34053	5	1	
OG0031442	NC_089044.1.g34112	NC_089044.1.g33974	NC_089044.1.g33892		NC_089044.1.g34134	NC_089044.1.g34450	NC_089044.1.g33893		5	1	
OG0031443	NC_089044.1.g34171	NC_089044.1.g34031	NC_089044.1.g33950			NC_089044.1.g34509	NC_089044.1.g33952	NC_089044.1.g34159	5	1	
OG0031444	NC_089044.1.g34276	NC_089044.1.g34141	NC_089041.1.g26886, NC_089044.1.g34056			NC_089044.1.g34615	NC_089044.1.g34060		4	1	
OG0031445	NC_089044.1.g34296		NC_089044.1.g34075	NC_089036.1.g8704, NC_089044.1.g33855			NC_089044.1.g34080	NC_089044.1.g34289	4	1	
OG0031446	NC_089044.1.g34306		NC_089044.1.g34086	NC_089044.1.g33865		NC_089044.1.g34646	NC_089044.1.g34089	NC_089044.1.g34299	5	1	
OG0031447	NC_089044.1.g34393	NC_089044.1.g34260		NC_089044.1.g33949	NC_089044.1.g34413	NC_089044.1.g34737	NC_089044.1.g34176		5	1	
OG0031448	NC_089045.1.g34572	NC_089040.1.g22460, NC_089045.1.g34428	NC_089045.1.g34344					NC_089040.1.g22508, NC_089045.1.g34552	3	1	
OG0031449	NC_089045.1.g34876			NC_089045.1.g34428	NC_089045.1.g34885	NC_089045.1.g35209	NC_089045.1.g34636	NC_089045.1.g34854	5	1	
OG0031450	NC_089045.1.g34880	NC_089045.1.g34732	NC_089045.1.g34648		NC_089045.1.g34889		NC_089036.1.g7244	NC_089045.1.g34858	5	1	
OG0031451	NC_089045.1.g34917	NC_089045.1.g34767			NC_089045.1.g34923	NC_089045.1.g35248	NC_089045.1.g34673	NC_089045.1.g34890	5	1	
OG0031452	NC_089045.1.g34959	NC_089045.1.g34812		NC_089045.1.g34505		NC_089045.1.g35289	NC_089045.1.g34715	NC_089045.1.g34930	5	1	
OG0031453	NC_089045.1.g34960	NC_089045.1.g34813	NC_089045.1.g34723			NC_089045.1.g35290	NC_089045.1.g34716	NC_089045.1.g34931	5	1	
OG0031454	NC_089045.1.g35051	NC_089045.1.g34901	NC_089045.1.g34815			NC_089045.1.g35369	NC_089045.1.g34804	NC_089045.1.g35024	5	1	
OG0031455	NC_089045.1.g35056	NC_089045.1.g34907		NC_089045.1.g34601	NC_089045.1.g35044	NC_089045.1.g35375	NC_089045.1.g34809		5	1	
OG0031456	NC_089045.1.g35065		NC_089045.1.g34831	NC_089045.1.g34611	NC_089045.1.g35053	NC_089045.1.g35384	NC_089045.1.g34820		5	1	
OG0031457	NC_089045.1.g35121	NC_089045.1.g34973	NC_089045.1.g34893	NC_089045.1.g34672			NC_089045.1.g34882	NC_089045.1.g35102	5	1	
OG0031458	NC_089045.1.g35124, NC_089045.1.g35126			NC_089045.1.g34675	NC_089045.1.g35116	NC_089045.1.g35448	NC_089045.1.g34886		4	1	
OG0031459	NC_089045.1.g35142		NC_089045.1.g34914	NC_089045.1.g34693	NC_089045.1.g35134	NC_089045.1.g35463		NC_089045.1.g35121	5	1	
OG0031460	NC_089045.1.g35145	NC_089045.1.g34991	NC_089045.1.g34916	NC_089045.1.g34697	NC_089045.1.g35138			NC_089045.1.g35125	5	1	
OG0031461	NC_089045.1.g35173	NC_089045.1.g35020	NC_089045.1.g34946	NC_089045.1.g34727	NC_089045.1.g35169		NC_089045.1.g34937		5	1	
OG0031462	NC_089045.1.g35178	NC_089045.1.g35027	NC_089045.1.g34951	NC_089045.1.g34733		NC_089045.1.g35498		NC_089045.1.g35161	5	1	
OG0031463	NC_089045.1.g35184	NC_089045.1.g35034		NC_089045.1.g34738	NC_089045.1.g35185		NC_089045.1.g34950	NC_089045.1.g35168	5	1	
OG0031464	NC_089045.1.g35205	NC_089045.1.g35056	NC_089045.1.g34968	NC_089045.1.g34759		NC_089045.1.g35527		NC_089045.1.g35194	5	1	
OG0031465	NC_089045.1.g35225		NC_089045.1.g34987	NC_089045.1.g34779	NC_089045.1.g35230		NC_089045.1.g34996	NC_089045.1.g35212	5	1	
OG0031466	NC_089045.1.g35265		NC_089045.1.g35021		NC_089045.1.g35273	NC_089045.1.g35586	NC_089045.1.g35036	NC_089045.1.g35251	5	1	
OG0031467	NC_089045.1.g35270	NC_089045.1.g35120		NC_089045.1.g34824		NC_089045.1.g35592	NC_089045.1.g35041	NC_089045.1.g35256	5	1	
OG0031468	NC_089045.1.g35287		NC_089045.1.g35048	NC_089045.1.g34845	NC_089045.1.g35303	NC_089045.1.g35614	NC_089045.1.g35063		5	1	
OG0031469	NC_089045.1.g35327		NC_089045.1.g35090	NC_089045.1.g34886	NC_089045.1.g35343	NC_089045.1.g35658		NC_089045.1.g35319	5	1	
OG0031470	NC_089045.1.g35344	NC_089045.1.g35200	NC_089045.1.g35109	NC_089045.1.g34905	NC_089045.1.g35361			NC_089045.1.g35338	5	1	
OG0031471	NC_089045.1.g35370		NC_089045.1.g35158	NC_089045.1.g34931		NC_089045.1.g35716	NC_089045.1.g35146	NC_089045.1.g35373	5	1	
OG0031472	NC_089045.1.g35390	NC_089045.1.g35258	NC_089045.1.g35182		NC_089045.1.g35413	NC_089045.1.g35739		NC_089045.1.g35396	5	1	
OG0031473	NC_089045.1.g35412	NC_089045.1.g35279	NC_089045.1.g35202		NC_089045.1.g35435		NC_089045.1.g35198	NC_089045.1.g35414	5	1	
OG0031474	NC_089045.1.g35474			NC_089045.1.g35035	NC_089045.1.g35499	NC_089045.1.g35824	NC_089045.1.g35260	NC_089045.1.g35476	5	1	
OG0031475	NC_089045.1.g35512	NC_089045.1.g35374	NC_089045.1.g35304		NC_089045.1.g35532	NC_089045.1.g35859		NC_089045.1.g35514	5	1	
OG0031476	NC_089045.1.g35515		NC_089045.1.g35307	NC_089045.1.g35071	NC_089045.1.g35535	NC_089045.1.g35863		NC_089045.1.g35517	5	1	
OG0031477	NC_089045.1.g35526	NC_089045.1.g35391		NC_089045.1.g35082		NC_089045.1.g35875	NC_089045.1.g35301	NC_089045.1.g35528	5	1	
OG0031478	NC_089045.1.g35531	NC_089045.1.g35396	NC_089045.1.g35325		NC_089045.1.g35555	NC_089045.1.g35882		NC_089045.1.g35535	5	1	
OG0031479	NC_089045.1.g35532		NC_089045.1.g35326	NC_089045.1.g35089	NC_089045.1.g35556	NC_089045.1.g35883		NC_089045.1.g35536	5	1	
OG0031480	NC_089045.1.g35540		NC_089045.1.g35330	NC_089045.1.g35097	NC_089045.1.g35566	NC_089045.1.g35892	NC_089045.1.g35314		5	1	
OG0031481	NC_089045.1.g35541		NC_089045.1.g35331	NC_089045.1.g35098	NC_089045.1.g35567	NC_089045.1.g35893	NC_089045.1.g35315		5	1	
OG0031482	NC_089045.1.g35562	NC_089045.1.g35422	NC_089045.1.g35350	NC_089045.1.g35118		NC_089045.1.g35913	NC_089045.1.g35333		5	1	
OG0031483	NC_089045.1.g35569	NC_089045.1.g35429	NC_089045.1.g35355		NC_089045.1.g35594	NC_089045.1.g35920		NC_089045.1.g35569	5	1	
OG0031484	NC_089045.1.g35579	NC_089045.1.g35438		NC_089045.1.g35131	NC_089045.1.g35602	NC_089045.1.g35930		NC_089045.1.g35579	5	1	
OG0031485	NC_089045.1.g35593	NC_089045.1.g35451		NC_089045.1.g35145	NC_089045.1.g35615	NC_089045.1.g35944		NC_089045.1.g35593	5	1	
OG0031486	NC_089045.1.g35637		NC_089045.1.g35426	NC_089045.1.g35189	NC_089045.1.g35665	NC_089045.1.g35990	NC_089045.1.g35404		5	1	
OG0031487	NC_089045.1.g35694	NC_089045.1.g35547	NC_089045.1.g35480			NC_089045.1.g36047	NC_089045.1.g35458	NC_089045.1.g35693	5	1	
OG0031488	NC_089045.1.g35711	NC_089045.1.g35566	NC_089045.1.g35505	NC_089045.1.g35266		NC_089045.1.g36070		NC_089045.1.g35714	5	1	
OG0031489	NC_089045.1.g35721	NC_089045.1.g35577		NC_089045.1.g35277	NC_089045.1.g35755	NC_089045.1.g36081	NC_089045.1.g35486		5	1	
OG0031490	NC_089045.1.g35727	NC_089045.1.g35583	NC_089045.1.g35516		NC_089045.1.g35763		NC_089045.1.g35493	NC_089045.1.g35732	5	1	
OG0031491	NC_089045.1.g35732		NC_089045.1.g35520		NC_089045.1.g35767	NC_089045.1.g36092	NC_089045.1.g35497	NC_089045.1.g35736	5	1	
OG0031492	NC_089045.1.g35735			NC_089045.1.g35289	NC_089045.1.g35771	NC_089045.1.g36096	NC_089045.1.g35502	NC_089045.1.g35740	5	1	
OG0031493	NC_089045.1.g35768	NC_089045.1.g35624	NC_089045.1.g35550	NC_089045.1.g35317			NC_089045.1.g35532	NC_089045.1.g35766	5	1	
OG0031494	NC_089045.1.g35814	NC_089045.1.g35666			NC_089045.1.g35837	NC_089045.1.g36170	NC_089045.1.g35572	NC_089045.1.g35807	5	1	
OG0031495	NC_089045.1.g35824	NC_089045.1.g35674	NC_089045.1.g35603	NC_089045.1.g35374		NC_089045.1.g36179	NC_089045.1.g35583		5	1	
OG0031496	NC_089045.1.g35827			NC_089045.1.g35376	NC_089045.1.g35847	NC_089045.1.g36183	NC_089045.1.g35586	NC_089045.1.g35818	5	1	
OG0031497	NC_089045.1.g35863	NC_089045.1.g35710	NC_089045.1.g35639		NC_089045.1.g35880		NC_089045.1.g35618	NC_089045.1.g35852	5	1	
OG0031498	NC_089045.1.g35868	NC_089045.1.g35718		NC_089045.1.g35414	NC_089045.1.g35885		NC_089045.1.g35623	NC_089045.1.g35857	5	1	
OG0031499	NC_089045.1.g35878	NC_089045.1.g35729		NC_089045.1.g35426	NC_089045.1.g35894	NC_089045.1.g36236		NC_089045.1.g35868	5	1	
OG0031500	NC_089045.1.g35890	NC_089045.1.g35740		NC_089045.1.g35440		NC_089045.1.g36249	NC_089045.1.g35645	NC_089039.1.g19396	5	1	
OG0031501	NC_089045.1.g35901	NC_089045.1.g35754		NC_089045.1.g35457	NC_089045.1.g35922	NC_089045.1.g36262	NC_089045.1.g35656		5	1	
OG0031502	NC_089045.1.g35909	NC_089045.1.g35762	NC_089045.1.g35685	NC_089045.1.g35463	NC_089045.1.g35928		NC_089045.1.g35664		5	1	
OG0031503	NC_089045.1.g35910	NC_089036.1.g8779			NC_089036.1.g8768	NC_089045.1.g36270	NC_089036.1.g8777	NC_089036.1.g8796	5	1	
OG0031504	NC_089045.1.g35935	NC_089045.1.g35785		NC_089045.1.g35488	NC_089045.1.g35953	NC_089045.1.g36295	NC_089045.1.g35689		5	1	
OG0031505	NC_089045.1.g35959		NC_089045.1.g35735	NC_089045.1.g35514	NC_089045.1.g35981	NC_089045.1.g36322	NC_089045.1.g35713		5	1	
OG0031506	NC_089045.1.g35973	NC_089045.1.g35820		NC_089045.1.g35529		NC_089045.1.g36335	NC_089045.1.g35726	NC_089045.1.g35958	5	1	
OG0031507	NC_089045.1.g36020	NC_089045.1.g35870		NC_089045.1.g35577	NC_089045.1.g36039		NC_089045.1.g35771	NC_089045.1.g36004	5	1	
OG0031508	NC_089045.1.g36046	NC_089045.1.g35898		NC_089045.1.g35602	NC_089045.1.g36066	NC_089045.1.g36411	NC_089045.1.g35796		5	1	
OG0031509	NC_089045.1.g36088	NC_089045.1.g35940	NC_089045.1.g35862		NC_089045.1.g36110	NC_089045.1.g36455	NC_089045.1.g35839		5	1	
OG0031510	NC_089045.1.g36122	NC_089045.1.g35970		NC_089045.1.g35665		NC_089045.1.g36488	NC_089045.1.g35868	NC_089045.1.g36106	5	1	
OG0031511	NC_089045.1.g36135	NC_089045.1.g35983	NC_089045.1.g35900		NC_089045.1.g36154		NC_089045.1.g35878	NC_089045.1.g36115	5	1	
OG0031512	NC_089045.1.g36205		NC_089045.1.g35966	NC_089045.1.g35749	NC_089045.1.g36228	NC_089045.1.g36570		NC_089045.1.g36178	5	1	
OG0031513	NC_089045.1.g36218	NC_089045.1.g36071		NC_089045.1.g35763	NC_089045.1.g36243	NC_089045.1.g36584		NC_089045.1.g36192	5	1	
OG0031514	NC_089045.1.g36333		NC_089045.1.g36098	NC_089045.1.g35878		NC_089045.1.g36708	NC_089045.1.g36076	NC_089045.1.g36315	5	1	
OG0031515	NC_089045.1.g36338		NC_089045.1.g36104	NC_089045.1.g35883	NC_089045.1.g36364		NC_089045.1.g36081	NC_089045.1.g36320	5	1	
OG0031516	NC_089045.1.g36362			NC_089045.1.g35905	NC_089045.1.g36391	NC_089045.1.g36735	NC_089045.1.g36103	NC_089045.1.g36342	5	1	
OG0031517	NC_089045.1.g36375		NC_089045.1.g36142	NC_089045.1.g35918		NC_089045.1.g36748	NC_089045.1.g36116	NC_089045.1.g36355	5	1	
OG0031518	NC_089045.1.g36386	NC_089045.1.g36232		NC_089045.1.g35929	NC_089045.1.g36417	NC_089045.1.g36758	NC_089045.1.g36126		5	1	
OG0031519	NC_089045.1.g36407		NC_089045.1.g36174	NC_089045.1.g35950		NC_089045.1.g36779	NC_089045.1.g36148	NC_089045.1.g36387	5	1	
OG0031520	NC_089045.1.g36413	NC_089045.1.g36256	NC_089045.1.g36179	NC_089045.1.g35955	NC_089045.1.g36442	NC_089045.1.g36784			5	1	
OG0031521	NC_089045.1.g36437		NC_089045.1.g36213	NC_089045.1.g35981	NC_089045.1.g36473		NC_089045.1.g36178	NC_089045.1.g36414	5	1	
OG0031522	NC_089045.1.g36469	NC_089045.1.g36323	NC_089045.1.g36251	NC_089045.1.g36005	NC_089045.1.g36513		NC_089045.1.g36208		5	1	
OG0031523	NC_089045.1.g36492	NC_089045.1.g36347	NC_089045.1.g36275		NC_089045.1.g36539		NC_089045.1.g36232	NC_089045.1.g36464	5	1	
OG0031524	NC_089045.1.g36493	NC_089045.1.g36348		NC_089045.1.g36029	NC_089045.1.g36540		NC_089045.1.g36233	NC_089045.1.g36465	5	1	
OG0031525	NC_089045.1.g36495	NC_089045.1.g36349		NC_089045.1.g36030	NC_089045.1.g36541	NC_089045.1.g36861	NC_089045.1.g36234		5	1	
OG0031526	NC_089045.1.g36502	NC_089045.1.g36356	NC_089045.1.g36283	NC_089045.1.g36037		NC_089045.1.g36868	NC_089045.1.g36241		5	1	
OG0031527	NC_089045.1.g36503	NC_089045.1.g36357	NC_089045.1.g36284	NC_089045.1.g36038		NC_089045.1.g36869	NC_089045.1.g36242		5	1	
OG0031528	NC_089045.1.g36509	NC_089045.1.g36362	NC_089045.1.g36289		NC_089045.1.g36554	NC_089045.1.g36875	NC_089045.1.g36247		5	1	
OG0031529	NC_089045.1.g36556	NC_089045.1.g36405	NC_089045.1.g36331	NC_089045.1.g36085	NC_089045.1.g36601			NC_089045.1.g36520	5	1	
OG0031530	NC_089045.1.g36558		NC_089045.1.g36334		NC_089045.1.g36603	NC_089045.1.g36923	NC_089045.1.g36294	NC_089045.1.g36522	5	1	
OG0031531	NC_089045.1.g36575	NC_089045.1.g36423	NC_089045.1.g36353	NC_089045.1.g36103	NC_089045.1.g36618		NC_089045.1.g36314		5	1	
OG0031532	NC_089045.1.g36579	NC_089045.1.g36427	NC_089045.1.g36357		NC_089045.1.g36622		NC_089045.1.g36318	NC_089045.1.g36541	5	1	
OG0031533	NC_089045.1.g36596	NC_089045.1.g36445		NC_089045.1.g36118	NC_089045.1.g36633		NC_089045.1.g36336	NC_089045.1.g36557	5	1	
OG0031534	NC_089045.1.g36645	NC_089045.1.g36493			NC_089045.1.g36681	NC_089045.1.g37004	NC_089045.1.g36387	NC_089045.1.g36606	5	1	
OG0031535	NC_089045.1.g36662	NC_089045.1.g36510	NC_089045.1.g36445	NC_089045.1.g36184		NC_089045.1.g37022		NC_089045.1.g36623	5	1	
OG0031536	NC_089045.1.g36724		NC_089045.1.g36499	NC_089045.1.g36240	NC_089045.1.g36760		NC_089045.1.g36466	NC_089045.1.g36678	5	1	
OG0031537	NC_089045.1.g36749		NC_089045.1.g36526	NC_089045.1.g36264	NC_089045.1.g36789	NC_089045.1.g37106		NC_089045.1.g36704	5	1	
OG0031538	NC_089045.1.g36750	NC_089045.1.g36600	NC_089045.1.g36527	NC_089045.1.g36265	NC_089045.1.g36790	NC_089045.1.g37107			5	1	
OG0031539	NC_089045.1.g36810		NC_089045.1.g36579		NC_089045.1.g36842	NC_089045.1.g37160	NC_089045.1.g36555	NC_089045.1.g36763	5	1	
OG0031540	NC_089045.1.g36826		NC_089045.1.g36593	NC_089045.1.g36332	NC_089045.1.g36859	NC_089045.1.g37177		NC_089045.1.g36778	5	1	
OG0031541	NC_089045.1.g36847		NC_089045.1.g36617	NC_089045.1.g36353		NC_089045.1.g37203	NC_089045.1.g36593	NC_089045.1.g36807	5	1	
OG0031542	NC_089045.1.g36895	NC_089045.1.g36746	NC_089045.1.g36669	NC_089045.1.g36403		NC_089045.1.g37256	NC_089045.1.g36646		5	1	
OG0031543	NC_089045.1.g36908	NC_089045.1.g36762	NC_089045.1.g36686		NC_089045.1.g36946	NC_089045.1.g37271		NC_089045.1.g36873	5	1	
OG0031544	NC_089045.1.g36937		NC_089045.1.g36713	NC_089045.1.g36446		NC_089045.1.g37302	NC_089045.1.g36687	NC_089045.1.g36900	5	1	
OG0031545	NC_089045.1.g36960	NC_089045.1.g36811	NC_089045.1.g36734	NC_089045.1.g36464		NC_089045.1.g37324		NC_089045.1.g36915	5	1	
OG0031546	NC_089045.1.g36961		NC_089045.1.g36735	NC_089045.1.g36465, NC_089045.1.g36470		NC_089045.1.g37325		NC_089045.1.g36916	4	1	
OG0031547	NC_089045.1.g36980		NC_089045.1.g36756	NC_089045.1.g36484	NC_089045.1.g37005	NC_089045.1.g37344		NC_089045.1.g36936	5	1	
OG0031548	NC_089045.1.g36983	NC_089045.1.g36830	NC_089045.1.g36759	NC_089045.1.g36487	NC_089045.1.g37008	NC_089045.1.g37347			5	1	
OG0031549	NC_089045.1.g37033	NC_089045.1.g36885	NC_089045.1.g36808	NC_089045.1.g36542			NC_089045.1.g36781	NC_089045.1.g36993	5	1	
OG0031550	NC_089045.1.g37059		NC_089045.1.g36827		NC_089045.1.g37083	NC_089045.1.g37427	NC_089045.1.g36802	NC_089045.1.g37014	5	1	
OG0031551	NC_089045.1.g37071	NC_089045.1.g36915		NC_089045.1.g36569	NC_089045.1.g37094		NC_089045.1.g36815	NC_089045.1.g37026	5	1	
OG0031552	NC_089045.1.g37166	NC_089045.1.g37000	NC_089045.1.g36928		NC_089045.1.g37177	NC_089045.1.g37530		NC_089045.1.g37113	5	1	
OG0031553	NC_089045.1.g37193		NC_089045.1.g36954	NC_089045.1.g36672	NC_089045.1.g37201	NC_089045.1.g37555		NC_089045.1.g37138	5	1	
OG0031554	NC_089045.1.g37201	NC_089045.1.g37039	NC_089045.1.g36964		NC_089045.1.g37211	NC_089045.1.g37562		NC_089045.1.g37145	5	1	
OG0031555	NC_089045.1.g37213	NC_089045.1.g37051	NC_089045.1.g36976		NC_089045.1.g37223	NC_089045.1.g37576		NC_089045.1.g37155	5	1	
OG0031556	NC_089045.1.g37220	NC_089045.1.g37057	NC_089045.1.g36985		NC_089045.1.g37232		NC_089045.1.g36961	NC_089045.1.g37161	5	1	
OG0031557	NC_089045.1.g37222	NC_089045.1.g37059	NC_089045.1.g36987	NC_089045.1.g36690	NC_089045.1.g37234			NC_089045.1.g37163	5	1	
OG0031558	NC_089045.1.g37229	NC_089045.1.g37065	NC_089045.1.g36993	NC_089045.1.g36695		NC_089045.1.g37590		NC_089045.1.g37169	5	1	
OG0031559	NC_089045.1.g37290	NC_089045.1.g37122	NC_089045.1.g37053	NC_089045.1.g36754		NC_089045.1.g37650		NC_089045.1.g37230	5	1	
OG0031560	NC_089046.1.g37319		NC_089046.1.g37079	NC_089046.1.g36783	NC_089046.1.g37328	NC_089046.1.g37678		NC_089046.1.g37257	5	1	
OG0031561	NC_089046.1.g37365		NC_089046.1.g37125	NC_089046.1.g36828	NC_089046.1.g37372	NC_089046.1.g37722	NC_089046.1.g37095		5	1	
OG0031562	NC_089046.1.g37417	NC_089046.1.g37249			NC_089046.1.g37427	NC_089046.1.g37774	NC_089046.1.g37149	NC_089046.1.g37355	5	1	
OG0031563	NC_089046.1.g37466	NC_089046.1.g37296	NC_089046.1.g37226	NC_089046.1.g36930		NC_089046.1.g37824	NC_089046.1.g37196		5	1	
OG0031564	NC_089046.1.g37596		NC_089041.1.g26257, NC_089046.1.g37354	NC_089046.1.g37057		NC_089046.1.g37952	NC_089046.1.g37324		4	1	
OG0031565	NC_089046.1.g37602	NC_089046.1.g37434	NC_089046.1.g37361		NC_089046.1.g37615		NC_089046.1.g37331	NC_089046.1.g37540	5	1	
OG0031566	NC_089046.1.g37623	NC_089046.1.g37453	NC_089046.1.g37383		NC_089046.1.g37635	NC_089046.1.g37979	NC_089046.1.g37351		5	1	
OG0031567	NC_089046.1.g37635	NC_089046.1.g37464	NC_089046.1.g37395	NC_089046.1.g37098		NC_089046.1.g37989		NC_089046.1.g37573	5	1	
OG0031568	NC_089046.1.g37643	NC_089046.1.g37472	NC_089046.1.g37402		NC_089046.1.g37653	NC_089046.1.g37996		NC_089046.1.g37581	5	1	
OG0031569	NC_089046.1.g37732	NC_089046.1.g37569	NC_089046.1.g37505	NC_089046.1.g37200	NC_089046.1.g37751		NC_089046.1.g37467		5	1	
OG0031570	NC_089046.1.g37771			NC_089046.1.g37236	NC_089046.1.g37789	NC_089046.1.g38138	NC_089046.1.g37506	NC_089046.1.g37717	5	1	
OG0031571	NC_089046.1.g37796	NC_089046.1.g37626	NC_089046.1.g37565	NC_089046.1.g37261		NC_089046.1.g38165	NC_089046.1.g37531		5	1	
OG0031572	NC_089046.1.g37868			NC_089046.1.g37331	NC_089046.1.g37893	NC_089046.1.g38238	NC_089046.1.g37604	NC_089046.1.g37816	5	1	
OG0031573	NC_089046.1.g37874	NC_089046.1.g37709		NC_089046.1.g37338		NC_089046.1.g38245	NC_089046.1.g37614	NC_089046.1.g37822	5	1	
OG0031574	NC_089046.1.g37891		NC_089046.1.g37663	NC_089046.1.g37353		NC_089046.1.g38262	NC_089046.1.g37630	NC_089046.1.g37840	5	1	
OG0031575	NC_089046.1.g37903		NC_089046.1.g37675	NC_089046.1.g37364	NC_089046.1.g37931	NC_089046.1.g38274		NC_089046.1.g37853	5	1	
OG0031576	NC_089046.1.g37952	NC_089046.1.g37788	NC_089046.1.g37722	NC_089046.1.g37411		NC_089046.1.g38324	NC_089046.1.g37691		5	1	
OG0031577	NC_089046.1.g38009	NC_089046.1.g37840			NC_089046.1.g38036	NC_089046.1.g38379	NC_089046.1.g37744	NC_089046.1.g37955	5	1	
OG0031578	NC_089046.1.g38027	NC_089046.1.g37856			NC_089046.1.g38053	NC_089046.1.g38396	NC_089046.1.g37762	NC_089046.1.g37973	5	1	
OG0031579	NC_089046.1.g38058		NC_089046.1.g37829	NC_089046.1.g37507, NC_089046.1.g37526		NC_089046.1.g38440	NC_089046.1.g37797		4	1	
OG0031580	NC_089046.1.g38102	NC_089046.1.g37941	NC_089046.1.g37867	NC_089046.1.g37570			NC_089046.1.g37838	NC_089046.1.g38047	5	1	
OG0031581	NC_089046.1.g38111	NC_089046.1.g37950	NC_089046.1.g37876		NC_089046.1.g38134		NC_089046.1.g37843	NC_089046.1.g38055	5	1	
OG0031582	NC_089046.1.g38122		NC_089046.1.g37889	NC_089046.1.g37585	NC_089046.1.g38145	NC_089046.1.g38499	NC_089046.1.g37855		5	1	
OG0031583	NC_089046.1.g38124	NC_089041.1.g24699		NC_089046.1.g37587	NC_089046.1.g38147	NC_089046.1.g38501		NC_089046.1.g38069	5	1	
OG0031584	NC_089046.1.g38134	NC_089046.1.g37970		NC_089046.1.g37597	NC_089046.1.g38156	NC_089046.1.g38509		NC_089046.1.g38078	5	1	
OG0031585	NC_089046.1.g38219		NC_089046.1.g37982	NC_089046.1.g37678		NC_089046.1.g38596	NC_089046.1.g37948	NC_089046.1.g38163	5	1	
OG0031586	NC_089046.1.g38253	NC_089046.1.g38095			NC_089046.1.g38285	NC_089046.1.g38629	NC_089046.1.g37988	NC_089046.1.g38196	5	1	
OG0031587	NC_089046.1.g38267	NC_089037.1.g12165	NC_089046.1.g38036	NC_089046.1.g37727	NC_089046.1.g38300	NC_089046.1.g38643			5	1	
OG0031588	NC_089046.1.g38296	NC_089046.1.g38136	NC_089046.1.g38062		NC_089046.1.g38323	NC_089046.1.g38672		NC_089046.1.g38233	5	1	
OG0031589	NC_089046.1.g38309	NC_089046.1.g38150	NC_089046.1.g38075		NC_089046.1.g38335	NC_089046.1.g38686		NC_089046.1.g38245	5	1	
OG0031590	NC_089046.1.g38351		NC_089046.1.g38115	NC_089046.1.g37810	NC_089046.1.g38379	NC_089046.1.g38728		NC_089046.1.g38284	5	1	
OG0031591	NC_089046.1.g38380		NC_089046.1.g38147	NC_089046.1.g37835	NC_089046.1.g38406		NC_089046.1.g38104	NC_089046.1.g38310	5	1	
OG0031592	NC_089046.1.g38472		NC_089046.1.g38229	NC_089046.1.g37930	NC_089046.1.g38508		NC_089046.1.g38192	NC_089046.1.g38402	5	1	
OG0031593	NC_089046.1.g38473	NC_089046.1.g38323	NC_089046.1.g38230	NC_089046.1.g37931	NC_089046.1.g38509	NC_089046.1.g38857			5	1	
OG0031594	NC_089046.1.g38491	NC_089046.1.g38339		NC_089046.1.g37947		NC_089046.1.g38871	NC_089046.1.g38206	NC_089046.1.g38421	5	1	
OG0031595	NC_089046.1.g38577	NC_089046.1.g38424	NC_089046.1.g38326		NC_089046.1.g38614		NC_089046.1.g38284	NC_089046.1.g38501	5	1	
OG0031596	NC_089046.1.g38597	NC_089046.1.g38446	NC_089046.1.g38347	NC_089046.1.g38053	NC_089046.1.g38638	NC_089046.1.g38978			5	1	
OG0031597	NC_089046.1.g38675	NC_089046.1.g38526	NC_089046.1.g38435		NC_089046.1.g38721		NC_089046.1.g38383	NC_089046.1.g38606	5	1	
OG0031598	NC_089046.1.g38707	NC_089046.1.g38556	NC_089046.1.g38470	NC_089046.1.g38170	NC_089046.1.g38747		NC_089046.1.g38419		5	1	
OG0031599	NC_089046.1.g38724	NC_089046.1.g38576	NC_089046.1.g38489		NC_089046.1.g38767		NC_089046.1.g38437	NC_089046.1.g38663	5	1	
OG0031600	NC_089046.1.g38753	NC_089046.1.g38608		NC_089046.1.g38219	NC_089046.1.g38798		NC_089046.1.g38470	NC_089046.1.g38698	5	1	
OG0031601	NC_089046.1.g38761		NC_089046.1.g38530		NC_089042.1.g28850	NC_089042.1.g29097	NC_089046.1.g38481	NC_089042.1.g28823	5	1	
OG0031602	NC_089046.1.g38781	NC_089046.1.g38638			NC_089046.1.g38829	NC_089046.1.g39187	NC_089046.1.g38501	NC_089046.1.g38728	5	1	
OG0031603	NC_089046.1.g38812	NC_089046.1.g38671	NC_089046.1.g38580		NC_089046.1.g38861		NC_089046.1.g38534	NC_089046.1.g38757	5	1	
OG0031604	NC_089046.1.g38839	NC_089046.1.g38698	NC_089046.1.g38607	NC_089046.1.g38305		NC_089046.1.g39245		NC_089046.1.g38783	5	1	
OG0031605	NC_089046.1.g38851	NC_089046.1.g38712	NC_089046.1.g38619		NC_089046.1.g38899		NC_089046.1.g38574	NC_089046.1.g38798	5	1	
OG0031606	NC_089046.1.g38867	NC_089046.1.g38727	NC_089046.1.g38634		NC_089046.1.g38918	NC_089046.1.g39272		NC_089046.1.g38812	5	1	
OG0031607	NC_089046.1.g38921		NC_089046.1.g38687	NC_089046.1.g38384	NC_089046.1.g38972	NC_089046.1.g39329	NC_089046.1.g38641		5	1	
OG0031608	NC_089046.1.g38937	NC_089046.1.g38797		NC_089046.1.g38398		NC_089046.1.g39346	NC_089046.1.g38659	NC_089046.1.g38883	5	1	
OG0031609	NC_089046.1.g38969	NC_089046.1.g38833	NC_089046.1.g38740		NC_089046.1.g39024		NC_089046.1.g38695	NC_089046.1.g38918	5	1	
OG0031610	NC_089046.1.g39058		NC_089046.1.g38814	NC_089046.1.g38516		NC_089046.1.g39470	NC_089046.1.g38778	NC_089046.1.g39004	5	1	
OG0031611	NC_089046.1.g39090	NC_089046.1.g38952	NC_089046.1.g38846	NC_089046.1.g38546			NC_089046.1.g38809	NC_089046.1.g39035	5	1	
OG0031612	NC_089046.1.g39167			NC_089046.1.g38618	NC_089046.1.g39220	NC_089046.1.g39583	NC_089046.1.g38887	NC_089046.1.g39117	5	1	
OG0031613	NC_089046.1.g39220	NC_089046.1.g39079	NC_089046.1.g38978		NC_089046.1.g39269	NC_089046.1.g39633		NC_089046.1.g39167	5	1	
OG0031614	NC_089046.1.g39221	NC_089046.1.g39081	NC_089046.1.g38979		NC_089046.1.g39270	NC_089046.1.g39634		NC_089046.1.g39168	5	1	
OG0031615	NC_089046.1.g39325	NC_089044.1.g32382	NC_089044.1.g32344			NC_089046.1.g39746	NC_089046.1.g39051	NC_089036.1.g7915	5	1	
OG0031616	NC_089046.1.g39354		NC_089046.1.g39120	NC_089046.1.g38810	NC_089046.1.g39412	NC_089046.1.g39774		NC_089046.1.g39307	5	1	
OG0031617	NC_089046.1.g39355			NC_089046.1.g38811	NC_089046.1.g39413	NC_089046.1.g39775	NC_089046.1.g39082	NC_089046.1.g39308	5	1	
OG0031618	NC_089046.1.g39361	NC_089046.1.g39230	NC_089046.1.g39125	NC_089046.1.g38816		NC_089046.1.g39781	NC_089046.1.g39087		5	1	
OG0031619	NC_089046.1.g39374	NC_089046.1.g39241	NC_089046.1.g39136		NC_089046.1.g39430	NC_089046.1.g39793		NC_089046.1.g39323	5	1	
OG0031620	NC_089046.1.g39522		NC_089046.1.g39287	NC_089046.1.g38974		NC_089046.1.g39944	NC_089046.1.g39246	NC_089046.1.g39472	5	1	
OG0031621	NC_089046.1.g39552	NC_089046.1.g39426		NC_089046.1.g39006		NC_089046.1.g39970	NC_089046.1.g39275	NC_089046.1.g39501	5	1	
OG0031622	NC_089046.1.g39671		NC_089046.1.g39428	NC_089046.1.g39115	NC_089046.1.g39724	NC_089046.1.g40083		NC_089046.1.g39613	5	1	
OG0031623	NC_089046.1.g39686		NC_089046.1.g39443	NC_089046.1.g39130	NC_089046.1.g39738	NC_089046.1.g40099		NC_089046.1.g39631	5	1	
OG0031624		NC_089035.1.g102, NC_089035.1.g103, NC_089040.1.g20724	NC_089040.1.g20774		NC_089040.1.g20843			NC_089040.1.g20789	4	0	
OG0031626		NC_089035.1.g463, NC_089043.1.g29938, NC_089046.1.g38044					NC_089035.1.g450, NC_089043.1.g29869	NC_089035.1.g456	3	0	
OG0031636		NC_089035.1.g2082		NC_089035.1.g2071	NC_089035.1.g2078		NC_089035.1.g2065	NC_089035.1.g2061, NC_089035.1.g2062	5	0	
OG0031654		NC_089035.1.g3253, NC_089041.1.g26238		NC_089035.1.g3201	NC_089035.1.g3242, NC_089043.1.g30794			NC_089043.1.g30779	4	0	
OG0031657		NC_089035.1.g3553, NC_089038.1.g16053					NC_089035.1.g3530, NC_089038.1.g16113	NC_089035.1.g3525, NC_089038.1.g16117	3	0	
OG0031666		NC_089035.1.g5047, NC_089040.1.g23665, NC_089046.1.g37492		NC_089046.1.g37121		NC_089046.1.g38014		NC_089046.1.g37599	4	0	
OG0031689		NC_089036.1.g7194, NC_089044.1.g32999	NC_089036.1.g7188	NC_089044.1.g32686	NC_089036.1.g7212			NC_089036.1.g7227	5	0	
OG0031690		NC_089036.1.g7289	NC_089040.1.g22197		NC_089040.1.g22274, NC_089046.1.g39260		NC_089040.1.g22168	NC_089036.1.g7327	5	0	
OG0031704		NC_089036.1.g7994, NC_089040.1.g22059		NC_089036.1.g7941, NC_089040.1.g21984			NC_089040.1.g22081	NC_089036.1.g8025	4	0	
OG0031709		NC_089036.1.g8273	NC_089036.1.g8260, NC_089041.1.g24190		NC_089036.1.g8280		NC_089036.1.g8273	NC_089036.1.g8297	5	0	
OG0031710		NC_089036.1.g8297	NC_089035.1.g150, NC_089036.1.g8281		NC_089036.1.g8302		NC_089036.1.g8294	NC_089036.1.g8318	5	0	
OG0031712		NC_089036.1.g8756, NC_089046.1.g37957	NC_089036.1.g8737		NC_089036.1.g8744	NC_089036.1.g8862		NC_089036.1.g8770	5	0	
OG0031715		NC_089036.1.g8892	NC_089036.1.g8878		NC_089036.1.g8885		NC_089036.1.g8888	NC_089036.1.g8912, NC_089039.1.g19243	5	0	
OG0031720		NC_089037.1.g9705, NC_089041.1.g24695	NC_089037.1.g9700		NC_089037.1.g9697		NC_089037.1.g9693	NC_089037.1.g9723	5	0	
OG0031728		NC_089037.1.g10459	NC_089037.1.g10452		NC_089037.1.g10466		NC_089037.1.g10466, NC_089044.1.g33502	NC_089037.1.g10500	5	0	
OG0031732		NC_089037.1.g10691, NC_089045.1.g34454	NC_089045.1.g34370	NC_089045.1.g34147	NC_089045.1.g34607		NC_089045.1.g34367		5	0	
OG0031734		NC_089037.1.g10875, NC_089039.1.g18815	NC_089037.1.g10880		NC_089039.1.g18845	NC_089037.1.g11007		NC_089037.1.g10928	5	0	
OG0031741		NC_089037.1.g11478, NC_089044.1.g32604		NC_089037.1.g11419, NC_089044.1.g32288	NC_089044.1.g32731	NC_089037.1.g11604			4	0	
OG0031743		NC_089037.1.g11561, NC_089043.1.g31456	NC_089037.1.g11562	NC_089037.1.g11501	NC_089037.1.g11576			NC_089037.1.g11620	5	0	
OG0031750		NC_089037.1.g12398	NC_089037.1.g12430, NC_089046.1.g38098		NC_089037.1.g12437		NC_089037.1.g12403	NC_089037.1.g12466	5	0	
OG0031756		NC_089037.1.g12880, NC_089039.1.g18786	NC_089037.1.g12917	NC_089037.1.g12847		NC_089037.1.g13054	NC_089037.1.g12904		5	0	
OG0031763		NC_089037.1.g13667, NC_089038.1.g15165, NC_089038.1.g16609	NC_089035.1.g3545, NC_089038.1.g16657				NC_089035.1.g3523		3	0	
OG0031765		NC_089037.1.g13826		NC_089037.1.g13806	NC_089037.1.g13866	NC_089037.1.g14027		NC_089037.1.g13919, NC_089044.1.g32608	5	0	
OG0031767		NC_089038.1.g14113, NC_089045.1.g36602	NC_089038.1.g14166		NC_089038.1.g14151		NC_089045.1.g36499	NC_089045.1.g36706	5	0	
OG0031768		NC_089038.1.g14134		NC_089038.1.g14124	NC_089038.1.g14172, NC_089038.1.g14173, NC_089038.1.g14183	NC_089038.1.g14338			4	0	
OG0031769		NC_089038.1.g14189, NC_089041.1.g24729	NC_089038.1.g14223, NC_089041.1.g24754	NC_089038.1.g14163			NC_089041.1.g24717		4	0	
OG0031770		NC_089038.1.g14204			NC_089038.1.g14242	NC_089038.1.g14397	NC_089038.1.g14239	NC_089038.1.g14296, NC_089038.1.g14304	5	0	
OG0031773		NC_089038.1.g14401	NC_089038.1.g14433		NC_089038.1.g14436, NC_089042.1.g27427		NC_089038.1.g14438	NC_089038.1.g14500	5	0	
OG0031777		NC_089038.1.g14708	NC_089038.1.g14745, NC_089039.1.g18331		NC_089038.1.g14746		NC_089038.1.g14741	NC_089038.1.g14805	5	0	
OG0031787		NC_089038.1.g15523, NC_089039.1.g17569	NC_089035.1.g3137		NC_089035.1.g3132		NC_089035.1.g3120	NC_089039.1.g17679	5	0	
OG0031788		NC_089038.1.g15628, NC_089043.1.g31162		NC_089038.1.g15611	NC_089037.1.g12266	NC_089035.1.g2449		NC_089037.1.g12293	5	0	
OG0031790		NC_089038.1.g15775, NC_089039.1.g18364	NC_089039.1.g18428	NC_089039.1.g18366	NC_089039.1.g18485		NC_089039.1.g18465		5	0	
OG0031794		NC_089038.1.g16794	NC_089038.1.g16845	NC_089038.1.g16782, NC_089038.1.g16783		NC_089038.1.g17068	NC_089038.1.g16866		5	0	
OG0031798		NC_089039.1.g17598		NC_089046.1.g38342		NC_089039.1.g17907, NC_089046.1.g39282	NC_089039.1.g17690, NC_089046.1.g38600		4	0	
OG0031806		NC_089039.1.g18296	NC_089039.1.g18363			NC_089039.1.g18614	NC_089039.1.g18397	NC_089039.1.g18419, NC_089042.1.g27215	5	0	
OG0031814		NC_089039.1.g18694	NC_089039.1.g18755		NC_089039.1.g18819	NC_089039.1.g19029		NC_089039.1.g18820, NC_089039.1.g20354	5	0	
OG0031815		NC_089039.1.g18700			NC_089039.1.g18822, NC_089040.1.g20670	NC_089039.1.g19033	NC_089039.1.g18802	NC_089039.1.g18824	5	0	
OG0031823		NC_089039.1.g19089	NC_089037.1.g11156, NC_089039.1.g19145			NC_089039.1.g19411	NC_089039.1.g19181	NC_089039.1.g19190	5	0	
OG0031824		NC_089039.1.g19104	NC_089035.1.g1477		NC_089035.1.g1486, NC_089039.1.g19207		NC_089039.1.g19196	NC_089039.1.g19203	5	0	
OG0031831		NC_089039.1.g19641, NC_089041.1.g24386, NC_089041.1.g25345	NC_089040.1.g21758		NC_089039.1.g19744			NC_089039.1.g19729	4	0	
OG0031844		NC_089040.1.g21417	NC_089040.1.g21871	NC_089040.1.g21372, NC_089040.1.g21749		NC_089040.1.g22140		NC_089040.1.g21886	5	0	
OG0031846		NC_089040.1.g21632, NC_089046.1.g38000	NC_089046.1.g37926		NC_089046.1.g38186		NC_089046.1.g37890	NC_089046.1.g38107	5	0	
OG0031859		NC_089040.1.g22247	NC_089040.1.g22291		NC_089040.1.g22371		NC_089040.1.g22261	NC_089040.1.g22303, NC_089045.1.g34802	5	0	
OG0031885		NC_089041.1.g24533, NC_089044.1.g32528, NC_089044.1.g32675			NC_089044.1.g32651	NC_089044.1.g32952		NC_089044.1.g32614	4	0	
OG0031900		NC_089041.1.g25644	NC_089041.1.g25656	NC_089041.1.g25473	NC_089036.1.g6705, NC_089041.1.g25760	NC_089041.1.g25978			5	0	
OG0031903		NC_089041.1.g26315			NC_089041.1.g26428, NC_089046.1.g38771	NC_089041.1.g26653	NC_089041.1.g26275	NC_089041.1.g26353	5	0	
OG0031905		NC_089041.1.g26443, NC_089042.1.g28291		NC_089041.1.g26242	NC_089041.1.g26555		NC_089041.1.g26402	NC_089041.1.g26484	5	0	
OG0031906		NC_089041.1.g26974	NC_089035.1.g2976		NC_089035.1.g2973	NC_089043.1.g30858	NC_089035.1.g2962, NC_089036.1.g8672		5	0	
OG0031907		NC_089042.1.g27108	NC_089040.1.g21970	NC_089040.1.g23642			NC_089040.1.g23776, NC_089042.1.g27077	NC_089040.1.g23813	5	0	
OG0031911		NC_089042.1.g27533, NC_089045.1.g35428				NC_089046.1.g39226	NC_089042.1.g27514, NC_089045.1.g35335, NC_089045.1.g35338		3	0	
OG0031916		NC_089042.1.g27983, NC_089042.1.g28531				NC_089042.1.g28351	NC_089042.1.g27968, NC_089044.1.g32826	NC_089040.1.g22572	4	0	
OG0031922		NC_089042.1.g28388	NC_089042.1.g28402	NC_089038.1.g16906, NC_089042.1.g28133				NC_089038.1.g16999, NC_089042.1.g28467	4	0	
OG0031924		NC_089042.1.g28445			NC_089042.1.g28568, NC_089046.1.g38224	NC_089042.1.g28802		NC_089042.1.g28532, NC_089046.1.g38140	4	0	
OG0031925		NC_089042.1.g28482	NC_089037.1.g11220, NC_089042.1.g28505		NC_089037.1.g11834, NC_089042.1.g28605			NC_089042.1.g28571	4	0	
OG0031928		NC_089042.1.g28691		NC_089042.1.g28430, NC_089042.1.g28435		NC_089042.1.g29033, NC_089042.1.g29038	NC_089042.1.g28648		4	0	
OG0031936		NC_089043.1.g29918	NC_089043.1.g29931, NC_089046.1.g39248			NC_089043.1.g30306, NC_089046.1.g39904		NC_089046.1.g39432	4	0	
OG0031940		NC_089043.1.g30047	NC_089037.1.g11654		NC_089043.1.g30147		NC_089035.1.g1450	NC_089041.1.g25363, NC_089043.1.g30144	5	0	
OG0031956		NC_089043.1.g31834	NC_089043.1.g31816		NC_089043.1.g31971		NC_089035.1.g1799, NC_089043.1.g31758	NC_089043.1.g31950	5	0	
OG0031957		NC_089044.1.g32063	NC_089044.1.g32042		NC_089044.1.g32191		NC_089044.1.g31976	NC_089036.1.g6820, NC_089044.1.g32179	5	0	
OG0031960		NC_089044.1.g32256	NC_089044.1.g32220, NC_089044.1.g32221	NC_089044.1.g31980			NC_089044.1.g32159	NC_089044.1.g32358	5	0	
OG0031963		NC_089044.1.g32324	NC_089043.1.g29834		NC_089044.1.g32456		NC_089044.1.g32225	NC_089043.1.g29905, NC_089044.1.g32421	5	0	
OG0031982		NC_089044.1.g33854	NC_089036.1.g6872	NC_089041.1.g26258	NC_089036.1.g6876, NC_089041.1.g24757			NC_089036.1.g6896	5	0	
OG0031997		NC_089045.1.g35264			NC_089045.1.g35417		NC_089045.1.g35173, NC_089045.1.g35176, NC_089045.1.g35177, NC_089045.1.g35180		3	0	
OG0032007		NC_089045.1.g36030	NC_089037.1.g12263	NC_089045.1.g35725	NC_089037.1.g12276, NC_089045.1.g36201		NC_089037.1.g12230		5	0	
OG0032012		NC_089045.1.g36301		NC_089045.1.g35986	NC_089045.1.g36490		NC_089036.1.g7380, NC_089045.1.g36186	NC_089040.1.g22745	5	0	
OG0032021		NC_089046.1.g37226, NC_089046.1.g37668	NC_089046.1.g37610	NC_089046.1.g37303		NC_089046.1.g38208	NC_089046.1.g37572		5	0	
OG0032022		NC_089046.1.g37354		NC_089046.1.g36985	NC_089046.1.g37534		NC_089036.1.g5312, NC_089046.1.g37255	NC_089046.1.g37461	5	0	
OG0032026		NC_089046.1.g37705	NC_089039.1.g18795, NC_089046.1.g37644	NC_089039.1.g18738	NC_089039.1.g18856		NC_089046.1.g37610		5	0	
OG0032036		NC_089046.1.g38247	NC_089046.1.g38160	NC_089046.1.g37853	NC_089046.1.g38422	NC_089046.1.g38776, NC_089046.1.g39538			5	0	
OG0032056			NC_089035.1.g646	NC_089041.1.g26771	NC_089035.1.g647, NC_089038.1.g16550		NC_089038.1.g16545	NC_089035.1.g762	5	0	
OG0032057			NC_089035.1.g1407, NC_089035.1.g4366, NC_089035.1.g4367			NC_089035.1.g1423, NC_089035.1.g4411, NC_089040.1.g23273			2	0	
OG0032059			NC_089035.1.g1754, NC_089039.1.g17987	NC_089035.1.g1754, NC_089039.1.g17928		NC_089035.1.g1794	NC_089035.1.g1734		4	0	
OG0032060			NC_089035.1.g2145, NC_089037.1.g11382	NC_089035.1.g2142	NC_089035.1.g2152	NC_089035.1.g2197		NC_089035.1.g2138	5	0	
OG0032061			NC_089035.1.g2644, NC_089036.1.g6976	NC_089035.1.g2616	NC_089036.1.g6992		NC_089036.1.g6956	NC_089036.1.g7017	5	0	
OG0032067			NC_089036.1.g6432		NC_089036.1.g6424	NC_089036.1.g6515, NC_089040.1.g21957, NC_089043.1.g30212		NC_089036.1.g6443	4	0	
OG0032070			NC_089036.1.g6862, NC_089041.1.g25427, NC_089043.1.g30264, NC_089043.1.g30318, NC_089045.1.g36649	NC_089043.1.g30060					2	0	
OG0032071			NC_089036.1.g7007, NC_089045.1.g35827	NC_089036.1.g6962, NC_089045.1.g35424		NC_089045.1.g36235		NC_089045.1.g36040	4	0	
OG0032073			NC_089036.1.g7315, NC_089040.1.g21313		NC_089040.1.g21380		NC_089040.1.g21302	NC_089040.1.g21328, NC_089045.1.g35446	4	0	
OG0032074			NC_089036.1.g8921		NC_089036.1.g8925, NC_089042.1.g28179	NC_089036.1.g9041	NC_089036.1.g8930	NC_089036.1.g8955	5	0	
OG0032078			NC_089037.1.g12490		NC_089037.1.g12497		NC_089037.1.g12168, NC_089037.1.g12466	NC_089037.1.g12243, NC_089037.1.g12528	4	0	
OG0032080			NC_089038.1.g14930		NC_089038.1.g14907, NC_089038.1.g14956	NC_089038.1.g15076, NC_089038.1.g15123		NC_089038.1.g15004	4	0	
OG0032081			NC_089038.1.g15055	NC_089044.1.g33210	NC_089038.1.g15088	NC_089038.1.g15259, NC_089044.1.g33964	NC_089038.1.g15092		5	0	
OG0032082			NC_089038.1.g15061, NC_089042.1.g29134		NC_089038.1.g15094	NC_089038.1.g15266, NC_089042.1.g29473, NC_089046.1.g38890			3	0	
OG0032084			NC_089038.1.g16857		NC_089046.1.g37672	NC_089041.1.g25085	NC_089038.1.g16875	NC_089041.1.g24793, NC_089046.1.g37600	5	0	
OG0032085			NC_089038.1.g16929, NC_089038.1.g16930		NC_089038.1.g16961, NC_089038.1.g16962		NC_089038.1.g16950, NC_089038.1.g16951		3	0	
OG0032096			NC_089040.1.g22141, NC_089040.1.g22173, NC_089040.1.g22368, NC_089045.1.g36200			NC_089040.1.g22458	NC_089040.1.g22149		3	0	
OG0032097			NC_089040.1.g22673	NC_089035.1.g1991	NC_089040.1.g22750	NC_089035.1.g2038	NC_089035.1.g1975, NC_089040.1.g22627		5	0	
OG0032105			NC_089041.1.g26231	NC_089041.1.g26034	NC_089035.1.g3241, NC_089041.1.g26349	NC_089041.1.g26571		NC_089041.1.g26273	5	0	
OG0032106			NC_089041.1.g26717, NC_089046.1.g38008	NC_089041.1.g26502		NC_089041.1.g27055	NC_089041.1.g26676	NC_089041.1.g26758	5	0	
OG0032110			NC_089042.1.g28465	NC_089046.1.g38029		NC_089046.1.g38953	NC_089046.1.g38285	NC_089042.1.g28530, NC_089046.1.g38502	5	0	
OG0032111			NC_089042.1.g28547	NC_089045.1.g36508		NC_089042.1.g28884, NC_089045.1.g37368		NC_089042.1.g28610, NC_089045.1.g36960	4	0	
OG0032122			NC_089045.1.g34832	NC_089045.1.g34610, NC_089045.1.g34612	NC_089045.1.g35054		NC_089045.1.g34821	NC_089045.1.g35040	5	0	
OG0032123			NC_089045.1.g35734	NC_089035.1.g1647, NC_089045.1.g35513	NC_089045.1.g35980		NC_089045.1.g35712	NC_089045.1.g35944	5	0	
OG0032125			NC_089045.1.g36103	NC_089036.1.g8577, NC_089042.1.g29123			NC_089036.1.g8633	NC_089036.1.g8651, NC_089042.1.g29471	4	0	
OG0032130				NC_089036.1.g6587, NC_089042.1.g28196	NC_089036.1.g6639, NC_089038.1.g16123, NC_089041.1.g26791, NC_089042.1.g28554				2	0	
OG0032131				NC_089036.1.g7169		NC_089036.1.g7324, NC_089041.1.g27189	NC_089036.1.g7204, NC_089041.1.g26804	NC_089041.1.g26882	4	0	
OG0032132				NC_089036.1.g8669	NC_089036.1.g8713	NC_089036.1.g8831	NC_089036.1.g8722, NC_089042.1.g28021	NC_089036.1.g8740	5	0	
OG0032133				NC_089039.1.g18923	NC_089038.1.g14215, NC_089040.1.g23098		NC_089043.1.g30126, NC_089046.1.g38835	NC_089039.1.g19036	4	0	
OG0032134				NC_089039.1.g19187	NC_089039.1.g19319	NC_089039.1.g19530	NC_089035.1.g1851	NC_089035.1.g1868, NC_089046.1.g37706	5	0	
OG0032135				NC_089041.1.g25543		NC_089041.1.g26059, NC_089046.1.g39501	NC_089041.1.g25695, NC_089042.1.g29540, NC_089046.1.g38807		3	0	
OG0032136				NC_089044.1.g32970	NC_089044.1.g33417	NC_089044.1.g33720, NC_089044.1.g33786	NC_089044.1.g33158	NC_089044.1.g33370	5	0	
OG0032137					NC_089035.1.g1921, NC_089039.1.g18895	NC_089035.1.g1968	NC_089035.1.g1903, NC_089039.1.g18873	NC_089035.1.g1918	4	0	
OG0032138					NC_089041.1.g24352, NC_089041.1.g24357, NC_089041.1.g24362		NC_089041.1.g24208, NC_089041.1.g24213, NC_089041.1.g24218		2	0	
OG0032140							NC_089038.1.g14475, NC_089038.1.g14492	NC_089038.1.g14535, NC_089038.1.g14551, NC_089038.1.g14561, NC_089040.1.g22879	2	0	
OG0032142	NC_089035.1.g42	NC_089035.1.g41	NC_089035.1.g43			NC_089035.1.g44		NC_089035.1.g42	4	1	
OG0032143	NC_089035.1.g106			NC_089035.1.g101	NC_089035.1.g101	NC_089035.1.g110		NC_089035.1.g103	4	1	
OG0032144	NC_089035.1.g136		NC_089035.1.g127	NC_089035.1.g128		NC_089035.1.g131		NC_089035.1.g129	4	1	
OG0032145	NC_089035.1.g159	NC_089035.1.g151		NC_089035.1.g155		NC_089035.1.g156	NC_089035.1.g150		4	1	
OG0032146	NC_089035.1.g581	NC_089035.1.g585		NC_089035.1.g585		NC_089035.1.g599	NC_089035.1.g562		4	1	
OG0032147	NC_089035.1.g684			NC_089035.1.g685		NC_089035.1.g698, NC_089036.1.g5792	NC_089035.1.g661		3	1	
OG0032148	NC_089035.1.g748	NC_089035.1.g753		NC_089035.1.g750			NC_089035.1.g725	NC_089035.1.g733	4	1	
OG0032149	NC_089035.1.g915	NC_089035.1.g918			NC_089035.1.g890		NC_089035.1.g892	NC_089035.1.g898	4	1	
OG0032150	NC_089035.1.g969, NC_089039.1.g18629				NC_089039.1.g18585	NC_089038.1.g14888	NC_089039.1.g18560		3	1	
OG0032151	NC_089035.1.g996	NC_089035.1.g998		NC_089035.1.g994		NC_089035.1.g1010	NC_089038.1.g15572		4	1	
OG0032152	NC_089035.1.g1051		NC_089035.1.g1025	NC_089035.1.g1046		NC_089035.1.g1063		NC_089035.1.g1027	4	1	
OG0032153	NC_089035.1.g1129		NC_089035.1.g1092		NC_089035.1.g1105		NC_089035.1.g1098	NC_089035.1.g1100	4	1	
OG0032154	NC_089035.1.g1227	NC_089035.1.g1223	NC_089035.1.g1190	NC_089035.1.g1215			NC_089035.1.g1195		4	1	
OG0032155	NC_089035.1.g1378	NC_089035.1.g1376	NC_089035.1.g1338	NC_089035.1.g1358		NC_089035.1.g1380			4	1	
OG0032156	NC_089035.1.g1456	NC_089035.1.g1454				NC_089035.1.g1461	NC_089035.1.g1419	NC_089035.1.g1431	4	1	
OG0032157	NC_089035.1.g1500		NC_089035.1.g1462		NC_089035.1.g1474	NC_089035.1.g1501	NC_089035.1.g1459		4	1	
OG0032158	NC_089035.1.g1551	NC_089035.1.g1546			NC_089035.1.g1523	NC_089035.1.g1558	NC_089035.1.g1510		4	1	
OG0032159	NC_089035.1.g1556			NC_089035.1.g1536	NC_089035.1.g1529, NC_089044.1.g32732		NC_089035.1.g1515		3	1	
OG0032160	NC_089035.1.g1669		NC_089035.1.g1642	NC_089035.1.g1643		NC_089035.1.g1681	NC_089035.1.g1632		4	1	
OG0032161	NC_089035.1.g1683		NC_089035.1.g1655	NC_089035.1.g1657		NC_089035.1.g1694		NC_089035.1.g1645	4	1	
OG0032162	NC_089035.1.g1715	NC_089035.1.g1700			NC_089035.1.g1680	NC_089035.1.g1725		NC_089035.1.g1676	4	1	
OG0032163	NC_089035.1.g1767		NC_089035.1.g1734	NC_089035.1.g1734		NC_089035.1.g1775		NC_089035.1.g1726	4	1	
OG0032164	NC_089035.1.g1780	NC_089035.1.g1758		NC_089035.1.g1745			NC_089035.1.g1726	NC_089035.1.g1738	4	1	
OG0032165	NC_089035.1.g1795			NC_089035.1.g1759	NC_089035.1.g1752	NC_089035.1.g1799	NC_089035.1.g1740		4	1	
OG0032166	NC_089035.1.g1816	NC_089035.1.g1797		NC_089035.1.g1781	NC_089035.1.g1775	NC_089035.1.g1821			4	1	
OG0032167	NC_089035.1.g1834			NC_089035.1.g1799		NC_089035.1.g1838	NC_089035.1.g1778	NC_089035.1.g1795	4	1	
OG0032168	NC_089035.1.g1852		NC_089035.1.g1813	NC_089035.1.g1818		NC_089035.1.g1858	NC_089035.1.g1796		4	1	
OG0032169	NC_089035.1.g1915			NC_089035.1.g1871	NC_089035.1.g1875, NC_089046.1.g39493	NC_089035.1.g1919			3	1	
OG0032170	NC_089035.1.g1931	NC_089035.1.g1902	NC_089035.1.g1888	NC_089035.1.g1889			NC_089035.1.g1873		4	1	
OG0032171	NC_089035.1.g2084	NC_089035.1.g2059		NC_089035.1.g2050		NC_089035.1.g2097	NC_089035.1.g2038		4	1	
OG0032172	NC_089035.1.g2119	NC_089035.1.g2098			NC_089035.1.g2091		NC_089035.1.g2078	NC_089035.1.g2074	4	1	
OG0032173	NC_089035.1.g2151			NC_089035.1.g2114	NC_089035.1.g2121	NC_089035.1.g2167	NC_089035.1.g2113		4	1	
OG0032174	NC_089035.1.g2161	NC_089035.1.g2141			NC_089035.1.g2132		NC_089035.1.g2123	NC_089035.1.g2117	4	1	
OG0032175	NC_089035.1.g2180, NC_089040.1.g22397		NC_089040.1.g22284			NC_089035.1.g2195		NC_089040.1.g22296	3	1	
OG0032176	NC_089035.1.g2362		NC_089035.1.g2322	NC_089035.1.g2312		NC_089035.1.g2370	NC_089035.1.g2317		4	1	
OG0032177	NC_089035.1.g2363		NC_089035.1.g2323			NC_089035.1.g2371		NC_089035.1.g2304, NC_089036.1.g9364	3	1	
OG0032178	NC_089035.1.g2364	NC_089035.1.g2329		NC_089035.1.g2313	NC_089035.1.g2327		NC_089035.1.g2318		4	1	
OG0032179	NC_089035.1.g2390		NC_089035.1.g2349	NC_089035.1.g2340		NC_089035.1.g2397	NC_089035.1.g2346		4	1	
OG0032180	NC_089035.1.g2395, NC_089044.1.g33104			NC_089035.1.g2345		NC_089035.1.g2401		NC_089035.1.g2335	3	1	
OG0032181	NC_089035.1.g2401			NC_089035.1.g2352		NC_089035.1.g2407	NC_089035.1.g2102, NC_089035.1.g2357		3	1	
OG0032182	NC_089035.1.g2404		NC_089035.1.g2366	NC_089035.1.g2355		NC_089035.1.g2410	NC_089035.1.g2361		4	1	
OG0032183	NC_089035.1.g2426	NC_089035.1.g2389		NC_089035.1.g2378	NC_089035.1.g2384			NC_089035.1.g2366	4	1	
OG0032184	NC_089035.1.g2431		NC_089035.1.g2393	NC_089035.1.g2383		NC_089035.1.g2437	NC_089035.1.g2389		4	1	
OG0032185	NC_089035.1.g2441	NC_089035.1.g2402		NC_089035.1.g2393		NC_089035.1.g2447		NC_089035.1.g2379	4	1	
OG0032186	NC_089035.1.g2486	NC_089035.1.g2447		NC_089035.1.g2438		NC_089035.1.g2493	NC_089035.1.g2450		4	1	
OG0032187	NC_089035.1.g2564		NC_089035.1.g2538		NC_089035.1.g2530	NC_089035.1.g2577		NC_089035.1.g2514	4	1	
OG0032188	NC_089035.1.g2568	NC_089035.1.g2537	NC_089035.1.g2542				NC_089035.1.g2539	NC_089035.1.g2518	4	1	
OG0032189	NC_089035.1.g2586	NC_089035.1.g2560			NC_089035.1.g2552	NC_089035.1.g2602		NC_089035.1.g2539	4	1	
OG0032190	NC_089035.1.g2646		NC_089035.1.g2632	NC_089035.1.g2603		NC_089035.1.g2666	NC_089035.1.g2622		4	1	
OG0032191	NC_089035.1.g2739		NC_089035.1.g2730	NC_089035.1.g2701		NC_089035.1.g2762	NC_089035.1.g2717		4	1	
OG0032192	NC_089035.1.g2764	NC_089035.1.g2751	NC_089035.1.g2754		NC_089035.1.g2747		NC_089035.1.g2741		4	1	
OG0032193	NC_089035.1.g2781				NC_089035.1.g2764	NC_089035.1.g2803	NC_089035.1.g2759	NC_089035.1.g2744	4	1	
OG0032194	NC_089035.1.g2875	NC_089035.1.g2864		NC_089035.1.g2837		NC_089035.1.g2903	NC_089035.1.g2854		4	1	
OG0032196	NC_089035.1.g3032		NC_089035.1.g3030	NC_089035.1.g2992		NC_089035.1.g3064	NC_089035.1.g3013		4	1	
OG0032197	NC_089035.1.g3035		NC_089035.1.g3034			NC_089035.1.g3068	NC_089035.1.g3017, NC_089036.1.g7909		3	1	
OG0032198	NC_089035.1.g3189	NC_089035.1.g3187	NC_089035.1.g3189				NC_089035.1.g3171	NC_089035.1.g3160	4	1	
OG0032199	NC_089035.1.g3327	NC_089035.1.g3329			NC_089035.1.g3321		NC_089035.1.g3312	NC_089035.1.g3301	4	1	
OG0032200	NC_089035.1.g3346		NC_089035.1.g3341	NC_089035.1.g3292		NC_089035.1.g3378	NC_089035.1.g3328		4	1	
OG0032201	NC_089035.1.g3391	NC_089035.1.g3391	NC_089035.1.g3386	NC_089035.1.g3336		NC_089035.1.g3424			4	1	
OG0032202	NC_089035.1.g3404		NC_089035.1.g3399	NC_089035.1.g3348	NC_089035.1.g3392			NC_089035.1.g3374	4	1	
OG0032203	NC_089035.1.g3406, NC_089037.1.g13298	NC_089037.1.g13223, NC_089041.1.g25701		NC_089041.1.g25522					2	1	
OG0032204	NC_089035.1.g3479		NC_089035.1.g3473	NC_089035.1.g3421		NC_089035.1.g3510	NC_089035.1.g3454		4	1	
OG0032205	NC_089035.1.g3508, NC_089039.1.g18293				NC_089039.1.g18241		NC_089035.1.g3483	NC_089039.1.g18241	3	1	
OG0032206	NC_089035.1.g3614			NC_089035.1.g3546	NC_089035.1.g3598	NC_089035.1.g3643	NC_089035.1.g3580		4	1	
OG0032207	NC_089035.1.g3690	NC_089035.1.g3686	NC_089035.1.g3684				NC_089035.1.g3656	NC_089035.1.g3662	4	1	
OG0032208	NC_089035.1.g3833		NC_089035.1.g3833	NC_089035.1.g3768	NC_089035.1.g3817	NC_089035.1.g3871			4	1	
OG0032209	NC_089035.1.g3834		NC_089035.1.g3834	NC_089035.1.g3769	NC_089035.1.g3818	NC_089035.1.g3872			4	1	
OG0032210	NC_089035.1.g3868			NC_089035.1.g3807		NC_089035.1.g3909	NC_089035.1.g3828	NC_089035.1.g3835	4	1	
OG0032211	NC_089035.1.g3895	NC_089035.1.g3886	NC_089035.1.g3890		NC_089036.1.g7543			NC_089036.1.g7569	4	1	
OG0032212	NC_089035.1.g3902		NC_089035.1.g3896	NC_089035.1.g3842	NC_089035.1.g3880			NC_089035.1.g3867	4	1	
OG0032214	NC_089035.1.g3943	NC_089035.1.g3932	NC_089035.1.g3939	NC_089035.1.g3880	NC_089035.1.g3921				4	1	
OG0032215	NC_089035.1.g3944	NC_089035.1.g3933	NC_089035.1.g3940			NC_089035.1.g3985		NC_089035.1.g3906	4	1	
OG0032216	NC_089035.1.g4005		NC_089044.1.g33730	NC_089035.1.g3938			NC_089044.1.g33726	NC_089044.1.g33933	4	1	
OG0032217	NC_089035.1.g4075		NC_089035.1.g4073	NC_089035.1.g4008		NC_089035.1.g4117		NC_089035.1.g4039	4	1	
OG0032218	NC_089035.1.g4108			NC_089035.1.g4042		NC_089035.1.g4153	NC_089035.1.g4055	NC_089035.1.g4070	4	1	
OG0032219	NC_089035.1.g4118, NC_089037.1.g13547			NC_089035.1.g4052	NC_089035.1.g4092		NC_089035.1.g4066		3	1	
OG0032220	NC_089035.1.g4148, NC_089036.1.g9295		NC_089035.1.g4144		NC_089035.1.g4125		NC_089035.1.g4096		3	1	
OG0032221	NC_089035.1.g4225	NC_089035.1.g4205		NC_089035.1.g4156	NC_089035.1.g4205	NC_089035.1.g4264			4	1	
OG0032222	NC_089035.1.g4304	NC_089035.1.g4287	NC_089035.1.g4299			NC_089035.1.g4346		NC_089035.1.g4264	4	1	
OG0032223	NC_089035.1.g4404	NC_089035.1.g4391			NC_089035.1.g4385	NC_089035.1.g4445		NC_089035.1.g4367	4	1	
OG0032224	NC_089035.1.g4461	NC_089035.1.g4447		NC_089035.1.g4383	NC_089035.1.g4442	NC_089035.1.g4501			4	1	
OG0032225	NC_089035.1.g4474		NC_089035.1.g4468		NC_089035.1.g4456	NC_089035.1.g4515	NC_089035.1.g4425		4	1	
OG0032226	NC_089035.1.g4490		NC_089035.1.g4483	NC_089035.1.g4413		NC_089035.1.g4530	NC_089035.1.g4439		4	1	
OG0032227	NC_089035.1.g4513		NC_089035.1.g4510	NC_089035.1.g4439	NC_089035.1.g4495	NC_089035.1.g4550			4	1	
OG0032228	NC_089035.1.g4562	NC_089035.1.g4554		NC_089035.1.g4488		NC_089035.1.g4603	NC_089035.1.g4522		4	1	
OG0032229	NC_089035.1.g4725		NC_089037.1.g13782	NC_089035.1.g4646		NC_089035.1.g4763		NC_089037.1.g13828	4	1	
OG0032230	NC_089035.1.g4842	NC_089035.1.g4828		NC_089035.1.g4764		NC_089035.1.g4882	NC_089035.1.g4796		4	1	
OG0032231	NC_089035.1.g4875	NC_089035.1.g4862		NC_089035.1.g4797		NC_089035.1.g4915	NC_089035.1.g4829		4	1	
OG0032232	NC_089035.1.g4894			NC_089035.1.g4814	NC_089035.1.g4871	NC_089035.1.g4934		NC_089035.1.g4853	4	1	
OG0032233	NC_089035.1.g4998			NC_089035.1.g4922	NC_089035.1.g4978	NC_089035.1.g5041	NC_089035.1.g4952		4	1	
OG0032234	NC_089035.1.g5040	NC_089035.1.g5024	NC_089035.1.g5027	NC_089035.1.g4964		NC_089035.1.g5083			4	1	
OG0032235	NC_089035.1.g5045	NC_089035.1.g5029	NC_089035.1.g5031	NC_089035.1.g4969		NC_089035.1.g5090			4	1	
OG0032236	NC_089035.1.g5111		NC_089035.1.g5097		NC_089035.1.g5093		NC_089035.1.g5060	NC_089035.1.g5073	4	1	
OG0032237	NC_089036.1.g5352	NC_089036.1.g5343	NC_089036.1.g5347	NC_089036.1.g5279		NC_089036.1.g5402			4	1	
OG0032238	NC_089036.1.g5490	NC_089045.1.g36049		NC_089036.1.g7086			NC_089036.1.g5441	NC_089036.1.g7174	4	1	
OG0032239	NC_089036.1.g5501	NC_089036.1.g5492		NC_089036.1.g5429		NC_089036.1.g5556		NC_089036.1.g5466	4	1	
OG0032240	NC_089036.1.g5510	NC_089036.1.g5502		NC_089036.1.g5439		NC_089036.1.g5566		NC_089036.1.g5475	4	1	
OG0032241	NC_089036.1.g5645	NC_089036.1.g5638			NC_089036.1.g5643			NC_089036.1.g5614, NC_089036.1.g5615	3	1	
OG0032242	NC_089036.1.g5701	NC_089036.1.g5694		NC_089036.1.g5636		NC_089036.1.g5757	NC_089036.1.g5665		4	1	
OG0032243	NC_089036.1.g5713	NC_089036.1.g5706		NC_089036.1.g5652		NC_089036.1.g5769		NC_089036.1.g5694	4	1	
OG0032244	NC_089036.1.g5723		NC_089036.1.g5727	NC_089036.1.g5665	NC_089036.1.g5718	NC_089036.1.g5778			4	1	
OG0032245	NC_089036.1.g5834, NC_089044.1.g33036	NC_089036.1.g5832			NC_089036.1.g5831			NC_089036.1.g5836	3	1	
OG0032246	NC_089036.1.g5894	NC_089036.1.g5893		NC_089036.1.g5833	NC_089036.1.g5890		NC_089036.1.g5853		4	1	
OG0032247	NC_089036.1.g5911			NC_089035.1.g3822, NC_089036.1.g5850		NC_089036.1.g5968		NC_089036.1.g5915	3	1	
OG0032248	NC_089036.1.g6079		NC_089036.1.g6084	NC_089036.1.g6019	NC_089036.1.g6070	NC_089036.1.g6137			4	1	
OG0032249	NC_089036.1.g6134		NC_089036.1.g6144	NC_089036.1.g6074	NC_089036.1.g6129	NC_089036.1.g6199			4	1	
OG0032250	NC_089036.1.g6135	NC_089036.1.g6130			NC_089036.1.g6131	NC_089036.1.g6201	NC_089036.1.g6091		4	1	
OG0032251	NC_089036.1.g6146		NC_089036.1.g6157	NC_089036.1.g6087	NC_089036.1.g6142	NC_089036.1.g6212			4	1	
OG0032252	NC_089036.1.g6157		NC_089036.1.g6170		NC_089036.1.g6154	NC_089036.1.g6224	NC_089036.1.g6115		4	1	
OG0032253	NC_089036.1.g6217, NC_089037.1.g11480		NC_089036.1.g6227	NC_089036.1.g6159		NC_089036.1.g6284			3	1	
OG0032254	NC_089036.1.g6253		NC_089036.1.g6263	NC_089036.1.g6196	NC_089036.1.g6246	NC_089036.1.g6320			4	1	
OG0032255	NC_089036.1.g6260	NC_089036.1.g6250		NC_089036.1.g6202		NC_089036.1.g6328		NC_089036.1.g6265	4	1	
OG0032256	NC_089036.1.g6269		NC_089036.1.g6277	NC_089036.1.g6209		NC_089036.1.g6336	NC_089036.1.g6222		4	1	
OG0032257	NC_089036.1.g6271		NC_089036.1.g6279	NC_089036.1.g6211		NC_089036.1.g6338	NC_089036.1.g6224		4	1	
OG0032258	NC_089036.1.g6311	NC_089036.1.g6296	NC_089036.1.g6313	NC_089036.1.g6251	NC_089036.1.g6298				4	1	
OG0032259	NC_089036.1.g6317				NC_089036.1.g6303	NC_089036.1.g6383	NC_089036.1.g6272	NC_089036.1.g6315	4	1	
OG0032260	NC_089036.1.g6319	NC_089036.1.g6301			NC_089036.1.g6305	NC_089036.1.g6384		NC_089036.1.g6317	4	1	
OG0032261	NC_089036.1.g6353	NC_089036.1.g6338				NC_089036.1.g6421	NC_089036.1.g6309	NC_089036.1.g6352	4	1	
OG0032262	NC_089036.1.g6396	NC_089036.1.g6383		NC_089036.1.g6331	NC_089036.1.g6379	NC_089036.1.g6466			4	1	
OG0032263	NC_089036.1.g6499	NC_089036.1.g6472	NC_089036.1.g6487			NC_089036.1.g6577	NC_089036.1.g6452		4	1	
OG0032264	NC_089036.1.g6535		NC_089036.1.g6522			NC_089036.1.g6613	NC_089036.1.g6491	NC_089036.1.g6538	4	1	
OG0032265	NC_089036.1.g6538		NC_089036.1.g6525	NC_089036.1.g6466		NC_089036.1.g6616		NC_089036.1.g6541	4	1	
OG0032266	NC_089036.1.g6543		NC_089036.1.g6530	NC_089036.1.g6471		NC_089036.1.g6622		NC_089036.1.g6546	4	1	
OG0032267	NC_089036.1.g6544		NC_089036.1.g6531	NC_089036.1.g6472		NC_089036.1.g6623		NC_089036.1.g6547	4	1	
OG0032268	NC_089036.1.g6576	NC_089036.1.g6544		NC_089036.1.g6504		NC_089036.1.g6656	NC_089036.1.g6529		4	1	
OG0032269	NC_089036.1.g6656	NC_089036.1.g6626	NC_089036.1.g6641	NC_089036.1.g6586		NC_089036.1.g6740			4	1	
OG0032270	NC_089036.1.g6716			NC_089036.1.g6646	NC_089036.1.g6700	NC_089036.1.g6802		NC_089036.1.g6723	4	1	
OG0032271	NC_089036.1.g6766	NC_089036.1.g6739		NC_089036.1.g6694, NC_089037.1.g12762				NC_089036.1.g6777	3	1	
OG0032272	NC_089036.1.g6769	NC_089036.1.g6742				NC_089036.1.g6858, NC_089042.1.g29449	NC_089036.1.g6724		3	1	
OG0032273	NC_089036.1.g6789	NC_089036.1.g6759	NC_089036.1.g6770			NC_089036.1.g6876		NC_089036.1.g6797	4	1	
OG0032274	NC_089036.1.g6792			NC_089036.1.g6717		NC_089036.1.g6880	NC_089036.1.g6744	NC_089036.1.g6801	4	1	
OG0032275	NC_089036.1.g6794		NC_089036.1.g6776		NC_089036.1.g6778		NC_089036.1.g6745	NC_089036.1.g6802	4	1	
OG0032276	NC_089036.1.g6823		NC_089036.1.g6802		NC_089036.1.g6803		NC_089036.1.g6769	NC_089036.1.g6826	4	1	
OG0032277	NC_089036.1.g6829			NC_089036.1.g6751		NC_089036.1.g6911	NC_089036.1.g6775	NC_089036.1.g6834	4	1	
OG0032278	NC_089036.1.g6834	NC_089036.1.g6801			NC_089036.1.g6819		NC_089036.1.g6780	NC_089036.1.g6839	4	1	
OG0032279	NC_089036.1.g6991			NC_089036.1.g6905		NC_089036.1.g7063	NC_089036.1.g6932	NC_089036.1.g6994	4	1	
OG0032280	NC_089036.1.g7004	NC_089036.1.g6968			NC_089036.1.g6982		NC_089036.1.g6945	NC_089036.1.g7006	4	1	
OG0032281	NC_089036.1.g7041, NC_089038.1.g14550	NC_089038.1.g14452			NC_089038.1.g14487	NC_089038.1.g14656			3	1	
OG0032282	NC_089036.1.g7044	NC_089036.1.g7013		NC_089036.1.g6961	NC_089036.1.g7022			NC_089036.1.g7047	4	1	
OG0032283	NC_089036.1.g7067	NC_089036.1.g7037	NC_089036.1.g7030	NC_089040.1.g22511			NC_089036.1.g7016		4	1	
OG0032284	NC_089036.1.g7073	NC_089036.1.g7042		NC_089036.1.g6989	NC_089036.1.g7051			NC_089036.1.g7073	4	1	
OG0032285	NC_089036.1.g7124	NC_089036.1.g7093		NC_089036.1.g7038		NC_089036.1.g7193		NC_089036.1.g7121	4	1	
OG0032286	NC_089036.1.g7163	NC_089036.1.g7126	NC_089036.1.g7119		NC_089036.1.g7143	NC_089036.1.g7228			4	1	
OG0032287	NC_089036.1.g7220, NC_089038.1.g15452		NC_089036.1.g7177	NC_089036.1.g7130	NC_089036.1.g7201				3	1	
OG0032288	NC_089036.1.g7233	NC_089036.1.g7197	NC_089036.1.g7190			NC_089036.1.g7297	NC_089036.1.g7178		4	1	
OG0032289	NC_089036.1.g7236	NC_089036.1.g7199		NC_089036.1.g7147	NC_089036.1.g7216	NC_089036.1.g7300			4	1	
OG0032290	NC_089036.1.g7246			NC_089036.1.g7156	NC_089036.1.g7225	NC_089036.1.g7309		NC_089036.1.g7240	4	1	
OG0032291	NC_089036.1.g7257	NC_089036.1.g7218	NC_089036.1.g7211		NC_089036.1.g7236		NC_089036.1.g7205		4	1	
OG0032292	NC_089036.1.g7264	NC_089036.1.g7224	NC_089036.1.g7218	NC_089036.1.g7175				NC_089036.1.g7256	4	1	
OG0032293	NC_089036.1.g7332, NC_089040.1.g21385			NC_089036.1.g7244	NC_089040.1.g21348	NC_089036.1.g7394			3	1	
OG0032294	NC_089036.1.g7357			NC_089036.1.g7270	NC_089036.1.g7336	NC_089036.1.g7420		NC_089036.1.g7353	4	1	
OG0032295	NC_089036.1.g7555			NC_089036.1.g7474		NC_089036.1.g7624	NC_089036.1.g7528	NC_089036.1.g7558	4	1	
OG0032296	NC_089036.1.g7590, NC_089045.1.g35998		NC_089036.1.g7549, NC_089036.1.g7553					NC_089036.1.g7595	2	1	
OG0032297	NC_089036.1.g7765	NC_089036.1.g7734	NC_089036.1.g7726				NC_089036.1.g7733	NC_089036.1.g7771	4	1	
OG0032298	NC_089036.1.g7851			NC_089036.1.g7770	NC_089036.1.g7823	NC_089036.1.g7919		NC_089036.1.g7851	4	1	
OG0032299	NC_089036.1.g7911, NC_089036.1.g7913, NC_089036.1.g7916		NC_089036.1.g7867				NC_089036.1.g7882		2	1	
OG0032300	NC_089036.1.g7912	NC_089036.1.g7878			NC_089036.1.g7884		NC_089036.1.g7880	NC_089036.1.g7908	4	1	
OG0032301	NC_089036.1.g7918	NC_089036.1.g7882			NC_089036.1.g7888		NC_089036.1.g7887	NC_089036.1.g7913	4	1	
OG0032302	NC_089036.1.g7919	NC_089036.1.g7883	NC_089036.1.g7872				NC_089036.1.g7888	NC_089036.1.g7914	4	1	
OG0032303	NC_089036.1.g8001	NC_089036.1.g7970		NC_089036.1.g7914		NC_089036.1.g8073		NC_089036.1.g8002	4	1	
OG0032304	NC_089036.1.g8043		NC_089036.1.g8003	NC_089036.1.g7962		NC_089036.1.g8116		NC_089036.1.g8046	4	1	
OG0032305	NC_089036.1.g8048		NC_089036.1.g8007	NC_089036.1.g7967		NC_089036.1.g8121		NC_089036.1.g8050	4	1	
OG0032306	NC_089036.1.g8062	NC_089036.1.g8033	NC_089036.1.g8022	NC_089036.1.g7984		NC_089036.1.g8137			4	1	
OG0032307	NC_089036.1.g8078	NC_089036.1.g8048		NC_089036.1.g8000		NC_089036.1.g8152		NC_089036.1.g8079	4	1	
OG0032308	NC_089036.1.g8110	NC_089036.1.g8080		NC_089036.1.g8031		NC_089036.1.g8184		NC_089036.1.g8112	4	1	
OG0032309	NC_089036.1.g8151		NC_089036.1.g8109	NC_089036.1.g8066	NC_089036.1.g8128			NC_089036.1.g8151	4	1	
OG0032310	NC_089036.1.g8314		NC_089036.1.g8272	NC_089036.1.g8226	NC_089036.1.g8292	NC_089036.1.g8392			4	1	
OG0032311	NC_089036.1.g8401		NC_089036.1.g8365		NC_089036.1.g8377		NC_089036.1.g8373	NC_089036.1.g8394	4	1	
OG0032312	NC_089036.1.g8411	NC_089036.1.g8384		NC_089036.1.g8328	NC_089036.1.g8387	NC_089036.1.g8491			4	1	
OG0032313	NC_089036.1.g8451		NC_089036.1.g8421	NC_089036.1.g8371	NC_089036.1.g8429	NC_089036.1.g8534			4	1	
OG0032314	NC_089036.1.g8454	NC_089036.1.g8429		NC_089036.1.g8375	NC_089036.1.g8433	NC_089036.1.g8538			4	1	
OG0032315	NC_089036.1.g8466	NC_089036.1.g8439			NC_089036.1.g8443		NC_089036.1.g8444	NC_089036.1.g8459	4	1	
OG0032316	NC_089036.1.g8535			NC_089036.1.g8455	NC_089036.1.g8506	NC_089036.1.g8617	NC_089036.1.g8511		4	1	
OG0032317	NC_089036.1.g8584	NC_089036.1.g8563		NC_089036.1.g8505		NC_089036.1.g8667	NC_089036.1.g8560		4	1	
OG0032318	NC_089036.1.g8659		NC_089042.1.g29409	NC_089036.1.g8576		NC_089036.1.g8743	NC_089042.1.g29335		4	1	
OG0032319	NC_089036.1.g8790, NC_089040.1.g23651	NC_089036.1.g8767, NC_089040.1.g23488	NC_089040.1.g23529						2	1	
OG0032320	NC_089036.1.g8798	NC_089042.1.g28776		NC_089036.1.g8719	NC_089042.1.g28877		NC_089042.1.g28735		4	1	
OG0032321	NC_089036.1.g8804	NC_089036.1.g8780			NC_089036.1.g8769		NC_089036.1.g8778	NC_089036.1.g8797	4	1	
OG0032322	NC_089036.1.g8852		NC_089036.1.g8812	NC_089036.1.g8773	NC_089036.1.g8817	NC_089036.1.g8934			4	1	
OG0032323	NC_089036.1.g8901		NC_089036.1.g8863	NC_089036.1.g8819		NC_089038.1.g14986	NC_089036.1.g8875		4	1	
OG0032324	NC_089036.1.g9088	NC_089036.1.g9071		NC_089036.1.g9008	NC_089036.1.g9058	NC_089036.1.g9175			4	1	
OG0032325	NC_089036.1.g9170			NC_089036.1.g9095	NC_089036.1.g9146	NC_089036.1.g9260	NC_089036.1.g9134		4	1	
OG0032326	NC_089036.1.g9176	NC_089036.1.g9151	NC_089036.1.g9146	NC_089036.1.g9101		NC_089036.1.g9266			4	1	
OG0032327	NC_089037.1.g9456		NC_089037.1.g9417		NC_089037.1.g9421	NC_089037.1.g9546	NC_089037.1.g9411		4	1	
OG0032328	NC_089037.1.g9460		NC_089037.1.g9424	NC_089037.1.g9388		NC_089037.1.g9550	NC_089037.1.g9417		4	1	
OG0032329	NC_089037.1.g9534	NC_089037.1.g9505	NC_089037.1.g9495				NC_089037.1.g9493	NC_089037.1.g9521	4	1	
OG0032330	NC_089037.1.g9596	NC_089037.1.g9567	NC_089037.1.g9558			NC_089037.1.g9681	NC_089037.1.g9556		4	1	
OG0032331	NC_089037.1.g9998	NC_089037.1.g9967	NC_089037.1.g9962				NC_089037.1.g9961	NC_089037.1.g10000	4	1	
OG0032332	NC_089037.1.g10134		NC_089037.1.g10100	NC_089037.1.g10060		NC_089037.1.g10233	NC_089037.1.g10102		4	1	
OG0032333	NC_089037.1.g10145			NC_089037.1.g10070		NC_089037.1.g10244	NC_089037.1.g10114	NC_089037.1.g10152	4	1	
OG0032334	NC_089037.1.g10406		NC_089037.1.g10377		NC_089037.1.g10388		NC_089037.1.g10388	NC_089037.1.g10421	4	1	
OG0032335	NC_089037.1.g10527			NC_089037.1.g10441	NC_089037.1.g10504, NC_089040.1.g21460			NC_089037.1.g10540	3	1	
OG0032336	NC_089037.1.g10539			NC_089037.1.g10454		NC_089037.1.g10633	NC_089037.1.g10516	NC_089037.1.g10553	4	1	
OG0032337	NC_089037.1.g10576		NC_089037.1.g10539	NC_089037.1.g10495	NC_089037.1.g10554	NC_089037.1.g10672			4	1	
OG0032338	NC_089037.1.g10617	NC_089037.1.g10583	NC_089037.1.g10579				NC_089037.1.g10592	NC_089037.1.g10632	4	1	
OG0032339	NC_089037.1.g10665	NC_089037.1.g10630	NC_089037.1.g10626	NC_089037.1.g10585			NC_089037.1.g10639		4	1	
OG0032340	NC_089037.1.g10672				NC_089037.1.g10643	NC_089037.1.g10767	NC_089037.1.g10646	NC_089037.1.g10685	4	1	
OG0032341	NC_089037.1.g10729		NC_089037.1.g10688	NC_089037.1.g10646	NC_089037.1.g10701		NC_089037.1.g10703		4	1	
OG0032342	NC_089037.1.g10758			NC_089037.1.g10677	NC_089037.1.g10733	NC_089037.1.g10849	NC_089037.1.g10732		4	1	
OG0032343	NC_089037.1.g10834	NC_089037.1.g10791	NC_089037.1.g10794				NC_089037.1.g10804	NC_089037.1.g10845	4	1	
OG0032344	NC_089037.1.g11076	NC_089037.1.g11025	NC_089037.1.g11026			NC_089037.1.g11155		NC_089037.1.g11075	4	1	
OG0032345	NC_089037.1.g11130	NC_089036.1.g9291, NC_089037.1.g11073	NC_089037.1.g11071					NC_089037.1.g11122	3	1	
OG0032346	NC_089037.1.g11283		NC_089037.1.g11219	NC_089037.1.g11178		NC_089037.1.g11358		NC_089037.1.g11281	4	1	
OG0032347	NC_089037.1.g11284		NC_089037.1.g11221	NC_089037.1.g11179	NC_089037.1.g11241			NC_089037.1.g11282	4	1	
OG0032348	NC_089037.1.g11358	NC_089037.1.g11302		NC_089037.1.g11254		NC_089037.1.g11430	NC_089037.1.g11304		4	1	
OG0032349	NC_089037.1.g11402		NC_089037.1.g11349	NC_089037.1.g11297	NC_089037.1.g11363	NC_089037.1.g11471			4	1	
OG0032350	NC_089037.1.g11498				NC_089037.1.g11468	NC_089037.1.g11574	NC_089037.1.g11449, NC_089042.1.g27949		3	1	
OG0032351	NC_089037.1.g11526	NC_089037.1.g11482		NC_089037.1.g11422		NC_089037.1.g11607		NC_089037.1.g11540	4	1	
OG0032352	NC_089037.1.g11564	NC_089037.1.g11522			NC_089037.1.g11538		NC_089037.1.g11517	NC_089037.1.g11581	4	1	
OG0032353	NC_089037.1.g11574	NC_089037.1.g11531	NC_089037.1.g11534	NC_089037.1.g11470		NC_089037.1.g11655			4	1	
OG0032354	NC_089037.1.g11599		NC_089037.1.g11560	NC_089037.1.g11499		NC_089037.1.g11683	NC_089037.1.g11555		4	1	
OG0032355	NC_089037.1.g11627		NC_089037.1.g11590	NC_089037.1.g11528		NC_089037.1.g11711	NC_089037.1.g11584		4	1	
OG0032356	NC_089037.1.g11642		NC_089037.1.g11607	NC_089037.1.g11543		NC_089037.1.g11728	NC_089037.1.g11598		4	1	
OG0032357	NC_089037.1.g11686			NC_089037.1.g11585	NC_089037.1.g11657	NC_089037.1.g11770	NC_089037.1.g11636		4	1	
OG0032358	NC_089037.1.g11695			NC_089037.1.g11593	NC_089037.1.g11664	NC_089037.1.g11777		NC_089037.1.g11709	4	1	
OG0032359	NC_089037.1.g11719		NC_089037.1.g11676	NC_089037.1.g11616	NC_089037.1.g11690	NC_089037.1.g11801			4	1	
OG0032360	NC_089037.1.g11738		NC_089037.1.g11692	NC_089037.1.g11634	NC_089037.1.g11706	NC_089037.1.g11817			4	1	
OG0032361	NC_089037.1.g11744	NC_089037.1.g11695	NC_089037.1.g11698			NC_089037.1.g11822		NC_089037.1.g11755	4	1	
OG0032362	NC_089037.1.g11750	NC_089037.1.g11700	NC_089037.1.g11703	NC_089037.1.g11643		NC_089037.1.g11828			4	1	
OG0032363	NC_089037.1.g11753	NC_089037.1.g11703			NC_089037.1.g11719		NC_089037.1.g11692	NC_089037.1.g11765	4	1	
OG0032364	NC_089037.1.g11756		NC_089037.1.g11711		NC_089037.1.g11722		NC_089037.1.g11695	NC_089037.1.g11768	4	1	
OG0032365	NC_089037.1.g11786	NC_089037.1.g11732			NC_089037.1.g11750	NC_089037.1.g11862	NC_089037.1.g11722		4	1	
OG0032366	NC_089037.1.g11802		NC_089037.1.g11757	NC_089035.1.g2740, NC_089037.1.g11694		NC_089037.1.g11882			3	1	
OG0032367	NC_089037.1.g11811		NC_089039.1.g18332	NC_089037.1.g11701		NC_089037.1.g11891		NC_089039.1.g18390	4	1	
OG0032368	NC_089037.1.g11837			NC_089037.1.g11728	NC_089037.1.g11797	NC_089037.1.g11918	NC_089037.1.g11767		4	1	
OG0032369	NC_089037.1.g11855, NC_089045.1.g34583, NC_089046.1.g37384				NC_089037.1.g11818			NC_089037.1.g11860	2	1	
OG0032370	NC_089037.1.g11971	NC_089037.1.g11900		NC_089037.1.g11862	NC_089037.1.g11928	NC_089037.1.g12055			4	1	
OG0032371	NC_089037.1.g11982	NC_089041.1.g25077, NC_089043.1.g29891				NC_089041.1.g25399, NC_089043.1.g30272			2	1	
OG0032372	NC_089037.1.g12023	NC_089037.1.g11949	NC_089037.1.g11977		NC_089037.1.g11980	NC_089037.1.g12106			4	1	
OG0032373	NC_089037.1.g12088		NC_089037.1.g12037	NC_089037.1.g11976	NC_089043.1.g30435	NC_089037.1.g12170			4	1	
OG0032374	NC_089037.1.g12092	NC_089037.1.g12016	NC_089037.1.g12042	NC_089037.1.g11980		NC_089037.1.g12174			4	1	
OG0032375	NC_089037.1.g12096		NC_089037.1.g12046	NC_089037.1.g11984		NC_089037.1.g12178	NC_089037.1.g12012		4	1	
OG0032376	NC_089037.1.g12115	NC_089037.1.g12039		NC_089037.1.g12003		NC_089037.1.g12196		NC_089037.1.g12106	4	1	
OG0032377	NC_089037.1.g12122	NC_089037.1.g12046		NC_089037.1.g12010			NC_089037.1.g12038	NC_089037.1.g12113	4	1	
OG0032378	NC_089037.1.g12140	NC_089037.1.g12064		NC_089037.1.g12030		NC_089037.1.g12226		NC_089035.1.g1833	4	1	
OG0032379	NC_089037.1.g12183, NC_089045.1.g34538		NC_089037.1.g12143	NC_089037.1.g12079	NC_089037.1.g12147				3	1	
OG0032380	NC_089037.1.g12191		NC_089037.1.g12150		NC_089037.1.g12156	NC_089037.1.g12284	NC_089037.1.g12113		4	1	
OG0032381	NC_089037.1.g12206		NC_089037.1.g12164	NC_089037.1.g12101		NC_089037.1.g12298	NC_089037.1.g12127		4	1	
OG0032382	NC_089037.1.g12207		NC_089037.1.g12166	NC_089037.1.g12102		NC_089037.1.g12301	NC_089037.1.g12129		4	1	
OG0032383	NC_089037.1.g12211	NC_089046.1.g38472			NC_089046.1.g38667	NC_089037.1.g12304		NC_089046.1.g38551	4	1	
OG0032384	NC_089037.1.g12216	NC_089037.1.g12139			NC_089037.1.g12179	NC_089037.1.g12309		NC_089037.1.g12213	4	1	
OG0032385	NC_089037.1.g12222	NC_089037.1.g12150	NC_089037.1.g12179	NC_089037.1.g12114		NC_089037.1.g12315			4	1	
OG0032386	NC_089037.1.g12248		NC_089036.1.g9261, NC_089037.1.g12204		NC_089036.1.g9270, NC_089037.1.g12216				2	1	
OG0032387	NC_089037.1.g12258			NC_089037.1.g12148	NC_089037.1.g12226	NC_089037.1.g12350	NC_089037.1.g12178		4	1	
OG0032388	NC_089037.1.g12294		NC_089037.1.g12250	NC_089037.1.g12183		NC_089037.1.g12387	NC_089037.1.g12215		4	1	
OG0032389	NC_089037.1.g12304			NC_089037.1.g12193	NC_089037.1.g12270		NC_089037.1.g12224	NC_089037.1.g12297	4	1	
OG0032390	NC_089037.1.g12373		NC_089037.1.g12323			NC_089037.1.g12463	NC_089037.1.g12294	NC_089037.1.g12361	4	1	
OG0032391	NC_089037.1.g12419		NC_089037.1.g12373	NC_089037.1.g12304	NC_089037.1.g12383		NC_089037.1.g12343		4	1	
OG0032392	NC_089037.1.g12468	NC_089037.1.g12392	NC_089037.1.g12425	NC_089037.1.g12350			NC_089037.1.g12398		4	1	
OG0032393	NC_089037.1.g12476		NC_089037.1.g12434	NC_089037.1.g12358	NC_089037.1.g12441	NC_089037.1.g12569			4	1	
OG0032394	NC_089037.1.g12482	NC_089037.1.g12408	NC_089037.1.g12441			NC_089037.1.g12575		NC_089037.1.g12478	4	1	
OG0032395	NC_089037.1.g12516	NC_089037.1.g12442				NC_089037.1.g12610	NC_089037.1.g12448	NC_089037.1.g12512	4	1	
OG0032396	NC_089037.1.g12574	NC_089037.1.g12500	NC_089037.1.g12533				NC_089037.1.g12513	NC_089037.1.g12577	4	1	
OG0032397	NC_089037.1.g12586	NC_089037.1.g12512		NC_089037.1.g12467		NC_089037.1.g12677		NC_089037.1.g12590	4	1	
OG0032398	NC_089037.1.g12599	NC_089037.1.g12524	NC_089037.1.g12557				NC_089037.1.g12536	NC_089037.1.g12602	4	1	
OG0032399	NC_089037.1.g12606	NC_089037.1.g12532	NC_089037.1.g12564	NC_089037.1.g12490		NC_089037.1.g12697			4	1	
OG0032400	NC_089037.1.g12618			NC_089037.1.g12503	NC_089037.1.g12579	NC_089037.1.g12709	NC_089037.1.g12557		4	1	
OG0032401	NC_089037.1.g12650	NC_089037.1.g12578	NC_089037.1.g12611		NC_089037.1.g12614		NC_089037.1.g12594		4	1	
OG0032402	NC_089037.1.g12669				NC_089037.1.g12632	NC_089037.1.g12761	NC_089037.1.g12613	NC_089037.1.g12676	4	1	
OG0032403	NC_089037.1.g12705	NC_089037.1.g12632				NC_089037.1.g12797	NC_089037.1.g12650	NC_089037.1.g12713	4	1	
OG0032404	NC_089037.1.g12709	NC_089037.1.g12636		NC_089037.1.g12593		NC_089037.1.g12801		NC_089037.1.g12717	4	1	
OG0032405	NC_089037.1.g12737		NC_089037.1.g12701		NC_089037.1.g12701	NC_089037.1.g12829	NC_089037.1.g12683		4	1	
OG0032406	NC_089037.1.g12904	NC_089037.1.g12824		NC_089037.1.g12790		NC_089037.1.g12995	NC_089037.1.g12846		4	1	
OG0032407	NC_089037.1.g12915	NC_089037.1.g12835		NC_089037.1.g12801		NC_089037.1.g13007	NC_089037.1.g12858		4	1	
OG0032408	NC_089037.1.g13106		NC_089037.1.g13067	NC_089037.1.g12996	NC_089037.1.g13073	NC_089037.1.g13204			4	1	
OG0032409	NC_089037.1.g13224	NC_089037.1.g13151		NC_089037.1.g13117		NC_089037.1.g13326		NC_089037.1.g13232	4	1	
OG0032410	NC_089037.1.g13269	NC_089037.1.g13194		NC_089037.1.g13162		NC_089037.1.g13373	NC_089037.1.g13219		4	1	
OG0032411	NC_089037.1.g13323, NC_089040.1.g22803	NC_089037.1.g13248			NC_089037.1.g13285		NC_089037.1.g13270		3	1	
OG0032412	NC_089037.1.g13344		NC_089037.1.g13306	NC_089037.1.g13236		NC_089037.1.g13448		NC_089037.1.g13348	4	1	
OG0032413	NC_089037.1.g13464	NC_089037.1.g13372	NC_089037.1.g13417			NC_089037.1.g13571		NC_089037.1.g13460	4	1	
OG0032414	NC_089037.1.g13658	NC_089037.1.g13566	NC_089037.1.g13616	NC_089037.1.g13547				NC_089037.1.g13659	4	1	
OG0032415	NC_089037.1.g13729	NC_089037.1.g13631	NC_089037.1.g13682	NC_089037.1.g13614		NC_089037.1.g13835			4	1	
OG0032416	NC_089037.1.g13869			NC_089037.1.g13752	NC_089037.1.g13812	NC_089037.1.g13974		NC_089037.1.g13867	4	1	
OG0032417	NC_089037.1.g13875	NC_089037.1.g13775		NC_089037.1.g13757		NC_089037.1.g13979	NC_089037.1.g13813		4	1	
OG0032418	NC_089038.1.g14040		NC_089038.1.g13987	NC_089038.1.g13923		NC_089038.1.g14146	NC_089038.1.g13982		4	1	
OG0032419	NC_089038.1.g14047	NC_089038.1.g13944	NC_089038.1.g13991	NC_089038.1.g13929				NC_089038.1.g14040	4	1	
OG0032420	NC_089038.1.g14086	NC_089038.1.g13986		NC_089038.1.g13968	NC_089038.1.g14021	NC_089038.1.g14192			4	1	
OG0032421	NC_089038.1.g14145	NC_089038.1.g14039		NC_089038.1.g14025		NC_089038.1.g14242		NC_089038.1.g14138	4	1	
OG0032422	NC_089038.1.g14179	NC_089038.1.g14070		NC_089038.1.g14055	NC_089038.1.g14107		NC_089038.1.g14111		4	1	
OG0032423	NC_089038.1.g14208	NC_089038.1.g14099			NC_089038.1.g14139		NC_089038.1.g14141	NC_089038.1.g14199	4	1	
OG0032424	NC_089038.1.g14277	NC_089038.1.g14168			NC_089038.1.g14207		NC_089038.1.g14208	NC_089038.1.g14267	4	1	
OG0032425	NC_089038.1.g14284	NC_089038.1.g14178		NC_089038.1.g14155		NC_089038.1.g14380		NC_089038.1.g14274	4	1	
OG0032426	NC_089038.1.g14288			NC_089038.1.g14158	NC_089038.1.g14218		NC_089038.1.g14216	NC_089038.1.g14276	4	1	
OG0032427	NC_089038.1.g14297				NC_089038.1.g14224, NC_089038.1.g14234		NC_089038.1.g14231	NC_089038.1.g14290	3	1	
OG0032428	NC_089038.1.g14340	NC_089038.1.g14243, NC_089042.1.g28952	NC_089038.1.g14271			NC_089038.1.g14441			3	1	
OG0032429	NC_089038.1.g14349					NC_089038.1.g14448, NC_089038.1.g14450	NC_089038.1.g14284, NC_089038.1.g14286		2	1	
OG0032430	NC_089038.1.g14382	NC_089038.1.g14278			NC_089038.1.g14316		NC_089038.1.g14318	NC_089038.1.g14374	4	1	
OG0032431	NC_089038.1.g14426	NC_089038.1.g14320				NC_089038.1.g14529	NC_089038.1.g14360	NC_089038.1.g14417	4	1	
OG0032432	NC_089038.1.g14433	NC_089038.1.g14329	NC_089038.1.g14363		NC_089038.1.g14367			NC_089038.1.g14426	4	1	
OG0032433	NC_089038.1.g14462		NC_089038.1.g14389	NC_089038.1.g14595	NC_089038.1.g14392	NC_089038.1.g14563			4	1	
OG0032434	NC_089038.1.g14484		NC_089038.1.g14414			NC_089038.1.g14584	NC_089038.1.g14419	NC_089038.1.g14480	4	1	
OG0032435	NC_089038.1.g14496	NC_089038.1.g14395		NC_089038.1.g14363		NC_089038.1.g14598	NC_089038.1.g14431		4	1	
OG0032436	NC_089038.1.g14509, NC_089042.1.g29193		NC_089042.1.g29037		NC_089042.1.g29131	NC_089042.1.g29371			3	1	
OG0032437	NC_089038.1.g14514	NC_089046.1.g37896			NC_089046.1.g38088		NC_089038.1.g14451, NC_089046.1.g37794		3	1	
OG0032438	NC_089038.1.g14517	NC_089038.1.g14418		NC_089038.1.g14385	NC_089038.1.g14451	NC_089038.1.g14621			4	1	
OG0032439	NC_089038.1.g14536	NC_089038.1.g14435	NC_089038.1.g14467				NC_089038.1.g14472	NC_089038.1.g14532	4	1	
OG0032440	NC_089038.1.g14576	NC_089038.1.g14482	NC_089038.1.g14507				NC_089038.1.g14515	NC_089038.1.g14574	4	1	
OG0032441	NC_089038.1.g14579	NC_089038.1.g14486			NC_089038.1.g14520		NC_089038.1.g14520	NC_089038.1.g14578	4	1	
OG0032442	NC_089038.1.g14608	NC_089038.1.g14517	NC_089038.1.g14541		NC_089038.1.g14550			NC_089038.1.g14611	4	1	
OG0032443	NC_089038.1.g14618	NC_089038.1.g14526	NC_089038.1.g14556	NC_089038.1.g14485				NC_089038.1.g14622	4	1	
OG0032444	NC_089038.1.g14684			NC_089038.1.g14552, NC_089038.1.g14787, NC_089043.1.g29671				NC_089038.1.g14922	2	1	
OG0032445	NC_089038.1.g14703		NC_089038.1.g14634	NC_089038.1.g14572		NC_089038.1.g14818	NC_089038.1.g14636		4	1	
OG0032446	NC_089038.1.g14719	NC_089038.1.g14619			NC_089038.1.g14655		NC_089038.1.g14649	NC_089038.1.g14716	4	1	
OG0032447	NC_089038.1.g14723	NC_089038.1.g14623	NC_089038.1.g14654	NC_089038.1.g14599		NC_089038.1.g14841			4	1	
OG0032448	NC_089038.1.g14724	NC_089038.1.g14624	NC_089038.1.g14655		NC_089038.1.g14658			NC_089038.1.g14719	4	1	
OG0032449	NC_089038.1.g14850		NC_089038.1.g14780	NC_089038.1.g14717	NC_089038.1.g14787	NC_089038.1.g14967			4	1	
OG0032450	NC_089038.1.g14879		NC_089038.1.g14808	NC_089038.1.g14743	NC_089037.1.g10000	NC_089038.1.g14995			4	1	
OG0032451	NC_089038.1.g14894	NC_089038.1.g14790	NC_089038.1.g14823				NC_089038.1.g14830	NC_089038.1.g14889	4	1	
OG0032452	NC_089038.1.g14911			NC_089038.1.g14776	NC_089038.1.g14849	NC_089038.1.g15033	NC_089038.1.g14846		4	1	
OG0032453	NC_089038.1.g14942		NC_089038.1.g14866	NC_089038.1.g14807	NC_089038.1.g14883		NC_089038.1.g14876		4	1	
OG0032454	NC_089038.1.g14963	NC_089038.1.g14863	NC_089038.1.g14885		NC_089038.1.g14908			NC_089038.1.g14956	4	1	
OG0032455	NC_089038.1.g14967	NC_089038.1.g14869		NC_089038.1.g14833		NC_089038.1.g15082		NC_089038.1.g14963	4	1	
OG0032456	NC_089038.1.g15007			NC_089038.1.g14871		NC_089038.1.g15122	NC_089038.1.g14939	NC_089038.1.g15003	4	1	
OG0032457	NC_089038.1.g15018			NC_089038.1.g14881		NC_089038.1.g15132	NC_089038.1.g14950	NC_089038.1.g15012	4	1	
OG0032458	NC_089038.1.g15035	NC_089038.1.g14931	NC_089038.1.g14953		NC_089038.1.g14983			NC_089038.1.g15029	4	1	
OG0032459	NC_089038.1.g15053		NC_089038.1.g14971		NC_089038.1.g15000		NC_089038.1.g14991	NC_089038.1.g15047	4	1	
OG0032460	NC_089038.1.g15054			NC_089038.1.g14922		NC_089038.1.g15171	NC_089038.1.g14992	NC_089038.1.g15048	4	1	
OG0032461	NC_089038.1.g15056	NC_089038.1.g14951	NC_089038.1.g14972				NC_089038.1.g14993	NC_089038.1.g15049	4	1	
OG0032462	NC_089038.1.g15114		NC_089038.1.g15024	NC_089038.1.g14976		NC_089038.1.g15224	NC_089038.1.g15055		4	1	
OG0032463	NC_089038.1.g15125	NC_089046.1.g38596	NC_089038.1.g15033	NC_089038.1.g14985			NC_089038.1.g15067		4	1	
OG0032464	NC_089038.1.g15130			NC_089038.1.g14990	NC_089038.1.g15065	NC_089038.1.g15236		NC_089038.1.g15112	4	1	
OG0032465	NC_089038.1.g15148	NC_089038.1.g15031		NC_089038.1.g15008	NC_089038.1.g15083	NC_089038.1.g15255			4	1	
OG0032466	NC_089038.1.g15156	NC_089038.1.g15039		NC_089038.1.g15017		NC_089038.1.g15268		NC_089038.1.g15135	4	1	
OG0032467	NC_089038.1.g15160	NC_089038.1.g15043		NC_089038.1.g15021		NC_089038.1.g15272		NC_089038.1.g15139	4	1	
OG0032468	NC_089038.1.g15162		NC_089038.1.g15071	NC_089038.1.g15023	NC_089038.1.g15102		NC_089038.1.g15104		4	1	
OG0032469	NC_089038.1.g15172	NC_089038.1.g15058	NC_089038.1.g15084			NC_089038.1.g15290	NC_089038.1.g15119		4	1	
OG0032470	NC_089038.1.g15198	NC_089038.1.g15088		NC_089038.1.g15070	NC_089038.1.g15147	NC_089038.1.g15319			4	1	
OG0032471	NC_089038.1.g15199	NC_089038.1.g15092		NC_089038.1.g15073	NC_089038.1.g15150	NC_089038.1.g15322			4	1	
OG0032472	NC_089038.1.g15209	NC_089038.1.g15101		NC_089038.1.g15084	NC_089038.1.g15162	NC_089038.1.g15332			4	1	
OG0032473	NC_089038.1.g15215	NC_089038.1.g15107	NC_089038.1.g15136	NC_089038.1.g15090			NC_089038.1.g15164		4	1	
OG0032474	NC_089038.1.g15252			NC_089038.1.g15129	NC_089038.1.g15203		NC_089038.1.g15200	NC_089038.1.g15226	4	1	
OG0032475	NC_089038.1.g15261		NC_089038.1.g15181	NC_089038.1.g15137	NC_089038.1.g15216	NC_089038.1.g15387			4	1	
OG0032476	NC_089038.1.g15287	NC_089038.1.g15182		NC_089038.1.g15163	NC_089038.1.g15238			NC_089038.1.g15259	4	1	
OG0032477	NC_089038.1.g15305		NC_089035.1.g2000, NC_089044.1.g32709	NC_089038.1.g15181	NC_089035.1.g2014				3	1	
OG0032478	NC_089038.1.g15307		NC_089038.1.g15221	NC_089038.1.g15183		NC_089038.1.g15430		NC_089038.1.g15279	4	1	
OG0032479	NC_089038.1.g15385	NC_089038.1.g15279		NC_089038.1.g15257	NC_089038.1.g15333	NC_089038.1.g15503			4	1	
OG0032480	NC_089038.1.g15401	NC_089038.1.g15296			NC_089038.1.g15351		NC_089038.1.g15346	NC_089038.1.g15368	4	1	
OG0032481	NC_089038.1.g15408			NC_089038.1.g15280	NC_089038.1.g15359	NC_089038.1.g15528		NC_089038.1.g15377	4	1	
OG0032482	NC_089038.1.g15556	NC_089038.1.g15445		NC_089038.1.g15424		NC_089038.1.g15677		NC_089038.1.g15522	4	1	
OG0032483	NC_089038.1.g15693		NC_089038.1.g15602		NC_089038.1.g15651		NC_089038.1.g15634	NC_089038.1.g15657	4	1	
OG0032484	NC_089038.1.g15694	NC_089038.1.g15586	NC_089038.1.g15603	NC_089038.1.g15565				NC_089038.1.g15658	4	1	
OG0032485	NC_089038.1.g15745			NC_089038.1.g15620	NC_089038.1.g15704		NC_089038.1.g15686	NC_089038.1.g15708	4	1	
OG0032486	NC_089038.1.g15747	NC_089038.1.g15637	NC_089038.1.g15654			NC_089038.1.g15872	NC_089038.1.g15688		4	1	
OG0032487	NC_089038.1.g15765	NC_089038.1.g15657	NC_089038.1.g15669	NC_089038.1.g15636		NC_089038.1.g15889			4	1	
OG0032488	NC_089038.1.g15878		NC_089038.1.g15783	NC_089038.1.g15748	NC_089038.1.g15833		NC_089038.1.g15822		4	1	
OG0032489	NC_089038.1.g15882		NC_089038.1.g15787	NC_089038.1.g15752		NC_089038.1.g16005	NC_089038.1.g15826		4	1	
OG0032490	NC_089038.1.g15944	NC_089038.1.g15839	NC_089038.1.g15851	NC_089038.1.g15812		NC_089038.1.g16074			4	1	
OG0032491	NC_089038.1.g16105		NC_089038.1.g16015	NC_089038.1.g15974	NC_089038.1.g16060	NC_089038.1.g16240			4	1	
OG0032492	NC_089038.1.g16106		NC_089038.1.g16016	NC_089038.1.g15975	NC_089038.1.g16061	NC_089038.1.g16241			4	1	
OG0032493	NC_089038.1.g16253		NC_089038.1.g16161		NC_089038.1.g16207	NC_089038.1.g16389	NC_089038.1.g16210		4	1	
OG0032494	NC_089038.1.g16312	NC_089038.1.g16201			NC_089038.1.g16265		NC_089038.1.g16270	NC_089038.1.g16274	4	1	
OG0032495	NC_089038.1.g16341	NC_089038.1.g16229		NC_089038.1.g16199			NC_089038.1.g16294	NC_089038.1.g16300	4	1	
OG0032496	NC_089038.1.g16377	NC_089038.1.g16259, NC_089039.1.g18848	NC_089038.1.g16283, NC_089039.1.g18905						2	1	
OG0032497	NC_089038.1.g16407		NC_089038.1.g16315	NC_089038.1.g16262	NC_089038.1.g16355			NC_089038.1.g16366	4	1	
OG0032498	NC_089038.1.g16430	NC_089038.1.g16311	NC_089038.1.g16338	NC_089038.1.g16287		NC_089038.1.g16563			4	1	
OG0032499	NC_089038.1.g16454	NC_089038.1.g16337	NC_089038.1.g16362	NC_089038.1.g16311		NC_089038.1.g16586			4	1	
OG0032500	NC_089038.1.g16608	NC_089038.1.g16476	NC_089038.1.g16510	NC_089038.1.g16464		NC_089038.1.g16737			4	1	
OG0032501	NC_089038.1.g16648	NC_089038.1.g16515	NC_089038.1.g16551	NC_089038.1.g16504		NC_089038.1.g16778			4	1	
OG0032502	NC_089038.1.g16651	NC_089038.1.g16518	NC_089038.1.g16554	NC_089038.1.g16507		NC_089038.1.g16781			4	1	
OG0032503	NC_089038.1.g16717			NC_089038.1.g16566	NC_089038.1.g16656	NC_089038.1.g16849		NC_089038.1.g16661	4	1	
OG0032504	NC_089038.1.g16853		NC_089038.1.g16759	NC_089038.1.g16699	NC_089038.1.g16790	NC_089038.1.g16982			4	1	
OG0032505	NC_089038.1.g16901	NC_089038.1.g16753		NC_089038.1.g16746		NC_089038.1.g17029		NC_089038.1.g16844	4	1	
OG0032506	NC_089038.1.g17014				NC_089038.1.g16951	NC_089038.1.g17147	NC_089038.1.g16939	NC_089038.1.g16957	4	1	
OG0032507	NC_089038.1.g17290	NC_089038.1.g17129		NC_089038.1.g17135	NC_089038.1.g17228	NC_089038.1.g17423			4	1	
OG0032508	NC_089038.1.g17481			NC_089038.1.g17330		NC_089038.1.g17615	NC_089038.1.g17409	NC_089038.1.g17428	4	1	
OG0032509	NC_089038.1.g17491			NC_089038.1.g17341	NC_089038.1.g17426	NC_089038.1.g17626		NC_089038.1.g17439	4	1	
OG0032510	NC_089038.1.g17496	NC_089038.1.g17334			NC_089038.1.g17432	NC_089038.1.g17631	NC_089038.1.g17423		4	1	
OG0032512	NC_089039.1.g17670		NC_089039.1.g17582	NC_089039.1.g17518			NC_089039.1.g17594	NC_089039.1.g17616	4	1	
OG0032513	NC_089039.1.g17797		NC_089039.1.g17705			NC_089039.1.g17945	NC_089039.1.g17723	NC_089039.1.g17746	4	1	
OG0032514	NC_089039.1.g17821	NC_089039.1.g17657		NC_089039.1.g17674	NC_089039.1.g17757			NC_089039.1.g17772	4	1	
OG0032515	NC_089039.1.g17883	NC_089039.1.g17717	NC_089039.1.g17793			NC_089039.1.g18032		NC_089039.1.g17838	4	1	
OG0032516	NC_089039.1.g17998	NC_089039.1.g17830		NC_089039.1.g17847		NC_089039.1.g18145		NC_089039.1.g17952	4	1	
OG0032517	NC_089039.1.g18004	NC_089039.1.g17837	NC_089039.1.g17912	NC_089039.1.g17853			NC_089039.1.g17933		4	1	
OG0032518	NC_089039.1.g18032	NC_089039.1.g17867			NC_089039.1.g17972		NC_089039.1.g17965	NC_089039.1.g17988	4	1	
OG0032519	NC_089039.1.g18094	NC_089039.1.g17931			NC_089039.1.g18039	NC_089039.1.g18249	NC_089039.1.g18028		4	1	
OG0032520	NC_089039.1.g18141	NC_089039.1.g17981				NC_089039.1.g18295	NC_089039.1.g18070	NC_089039.1.g18088	4	1	
OG0032521	NC_089039.1.g18144	NC_089039.1.g17983			NC_089039.1.g18090	NC_089039.1.g18297	NC_089039.1.g18072		4	1	
OG0032522	NC_089039.1.g18145		NC_089039.1.g18048		NC_089039.1.g18091		NC_089039.1.g18073	NC_089039.1.g18091	4	1	
OG0032523	NC_089039.1.g18177		NC_089039.1.g18078		NC_089039.1.g18120		NC_089039.1.g18102	NC_089039.1.g18119	4	1	
OG0032524	NC_089039.1.g18185	NC_089039.1.g18023			NC_089039.1.g18127		NC_089039.1.g18110	NC_089039.1.g18127	4	1	
OG0032525	NC_089039.1.g18205		NC_089039.1.g18107	NC_089039.1.g18046		NC_089039.1.g18351		NC_089039.1.g18149	4	1	
OG0032526	NC_089039.1.g18229		NC_089039.1.g18130		NC_089039.1.g18174		NC_089039.1.g18154	NC_089039.1.g18176	4	1	
OG0032527	NC_089039.1.g18263	NC_089039.1.g18104	NC_089039.1.g18165		NC_089039.1.g18210			NC_089039.1.g18211	4	1	
OG0032528	NC_089039.1.g18264	NC_089039.1.g18105	NC_089039.1.g18166		NC_089039.1.g18211			NC_089039.1.g18212	4	1	
OG0032529	NC_089039.1.g18277			NC_089039.1.g18122	NC_089039.1.g18224	NC_089039.1.g18430		NC_089039.1.g18225	4	1	
OG0032530	NC_089039.1.g18299	NC_089038.1.g15988			NC_089038.1.g16043		NC_089038.1.g16046	NC_089038.1.g16051	4	1	
OG0032531	NC_089039.1.g18376		NC_089039.1.g18277			NC_089039.1.g18526	NC_089039.1.g18309	NC_089039.1.g18329	4	1	
OG0032532	NC_089039.1.g18382		NC_089039.1.g18281	NC_089039.1.g18221	NC_089039.1.g18335			NC_089039.1.g18334	4	1	
OG0032533	NC_089039.1.g18389	NC_089039.1.g18227	NC_089039.1.g18289		NC_089039.1.g18344			NC_089039.1.g18342	4	1	
OG0032534	NC_089039.1.g18448			NC_089039.1.g18280	NC_089039.1.g18404	NC_089039.1.g18595	NC_089039.1.g18380		4	1	
OG0032535	NC_089039.1.g18460			NC_089039.1.g18293	NC_089039.1.g18416	NC_089039.1.g18610	NC_089039.1.g18393		4	1	
OG0032536	NC_089039.1.g18465		NC_089039.1.g18365	NC_089039.1.g18299		NC_089039.1.g18616	NC_089039.1.g18399		4	1	
OG0032537	NC_089039.1.g18479			NC_089039.1.g18312	NC_089039.1.g18434	NC_089039.1.g18631	NC_089039.1.g18412		4	1	
OG0032538	NC_089039.1.g18511		NC_089039.1.g18409	NC_089039.1.g18346	NC_089039.1.g18466		NC_089039.1.g18445		4	1	
OG0032539	NC_089039.1.g18539		NC_089039.1.g18439	NC_089039.1.g18377	NC_089039.1.g18496			NC_089039.1.g18497	4	1	
OG0032540	NC_089039.1.g18563		NC_089039.1.g18456	NC_089039.1.g18396	NC_089039.1.g18510			NC_089039.1.g18518	4	1	
OG0032541	NC_089039.1.g18566	NC_089039.1.g18394			NC_089039.1.g18512		NC_089039.1.g18497	NC_089039.1.g18522	4	1	
OG0032542	NC_089039.1.g18693	NC_089039.1.g18521		NC_089039.1.g18523		NC_089039.1.g18846	NC_089039.1.g18623		4	1	
OG0032543	NC_089039.1.g18722		NC_089039.1.g18611	NC_089039.1.g18555	NC_089039.1.g18671		NC_089039.1.g18651		4	1	
OG0032544	NC_089039.1.g18786		NC_089039.1.g18671	NC_089039.1.g18616		NC_089039.1.g18942	NC_089039.1.g18710		4	1	
OG0032545	NC_089039.1.g18801		NC_089039.1.g18686	NC_089039.1.g18631	NC_089039.1.g18746	NC_089039.1.g18956			4	1	
OG0032546	NC_089039.1.g18870		NC_089039.1.g18753	NC_089039.1.g18701		NC_089039.1.g19028	NC_089039.1.g18799		4	1	
OG0032547	NC_089039.1.g18880	NC_089039.1.g18702	NC_089039.1.g18760				NC_089039.1.g18804	NC_089039.1.g18825	4	1	
OG0032548	NC_089039.1.g18976	NC_089041.1.g26768		NC_089039.1.g18802, NC_089041.1.g26557		NC_089039.1.g19132			3	1	
OG0032549	NC_089039.1.g19142			NC_089039.1.g18965		NC_089039.1.g19299		NC_089039.1.g19081, NC_089045.1.g36140	3	1	
OG0032550	NC_089039.1.g19169			NC_089039.1.g18993	NC_089039.1.g19107	NC_089039.1.g19325	NC_089039.1.g19094		4	1	
OG0032551	NC_089039.1.g19207			NC_089039.1.g19028		NC_089039.1.g19365, NC_089045.1.g36128		NC_089039.1.g19142	3	1	
OG0032552	NC_089039.1.g19225			NC_089039.1.g19045	NC_089039.1.g19167		NC_089039.1.g19153	NC_089039.1.g19161	4	1	
OG0032553	NC_089039.1.g19317	NC_089039.1.g19156			NC_089039.1.g19260		NC_089039.1.g19244	NC_089039.1.g19255	4	1	
OG0032554	NC_089039.1.g19332	NC_089039.1.g19171	NC_089039.1.g19225		NC_089039.1.g19277			NC_089039.1.g19270	4	1	
OG0032555	NC_089039.1.g19416	NC_089039.1.g19259		NC_089039.1.g19236		NC_089039.1.g19581		NC_089039.1.g19357	4	1	
OG0032556	NC_089039.1.g19423			NC_089039.1.g19243		NC_089039.1.g19588	NC_089040.1.g22086	NC_089040.1.g22119	4	1	
OG0032557	NC_089039.1.g19488			NC_089039.1.g19305	NC_089039.1.g19438	NC_089039.1.g19649	NC_089039.1.g19406		4	1	
OG0032558	NC_089039.1.g19524			NC_089039.1.g19341	NC_089039.1.g19475	NC_089039.1.g19687	NC_089039.1.g19443		4	1	
OG0032559	NC_089039.1.g19536		NC_089039.1.g19435	NC_089039.1.g19358	NC_089039.1.g19487	NC_089039.1.g19700			4	1	
OG0032560	NC_089039.1.g19547	NC_089039.1.g19392	NC_089039.1.g19447	NC_089039.1.g19369		NC_089039.1.g19712			4	1	
OG0032561	NC_089039.1.g19566	NC_089039.1.g19404	NC_089039.1.g19463				NC_089039.1.g19478	NC_089039.1.g19499	4	1	
OG0032562	NC_089039.1.g19602		NC_089039.1.g19496	NC_089039.1.g19423		NC_089039.1.g19767		NC_089046.1.g38330	4	1	
OG0032563	NC_089039.1.g19650	NC_089039.1.g19484			NC_089039.1.g19591		NC_089039.1.g19554	NC_089039.1.g19578	4	1	
OG0032564	NC_089039.1.g19787	NC_089039.1.g19632				NC_089039.1.g19962	NC_089039.1.g19702	NC_089039.1.g19720	4	1	
OG0032565	NC_089039.1.g19806			NC_089039.1.g19634	NC_089039.1.g19756		NC_089039.1.g19718	NC_089039.1.g19740	4	1	
OG0032566	NC_089039.1.g19955		NC_089046.1.g38247		NC_089039.1.g19911, NC_089046.1.g38527	NC_089039.1.g20120			3	1	
OG0032567	NC_089039.1.g20003			NC_089039.1.g19824	NC_089039.1.g19953		NC_089039.1.g19899	NC_089039.1.g19926	4	1	
OG0032568	NC_089039.1.g20073	NC_089039.1.g19926	NC_089039.1.g19978		NC_089039.1.g20033			NC_089039.1.g20005	4	1	
OG0032569	NC_089039.1.g20211	NC_089039.1.g20059		NC_089039.1.g20036		NC_089039.1.g20383		NC_089039.1.g20140	4	1	
OG0032570	NC_089039.1.g20245	NC_089039.1.g20096	NC_089039.1.g20149				NC_089039.1.g20150	NC_089039.1.g20170	4	1	
OG0032571	NC_089039.1.g20296	NC_089039.1.g20153		NC_089039.1.g20122	NC_089039.1.g20261	NC_089039.1.g20472			4	1	
OG0032572	NC_089039.1.g20303	NC_089039.1.g20160		NC_089039.1.g20129	NC_089039.1.g20268	NC_089039.1.g20479			4	1	
OG0032573	NC_089039.1.g20314			NC_089039.1.g20139	NC_089039.1.g20280	NC_089039.1.g20490		NC_089039.1.g20240	4	1	
OG0032574	NC_089039.1.g20379	NC_089039.1.g20234		NC_089039.1.g20204		NC_089039.1.g20553		NC_089039.1.g20305	4	1	
OG0032575	NC_089039.1.g20463	NC_089039.1.g20319				NC_089039.1.g20634	NC_089039.1.g20355	NC_089039.1.g20386	4	1	
OG0032576	NC_089039.1.g20551	NC_089039.1.g20408	NC_089039.1.g20455		NC_089039.1.g20512		NC_089039.1.g20442		4	1	
OG0032577	NC_089039.1.g20574		NC_089039.1.g20477	NC_089039.1.g20403		NC_089039.1.g20744		NC_089039.1.g20494	4	1	
OG0032578	NC_089040.1.g20706	NC_089040.1.g20569				NC_089040.1.g20873	NC_089040.1.g20600	NC_089040.1.g20628	4	1	
OG0032579	NC_089040.1.g20762			NC_089040.1.g20580	NC_089040.1.g20728	NC_089040.1.g20927		NC_089040.1.g20680	4	1	
OG0032580	NC_089040.1.g20848	NC_089040.1.g20702			NC_089040.1.g20816	NC_089040.1.g21014	NC_089040.1.g20736		4	1	
OG0032581	NC_089040.1.g20880	NC_089040.1.g20729		NC_089040.1.g20704	NC_089040.1.g20848	NC_089040.1.g21047			4	1	
OG0032582	NC_089040.1.g20945		NC_089040.1.g20847	NC_089040.1.g20769		NC_089040.1.g21115	NC_089040.1.g20834		4	1	
OG0032583	NC_089040.1.g20969			NC_089040.1.g20791	NC_089040.1.g20940	NC_089040.1.g21138	NC_089040.1.g20858		4	1	
OG0032584	NC_089040.1.g21109, NC_089046.1.g38476	NC_089040.1.g20961				NC_089040.1.g21278		NC_089040.1.g21026	3	1	
OG0032585	NC_089040.1.g21170	NC_089040.1.g21024		NC_089040.1.g20991			NC_089040.1.g21060	NC_089040.1.g21088	4	1	
OG0032586	NC_089040.1.g21172		NC_089040.1.g21071			NC_089040.1.g21415	NC_089040.1.g21063	NC_089040.1.g21090	4	1	
OG0032587	NC_089040.1.g21196			NC_089040.1.g21010	NC_089040.1.g21163		NC_089040.1.g21086	NC_089040.1.g21114	4	1	
OG0032588	NC_089040.1.g21232	NC_089040.1.g21655	NC_089039.1.g17660	NC_089038.1.g17016		NC_089040.1.g21972			4	1	
OG0032589	NC_089040.1.g21234		NC_089040.1.g21131	NC_089040.1.g21046	NC_089040.1.g21200	NC_089040.1.g21401			4	1	
OG0032590	NC_089040.1.g21236		NC_089040.1.g21133	NC_089040.1.g21048		NC_089040.1.g21402		NC_089040.1.g21153	4	1	
OG0032591	NC_089040.1.g21252		NC_089041.1.g26299	NC_089040.1.g21062, NC_089041.1.g26104		NC_089041.1.g26640			3	1	
OG0032592	NC_089040.1.g21266	NC_089040.1.g21115		NC_089040.1.g21076	NC_089040.1.g21229			NC_089040.1.g21181	4	1	
OG0032593	NC_089040.1.g21331			NC_089040.1.g21141	NC_089040.1.g21293	NC_089040.1.g21497	NC_089040.1.g21214		4	1	
OG0032594	NC_089040.1.g21366	NC_089040.1.g21215	NC_089040.1.g21262			NC_089040.1.g21533		NC_089040.1.g21281	4	1	
OG0032595	NC_089040.1.g21403	NC_089040.1.g21252		NC_089040.1.g21215	NC_089040.1.g21367	NC_089040.1.g21567			4	1	
OG0032596	NC_089040.1.g21468	NC_089040.1.g21319			NC_089040.1.g21430		NC_089040.1.g21353, NC_089040.1.g23032		3	1	
OG0032597	NC_089040.1.g21477	NC_089040.1.g21329			NC_089040.1.g21440		NC_089040.1.g21363	NC_089040.1.g21388	4	1	
OG0032598	NC_089040.1.g21493	NC_089040.1.g21344	NC_089040.1.g21387			NC_089040.1.g21653	NC_089040.1.g21379		4	1	
OG0032599	NC_089040.1.g21498			NC_089040.1.g21299	NC_089040.1.g21461	NC_089040.1.g21658		NC_089040.1.g21406	4	1	
OG0032600	NC_089040.1.g21588	NC_089040.1.g21430	NC_089040.1.g21476	NC_089040.1.g21384				NC_089040.1.g21489	4	1	
OG0032601	NC_089040.1.g21589		NC_089040.1.g21477		NC_089040.1.g21544		NC_089040.1.g21471	NC_089040.1.g21490	4	1	
OG0032602	NC_089040.1.g21611	NC_089039.1.g19337	NC_089039.1.g19391				NC_089039.1.g19414	NC_089039.1.g19432	4	1	
OG0032603	NC_089040.1.g21636	NC_089040.1.g21475		NC_089040.1.g21432			NC_089040.1.g21515	NC_089040.1.g21533	4	1	
OG0032604	NC_089040.1.g21714	NC_089040.1.g21559	NC_089040.1.g21608		NC_089040.1.g21673	NC_089040.1.g21872			4	1	
OG0032605	NC_089040.1.g21771	NC_089040.1.g21615		NC_089040.1.g21567	NC_089040.1.g21734	NC_089040.1.g21928			4	1	
OG0032606	NC_089040.1.g21782		NC_089040.1.g21678			NC_089040.1.g21939	NC_089040.1.g21664	NC_089040.1.g21687	4	1	
OG0032607	NC_089040.1.g21846	NC_089040.1.g21681	NC_089040.1.g21732		NC_089040.1.g21801		NC_089040.1.g21716		4	1	
OG0032608	NC_089040.1.g21847	NC_089040.1.g21682		NC_089040.1.g21623	NC_089040.1.g21802	NC_089040.1.g22003			4	1	
OG0032609	NC_089040.1.g21853		NC_089040.1.g21738		NC_089040.1.g21809	NC_089040.1.g22011		NC_089040.1.g21751	4	1	
OG0032610	NC_089040.1.g21891		NC_089040.1.g21778	NC_089040.1.g21667	NC_089040.1.g21850	NC_089040.1.g22049			4	1	
OG0032611	NC_089040.1.g21938	NC_089040.1.g21774	NC_089040.1.g21823		NC_089040.1.g21894		NC_089040.1.g21802		4	1	
OG0032612	NC_089040.1.g22036	NC_089040.1.g21868	NC_089040.1.g21925		NC_089040.1.g21994	NC_089040.1.g22199			4	1	
OG0032613	NC_089040.1.g22043	NC_089040.1.g21875		NC_089040.1.g21805	NC_089040.1.g22003	NC_089040.1.g22207			4	1	
OG0032614	NC_089040.1.g22065	NC_089040.1.g21898		NC_089040.1.g21828	NC_089040.1.g22028		NC_089040.1.g21920		4	1	
OG0032615	NC_089040.1.g22072, NC_089045.1.g35752	NC_089040.1.g21906			NC_089040.1.g22034	NC_089040.1.g22230			3	1	
OG0032616	NC_089040.1.g22076	NC_089040.1.g21910	NC_089038.1.g14875, NC_089040.1.g21962	NC_089040.1.g21839					3	1	
OG0032617	NC_089040.1.g22100			NC_089040.1.g21862		NC_089040.1.g22257	NC_089040.1.g21952	NC_089040.1.g21992	4	1	
OG0032618	NC_089040.1.g22142				NC_089040.1.g22101		NC_089040.1.g21994	NC_089038.1.g16664, NC_089040.1.g22032	3	1	
OG0032619	NC_089040.1.g22198	NC_089037.1.g12555			NC_089040.1.g22169	NC_089040.1.g22370, NC_089042.1.g27536			3	1	
OG0032620	NC_089040.1.g22216		NC_089040.1.g22108	NC_089040.1.g21983	NC_089040.1.g22185			NC_089040.1.g22114	4	1	
OG0032621	NC_089040.1.g22300	NC_089040.1.g22149			NC_089040.1.g22271	NC_089040.1.g22478		NC_089040.1.g22203	4	1	
OG0032622	NC_089040.1.g22377	NC_089040.1.g22221		NC_089040.1.g22128	NC_089040.1.g22345			NC_089040.1.g22274	4	1	
OG0032623	NC_089040.1.g22426			NC_089040.1.g22163	NC_089040.1.g22391	NC_089040.1.g22589		NC_089040.1.g22323	4	1	
OG0032624	NC_089040.1.g22441	NC_089040.1.g22280, NC_089040.1.g22281	NC_089040.1.g22320				NC_089040.1.g22291		3	1	
OG0032625	NC_089040.1.g22445	NC_089040.1.g22285			NC_089040.1.g22406	NC_089040.1.g22606	NC_089040.1.g22294		4	1	
OG0032626	NC_089040.1.g22463	NC_089040.1.g22304	NC_089040.1.g22341		NC_089040.1.g22423			NC_089040.1.g22352	4	1	
OG0032627	NC_089040.1.g22471		NC_089040.1.g22350			NC_089040.1.g22634	NC_089040.1.g22320	NC_089040.1.g22360	4	1	
OG0032628	NC_089040.1.g22490		NC_089040.1.g22366	NC_089040.1.g22211	NC_089040.1.g22448	NC_089040.1.g22653			4	1	
OG0032629	NC_089040.1.g22533			NC_089040.1.g22252	NC_089035.1.g1937	NC_089040.1.g22697	NC_089040.1.g22385		4	1	
OG0032630	NC_089040.1.g22537	NC_089040.1.g22381		NC_089040.1.g22257		NC_089040.1.g22703	NC_089040.1.g22389		4	1	
OG0032631	NC_089040.1.g22544	NC_089040.1.g22386	NC_089040.1.g22424		NC_089040.1.g22512		NC_089040.1.g22395		4	1	
OG0032632	NC_089040.1.g22581	NC_089040.1.g22421	NC_089040.1.g22461	NC_089040.1.g22298			NC_089040.1.g22432		4	1	
OG0032633	NC_089040.1.g22665		NC_089040.1.g22539	NC_089040.1.g22375		NC_089040.1.g22828		NC_089040.1.g22540	4	1	
OG0032634	NC_089040.1.g22676		NC_089040.1.g22554		NC_089040.1.g22634		NC_089040.1.g22511	NC_089040.1.g22551	4	1	
OG0032635	NC_089040.1.g22677	NC_089040.1.g22503		NC_089040.1.g22392			NC_089040.1.g22512	NC_089040.1.g22552	4	1	
OG0032636	NC_089040.1.g22696	NC_089040.1.g22523			NC_089040.1.g22655	NC_089040.1.g22859		NC_089040.1.g22577	4	1	
OG0032637	NC_089040.1.g22700		NC_089040.1.g22578			NC_089040.1.g22862	NC_089040.1.g22535	NC_089040.1.g22580	4	1	
OG0032638	NC_089040.1.g22748		NC_089040.1.g22624		NC_089040.1.g22707	NC_089040.1.g22911		NC_089040.1.g22624	4	1	
OG0032639	NC_089040.1.g22750	NC_089039.1.g18045	NC_089041.1.g25938		NC_089039.1.g18150		NC_089039.1.g18132		4	1	
OG0032640	NC_089040.1.g22753	NC_089040.1.g22576				NC_089040.1.g22918	NC_089040.1.g22587	NC_089040.1.g22630	4	1	
OG0032641	NC_089040.1.g22767		NC_089040.1.g22647	NC_089040.1.g22475		NC_089040.1.g22938		NC_089040.1.g22646	4	1	
OG0032642	NC_089040.1.g22830	NC_089040.1.g22666		NC_089040.1.g22541		NC_089040.1.g23009		NC_089040.1.g22715	4	1	
OG0032643	NC_089040.1.g22835	NC_089040.1.g22672		NC_089040.1.g22546	NC_089040.1.g22804	NC_089040.1.g23014			4	1	
OG0032644	NC_089040.1.g22882			NC_089040.1.g22591		NC_089040.1.g23060	NC_089040.1.g22727	NC_089040.1.g22764	4	1	
OG0032645	NC_089040.1.g22919		NC_089040.1.g22805	NC_089040.1.g22629		NC_089040.1.g23097		NC_089040.1.g22805	4	1	
OG0032646	NC_089040.1.g22984	NC_089040.1.g22816				NC_089040.1.g23157	NC_089040.1.g22827	NC_089040.1.g22869	4	1	
OG0032647	NC_089040.1.g22992		NC_089040.1.g22874		NC_089040.1.g22955		NC_089040.1.g22842	NC_089040.1.g22880	4	1	
OG0032648	NC_089040.1.g22996	NC_089040.1.g22831	NC_089040.1.g22877		NC_089040.1.g22959		NC_089040.1.g22846		4	1	
OG0032649	NC_089040.1.g22999	NC_089040.1.g22836	NC_089040.1.g22880				NC_089040.1.g22852	NC_089040.1.g22888	4	1	
OG0032650	NC_089040.1.g23008			NC_089040.1.g22715	NC_089040.1.g22975	NC_089040.1.g23183	NC_089040.1.g22858		4	1	
OG0032651	NC_089040.1.g23012	NC_089040.1.g22846	NC_089040.1.g22896	NC_089040.1.g22719				NC_089040.1.g22903	4	1	
OG0032652	NC_089040.1.g23015				NC_089040.1.g22985	NC_089040.1.g23193	NC_089040.1.g22864	NC_089040.1.g22907	4	1	
OG0032653	NC_089040.1.g23017		NC_089040.1.g22905		NC_089040.1.g22988	NC_089040.1.g23195	NC_089040.1.g22868		4	1	
OG0032654	NC_089040.1.g23035			NC_089040.1.g22742	NC_089040.1.g23007	NC_089040.1.g23213		NC_089040.1.g22929	4	1	
OG0032655	NC_089040.1.g23084		NC_089040.1.g22971	NC_089040.1.g22787	NC_089040.1.g23050	NC_089040.1.g23260			4	1	
OG0032656	NC_089040.1.g23107	NC_089040.1.g22937	NC_089040.1.g22990	NC_089040.1.g22807		NC_089040.1.g23285			4	1	
OG0032657	NC_089040.1.g23159		NC_089035.1.g333	NC_089040.1.g22861	NC_089040.1.g23129		NC_089040.1.g23001		4	1	
OG0032658	NC_089040.1.g23193	NC_089040.1.g23032	NC_089040.1.g23076				NC_089040.1.g23036	NC_089040.1.g23083	4	1	
OG0032659	NC_089040.1.g23195			NC_089040.1.g22900	NC_089040.1.g23167		NC_089040.1.g23039	NC_089040.1.g23085	4	1	
OG0032660	NC_089040.1.g23217	NC_089040.1.g23057	NC_089040.1.g23101	NC_089040.1.g22922			NC_089040.1.g23060		4	1	
OG0032661	NC_089040.1.g23247	NC_089040.1.g23086	NC_089040.1.g23125				NC_089040.1.g23089	NC_089040.1.g23132	4	1	
OG0032662	NC_089040.1.g23261			NC_089040.1.g22961	NC_089040.1.g23227	NC_089040.1.g23437		NC_089040.1.g23146	4	1	
OG0032663	NC_089040.1.g23270	NC_089040.1.g23110	NC_089040.1.g23146	NC_089040.1.g22972	NC_089040.1.g23235				4	1	
OG0032664	NC_089040.1.g23281			NC_089040.1.g22982	NC_089040.1.g23245		NC_089040.1.g23122	NC_089040.1.g23164	4	1	
OG0032665	NC_089040.1.g23343			NC_089040.1.g23046	NC_089040.1.g23311	NC_089040.1.g23527, NC_089041.1.g26647			3	1	
OG0032666	NC_089040.1.g23538	NC_089040.1.g22969, NC_089040.1.g23499			NC_089038.1.g14628, NC_089040.1.g23503				2	1	
OG0032667	NC_089040.1.g23633			NC_089040.1.g23341	NC_089040.1.g23601	NC_089040.1.g23816	NC_089040.1.g23483		4	1	
OG0032668	NC_089040.1.g23658	NC_089040.1.g23495		NC_089040.1.g23362		NC_089040.1.g23838		NC_089040.1.g23545	4	1	
OG0032669	NC_089040.1.g23727		NC_089040.1.g23605	NC_089040.1.g23432		NC_089040.1.g23904		NC_089040.1.g23618	4	1	
OG0032670	NC_089040.1.g23750		NC_089040.1.g23625	NC_089040.1.g23453	NC_089040.1.g23712	NC_089040.1.g23927			4	1	
OG0032671	NC_089040.1.g23779	NC_089040.1.g23613	NC_089040.1.g23656		NC_089040.1.g23741		NC_089040.1.g23622		4	1	
OG0032672	NC_089040.1.g23933	NC_089040.1.g23764, NC_089040.1.g23783		NC_089040.1.g23630, NC_089040.1.g23647					2	1	
OG0032673	NC_089040.1.g24008	NC_089040.1.g23840		NC_089040.1.g23705		NC_089040.1.g24167	NC_089040.1.g23835		4	1	
OG0032674	NC_089041.1.g24019		NC_089041.1.g23891		NC_089041.1.g23965	NC_089041.1.g24179	NC_089041.1.g23846		4	1	
OG0032675	NC_089041.1.g24093	NC_089041.1.g23925	NC_089041.1.g23969		NC_089041.1.g24046		NC_089041.1.g23920		4	1	
OG0032676	NC_089041.1.g24172		NC_089041.1.g24048	NC_089041.1.g23869	NC_089041.1.g24124	NC_089041.1.g24336			4	1	
OG0032677	NC_089041.1.g24218	NC_089041.1.g24049	NC_089041.1.g24083		NC_089041.1.g24165			NC_089041.1.g24091	4	1	
OG0032678	NC_089041.1.g24234	NC_089041.1.g24065	NC_089041.1.g24099			NC_089041.1.g24382		NC_089041.1.g24107	4	1	
OG0032679	NC_089041.1.g24254	NC_089041.1.g24086			NC_089041.1.g24203	NC_089041.1.g24406		NC_089041.1.g24126	4	1	
OG0032680	NC_089041.1.g24257			NC_089041.1.g23934	NC_089041.1.g24206	NC_089041.1.g24409		NC_089041.1.g24129	4	1	
OG0032681	NC_089041.1.g24261	NC_089041.1.g24092			NC_089041.1.g24210	NC_089041.1.g24413		NC_089041.1.g24134	4	1	
OG0032682	NC_089041.1.g24264	NC_089041.1.g24094			NC_089041.1.g24212	NC_089041.1.g24415		NC_089041.1.g24137	4	1	
OG0032683	NC_089041.1.g24296		NC_089041.1.g24151	NC_089041.1.g23968		NC_089041.1.g24444		NC_089041.1.g24166	4	1	
OG0032684	NC_089041.1.g24301		NC_089041.1.g24154	NC_089041.1.g23973		NC_089041.1.g24449		NC_089041.1.g24169	4	1	
OG0032685	NC_089041.1.g24356	NC_089041.1.g24181		NC_089041.1.g24029	NC_089041.1.g24301	NC_089041.1.g24504			4	1	
OG0032686	NC_089041.1.g24366	NC_089041.1.g24190			NC_089041.1.g24312		NC_089041.1.g24165	NC_089041.1.g24223	4	1	
OG0032687	NC_089041.1.g24370	NC_089041.1.g24195	NC_089041.1.g24222	NC_089041.1.g24045			NC_089041.1.g24170		4	1	
OG0032688	NC_089041.1.g24414	NC_089041.1.g24238		NC_089041.1.g24097			NC_089041.1.g24222	NC_089041.1.g24273	4	1	
OG0032689	NC_089041.1.g24481		NC_089041.1.g24336	NC_089041.1.g24165	NC_089041.1.g24434			NC_089041.1.g24344	4	1	
OG0032690	NC_089041.1.g24536			NC_089041.1.g24223	NC_089041.1.g24492		NC_089041.1.g24346	NC_089041.1.g24402	4	1	
OG0032691	NC_089041.1.g24538	NC_089041.1.g24367			NC_089041.1.g24495		NC_089041.1.g24349	NC_089041.1.g24405	4	1	
OG0032692	NC_089041.1.g24657		NC_089041.1.g24510	NC_089041.1.g24344			NC_089041.1.g24471	NC_089041.1.g24522	4	1	
OG0032693	NC_089041.1.g24659		NC_089041.1.g24513	NC_089041.1.g24347			NC_089041.1.g24474	NC_089041.1.g24525	4	1	
OG0032694	NC_089041.1.g24661		NC_089041.1.g24515	NC_089041.1.g24349			NC_089041.1.g24476	NC_089041.1.g24527	4	1	
OG0032695	NC_089041.1.g24667			NC_089041.1.g24355		NC_089041.1.g24818	NC_089041.1.g24482	NC_089041.1.g24533	4	1	
OG0032696	NC_089041.1.g24680		NC_089041.1.g24532	NC_089041.1.g24367		NC_089041.1.g24830	NC_089041.1.g24493		4	1	
OG0032697	NC_089041.1.g24722	NC_089041.1.g24543		NC_089041.1.g24410		NC_089041.1.g24874	NC_089041.1.g24535		4	1	
OG0032698	NC_089041.1.g24735	NC_089041.1.g24558		NC_089041.1.g24422		NC_089041.1.g24888	NC_089041.1.g24548		4	1	
OG0032699	NC_089041.1.g24752	NC_089041.1.g24574	NC_089041.1.g24606		NC_089041.1.g24703			NC_089041.1.g24615	4	1	
OG0032700	NC_089041.1.g24799			NC_089041.1.g24484	NC_089041.1.g24746	NC_089041.1.g24952	NC_089041.1.g24610		4	1	
OG0032701	NC_089041.1.g24819	NC_089041.1.g24640	NC_089041.1.g24669		NC_089041.1.g24769			NC_089041.1.g24678	4	1	
OG0032702	NC_089041.1.g24889	NC_089041.1.g24714		NC_089041.1.g24574		NC_089041.1.g25039		NC_089041.1.g24751	4	1	
OG0032703	NC_089041.1.g24917		NC_089041.1.g24759	NC_089041.1.g24597	NC_089041.1.g24862		NC_089041.1.g24723		4	1	
OG0032704	NC_089041.1.g24975	NC_089041.1.g24795	NC_089041.1.g24814		NC_089041.1.g24918			NC_089041.1.g24826	4	1	
OG0032705	NC_089041.1.g25188, NC_089041.1.g25937				NC_089041.1.g25146, NC_089041.1.g25898		NC_089041.1.g25744		2	1	
OG0032706	NC_089041.1.g25198	NC_089041.1.g25041	NC_089041.1.g25044				NC_089041.1.g25016	NC_089041.1.g25065	4	1	
OG0032707	NC_089041.1.g25230	NC_089041.1.g25078				NC_089041.1.g25400	NC_089041.1.g25044	NC_089041.1.g25100	4	1	
OG0032708	NC_089041.1.g25268	NC_089041.1.g25114		NC_089041.1.g24957		NC_089041.1.g25437		NC_089041.1.g25135	4	1	
OG0032709	NC_089041.1.g25282		NC_089041.1.g25122		NC_089041.1.g25233	NC_089041.1.g25450		NC_089041.1.g25148	4	1	
OG0032710	NC_089041.1.g25285		NC_089041.1.g25125			NC_089041.1.g25452	NC_089041.1.g25091	NC_089041.1.g25151	4	1	
OG0032711	NC_089041.1.g25294				NC_089041.1.g25246	NC_089041.1.g25461	NC_089041.1.g25101	NC_089041.1.g25161	4	1	
OG0032712	NC_089041.1.g25379		NC_089041.1.g25220	NC_089041.1.g25068		NC_089041.1.g25551		NC_089041.1.g25247	4	1	
OG0032713	NC_089041.1.g25419	NC_089041.1.g25265	NC_089041.1.g25261		NC_089041.1.g25376			NC_089041.1.g25287	4	1	
OG0032714	NC_089041.1.g25429			NC_089041.1.g25116	NC_089041.1.g25388	NC_089041.1.g25602	NC_089041.1.g25235		4	1	
OG0032715	NC_089041.1.g25431		NC_089040.1.g21893		NC_089040.1.g21964	NC_089040.1.g22164		NC_089040.1.g21908	4	1	
OG0032716	NC_089041.1.g25683				NC_089041.1.g25631	NC_089041.1.g25852	NC_089041.1.g25470	NC_089041.1.g25561	4	1	
OG0032717	NC_089041.1.g25760	NC_089041.1.g25588	NC_089041.1.g25604	NC_089041.1.g25424		NC_089041.1.g25928			4	1	
OG0032718	NC_089041.1.g25830	NC_089041.1.g25660	NC_089041.1.g25672		NC_089041.1.g25777		NC_089041.1.g25620		4	1	
OG0032719	NC_089041.1.g25929	NC_089041.1.g25780		NC_089041.1.g25581		NC_089041.1.g26096	NC_089041.1.g25735		4	1	
OG0032720	NC_089041.1.g25985				NC_089041.1.g25951, NC_089046.1.g38984		NC_089041.1.g25791	NC_089041.1.g25877	3	1	
OG0032721	NC_089041.1.g26020		NC_089041.1.g25870			NC_089041.1.g26189	NC_089041.1.g25824	NC_089041.1.g25907	4	1	
OG0032722	NC_089041.1.g26026	NC_089041.1.g25877	NC_089041.1.g25876		NC_089041.1.g25993		NC_089041.1.g25832		4	1	
OG0032723	NC_089041.1.g26027		NC_089041.1.g25877	NC_089044.1.g32774	NC_089044.1.g32440			NC_089041.1.g25914	4	1	
OG0032724	NC_089041.1.g26094			NC_089041.1.g25732		NC_089041.1.g26265	NC_089041.1.g25896	NC_089041.1.g25979	4	1	
OG0032725	NC_089041.1.g26106		NC_089041.1.g25945	NC_089041.1.g25743		NC_089041.1.g26276	NC_089041.1.g25907		4	1	
OG0032726	NC_089041.1.g26108		NC_089041.1.g25947			NC_089041.1.g26278	NC_089041.1.g25909	NC_089041.1.g25990	4	1	
OG0032727	NC_089041.1.g26144	NC_089041.1.g25988	NC_089041.1.g25982	NC_089041.1.g25777			NC_089041.1.g25946		4	1	
OG0032728	NC_089041.1.g26173			NC_089045.1.g34656	NC_089041.1.g26118, NC_089045.1.g35096		NC_089045.1.g34863		3	1	
OG0032729	NC_089041.1.g26218			NC_089041.1.g25842	NC_089041.1.g26165	NC_089041.1.g26380	NC_089041.1.g26019		4	1	
OG0032730	NC_089041.1.g26237	NC_089041.1.g26078	NC_089041.1.g26070		NC_089041.1.g26186	NC_089041.1.g26399			4	1	
OG0032731	NC_089041.1.g26354			NC_089041.1.g25988		NC_089041.1.g26524	NC_089041.1.g26153	NC_089041.1.g26227	4	1	
OG0032732	NC_089041.1.g26500	NC_089041.1.g26348				NC_089041.1.g26689	NC_089041.1.g26307	NC_089041.1.g26389	4	1	
OG0032733	NC_089041.1.g26536	NC_089041.1.g26382		NC_089041.1.g26179		NC_089041.1.g26727	NC_089041.1.g26340		4	1	
OG0032734	NC_089041.1.g26588		NC_089041.1.g26426	NC_089041.1.g26234	NC_089041.1.g26547		NC_089041.1.g26394		4	1	
OG0032735	NC_089041.1.g26622	NC_089041.1.g26473	NC_089041.1.g26463		NC_089041.1.g26585			NC_089041.1.g26514	4	1	
OG0032736	NC_089041.1.g26680	NC_089041.1.g26530		NC_089041.1.g26324		NC_089041.1.g26870	NC_089041.1.g26487		4	1	
OG0032737	NC_089041.1.g26731		NC_089041.1.g26703, NC_089042.1.g29378	NC_089041.1.g26377			NC_089041.1.g26665		3	1	
OG0032738	NC_089041.1.g26755			NC_089041.1.g26400	NC_089041.1.g26718	NC_089041.1.g26947		NC_089041.1.g26653	4	1	
OG0032739	NC_089041.1.g26763		NC_089041.1.g26603	NC_089041.1.g26408		NC_089041.1.g26955	NC_089041.1.g26572		4	1	
OG0032740	NC_089041.1.g26955	NC_089041.1.g26803				NC_089041.1.g27152	NC_089041.1.g26768	NC_089041.1.g26846	4	1	
OG0032741	NC_089041.1.g26993	NC_089041.1.g26838	NC_089041.1.g26841		NC_089041.1.g26939	NC_089041.1.g27190			4	1	
OG0032742	NC_089041.1.g26994			NC_089041.1.g26636	NC_089044.1.g32242	NC_089041.1.g27191		NC_089041.1.g26884	4	1	
OG0032743	NC_089041.1.g27051			NC_089041.1.g26691		NC_089041.1.g27244	NC_089041.1.g26860	NC_089041.1.g26941	4	1	
OG0032744	NC_089042.1.g27230		NC_089042.1.g27069		NC_089042.1.g27167		NC_089042.1.g27031	NC_089042.1.g27117	4	1	
OG0032745	NC_089042.1.g27251	NC_089042.1.g27078			NC_089042.1.g27186		NC_089042.1.g27049	NC_089042.1.g27136	4	1	
OG0032746	NC_089042.1.g27258		NC_089042.1.g27093	NC_089042.1.g26889		NC_089042.1.g27444	NC_089042.1.g27055		4	1	
OG0032747	NC_089042.1.g27309			NC_089042.1.g26942	NC_089042.1.g27245	NC_089036.1.g7602		NC_089042.1.g27193	4	1	
OG0032748	NC_089042.1.g27327	NC_089042.1.g27154	NC_089042.1.g27163				NC_089042.1.g27122	NC_089042.1.g27211	4	1	
OG0032749	NC_089042.1.g27331	NC_089042.1.g27158		NC_089042.1.g26965		NC_089042.1.g27521		NC_089042.1.g27216	4	1	
OG0032750	NC_089042.1.g27346	NC_089042.1.g27171		NC_089042.1.g26981			NC_089042.1.g27141	NC_089042.1.g27229	4	1	
OG0032751	NC_089042.1.g27412			NC_089042.1.g27047	NC_089042.1.g27341	NC_089042.1.g27590		NC_089042.1.g27295	4	1	
OG0032752	NC_089042.1.g27418	NC_089042.1.g27238	NC_089042.1.g27247	NC_089042.1.g27054				NC_089042.1.g27301	4	1	
OG0032753	NC_089042.1.g27502	NC_089042.1.g27326	NC_089042.1.g27331				NC_089042.1.g27290	NC_089042.1.g27388	4	1	
OG0032754	NC_089042.1.g27532	NC_089042.1.g27357	NC_089042.1.g27362		NC_089042.1.g27463			NC_089042.1.g27421	4	1	
OG0032755	NC_089042.1.g27675			NC_089042.1.g27325		NC_089042.1.g27861	NC_089042.1.g27486	NC_089042.1.g27574	4	1	
OG0032756	NC_089042.1.g27688		NC_089042.1.g27534		NC_089042.1.g27629		NC_089042.1.g27501	NC_089042.1.g27590	4	1	
OG0032757	NC_089042.1.g27748	NC_089042.1.g27584			NC_089042.1.g27694	NC_089042.1.g27940		NC_089042.1.g27652	4	1	
OG0032758	NC_089042.1.g27835	NC_089042.1.g27672		NC_089042.1.g27490		NC_089042.1.g28038		NC_089042.1.g27741	4	1	
OG0032759	NC_089042.1.g27939			NC_089042.1.g27597	NC_089042.1.g27885	NC_089042.1.g28141		NC_089042.1.g27844	4	1	
OG0032760	NC_089042.1.g27959		NC_089042.1.g27811	NC_089042.1.g27617	NC_089042.1.g27908	NC_089042.1.g28159			4	1	
OG0032761	NC_089042.1.g28095	NC_089042.1.g27928		NC_089042.1.g27737		NC_089042.1.g28301	NC_089042.1.g27910		4	1	
OG0032762	NC_089042.1.g28105		NC_089041.1.g24797	NC_089041.1.g24640		NC_089041.1.g25107	NC_089042.1.g27920		4	1	
OG0032763	NC_089042.1.g28106		NC_089042.1.g27959	NC_089042.1.g27748			NC_089042.1.g27922	NC_089042.1.g28015	4	1	
OG0032764	NC_089042.1.g28137	NC_089042.1.g27967		NC_089042.1.g27771	NC_089042.1.g28093		NC_089042.1.g27950		4	1	
OG0032765	NC_089042.1.g28139		NC_089042.1.g27989			NC_089042.1.g28340	NC_089042.1.g27952	NC_089042.1.g28044	4	1	
OG0032766	NC_089042.1.g28151		NC_089037.1.g10702	NC_089036.1.g7075, NC_089042.1.g27782			NC_089042.1.g27961		3	1	
OG0032767	NC_089042.1.g28152		NC_089042.1.g27999	NC_089042.1.g27783	NC_089042.1.g28102			NC_089042.1.g28053	4	1	
OG0032768	NC_089042.1.g28215		NC_089042.1.g28060		NC_089042.1.g28162		NC_089042.1.g28023	NC_089042.1.g28116	4	1	
OG0032769	NC_089042.1.g28232	NC_089042.1.g28055	NC_089042.1.g28075				NC_089042.1.g28036	NC_089042.1.g28131	4	1	
OG0032770	NC_089042.1.g28233	NC_089042.1.g28056	NC_089042.1.g28076				NC_089042.1.g28037	NC_089042.1.g28132	4	1	
OG0032771	NC_089042.1.g28243			NC_089042.1.g27860	NC_089042.1.g28193	NC_089042.1.g28429	NC_089042.1.g28047		4	1	
OG0032772	NC_089042.1.g28282		NC_089042.1.g28124		NC_089042.1.g28236	NC_089042.1.g28465		NC_089042.1.g28187	4	1	
OG0032773	NC_089042.1.g28328		NC_089042.1.g28173	NC_089042.1.g27941	NC_089042.1.g28283	NC_089042.1.g28513			4	1	
OG0032774	NC_089042.1.g28358		NC_089042.1.g28196	NC_089042.1.g27968			NC_089042.1.g28155	NC_089042.1.g28260	4	1	
OG0032775	NC_089042.1.g28367	NC_089042.1.g28196	NC_089042.1.g28205	NC_089042.1.g27977				NC_089042.1.g28269	4	1	
OG0032776	NC_089042.1.g28377	NC_089045.1.g35851			NC_089045.1.g36021		NC_089045.1.g35756	NC_089042.1.g28286	4	1	
OG0032777	NC_089042.1.g28389	NC_089042.1.g28220			NC_089042.1.g28349		NC_089042.1.g28189	NC_089042.1.g28301	4	1	
OG0032778	NC_089042.1.g28408	NC_089042.1.g28240		NC_089036.1.g5299, NC_089042.1.g28014				NC_089042.1.g28318	3	1	
OG0032779	NC_089042.1.g28420	NC_089042.1.g28253	NC_089042.1.g28264				NC_089042.1.g28219	NC_089042.1.g28329	4	1	
OG0032780	NC_089042.1.g28491	NC_089042.1.g28324, NC_089042.1.g28325, NC_089042.1.g28326			NC_089042.1.g28452				2	1	
OG0032781	NC_089042.1.g28538	NC_089044.1.g34311, NC_089046.1.g38345			NC_089044.1.g34463, NC_089046.1.g38628				2	1	
OG0032782	NC_089042.1.g28540, NC_089042.1.g28556		NC_089042.1.g28405			NC_089042.1.g28724, NC_089042.1.g28743			2	1	
OG0032783	NC_089042.1.g28552	NC_089042.1.g28384	NC_089042.1.g28399	NC_089042.1.g28149		NC_089042.1.g28737			4	1	
OG0032784	NC_089042.1.g28562		NC_089042.1.g28413	NC_089042.1.g28161		NC_089042.1.g28750		NC_089042.1.g28479	4	1	
OG0032785	NC_089042.1.g28569, NC_089042.1.g28572		NC_089042.1.g28380				NC_089042.1.g28328	NC_089042.1.g28446	3	1	
OG0032786	NC_089042.1.g28591		NC_089042.1.g28445		NC_089042.1.g28550		NC_089042.1.g28389	NC_089042.1.g28510	4	1	
OG0032787	NC_089042.1.g28622		NC_089042.1.g28475			NC_089042.1.g28810	NC_089042.1.g28416	NC_089042.1.g28541	4	1	
OG0032788	NC_089042.1.g28637			NC_089042.1.g28235		NC_089042.1.g28826	NC_089042.1.g28433	NC_089042.1.g28558	4	1	
OG0032789	NC_089042.1.g28666	NC_089042.1.g28502				NC_089042.1.g28856	NC_089042.1.g28462	NC_089042.1.g28585	4	1	
OG0032790	NC_089042.1.g28695	NC_089042.1.g28530		NC_089042.1.g28290	NC_089042.1.g28651		NC_089042.1.g28489		4	1	
OG0032791	NC_089042.1.g28708	NC_089042.1.g28542			NC_089042.1.g28664		NC_089042.1.g28500	NC_089042.1.g28622	4	1	
OG0032792	NC_089042.1.g28712	NC_089042.1.g28546	NC_089042.1.g28563		NC_089042.1.g28667			NC_089042.1.g28625	4	1	
OG0032793	NC_089042.1.g28713	NC_089042.1.g28547	NC_089042.1.g28564				NC_089042.1.g28504	NC_089042.1.g28626	4	1	
OG0032794	NC_089042.1.g28732	NC_089042.1.g28566	NC_089042.1.g28581				NC_089042.1.g28525	NC_089042.1.g28644	4	1	
OG0032795	NC_089042.1.g28750		NC_089042.1.g28598		NC_089042.1.g28699	NC_089042.1.g28941	NC_089042.1.g28545		4	1	
OG0032796	NC_089042.1.g28758	NC_089042.1.g28595	NC_089042.1.g28605				NC_089037.1.g11566	NC_089042.1.g28669	4	1	
OG0032797	NC_089042.1.g28780		NC_089042.1.g28629	NC_089042.1.g28369		NC_089042.1.g28966	NC_089042.1.g28576		4	1	
OG0032798	NC_089042.1.g28788	NC_089042.1.g28624		NC_089042.1.g28377	NC_089042.1.g28728			NC_089042.1.g28699	4	1	
OG0032799	NC_089042.1.g28789	NC_089042.1.g28625				NC_089042.1.g28975	NC_089042.1.g28583	NC_089042.1.g28700	4	1	
OG0032800	NC_089042.1.g28823		NC_089042.1.g28672	NC_089042.1.g28406	NC_089042.1.g28762			NC_089042.1.g28735	4	1	
OG0032801	NC_089042.1.g28837	NC_089042.1.g28673		NC_089042.1.g28420	NC_089042.1.g28776		NC_089042.1.g28632		4	1	
OG0032802	NC_089042.1.g28932		NC_089042.1.g28783		NC_089042.1.g28873		NC_089042.1.g28732	NC_089042.1.g28848	4	1	
OG0032803	NC_089042.1.g28936		NC_089042.1.g28788	NC_089042.1.g28516		NC_089042.1.g29121		NC_089042.1.g28853	4	1	
OG0032804	NC_089042.1.g28950		NC_089042.1.g28801	NC_089042.1.g28530	NC_089042.1.g28889	NC_089042.1.g29134			4	1	
OG0032805	NC_089042.1.g28995			NC_089042.1.g28572	NC_089042.1.g28931		NC_089042.1.g28784	NC_089042.1.g28909	4	1	
OG0032806	NC_089042.1.g29023		NC_089042.1.g28872	NC_089042.1.g26951		NC_089042.1.g27506	NC_089042.1.g28813		4	1	
OG0032807	NC_089042.1.g29064	NC_089042.1.g28896	NC_089042.1.g28911			NC_089042.1.g29243		NC_089042.1.g28977	4	1	
OG0032809	NC_089042.1.g29168			NC_089042.1.g28737	NC_089042.1.g29105	NC_089042.1.g29346	NC_089042.1.g28951		4	1	
OG0032810	NC_089042.1.g29222	NC_089042.1.g29056			NC_089042.1.g29163	NC_089042.1.g29403	NC_089042.1.g29006		4	1	
OG0032811	NC_089042.1.g29357	NC_089042.1.g29192	NC_089042.1.g29209				NC_089042.1.g29139	NC_089042.1.g29272	4	1	
OG0032812	NC_089042.1.g29450	NC_089042.1.g29291		NC_089042.1.g29023	NC_089042.1.g29400	NC_089042.1.g29654			4	1	
OG0032813	NC_089042.1.g29471	NC_089042.1.g29311				NC_089042.1.g29676	NC_089042.1.g29258	NC_089042.1.g29396	4	1	
OG0032814	NC_089042.1.g29474	NC_089042.1.g29314		NC_089042.1.g29046		NC_089042.1.g29679		NC_089042.1.g29399	4	1	
OG0032815	NC_089042.1.g29478	NC_089042.1.g29318		NC_089042.1.g29050		NC_089042.1.g29683	NC_089042.1.g29264		4	1	
OG0032816	NC_089042.1.g29532			NC_089042.1.g29106	NC_089042.1.g29481	NC_089042.1.g29739	NC_089042.1.g29321		4	1	
OG0032817	NC_089042.1.g29543	NC_089042.1.g29385		NC_089042.1.g29116	NC_089042.1.g29492	NC_089042.1.g29748			4	1	
OG0032818	NC_089042.1.g29549			NC_089042.1.g29122	NC_089042.1.g29498	NC_089042.1.g29754	NC_089042.1.g29334		4	1	
OG0032819	NC_089042.1.g29566	NC_089042.1.g29410			NC_089042.1.g29517	NC_089042.1.g29775	NC_089042.1.g29354		4	1	
OG0032820	NC_089042.1.g29643	NC_089042.1.g29492	NC_089042.1.g29516		NC_089042.1.g29602		NC_089042.1.g29440		4	1	
OG0032821	NC_089042.1.g29648		NC_089042.1.g29521		NC_089042.1.g29607	NC_089042.1.g29862	NC_089042.1.g29445		4	1	
OG0032822	NC_089042.1.g29686	NC_089042.1.g29535	NC_089042.1.g29560	NC_089042.1.g29263		NC_089042.1.g29901			4	1	
OG0032823	NC_089042.1.g29718	NC_089042.1.g29567		NC_089042.1.g29291		NC_089042.1.g29931		NC_089042.1.g29646	4	1	
OG0032824	NC_089042.1.g29745			NC_089042.1.g29320	NC_089042.1.g29703	NC_089042.1.g29960	NC_089042.1.g29544		4	1	
OG0032825	NC_089042.1.g29828	NC_089042.1.g29680		NC_089042.1.g29405		NC_089042.1.g30045		NC_089042.1.g29760	4	1	
OG0032826	NC_089042.1.g29829	NC_089042.1.g29681		NC_089042.1.g29406		NC_089042.1.g30046		NC_089042.1.g29761	4	1	
OG0032827	NC_089042.1.g29830	NC_089042.1.g29682		NC_089042.1.g29407		NC_089042.1.g30047		NC_089042.1.g29762	4	1	
OG0032828	NC_089042.1.g29840	NC_089042.1.g29693		NC_089042.1.g29417		NC_089042.1.g30057		NC_089042.1.g29773	4	1	
OG0032829	NC_089042.1.g29890			NC_089042.1.g29467	NC_089042.1.g29826	NC_089042.1.g30110	NC_089042.1.g29666		4	1	
OG0032830	NC_089043.1.g30016	NC_089043.1.g29863	NC_089043.1.g29879		NC_089043.1.g29966			NC_089043.1.g29954	4	1	
OG0032831	NC_089043.1.g30035	NC_089043.1.g29880			NC_089043.1.g29983		NC_089043.1.g29809	NC_089043.1.g29973	4	1	
OG0032832	NC_089043.1.g30046				NC_089043.1.g29992	NC_089043.1.g30267	NC_089043.1.g29817	NC_089043.1.g29981	4	1	
OG0032833	NC_089043.1.g30050	NC_089043.1.g29890	NC_089043.1.g29903	NC_089043.1.g29619		NC_089043.1.g30271			4	1	
OG0032834	NC_089043.1.g30062		NC_089043.1.g29915	NC_089043.1.g29633		NC_089043.1.g30285		NC_089043.1.g29997	4	1	
OG0032835	NC_089043.1.g30068		NC_089043.1.g29919		NC_089043.1.g30012	NC_089043.1.g30290		NC_089043.1.g30002	4	1	
OG0032836	NC_089043.1.g30088				NC_089043.1.g30030	NC_089043.1.g30311	NC_089043.1.g29853	NC_089043.1.g30020	4	1	
OG0032837	NC_089043.1.g30092	NC_089043.1.g29925		NC_089043.1.g29660		NC_089043.1.g30314	NC_089043.1.g29857		4	1	
OG0032838	NC_089043.1.g30129	NC_089043.1.g29973		NC_089043.1.g29707		NC_089043.1.g30357		NC_089043.1.g30071	4	1	
OG0032839	NC_089043.1.g30139			NC_089043.1.g29717	NC_089043.1.g30083	NC_089043.1.g30367		NC_089043.1.g30081	4	1	
OG0032840	NC_089043.1.g30212			NC_089043.1.g29795	NC_089043.1.g30170	NC_089043.1.g30451	NC_089043.1.g29996		4	1	
OG0032841	NC_089043.1.g30220		NC_089043.1.g30072	NC_089043.1.g29804	NC_089043.1.g30178	NC_089043.1.g30461			4	1	
OG0032842	NC_089043.1.g30332	NC_089043.1.g30192		NC_089043.1.g29920			NC_089041.1.g25267, NC_089043.1.g30110		3	1	
OG0032843	NC_089043.1.g30376			NC_089043.1.g29961	NC_089043.1.g30319	NC_089043.1.g30624		NC_089043.1.g30313	4	1	
OG0032844	NC_089043.1.g30387			NC_089043.1.g29973	NC_089043.1.g30329	NC_089043.1.g30635	NC_089043.1.g30158		4	1	
OG0032845	NC_089043.1.g30473	NC_089043.1.g30327	NC_089043.1.g30308	NC_089043.1.g30050				NC_089043.1.g30409	4	1	
OG0032846	NC_089043.1.g30508	NC_089043.1.g30361		NC_089043.1.g30085	NC_089043.1.g30447	NC_089043.1.g30756			4	1	
OG0032847	NC_089043.1.g30512	NC_089043.1.g30364				NC_089043.1.g30761	NC_089043.1.g30275	NC_089043.1.g30447	4	1	
OG0032848	NC_089043.1.g30514	NC_089043.1.g30366		NC_089043.1.g30090	NC_089043.1.g30452		NC_089043.1.g30277		4	1	
OG0032849	NC_089043.1.g30552		NC_089043.1.g30389			NC_089043.1.g30811	NC_089043.1.g30316	NC_089043.1.g30493	4	1	
OG0032850	NC_089043.1.g30564		NC_089043.1.g30401	NC_089043.1.g30150		NC_089043.1.g30823	NC_089043.1.g30328		4	1	
OG0032851	NC_089043.1.g30589		NC_089043.1.g30427			NC_089043.1.g30850	NC_089043.1.g30353	NC_089043.1.g30529	4	1	
OG0032852	NC_089043.1.g30615	NC_089036.1.g7394		NC_089036.1.g7339, NC_089043.1.g30201			NC_089036.1.g7387		3	1	
OG0032853	NC_089043.1.g30712		NC_089043.1.g30553	NC_089043.1.g30301	NC_089043.1.g30665			NC_089043.1.g30660	4	1	
OG0032854	NC_089043.1.g30715			NC_089043.1.g30304	NC_089043.1.g30670		NC_089043.1.g30475	NC_089043.1.g30663	4	1	
OG0032855	NC_089043.1.g30758			NC_089043.1.g30345	NC_089043.1.g30710	NC_089043.1.g31027		NC_089043.1.g30702	4	1	
OG0032856	NC_089043.1.g30759			NC_089043.1.g30346	NC_089043.1.g30711	NC_089043.1.g31028		NC_089043.1.g30703	4	1	
OG0032857	NC_089043.1.g30773		NC_089043.1.g30604	NC_089043.1.g30358		NC_089043.1.g31041	NC_089043.1.g30525		4	1	
OG0032858	NC_089043.1.g30825	NC_089043.1.g30690	NC_089043.1.g30654	NC_089043.1.g30408				NC_089043.1.g30765	4	1	
OG0032859	NC_089043.1.g30879	NC_089043.1.g30747		NC_089043.1.g30463	NC_089043.1.g30838	NC_089043.1.g31149			4	1	
OG0032860	NC_089043.1.g30899	NC_089043.1.g30767	NC_089043.1.g30731		NC_089043.1.g30858		NC_089043.1.g30654		4	1	
OG0032861	NC_089043.1.g30999	NC_089043.1.g30860	NC_089043.1.g30827			NC_089043.1.g31264	NC_089043.1.g30753		4	1	
OG0032862	NC_089043.1.g31003	NC_089043.1.g30864	NC_089043.1.g30831			NC_089043.1.g31268	NC_089043.1.g30758		4	1	
OG0032863	NC_089043.1.g31045	NC_089043.1.g30884, NC_089043.1.g30885			NC_089043.1.g30982		NC_089043.1.g30784		3	1	
OG0032864	NC_089043.1.g31092	NC_089043.1.g30929			NC_089043.1.g31031, NC_089043.1.g31032, NC_089043.1.g31033				2	1	
OG0032865	NC_089043.1.g31113		NC_089043.1.g30919		NC_089043.1.g31057		NC_089043.1.g30856	NC_089043.1.g31028	4	1	
OG0032866	NC_089043.1.g31150	NC_089043.1.g30988	NC_089043.1.g30951			NC_089043.1.g31412	NC_089043.1.g30890		4	1	
OG0032867	NC_089043.1.g31224	NC_089043.1.g31066	NC_089043.1.g31031		NC_089043.1.g31171			NC_089043.1.g31142	4	1	
OG0032868	NC_089043.1.g31331	NC_089043.1.g31166	NC_089043.1.g31135	NC_089043.1.g30887		NC_089043.1.g31597			4	1	
OG0032869	NC_089043.1.g31351, NC_089044.1.g32452	NC_089043.1.g31185		NC_089044.1.g32017			NC_089043.1.g31094		3	1	
OG0032870	NC_089043.1.g31567	NC_089043.1.g31394			NC_089043.1.g31505		NC_089043.1.g31311	NC_089043.1.g31485	4	1	
OG0032871	NC_089043.1.g31735		NC_089043.1.g31550	NC_089043.1.g31295		NC_089043.1.g32002		NC_089043.1.g31660	4	1	
OG0032872	NC_089043.1.g31835	NC_089043.1.g31661			NC_089043.1.g31776		NC_089043.1.g31582	NC_089043.1.g31757	4	1	
OG0032873	NC_089043.1.g31896	NC_089043.1.g31723	NC_089043.1.g31707		NC_089043.1.g31842			NC_089043.1.g31821	4	1	
OG0032874	NC_089043.1.g31940		NC_089043.1.g31755	NC_089043.1.g31505		NC_089043.1.g32212	NC_089043.1.g31695		4	1	
OG0032875	NC_089043.1.g31969			NC_089043.1.g31535	NC_089043.1.g31923	NC_089043.1.g32243		NC_089035.1.g4186	4	1	
OG0032876	NC_089043.1.g31985			NC_089043.1.g31550	NC_089043.1.g31940	NC_089043.1.g32259		NC_089043.1.g31920	4	1	
OG0032877	NC_089043.1.g31989			NC_089043.1.g31554	NC_089043.1.g31944	NC_089043.1.g32263		NC_089043.1.g31924	4	1	
OG0032878	NC_089043.1.g31993			NC_089043.1.g31558	NC_089043.1.g31948	NC_089043.1.g32267		NC_089043.1.g31928	4	1	
OG0032879	NC_089043.1.g31995			NC_089043.1.g31560	NC_089043.1.g31950	NC_089043.1.g32269		NC_089043.1.g31930	4	1	
OG0032880	NC_089043.1.g31999			NC_089043.1.g31564	NC_089043.1.g31954	NC_089043.1.g32273		NC_089043.1.g31934	4	1	
OG0032881	NC_089043.1.g32016	NC_089036.1.g8444, NC_089039.1.g18069	NC_089036.1.g8440				NC_089036.1.g8448		3	1	
OG0032882	NC_089043.1.g32031	NC_089043.1.g31850	NC_089043.1.g31832		NC_089043.1.g31986			NC_089043.1.g31967	4	1	
OG0032883	NC_089043.1.g32047	NC_089043.1.g31870		NC_089043.1.g31612		NC_089043.1.g32318		NC_089043.1.g31986	4	1	
OG0032884	NC_089043.1.g32187		NC_089043.1.g32005	NC_089043.1.g31760		NC_089043.1.g32468	NC_089043.1.g31939		4	1	
OG0032885	NC_089044.1.g32287	NC_089044.1.g32403			NC_089044.1.g32529		NC_089044.1.g32301	NC_089044.1.g32497	4	1	
OG0032886	NC_089044.1.g32291	NC_089044.1.g32125		NC_089044.1.g31864	NC_089044.1.g32254		NC_089044.1.g32031		4	1	
OG0032887	NC_089044.1.g32317	NC_089044.1.g32151					NC_089044.1.g32056	NC_089044.1.g32266, NC_089044.1.g32267	3	1	
OG0032888	NC_089044.1.g32371	NC_089044.1.g32215		NC_089044.1.g31939	NC_089044.1.g32345		NC_089044.1.g32113		4	1	
OG0032889	NC_089044.1.g32373	NC_089044.1.g32220	NC_089044.1.g32184		NC_089044.1.g32348		NC_089044.1.g32117		4	1	
OG0032890	NC_089044.1.g32380	NC_089044.1.g32225		NC_089044.1.g31946	NC_089044.1.g32355		NC_089044.1.g32124		4	1	
OG0032891	NC_089044.1.g32382	NC_089044.1.g32227		NC_089044.1.g31948	NC_089044.1.g32357		NC_089044.1.g32126		4	1	
OG0032892	NC_089044.1.g32384	NC_089044.1.g32229		NC_089044.1.g31950	NC_089044.1.g32359		NC_089044.1.g32128		4	1	
OG0032893	NC_089044.1.g32388	NC_089044.1.g32233				NC_089044.1.g32653	NC_089044.1.g32131	NC_089044.1.g32332	4	1	
OG0032894	NC_089044.1.g32402	NC_089044.1.g32244		NC_089044.1.g31966	NC_089044.1.g32377		NC_089044.1.g32148		4	1	
OG0032895	NC_089044.1.g32521				NC_089044.1.g32506	NC_089044.1.g32806	NC_089044.1.g32281	NC_089044.1.g32475	4	1	
OG0032896	NC_089044.1.g32549	NC_089044.1.g32412			NC_089044.1.g32538		NC_089044.1.g32312	NC_089044.1.g32506	4	1	
OG0032897	NC_089044.1.g32560			NC_089044.1.g32121	NC_089044.1.g32550		NC_089044.1.g32325	NC_089044.1.g32518	4	1	
OG0032898	NC_089044.1.g32561	NC_089044.1.g32425			NC_089044.1.g32551	NC_089044.1.g32849	NC_089044.1.g32326		4	1	
OG0032899	NC_089044.1.g32583		NC_089044.1.g32404		NC_089044.1.g32570	NC_089044.1.g32866	NC_089044.1.g32342		4	1	
OG0032900	NC_089044.1.g32601	NC_089044.1.g32467			NC_089044.1.g32592	NC_089044.1.g32891		NC_089044.1.g32553	4	1	
OG0032901	NC_089044.1.g32616	NC_089044.1.g32484			NC_089044.1.g32607	NC_089044.1.g32904		NC_089044.1.g32570	4	1	
OG0032902	NC_089044.1.g32623	NC_089044.1.g32493	NC_089044.1.g32443		NC_089044.1.g32614			NC_089044.1.g32579	4	1	
OG0032903	NC_089044.1.g32637				NC_089044.1.g32634	NC_089044.1.g32930	NC_089044.1.g32400	NC_089044.1.g32597	4	1	
OG0032904	NC_089044.1.g32656					NC_089044.1.g32950	NC_089036.1.g9381, NC_089044.1.g32416	NC_089044.1.g32612	3	1	
OG0032905	NC_089044.1.g32670	NC_089044.1.g32540				NC_089044.1.g32963	NC_089044.1.g32428	NC_089044.1.g32624	4	1	
OG0032906	NC_089044.1.g32799			NC_089044.1.g32361	NC_089044.1.g32804		NC_089044.1.g32563	NC_089044.1.g32759	4	1	
OG0032907	NC_089044.1.g32809		NC_089044.1.g32629	NC_089044.1.g32377	NC_089044.1.g32813	NC_089044.1.g33120			4	1	
OG0032908	NC_089044.1.g32811		NC_089044.1.g32631	NC_089044.1.g32379	NC_089044.1.g32815	NC_089044.1.g33122			4	1	
OG0032909	NC_089044.1.g32838	NC_089044.1.g32714		NC_089044.1.g32403			NC_089041.1.g25221, NC_089044.1.g32600		3	1	
OG0032910	NC_089044.1.g32862		NC_089044.1.g32679	NC_089044.1.g32423			NC_089044.1.g32623	NC_089044.1.g32819	4	1	
OG0032911	NC_089044.1.g32866			NC_089044.1.g32429		NC_089044.1.g33175	NC_089044.1.g32628	NC_089044.1.g32826	4	1	
OG0032912	NC_089044.1.g32952	NC_089044.1.g32837		NC_089044.1.g32521	NC_089044.1.g32952			NC_089044.1.g32911	4	1	
OG0032913	NC_089044.1.g32981		NC_089044.1.g32810	NC_089044.1.g32552		NC_089044.1.g33304		NC_089044.1.g32944	4	1	
OG0032914	NC_089044.1.g32986	NC_089044.1.g32875		NC_089044.1.g32558		NC_089044.1.g33309		NC_089044.1.g32950	4	1	
OG0032915	NC_089044.1.g33019	NC_089044.1.g32914	NC_089044.1.g32853	NC_089044.1.g32599			NC_089044.1.g32786		4	1	
OG0032916	NC_089044.1.g33051			NC_089044.1.g32626		NC_089044.1.g33372	NC_089044.1.g32812	NC_089044.1.g33022	4	1	
OG0032917	NC_089044.1.g33156	NC_089044.1.g33051	NC_089044.1.g32984		NC_089044.1.g33180			NC_089044.1.g33133	4	1	
OG0032918	NC_089044.1.g33327		NC_089044.1.g33158	NC_089044.1.g32907	NC_089044.1.g33355	NC_089044.1.g33655			4	1	
OG0032919	NC_089044.1.g33388	NC_089044.1.g33277	NC_089044.1.g33214		NC_089044.1.g33415		NC_089044.1.g33156		4	1	
OG0032920	NC_089044.1.g33435	NC_089044.1.g33325		NC_089044.1.g33015		NC_089044.1.g33776	NC_089044.1.g33218		4	1	
OG0032921	NC_089044.1.g33487	NC_089044.1.g33375		NC_089044.1.g33065	NC_089044.1.g33512	NC_089044.1.g33826			4	1	
OG0032922	NC_089044.1.g33494	NC_089044.1.g33383	NC_089044.1.g33319	NC_089044.1.g33073		NC_089044.1.g33833			4	1	
OG0032923	NC_089044.1.g33547			NC_089044.1.g33126	NC_089044.1.g33573		NC_089044.1.g33326	NC_089044.1.g33540	4	1	
OG0032924	NC_089044.1.g33549			NC_089044.1.g33128	NC_089044.1.g33575		NC_089044.1.g33328	NC_089044.1.g33542	4	1	
OG0032925	NC_089044.1.g33608	NC_089044.1.g33481	NC_089044.1.g33410	NC_089044.1.g33188				NC_089044.1.g33599	4	1	
OG0032926	NC_089044.1.g33626	NC_089044.1.g33499				NC_089044.1.g33961	NC_089044.1.g33400	NC_089044.1.g33615	4	1	
OG0032927	NC_089044.1.g33669	NC_089044.1.g33538	NC_089044.1.g33466	NC_089044.1.g33251		NC_089044.1.g34008			4	1	
OG0032928	NC_089044.1.g33671		NC_089044.1.g33469		NC_089044.1.g33688		NC_089044.1.g33443	NC_089044.1.g33658	4	1	
OG0032929	NC_089044.1.g33673	NC_089044.1.g33543	NC_089044.1.g33471	NC_089044.1.g33254		NC_089044.1.g34012			4	1	
OG0032930	NC_089044.1.g33674	NC_089044.1.g33544	NC_089044.1.g33472	NC_089044.1.g33255		NC_089044.1.g34013			4	1	
OG0032931	NC_089044.1.g33688				NC_089044.1.g33707	NC_089044.1.g34028	NC_089044.1.g33461	NC_089044.1.g33675	4	1	
OG0032932	NC_089044.1.g33711	NC_089044.1.g33585	NC_089044.1.g33511	NC_089044.1.g33288				NC_089044.1.g33697	4	1	
OG0032933	NC_089044.1.g33840			NC_089038.1.g14459, NC_089044.1.g33412		NC_089044.1.g34172	NC_089037.1.g13020		3	1	
OG0032934	NC_089044.1.g34009	NC_089044.1.g33863				NC_089044.1.g34342	NC_089044.1.g33784	NC_089044.1.g33990	4	1	
OG0032935	NC_089044.1.g34087	NC_089044.1.g33949	NC_089044.1.g33870				NC_089044.1.g33869	NC_089044.1.g34076	4	1	
OG0032936	NC_089044.1.g34301		NC_089044.1.g34081	NC_089044.1.g33860		NC_089044.1.g34640		NC_089044.1.g34294	4	1	
OG0032937	NC_089044.1.g34323	NC_089044.1.g34188	NC_089044.1.g34104		NC_089044.1.g34343			NC_089044.1.g34316	4	1	
OG0032938	NC_089044.1.g34386	NC_089044.1.g34252	NC_089044.1.g34168				NC_089044.1.g34169	NC_089044.1.g34380	4	1	
OG0032939	NC_089044.1.g34390		NC_089044.1.g34174		NC_089044.1.g34410	NC_089044.1.g34734		NC_089044.1.g34385	4	1	
OG0032940	NC_089044.1.g34424	NC_089044.1.g34290	NC_089044.1.g34206	NC_089044.1.g33979		NC_089044.1.g34766			4	1	
OG0032941	NC_089044.1.g34446		NC_089044.1.g34227	NC_089044.1.g34000		NC_089044.1.g34787	NC_089044.1.g34225		4	1	
OG0032942	NC_089045.1.g34481		NC_089045.1.g34262	NC_089045.1.g34036	NC_089045.1.g34497	NC_089045.1.g34824			4	1	
OG0032943	NC_089045.1.g34515		NC_089045.1.g34292	NC_089045.1.g34067	NC_089045.1.g34529	NC_089045.1.g34853			4	1	
OG0032944	NC_089045.1.g34516		NC_089045.1.g34293	NC_089045.1.g34068	NC_089045.1.g34530	NC_089045.1.g34854			4	1	
OG0032945	NC_089045.1.g34540		NC_089045.1.g34313	NC_089045.1.g34093	NC_089045.1.g34553	NC_089045.1.g34877			4	1	
OG0032946	NC_089045.1.g34584	NC_089045.1.g34439		NC_089045.1.g34133	NC_089045.1.g34593			NC_089045.1.g34562	4	1	
OG0032947	NC_089045.1.g34595		NC_089045.1.g34367	NC_089045.1.g34144	NC_089045.1.g34604			NC_089045.1.g34573	4	1	
OG0032948	NC_089045.1.g34618				NC_089045.1.g34627	NC_089045.1.g34952	NC_089045.1.g34388	NC_089045.1.g34597	4	1	
OG0032949	NC_089045.1.g34712	NC_089045.1.g34559	NC_089045.1.g34481	NC_089045.1.g34256				NC_089045.1.g34685	4	1	
OG0032950	NC_089045.1.g34823	NC_089045.1.g34676		NC_089045.1.g34372	NC_089045.1.g34834	NC_089045.1.g35154			4	1	
OG0032951	NC_089045.1.g34893			NC_089045.1.g34441	NC_089045.1.g34900	NC_089045.1.g35223	NC_089045.1.g34650		4	1	
OG0032952	NC_089045.1.g34895	NC_089045.1.g34743	NC_089045.1.g34659		NC_089045.1.g34901		NC_089045.1.g34651		4	1	
OG0032953	NC_089045.1.g34942	NC_089045.1.g34791		NC_089045.1.g34488		NC_089045.1.g35273		NC_089045.1.g34915	4	1	
OG0032954	NC_089045.1.g34943	NC_089045.1.g34792		NC_089045.1.g34489		NC_089045.1.g35274		NC_089045.1.g34916	4	1	
OG0032955	NC_089045.1.g35023	NC_089045.1.g34873	NC_089045.1.g34785	NC_089045.1.g34567				NC_089045.1.g34992	4	1	
OG0032956	NC_089045.1.g35070	NC_089045.1.g34921	NC_089045.1.g34841	NC_089045.1.g34620			NC_089045.1.g34828		4	1	
OG0032957	NC_089045.1.g35073			NC_089045.1.g34623	NC_089045.1.g35062	NC_089045.1.g35394		NC_089045.1.g35051	4	1	
OG0032958	NC_089045.1.g35108	NC_089045.1.g34960			NC_089045.1.g35101	NC_089045.1.g35431	NC_089045.1.g34868		4	1	
OG0032959	NC_089045.1.g35130	NC_089045.1.g34982		NC_089045.1.g34680	NC_089045.1.g35120	NC_089045.1.g35455			4	1	
OG0032960	NC_089045.1.g35202	NC_089045.1.g35053	NC_089045.1.g34966				NC_089045.1.g34972	NC_089045.1.g35191	4	1	
OG0032961	NC_089045.1.g35204		NC_089045.1.g36327	NC_089045.1.g34758	NC_089045.1.g35207	NC_089045.1.g35525			4	1	
OG0032962	NC_089045.1.g35206	NC_089045.1.g35057	NC_089045.1.g34969	NC_089045.1.g34760		NC_089045.1.g35528			4	1	
OG0032963	NC_089045.1.g35224	NC_089045.1.g35075			NC_089035.1.g1262, NC_089045.1.g35229		NC_089045.1.g34995		3	1	
OG0032964	NC_089045.1.g35243	NC_089045.1.g35094		NC_089045.1.g34797	NC_089045.1.g35250	NC_089045.1.g35562			4	1	
OG0032965	NC_089045.1.g35282	NC_089045.1.g35139	NC_089045.1.g35043		NC_089045.1.g35298		NC_089045.1.g35058		4	1	
OG0032966	NC_089045.1.g35329		NC_089045.1.g35093	NC_089045.1.g34888	NC_089045.1.g35346		NC_089045.1.g35106		4	1	
OG0032967	NC_089045.1.g35350	NC_089040.1.g21633, NC_089045.1.g35206	NC_089040.1.g21689, NC_089045.1.g35121						2	1	
OG0032968	NC_089045.1.g35408	NC_089045.1.g35276		NC_089045.1.g34971		NC_089045.1.g35754		NC_089045.1.g35410	4	1	
OG0032969	NC_089045.1.g35410		NC_089045.1.g35200	NC_089045.1.g34974		NC_089045.1.g35757	NC_089045.1.g35196		4	1	
OG0032970	NC_089045.1.g35444	NC_089045.1.g35310			NC_089045.1.g35466		NC_089045.1.g35229	NC_089045.1.g35445	4	1	
OG0032971	NC_089045.1.g35481		NC_089045.1.g35272	NC_089045.1.g35039	NC_089045.1.g35505	NC_089045.1.g35829			4	1	
OG0032972	NC_089045.1.g35485			NC_089045.1.g35043		NC_089045.1.g35835		NC_089045.1.g35485, NC_089045.1.g35494	3	1	
OG0032973	NC_089045.1.g35503		NC_089045.1.g35291	NC_089045.1.g35060		NC_089045.1.g35849		NC_089045.1.g35501	4	1	
OG0032974	NC_089045.1.g35507			NC_089045.1.g35064	NC_089045.1.g35529	NC_089045.1.g35854		NC_089045.1.g35509	4	1	
OG0032975	NC_089045.1.g35550		NC_089045.1.g35338	NC_089045.1.g35106	NC_089045.1.g35575	NC_089045.1.g35901			4	1	
OG0032976	NC_089045.1.g35554	NC_089045.1.g35414			NC_089041.1.g25449, NC_089045.1.g35579			NC_089041.1.g25368	3	1	
OG0032977	NC_089045.1.g35592	NC_089045.1.g35450		NC_089045.1.g35144		NC_089045.1.g35943		NC_089045.1.g35592	4	1	
OG0032978	NC_089045.1.g35597			NC_089045.1.g35148		NC_089045.1.g35948	NC_089045.1.g35365	NC_089045.1.g35597	4	1	
OG0032979	NC_089045.1.g35598	NC_089045.1.g35456	NC_089045.1.g35386		NC_089045.1.g35620		NC_089045.1.g35366		4	1	
OG0032980	NC_089045.1.g35631	NC_089045.1.g35492		NC_089045.1.g35182		NC_089045.1.g35984		NC_089045.1.g35633	4	1	
OG0032981	NC_089045.1.g35684			NC_089045.1.g35240		NC_089045.1.g36037	NC_089045.1.g35447	NC_089042.1.g27498	4	1	
OG0032982	NC_089045.1.g35730	NC_089045.1.g35585				NC_089045.1.g36090	NC_089045.1.g35495	NC_089045.1.g35734	4	1	
OG0032983	NC_089045.1.g35748	NC_089045.1.g35603				NC_089045.1.g36110	NC_089045.1.g35514	NC_089045.1.g35752	4	1	
OG0032984	NC_089045.1.g35789		NC_089045.1.g35572	NC_089045.1.g35342	NC_089045.1.g35816	NC_089045.1.g36147			4	1	
OG0032985	NC_089045.1.g35807		NC_089045.1.g35589	NC_089045.1.g35358	NC_089045.1.g35833			NC_089045.1.g35800	4	1	
OG0032986	NC_089045.1.g35809	NC_089045.1.g35662		NC_089045.1.g35362		NC_089045.1.g36165		NC_089045.1.g35804	4	1	
OG0032987	NC_089045.1.g35812	NC_089045.1.g35664	NC_089045.1.g35592	NC_089045.1.g35365		NC_089045.1.g36168			4	1	
OG0032988	NC_089045.1.g35857	NC_089045.1.g35705			NC_089045.1.g35875	NC_089045.1.g36216		NC_089045.1.g35847	4	1	
OG0032989	NC_089045.1.g35875	NC_089045.1.g35726		NC_089045.1.g35421		NC_089045.1.g36233		NC_089045.1.g35864	4	1	
OG0032990	NC_089045.1.g35919	NC_089045.1.g35772		NC_089045.1.g35472		NC_089045.1.g36278		NC_089045.1.g35906	4	1	
OG0032991	NC_089045.1.g35937	NC_089045.1.g35787	NC_089045.1.g35709		NC_089045.1.g35955		NC_089045.1.g35691		4	1	
OG0032992	NC_089045.1.g36004	NC_089045.1.g35852		NC_089045.1.g35560	NC_089045.1.g36024	NC_089045.1.g36367			4	1	
OG0032993	NC_089045.1.g36050	NC_089045.1.g35902		NC_089045.1.g35605	NC_089045.1.g36071	NC_089045.1.g36416			4	1	
OG0032994	NC_089045.1.g36062	NC_089045.1.g35917	NC_089045.1.g35838				NC_089045.1.g35816	NC_089045.1.g36051	4	1	
OG0032995	NC_089045.1.g36065	NC_089045.1.g35920			NC_089045.1.g36087		NC_089040.1.g21992	NC_089045.1.g36054	4	1	
OG0032996	NC_089045.1.g36073	NC_089045.1.g35926	NC_089045.1.g35846				NC_089045.1.g35825	NC_089045.1.g36060	4	1	
OG0032997	NC_089045.1.g36094		NC_089045.1.g35868	NC_089045.1.g35644	NC_089045.1.g36117		NC_089045.1.g35846		4	1	
OG0032998	NC_089045.1.g36107	NC_089045.1.g35587, NC_089045.1.g35960				NC_089045.1.g36475		NC_089045.1.g36094	3	1	
OG0032999	NC_089045.1.g36130	NC_089045.1.g35978		NC_089045.1.g35671	NC_089045.1.g36151	NC_089045.1.g36495			4	1	
OG0033000	NC_089045.1.g36131	NC_089045.1.g35979		NC_089045.1.g35673	NC_089045.1.g36152	NC_089045.1.g36496			4	1	
OG0033001	NC_089045.1.g36134	NC_089045.1.g35982	NC_089045.1.g35899				NC_089045.1.g35877	NC_089045.1.g36114	4	1	
OG0033002	NC_089045.1.g36153	NC_089041.1.g24194			NC_089041.1.g24316		NC_089041.1.g24169	NC_089041.1.g24227	4	1	
OG0033003	NC_089045.1.g36161	NC_089045.1.g36011	NC_089045.1.g35923	NC_089045.1.g35702			NC_089045.1.g35901		4	1	
OG0033004	NC_089045.1.g36170	NC_089045.1.g36019	NC_089045.1.g35932	NC_089045.1.g35712			NC_089045.1.g35908		4	1	
OG0033005	NC_089045.1.g36185	NC_089045.1.g36034		NC_089045.1.g35729	NC_089045.1.g36205	NC_089045.1.g36549			4	1	
OG0033006	NC_089045.1.g36197	NC_089045.1.g36047		NC_089045.1.g35742	NC_089045.1.g36219			NC_089045.1.g36171	4	1	
OG0033007	NC_089045.1.g36202		NC_089045.1.g35964	NC_089045.1.g35747	NC_089045.1.g36226	NC_089045.1.g36568			4	1	
OG0033008	NC_089045.1.g36245		NC_089045.1.g36010	NC_089045.1.g35788		NC_089045.1.g36611		NC_089045.1.g36217	4	1	
OG0033009	NC_089045.1.g36256		NC_089045.1.g36019			NC_089045.1.g36624	NC_089045.1.g35996	NC_089045.1.g36231	4	1	
OG0033010	NC_089045.1.g36315	NC_089045.1.g36159	NC_089045.1.g36080		NC_089045.1.g36341		NC_089045.1.g36058		4	1	
OG0033011	NC_089045.1.g36320	NC_089045.1.g36163		NC_089045.1.g35863	NC_089045.1.g36346	NC_089045.1.g36693			4	1	
OG0033012	NC_089045.1.g36361		NC_089045.1.g36128		NC_089045.1.g36390	NC_089045.1.g36734		NC_089045.1.g36341	4	1	
OG0033013	NC_089045.1.g36414	NC_089045.1.g35984		NC_089045.1.g35956		NC_089045.1.g36785		NC_089045.1.g36389	4	1	
OG0033014	NC_089045.1.g36458		NC_089045.1.g36241		NC_089045.1.g36503		NC_089045.1.g36199	NC_089045.1.g36433	4	1	
OG0033015	NC_089045.1.g36470		NC_089045.1.g36252	NC_089045.1.g36006		NC_089045.1.g36835		NC_089045.1.g36444	4	1	
OG0033016	NC_089045.1.g36487		NC_089045.1.g36270	NC_089045.1.g36024	NC_089045.1.g36532	NC_089045.1.g36855			4	1	
OG0033017	NC_089045.1.g36490			NC_089045.1.g36027		NC_089045.1.g36858	NC_089045.1.g36230	NC_089045.1.g36462	4	1	
OG0033018	NC_089045.1.g36507			NC_089045.1.g36042	NC_089045.1.g36552	NC_089045.1.g36873	NC_089045.1.g36246		4	1	
OG0033019	NC_089045.1.g36510	NC_089045.1.g36363		NC_089045.1.g36044	NC_089045.1.g36555		NC_089045.1.g36248		4	1	
OG0033020	NC_089045.1.g36516	NC_089045.1.g36369		NC_089045.1.g36048			NC_089045.1.g36255	NC_089045.1.g36484	4	1	
OG0033021	NC_089045.1.g36541				NC_089037.1.g12132, NC_089045.1.g36586	NC_089045.1.g36907		NC_089037.1.g11584	3	1	
OG0033022	NC_089045.1.g36561	NC_089045.1.g36408		NC_089045.1.g36089		NC_089045.1.g36926		NC_089045.1.g36524	4	1	
OG0033023	NC_089045.1.g36591	NC_089045.1.g36440	NC_089045.1.g36369				NC_089045.1.g36331	NC_089045.1.g36553	4	1	
OG0033024	NC_089045.1.g36593	NC_089045.1.g36442	NC_089045.1.g36371				NC_089045.1.g36334	NC_089045.1.g36555	4	1	
OG0033026	NC_089045.1.g36677	NC_089045.1.g36524	NC_089045.1.g36458		NC_089045.1.g36713		NC_089045.1.g36421		4	1	
OG0033027	NC_089045.1.g36697			NC_089045.1.g36216		NC_089045.1.g37052	NC_089045.1.g36441	NC_089045.1.g36656	4	1	
OG0033028	NC_089045.1.g36699			NC_089045.1.g36218		NC_089045.1.g37054	NC_089045.1.g36443	NC_089045.1.g36658	4	1	
OG0033029	NC_089045.1.g36726			NC_089045.1.g36242		NC_089045.1.g37081	NC_089045.1.g36469	NC_089045.1.g36680	4	1	
OG0033030	NC_089045.1.g36733	NC_089045.1.g36581			NC_089045.1.g36769	NC_089045.1.g37088	NC_089045.1.g36476		4	1	
OG0033031	NC_089045.1.g36757			NC_089045.1.g36272		NC_089045.1.g37113	NC_089045.1.g36505	NC_089045.1.g36712	4	1	
OG0033032	NC_089045.1.g36785			NC_089045.1.g36294		NC_089045.1.g37134	NC_089045.1.g36529	NC_089045.1.g36737	4	1	
OG0033033	NC_089045.1.g36787	NC_089045.1.g36628	NC_089045.1.g36554				NC_089045.1.g36531	NC_089045.1.g36739	4	1	
OG0033034	NC_089045.1.g36789			NC_089045.1.g36297		NC_089045.1.g37137	NC_089045.1.g36533	NC_089045.1.g36741	4	1	
OG0033035	NC_089045.1.g36791			NC_089045.1.g36299		NC_089045.1.g37139	NC_089045.1.g36535	NC_089045.1.g36743	4	1	
OG0033036	NC_089045.1.g36798			NC_089045.1.g36306		NC_089045.1.g37148	NC_089045.1.g36543	NC_089045.1.g36751	4	1	
OG0033037	NC_089045.1.g36828	NC_089045.1.g36673	NC_089045.1.g36595			NC_089045.1.g37179	NC_089045.1.g36572		4	1	
OG0033038	NC_089045.1.g36858			NC_089045.1.g36363	NC_089045.1.g36895		NC_089045.1.g36604	NC_089045.1.g36820	4	1	
OG0033039	NC_089045.1.g36889	NC_089045.1.g36741	NC_089045.1.g36664	NC_089045.1.g36398			NC_089045.1.g36640		4	1	
OG0033040	NC_089045.1.g36988	NC_089045.1.g36839			NC_089045.1.g37015	NC_089045.1.g37355		NC_089045.1.g36947	4	1	
OG0033041	NC_089045.1.g37025	NC_089045.1.g36877			NC_089045.1.g37052		NC_089045.1.g36773	NC_089045.1.g36985	4	1	
OG0033042	NC_089045.1.g37035	NC_089045.1.g36887		NC_089045.1.g36544	NC_089045.1.g37063	NC_089045.1.g37407			4	1	
OG0033043	NC_089045.1.g37055	NC_089045.1.g36904		NC_089045.1.g36558	NC_089045.1.g37080	NC_089045.1.g37423			4	1	
OG0033044	NC_089045.1.g37077			NC_089045.1.g36573	NC_089045.1.g37098	NC_089045.1.g37439	NC_089045.1.g36820		4	1	
OG0033045	NC_089045.1.g37116			NC_089045.1.g36603	NC_089045.1.g37130	NC_089045.1.g37475		NC_089045.1.g37063	4	1	
OG0033046	NC_089045.1.g37121	NC_089045.1.g36951	NC_089045.1.g36881			NC_089045.1.g37480	NC_089045.1.g36866		4	1	
OG0033047	NC_089045.1.g37134	NC_089045.1.g36964	NC_089045.1.g36896			NC_089045.1.g37492		NC_089045.1.g37078	4	1	
OG0033048	NC_089045.1.g37171	NC_089045.1.g37005	NC_089045.1.g36933		NC_089045.1.g37182		NC_089045.1.g36923		4	1	
OG0033049	NC_089045.1.g37289	NC_089045.1.g37121	NC_089045.1.g37052			NC_089045.1.g37649		NC_089045.1.g37229	4	1	
OG0033050	NC_089046.1.g37345	NC_089046.1.g37178	NC_089046.1.g37106	NC_089046.1.g36809			NC_089046.1.g37077		4	1	
OG0033051	NC_089046.1.g37580			NC_089046.1.g37043	NC_089046.1.g37592		NC_089046.1.g37312	NC_089046.1.g37517	4	1	
OG0033052	NC_089046.1.g37608	NC_089046.1.g37442	NC_089046.1.g37369			NC_089046.1.g37964		NC_089046.1.g37548	4	1	
OG0033053	NC_089046.1.g37626		NC_089046.1.g37386	NC_089046.1.g37089	NC_089046.1.g37638			NC_089046.1.g37563	4	1	
OG0033054	NC_089046.1.g37628	NC_089046.1.g37457		NC_089046.1.g37091	NC_089046.1.g37640		NC_089046.1.g37355		4	1	
OG0033055	NC_089046.1.g37757		NC_089046.1.g37526			NC_089046.1.g38124	NC_089046.1.g37490	NC_089046.1.g37701	4	1	
OG0033056	NC_089046.1.g37898			NC_089046.1.g37360	NC_089046.1.g37925	NC_089046.1.g38270		NC_089045.1.g36092	4	1	
OG0033057	NC_089046.1.g37937	NC_089046.1.g37774		NC_089046.1.g37398		NC_089046.1.g38310	NC_089046.1.g37678		4	1	
OG0033058	NC_089046.1.g38011		NC_089046.1.g37780	NC_089046.1.g37465		NC_089046.1.g38381	NC_089046.1.g37746		4	1	
OG0033059	NC_089046.1.g38032		NC_089046.1.g37800		NC_089046.1.g38058	NC_089046.1.g38401	NC_089046.1.g37767		4	1	
OG0033060	NC_089046.1.g38082		NC_089046.1.g37851	NC_089046.1.g37553		NC_089046.1.g38464		NC_089046.1.g38029	4	1	
OG0033061	NC_089046.1.g38087			NC_089046.1.g37557	NC_089046.1.g38113	NC_089046.1.g38469	NC_089046.1.g37825		4	1	
OG0033063	NC_089046.1.g38117		NC_089046.1.g37883		NC_089046.1.g38142		NC_089046.1.g37850	NC_089046.1.g38063	4	1	
OG0033064	NC_089046.1.g38125			NC_089046.1.g37588	NC_089046.1.g38148	NC_089046.1.g38502		NC_089046.1.g38070	4	1	
OG0033065	NC_089046.1.g38129			NC_089046.1.g37592	NC_089046.1.g38150	NC_089046.1.g38504		NC_089046.1.g38072	4	1	
OG0033066	NC_089046.1.g38161	NC_089046.1.g38001			NC_089046.1.g38188		NC_089046.1.g37891	NC_089046.1.g38108	4	1	
OG0033067	NC_089046.1.g38202	NC_089046.1.g38043				NC_089046.1.g38582	NC_089046.1.g37932	NC_089046.1.g38148	4	1	
OG0033068	NC_089046.1.g38203	NC_089046.1.g38045		NC_089046.1.g37664			NC_089046.1.g37933	NC_089046.1.g38149	4	1	
OG0033069	NC_089046.1.g38224	NC_089046.1.g38063				NC_089046.1.g38600	NC_089046.1.g37952	NC_089046.1.g38167	4	1	
OG0033070	NC_089046.1.g38261	NC_089046.1.g38104	NC_089046.1.g38030	NC_089046.1.g37721			NC_089046.1.g37997		4	1	
OG0033071	NC_089046.1.g38269		NC_089046.1.g38038	NC_089046.1.g37731	NC_089046.1.g38303	NC_089046.1.g38645			4	1	
OG0033072	NC_089046.1.g38276	NC_089046.1.g38118		NC_089046.1.g37740		NC_089046.1.g38653	NC_089046.1.g38014		4	1	
OG0033073	NC_089046.1.g38299	NC_089046.1.g38139	NC_089046.1.g38065	NC_089046.1.g37761		NC_089046.1.g38675			4	1	
OG0033074	NC_089046.1.g38305	NC_089046.1.g38145			NC_089046.1.g38332	NC_089046.1.g38681		NC_089046.1.g38241	4	1	
OG0033075	NC_089046.1.g38306	NC_089046.1.g38147	NC_089046.1.g38072	NC_089046.1.g37766				NC_089046.1.g38243	4	1	
OG0033076	NC_089046.1.g38333	NC_089046.1.g38179		NC_089046.1.g37790	NC_089046.1.g38356	NC_089046.1.g38709			4	1	
OG0033077	NC_089046.1.g38372			NC_089046.1.g37829		NC_089046.1.g38750	NC_089046.1.g38098	NC_089046.1.g38303	4	1	
OG0033078	NC_089046.1.g38384	NC_089046.1.g38233	NC_089046.1.g38152	NC_089046.1.g37840		NC_089046.1.g38762			4	1	
OG0033079	NC_089046.1.g38397	NC_089046.1.g38250		NC_089046.1.g37856	NC_089046.1.g38425		NC_089046.1.g38123		4	1	
OG0033080	NC_089046.1.g38405	NC_089046.1.g38258	NC_089046.1.g38170	NC_089046.1.g37862	NC_089046.1.g38434				4	1	
OG0033081	NC_089046.1.g38420			NC_089046.1.g37880		NC_089046.1.g38803	NC_089046.1.g38146	NC_089046.1.g38351	4	1	
OG0033082	NC_089046.1.g38460			NC_089046.1.g37916		NC_089046.1.g38841	NC_089046.1.g38177	NC_089046.1.g38389	4	1	
OG0033083	NC_089046.1.g38483			NC_089046.1.g37779	NC_089046.1.g38518	NC_089046.1.g38696	NC_089046.1.g38051		4	1	
OG0033084	NC_089046.1.g38507	NC_089046.1.g38358		NC_089046.1.g37965	NC_089046.1.g38542	NC_089046.1.g38885			4	1	
OG0033085	NC_089046.1.g38515		NC_089046.1.g38013, NC_089046.1.g38270		NC_089046.1.g37930		NC_089046.1.g38226		3	1	
OG0033086	NC_089046.1.g38531	NC_089040.1.g22978, NC_089046.1.g38380			NC_089046.1.g38568			NC_089040.1.g23035	3	1	
OG0033087	NC_089046.1.g38544	NC_089046.1.g38392		NC_089046.1.g37995	NC_089046.1.g38581	NC_089046.1.g38918			4	1	
OG0033088	NC_089046.1.g38560			NC_089046.1.g38013		NC_089046.1.g38935	NC_089046.1.g38269	NC_089046.1.g38484	4	1	
OG0033089	NC_089046.1.g38575			NC_089044.1.g32384, NC_089046.1.g38026		NC_089046.1.g38949	NC_089046.1.g38282		3	1	
OG0033090	NC_089046.1.g38580	NC_089046.1.g38426		NC_089046.1.g38031		NC_089046.1.g38955	NC_089046.1.g38287		4	1	
OG0033091	NC_089046.1.g38593	NC_089046.1.g38443			NC_089046.1.g38633	NC_089046.1.g38973		NC_089046.1.g38521	4	1	
OG0033092	NC_089046.1.g38646			NC_089046.1.g38102		NC_089046.1.g39034	NC_089046.1.g38352	NC_089046.1.g38578	4	1	
OG0033093	NC_089046.1.g38655	NC_089046.1.g38504			NC_089046.1.g38700		NC_089046.1.g38362	NC_089046.1.g38585	4	1	
OG0033094	NC_089046.1.g38665	NC_089046.1.g38516			NC_089046.1.g38711		NC_089046.1.g38373	NC_089046.1.g38597	4	1	
OG0033095	NC_089046.1.g38686	NC_089046.1.g38543, NC_089046.1.g38547			NC_089046.1.g38736	NC_089046.1.g39082			3	1	
OG0033096	NC_089046.1.g38692		NC_089046.1.g38454			NC_089046.1.g39088	NC_089046.1.g38404	NC_089046.1.g38626	4	1	
OG0033097	NC_089046.1.g38738		NC_089046.1.g38508			NC_089046.1.g39142	NC_089046.1.g38456	NC_089046.1.g38682	4	1	
OG0033098	NC_089046.1.g38748	NC_089046.1.g38603	NC_089046.1.g38519		NC_089046.1.g38793			NC_089046.1.g38693	4	1	
OG0033099	NC_089046.1.g38779	NC_089046.1.g38636	NC_089046.1.g38548			NC_089046.1.g39185		NC_089046.1.g38726	4	1	
OG0033100	NC_089046.1.g38822	NC_089046.1.g38682	NC_089046.1.g38591			NC_089046.1.g39232	NC_089046.1.g38544		4	1	
OG0033101	NC_089046.1.g38886		NC_089046.1.g38651		NC_089046.1.g38938	NC_089046.1.g39291	NC_089046.1.g38608		4	1	
OG0033102	NC_089046.1.g38903	NC_089046.1.g38763	NC_089046.1.g38669	NC_089046.1.g38366			NC_089046.1.g38625		4	1	
OG0033103	NC_089046.1.g38906	NC_089046.1.g38766		NC_089046.1.g38370		NC_089046.1.g39314		NC_089046.1.g38848	4	1	
OG0033104	NC_089046.1.g39023	NC_089046.1.g38894		NC_089046.1.g38488	NC_089046.1.g39082		NC_089046.1.g38752		4	1	
OG0033105	NC_089046.1.g39037	NC_089046.1.g38906		NC_089046.1.g38501	NC_089046.1.g39094			NC_089046.1.g38987	4	1	
OG0033106	NC_089046.1.g39067	NC_089046.1.g38929		NC_089046.1.g38524	NC_089046.1.g39121	NC_089046.1.g39480			4	1	
OG0033107	NC_089046.1.g39114	NC_089046.1.g38977			NC_089046.1.g39160	NC_089046.1.g39526	NC_089046.1.g38833		4	1	
OG0033108	NC_089046.1.g39178	NC_089046.1.g39039	NC_089046.1.g38939	NC_089046.1.g38630		NC_089046.1.g39593			4	1	
OG0033109	NC_089046.1.g39182			NC_089046.1.g38634		NC_089046.1.g39595	NC_089046.1.g38903	NC_089046.1.g39131	4	1	
OG0033110	NC_089046.1.g39213	NC_089046.1.g39072		NC_089046.1.g38666			NC_089046.1.g38935	NC_089046.1.g39161	4	1	
OG0033111	NC_089046.1.g39218	NC_089046.1.g39077	NC_089046.1.g38976	NC_089046.1.g38670		NC_089046.1.g39631			4	1	
OG0033112	NC_089046.1.g39223	NC_089046.1.g39083		NC_089046.1.g38673		NC_089046.1.g39636		NC_089046.1.g39170	4	1	
OG0033113	NC_089046.1.g39266	NC_089046.1.g39129		NC_089046.1.g38718		NC_089046.1.g39681	NC_089046.1.g38989		4	1	
OG0033114	NC_089046.1.g39311	NC_089046.1.g39183	NC_089046.1.g39078	NC_089046.1.g38769		NC_089046.1.g39733			4	1	
OG0033115	NC_089046.1.g39382	NC_089046.1.g39250	NC_089046.1.g39145		NC_089046.1.g39437		NC_089046.1.g39106		4	1	
OG0033116	NC_089046.1.g39426		NC_089039.1.g19834		NC_089036.1.g7139, NC_089043.1.g31009		NC_089043.1.g30814		3	1	
OG0033117	NC_089046.1.g39452	NC_089046.1.g39325	NC_089046.1.g39219	NC_089046.1.g38908	NC_089046.1.g39514				4	1	
OG0033118	NC_089046.1.g39475	NC_089046.1.g39346	NC_089046.1.g39240	NC_089046.1.g38928	NC_089046.1.g39535				4	1	
OG0033119	NC_089046.1.g39539	NC_089046.1.g39410	NC_089046.1.g39302	NC_089046.1.g38990			NC_089046.1.g39261		4	1	
OG0033120	NC_089046.1.g39568		NC_089046.1.g39334			NC_089046.1.g39986	NC_089046.1.g39293	NC_089046.1.g39518	4	1	
OG0033121	NC_089046.1.g39586	NC_089046.1.g39459		NC_089046.1.g39039		NC_089046.1.g40005		NC_089046.1.g39536	4	1	
OG0033122	NC_089046.1.g39672	NC_089046.1.g39540		NC_089046.1.g39116		NC_089046.1.g40084		NC_089046.1.g39615	4	1	
OG0033123		NC_089035.1.g46, NC_089043.1.g31654	NC_089043.1.g31635	NC_089043.1.g31383			NC_089043.1.g31575		4	0	
OG0033124		NC_089035.1.g316	NC_089035.1.g308	NC_089035.1.g321		NC_089035.1.g326		NC_089035.1.g316	5	0	
OG0033125		NC_089035.1.g486	NC_089035.1.g467		NC_089035.1.g467		NC_089035.1.g469	NC_089035.1.g474	5	0	
OG0033126		NC_089035.1.g490		NC_089035.1.g491	NC_089035.1.g471	NC_089035.1.g504	NC_089035.1.g473		5	0	
OG0033127		NC_089035.1.g597	NC_089035.1.g572		NC_089035.1.g572		NC_089035.1.g574	NC_089035.1.g581	5	0	
OG0033128		NC_089035.1.g619		NC_089035.1.g615		NC_089035.1.g629	NC_089035.1.g594	NC_089035.1.g603	5	0	
OG0033129		NC_089035.1.g671	NC_089035.1.g644		NC_089035.1.g645		NC_089035.1.g646	NC_089035.1.g654	5	0	
OG0033130		NC_089035.1.g685	NC_089035.1.g659		NC_089035.1.g658		NC_089035.1.g659	NC_089035.1.g668	5	0	
OG0033131		NC_089035.1.g718		NC_089035.1.g716		NC_089035.1.g729	NC_089035.1.g691	NC_089035.1.g699	5	0	
OG0033132		NC_089035.1.g728	NC_089035.1.g700		NC_089035.1.g698		NC_089035.1.g701	NC_089035.1.g709	5	0	
OG0033133		NC_089035.1.g768	NC_089035.1.g736		NC_089035.1.g741		NC_089035.1.g741	NC_089035.1.g748	5	0	
OG0033134		NC_089035.1.g803		NC_089035.1.g801		NC_089035.1.g814	NC_089035.1.g777	NC_089035.1.g785	5	0	
OG0033135		NC_089035.1.g1000	NC_089035.1.g971		NC_089035.1.g975		NC_089035.1.g972	NC_089035.1.g975	5	0	
OG0033136		NC_089035.1.g1038	NC_089035.1.g1007		NC_089035.1.g1013		NC_089035.1.g1010	NC_089035.1.g1011	5	0	
OG0033137		NC_089035.1.g1282	NC_089035.1.g1243		NC_089035.1.g1256		NC_089035.1.g1253	NC_089035.1.g1256	5	0	
OG0033138		NC_089035.1.g1288, NC_089036.1.g8846, NC_089045.1.g35074	NC_089035.1.g1248		NC_089036.1.g8838				3	0	
OG0033139		NC_089035.1.g1338	NC_089035.1.g1299		NC_089035.1.g1314		NC_089035.1.g1308	NC_089035.1.g1311	5	0	
OG0033140		NC_089035.1.g1386	NC_089035.1.g1347		NC_089035.1.g1362		NC_089035.1.g1355	NC_089035.1.g1359	5	0	
OG0033141		NC_089035.1.g1431	NC_089035.1.g1396		NC_089035.1.g1409		NC_089035.1.g1397	NC_089035.1.g1407	5	0	
OG0033142		NC_089035.1.g1475		NC_089035.1.g1454		NC_089035.1.g1482	NC_089035.1.g1440	NC_089035.1.g1453	5	0	
OG0033143		NC_089035.1.g1508		NC_089035.1.g1489		NC_089035.1.g1515	NC_089035.1.g1472	NC_089035.1.g1482	5	0	
OG0033144		NC_089035.1.g1523		NC_089035.1.g1504	NC_089035.1.g1500	NC_089035.1.g1531	NC_089035.1.g1485		5	0	
OG0033145		NC_089035.1.g1537	NC_089035.1.g1507	NC_089035.1.g1519		NC_089035.1.g1547	NC_089035.1.g1500		5	0	
OG0033146		NC_089035.1.g1588	NC_089035.1.g1563		NC_089035.1.g1566		NC_089035.1.g1556	NC_089035.1.g1562	5	0	
OG0033147		NC_089035.1.g1623	NC_089035.1.g1596		NC_089035.1.g1601		NC_089035.1.g1590	NC_089035.1.g1593	5	0	
OG0033148		NC_089035.1.g1642	NC_089035.1.g1618		NC_089035.1.g1621		NC_089035.1.g1607	NC_089035.1.g1611	5	0	
OG0033149		NC_089035.1.g1676		NC_089035.1.g1662, NC_089036.1.g9163	NC_089035.1.g1657	NC_089035.1.g1699			4	0	
OG0033150		NC_089035.1.g1723	NC_089035.1.g1708		NC_089035.1.g1702		NC_089035.1.g1687	NC_089035.1.g1700	5	0	
OG0033151		NC_089035.1.g1778			NC_089035.1.g1757	NC_089035.1.g1804	NC_089035.1.g1745	NC_089035.1.g1760	5	0	
OG0033152		NC_089035.1.g1831	NC_089035.1.g1815		NC_089035.1.g1812		NC_089035.1.g1798	NC_089035.1.g1815	5	0	
OG0033153		NC_089035.1.g1836	NC_089035.1.g1820		NC_089035.1.g1817		NC_089035.1.g1803	NC_089035.1.g1820	5	0	
OG0033154		NC_089035.1.g1923	NC_089035.1.g1904	NC_089035.1.g1906	NC_089035.1.g1909	NC_089035.1.g1953			5	0	
OG0033155		NC_089035.1.g1924	NC_089035.1.g1905	NC_089035.1.g1907	NC_089035.1.g1910	NC_089035.1.g1954			5	0	
OG0033156		NC_089035.1.g1944		NC_089035.1.g1893, NC_089035.1.g1929	NC_089035.1.g1933			NC_089035.1.g1931	4	0	
OG0033157		NC_089035.1.g1978	NC_089035.1.g1954		NC_089035.1.g1968		NC_089035.1.g1948	NC_089035.1.g1959	5	0	
OG0033158		NC_089035.1.g1991	NC_089035.1.g1969		NC_089035.1.g1983		NC_089035.1.g1963	NC_089035.1.g1974	5	0	
OG0033159		NC_089035.1.g2002		NC_089035.1.g1990	NC_089035.1.g1994	NC_089035.1.g2037		NC_089035.1.g1983	5	0	
OG0033160		NC_089035.1.g2040	NC_089035.1.g2020		NC_089035.1.g2034		NC_089035.1.g2017	NC_089035.1.g2020	5	0	
OG0033161		NC_089035.1.g2049	NC_089035.1.g2029		NC_089035.1.g2044		NC_089035.1.g2027	NC_089035.1.g2028	5	0	
OG0033162		NC_089035.1.g2077	NC_089035.1.g2056		NC_089035.1.g2072	NC_089035.1.g2117	NC_089035.1.g2058		5	0	
OG0033163		NC_089035.1.g2238	NC_089035.1.g2227	NC_089035.1.g2223	NC_089035.1.g2233			NC_089035.1.g2211	5	0	
OG0033164		NC_089035.1.g2305	NC_089035.1.g2299		NC_089035.1.g2305		NC_089035.1.g2293	NC_089035.1.g2284	5	0	
OG0033165		NC_089035.1.g2427	NC_089035.1.g2430		NC_089035.1.g2421		NC_089035.1.g2428	NC_089035.1.g2408	5	0	
OG0033166		NC_089035.1.g2432	NC_089035.1.g2435		NC_089035.1.g2426		NC_089035.1.g2433	NC_089035.1.g2413	5	0	
OG0033167		NC_089035.1.g2434	NC_089035.1.g2438		NC_089035.1.g2428		NC_089035.1.g2436	NC_089035.1.g2415	5	0	
OG0033168		NC_089035.1.g2465	NC_089035.1.g2467	NC_089035.1.g2458	NC_089035.1.g2461	NC_089035.1.g2512			5	0	
OG0033169		NC_089035.1.g2595	NC_089035.1.g2597		NC_089035.1.g2587		NC_089035.1.g2589	NC_089035.1.g2569	5	0	
OG0033170		NC_089035.1.g2662	NC_089035.1.g2666			NC_089035.1.g2699	NC_089035.1.g2653	NC_089035.1.g2634	5	0	
OG0033171		NC_089035.1.g2757	NC_089035.1.g2760		NC_089035.1.g2753		NC_089035.1.g2747	NC_089035.1.g2733	5	0	
OG0033172		NC_089035.1.g2773	NC_089035.1.g2776		NC_089035.1.g2769		NC_089035.1.g2764	NC_089035.1.g2749	5	0	
OG0033173		NC_089035.1.g2777	NC_089035.1.g2780		NC_089035.1.g2773		NC_089035.1.g2768	NC_089035.1.g2753	5	0	
OG0033174		NC_089035.1.g2840	NC_089035.1.g2847	NC_089035.1.g2813		NC_089035.1.g2878		NC_089035.1.g2820	5	0	
OG0033175		NC_089035.1.g3015	NC_089035.1.g3012			NC_089040.1.g22585, NC_089041.1.g24204		NC_089035.1.g2987	4	0	
OG0033176		NC_089035.1.g3072	NC_089035.1.g3073		NC_089035.1.g3065		NC_089035.1.g3054	NC_089035.1.g3044	5	0	
OG0033177		NC_089035.1.g3100	NC_089035.1.g3100		NC_089035.1.g3093		NC_089035.1.g3082	NC_089035.1.g3071	5	0	
OG0033178		NC_089035.1.g3134			NC_089035.1.g3127	NC_089035.1.g3166	NC_089035.1.g3115	NC_089035.1.g3105	5	0	
OG0033179		NC_089035.1.g3135			NC_089035.1.g3128	NC_089035.1.g3167	NC_089035.1.g3116	NC_089035.1.g3106	5	0	
OG0033180		NC_089035.1.g3168	NC_089035.1.g3170			NC_089035.1.g3202	NC_089035.1.g3153	NC_089035.1.g3140	5	0	
OG0033181		NC_089035.1.g3200	NC_089035.1.g3202		NC_089035.1.g3197		NC_089035.1.g3184	NC_089035.1.g3173	5	0	
OG0033182		NC_089035.1.g3218	NC_089035.1.g3222		NC_089035.1.g3213		NC_089035.1.g3202	NC_089035.1.g3194	5	0	
OG0033183		NC_089035.1.g3223		NC_089035.1.g3177	NC_089035.1.g3218	NC_089045.1.g36383	NC_089035.1.g3207		5	0	
OG0033184		NC_089035.1.g3424	NC_089035.1.g3422		NC_089035.1.g3414		NC_089035.1.g3404	NC_089035.1.g3396	5	0	
OG0033185		NC_089035.1.g3590	NC_089035.1.g3588		NC_089035.1.g3583		NC_089035.1.g3565	NC_089035.1.g3565	5	0	
OG0033186		NC_089035.1.g3612		NC_089035.1.g3553	NC_089035.1.g3605	NC_089035.1.g3650		NC_089035.1.g3588	5	0	
OG0033187		NC_089035.1.g3623	NC_089035.1.g3620		NC_089035.1.g3614		NC_089035.1.g3595	NC_089035.1.g3598	5	0	
OG0033188		NC_089035.1.g3659	NC_089035.1.g3657		NC_089035.1.g3648	NC_089035.1.g3696		NC_089035.1.g3634	5	0	
OG0033189		NC_089035.1.g3706	NC_089035.1.g3704	NC_089035.1.g3645		NC_089035.1.g3746		NC_089035.1.g3682	5	0	
OG0033190		NC_089035.1.g3892	NC_089035.1.g3895		NC_089035.1.g3879	NC_089035.1.g3943		NC_089035.1.g3866	5	0	
OG0033191		NC_089035.1.g3904	NC_089035.1.g3909		NC_089035.1.g3893		NC_089035.1.g3870	NC_089035.1.g3879	5	0	
OG0033192		NC_089035.1.g4005	NC_089035.1.g4017		NC_089035.1.g3995		NC_089035.1.g3970	NC_089035.1.g3983	5	0	
OG0033193		NC_089035.1.g4026	NC_089035.1.g4042	NC_089035.1.g3978	NC_089035.1.g4020		NC_089035.1.g3994		5	0	
OG0033194		NC_089035.1.g4132	NC_089035.1.g4149	NC_089035.1.g4085	NC_089035.1.g4131		NC_089035.1.g4101		5	0	
OG0033195		NC_089035.1.g4660	NC_089037.1.g12669	NC_089035.1.g4594	NC_089037.1.g12671		NC_089037.1.g12654		5	0	
OG0033196		NC_089035.1.g4713	NC_089035.1.g4724		NC_089035.1.g4707		NC_089035.1.g4681	NC_089035.1.g4687	5	0	
OG0033197		NC_089035.1.g4749	NC_089035.1.g4758		NC_089035.1.g4744		NC_089035.1.g4718	NC_089035.1.g4724	5	0	
OG0033198		NC_089035.1.g4760	NC_089035.1.g4769		NC_089035.1.g4755		NC_089035.1.g4729	NC_089035.1.g4736	5	0	
OG0033199		NC_089035.1.g4894	NC_089035.1.g4899		NC_089035.1.g4888		NC_089035.1.g4861	NC_089035.1.g4869	5	0	
OG0033200		NC_089035.1.g5035	NC_089035.1.g5037		NC_089035.1.g5031		NC_089035.1.g5004	NC_089035.1.g5012	5	0	
OG0033201		NC_089035.1.g5042		NC_089035.1.g4982	NC_089035.1.g5039		NC_089035.1.g5011	NC_089035.1.g5020	5	0	
OG0033202		NC_089035.1.g5190			NC_089035.1.g5190	NC_089035.1.g5248	NC_089035.1.g5151	NC_089035.1.g5166	5	0	
OG0033203		NC_089035.1.g5248	NC_089035.1.g5249		NC_089035.1.g5248		NC_089035.1.g5209	NC_089035.1.g5224	5	0	
OG0033204		NC_089036.1.g5600	NC_089036.1.g5610		NC_089036.1.g5602		NC_089036.1.g5563	NC_089036.1.g5573	5	0	
OG0033205		NC_089036.1.g5605	NC_089036.1.g5616		NC_089036.1.g5608		NC_089036.1.g5568	NC_089036.1.g5579	5	0	
OG0033206		NC_089036.1.g5624	NC_089036.1.g5634		NC_089036.1.g5627		NC_089036.1.g5590	NC_089036.1.g5599	5	0	
OG0033207		NC_089036.1.g5650	NC_089036.1.g5660		NC_089036.1.g5654		NC_089036.1.g5619	NC_089036.1.g5627	5	0	
OG0033208		NC_089036.1.g5762		NC_089036.1.g5708	NC_089036.1.g5762	NC_089036.1.g5822		NC_089036.1.g5767	5	0	
OG0033209		NC_089036.1.g5863	NC_089036.1.g5872		NC_089036.1.g5861		NC_089036.1.g5824	NC_089036.1.g5867	5	0	
OG0033210		NC_089036.1.g5909		NC_089036.1.g5849		NC_089036.1.g5967	NC_089036.1.g5870	NC_089036.1.g5914	5	0	
OG0033211		NC_089036.1.g6026	NC_089036.1.g6041		NC_089036.1.g6028		NC_089036.1.g5993	NC_089036.1.g6040	5	0	
OG0033212		NC_089036.1.g6058	NC_089036.1.g6073		NC_089036.1.g6059		NC_089036.1.g6026	NC_089036.1.g6072	5	0	
OG0033213		NC_089036.1.g6084	NC_089036.1.g6099	NC_089036.1.g6034			NC_089036.1.g6051	NC_089036.1.g6098	5	0	
OG0033214		NC_089036.1.g6094	NC_089036.1.g6109		NC_089036.1.g6094		NC_089036.1.g6060	NC_089036.1.g6108	5	0	
OG0033215		NC_089036.1.g6102	NC_089036.1.g6117		NC_089036.1.g6102		NC_089036.1.g6068	NC_089036.1.g6116	5	0	
OG0033216		NC_089036.1.g6118	NC_089036.1.g6135		NC_089036.1.g6120		NC_089036.1.g6082	NC_089036.1.g6133	5	0	
OG0033217		NC_089036.1.g6142	NC_089036.1.g6158		NC_089036.1.g6143		NC_089036.1.g6102	NC_089036.1.g6153	5	0	
OG0033218		NC_089036.1.g6150	NC_089036.1.g6168	NC_089036.1.g6098		NC_089036.1.g6222		NC_089036.1.g6163	5	0	
OG0033219		NC_089036.1.g6232	NC_089036.1.g6250		NC_089036.1.g6233		NC_089036.1.g6196	NC_089036.1.g6246	5	0	
OG0033220		NC_089036.1.g6286	NC_089036.1.g6305		NC_089036.1.g6290		NC_089036.1.g6257	NC_089036.1.g6302	5	0	
OG0033221		NC_089036.1.g6314	NC_089036.1.g6330		NC_089036.1.g6317	NC_089036.1.g6398		NC_089036.1.g6330	5	0	
OG0033222		NC_089036.1.g6417			NC_089036.1.g6415	NC_089036.1.g6506	NC_089036.1.g6383	NC_089036.1.g6435	5	0	
OG0033223		NC_089036.1.g6424	NC_089036.1.g6430	NC_089036.1.g6375	NC_089036.1.g6422	NC_089036.1.g6513			5	0	
OG0033224		NC_089036.1.g6435		NC_089036.1.g6388		NC_089036.1.g6530	NC_089036.1.g6405	NC_089036.1.g6455	5	0	
OG0033225		NC_089036.1.g6543	NC_089036.1.g6561	NC_089036.1.g6503			NC_089036.1.g6528	NC_089036.1.g6575	5	0	
OG0033226		NC_089036.1.g6575		NC_089036.1.g6536	NC_089036.1.g6585	NC_089036.1.g6686	NC_089036.1.g6558		5	0	
OG0033227		NC_089036.1.g6614	NC_089036.1.g6630			NC_089036.1.g6727	NC_089036.1.g6596	NC_089036.1.g6646	5	0	
OG0033228		NC_089036.1.g6615	NC_089036.1.g6631		NC_089036.1.g6628		NC_089036.1.g6597	NC_089036.1.g6647	5	0	
OG0033229		NC_089036.1.g6624	NC_089036.1.g6639		NC_089036.1.g6637		NC_089036.1.g6607	NC_089036.1.g6658	5	0	
OG0033230		NC_089036.1.g6671	NC_089036.1.g6685		NC_089036.1.g6684		NC_089036.1.g6653	NC_089036.1.g6706	5	0	
OG0033231		NC_089036.1.g6716			NC_089036.1.g6733	NC_089036.1.g6835	NC_089036.1.g6700	NC_089036.1.g6753	5	0	
OG0033232		NC_089036.1.g6734				NC_089036.1.g6851	NC_089036.1.g6717, NC_089039.1.g18288	NC_089036.1.g6771	4	0	
OG0033233		NC_089036.1.g6786	NC_089036.1.g6803		NC_089036.1.g6804		NC_089036.1.g6770	NC_089036.1.g6827	5	0	
OG0033235		NC_089036.1.g6817	NC_089036.1.g6829		NC_089036.1.g6834		NC_089036.1.g6794	NC_089036.1.g6855	5	0	
OG0033236		NC_089036.1.g6819	NC_089036.1.g6831		NC_089036.1.g6836		NC_089036.1.g6796	NC_089036.1.g6857	5	0	
OG0033237		NC_089036.1.g6828	NC_089036.1.g6841		NC_089036.1.g6846		NC_089036.1.g6804	NC_089036.1.g6866	5	0	
OG0033238		NC_089036.1.g6846	NC_089036.1.g6857		NC_089036.1.g6860		NC_089036.1.g6823	NC_089036.1.g6882	5	0	
OG0033239		NC_089036.1.g6859	NC_089036.1.g6870		NC_089036.1.g6875		NC_089036.1.g6837	NC_089036.1.g6895	5	0	
OG0033240		NC_089036.1.g6874	NC_089036.1.g6882		NC_089036.1.g6889		NC_089036.1.g6851	NC_089036.1.g6909	5	0	
OG0033241		NC_089036.1.g6887			NC_089036.1.g6900	NC_089036.1.g6991, NC_089041.1.g25143		NC_089036.1.g6921	4	0	
OG0033242		NC_089036.1.g6934	NC_089036.1.g6934		NC_089036.1.g6948		NC_089036.1.g6910	NC_089036.1.g6972	5	0	
OG0033243		NC_089036.1.g6950	NC_089036.1.g6949		NC_089036.1.g6964		NC_089036.1.g6927	NC_089036.1.g6989	5	0	
OG0033244		NC_089036.1.g6966	NC_089036.1.g6965		NC_089036.1.g6980		NC_089036.1.g6943	NC_089036.1.g7004	5	0	
OG0033245		NC_089036.1.g6976	NC_089036.1.g6974		NC_089036.1.g6990		NC_089036.1.g6953	NC_089036.1.g7014	5	0	
OG0033246		NC_089036.1.g6985		NC_089036.1.g6936	NC_089036.1.g6997	NC_089036.1.g7090	NC_089036.1.g6963		5	0	
OG0033247		NC_089036.1.g6991	NC_089036.1.g6987		NC_089036.1.g7002		NC_089036.1.g6968	NC_089036.1.g7028	5	0	
OG0033248		NC_089036.1.g7007	NC_089036.1.g7001	NC_089036.1.g6955			NC_089036.1.g6984	NC_089036.1.g7041	5	0	
OG0033249		NC_089036.1.g7095	NC_089036.1.g7088		NC_089036.1.g7105		NC_089036.1.g7073	NC_089036.1.g7124	5	0	
OG0033250		NC_089036.1.g7152		NC_089036.1.g7099	NC_089036.1.g7168	NC_089036.1.g7252	NC_089036.1.g7135		5	0	
OG0033251		NC_089036.1.g7242	NC_089036.1.g7241	NC_089036.1.g7194		NC_089036.1.g7348	NC_089036.1.g7233		5	0	
OG0033252		NC_089036.1.g7291	NC_089036.1.g7290		NC_089036.1.g7311		NC_089036.1.g7287	NC_089036.1.g7329	5	0	
OG0033253		NC_089036.1.g7396	NC_089036.1.g7385	NC_089036.1.g7342		NC_089036.1.g7496	NC_089036.1.g7389		5	0	
OG0033254		NC_089036.1.g7406	NC_089036.1.g7396	NC_089039.1.g18526			NC_089036.1.g7400	NC_089036.1.g7435	5	0	
OG0033255		NC_089036.1.g7408		NC_089036.1.g7352		NC_089036.1.g7508	NC_089036.1.g7402	NC_089036.1.g7437	5	0	
OG0033256		NC_089036.1.g7504	NC_089036.1.g7495	NC_089036.1.g7450	NC_089036.1.g7513		NC_089036.1.g7506		5	0	
OG0033257		NC_089036.1.g7557	NC_089036.1.g7550		NC_089036.1.g7563		NC_089036.1.g7558	NC_089036.1.g7592	5	0	
OG0033258		NC_089036.1.g7587	NC_089036.1.g7579	NC_089036.1.g7535			NC_089036.1.g7588	NC_089036.1.g7622	5	0	
OG0033259		NC_089036.1.g7674		NC_089036.1.g7625	NC_089036.1.g7674		NC_089036.1.g7674	NC_089036.1.g7710	5	0	
OG0033260		NC_089036.1.g7675		NC_089036.1.g7626	NC_089036.1.g7675		NC_089036.1.g7675	NC_089036.1.g7711	5	0	
OG0033261		NC_089036.1.g7677		NC_089036.1.g7628	NC_089036.1.g7677		NC_089036.1.g7677	NC_089036.1.g7713	5	0	
OG0033262		NC_089036.1.g7680		NC_089036.1.g7631	NC_089036.1.g7680		NC_089036.1.g7680	NC_089036.1.g7716	5	0	
OG0033263		NC_089036.1.g7841	NC_089036.1.g7828		NC_089036.1.g7845	NC_089036.1.g7944	NC_089036.1.g7843		5	0	
OG0033264		NC_089036.1.g7866	NC_089036.1.g7854		NC_089036.1.g7872	NC_089036.1.g7971	NC_089036.1.g7869		5	0	
OG0033265		NC_089036.1.g8089	NC_089036.1.g8078		NC_089036.1.g8095		NC_089036.1.g8091	NC_089036.1.g8120	5	0	
OG0033266		NC_089036.1.g8147	NC_089036.1.g8132		NC_089036.1.g8151		NC_089036.1.g8148	NC_089036.1.g8174	5	0	
OG0033267		NC_089036.1.g8243	NC_089036.1.g8229		NC_089036.1.g8249		NC_089036.1.g8243	NC_089036.1.g8267	5	0	
OG0033268		NC_089036.1.g8252	NC_089036.1.g8238		NC_089036.1.g8258		NC_089036.1.g8251	NC_089036.1.g8276	5	0	
OG0033269		NC_089036.1.g8274	NC_089036.1.g8261		NC_089036.1.g8281		NC_089036.1.g8274	NC_089036.1.g8298	5	0	
OG0033270		NC_089036.1.g8286					NC_089036.1.g8286	NC_089036.1.g8309, NC_089036.1.g8577, NC_089046.1.g37290	3	0	
OG0033271		NC_089036.1.g8304	NC_089036.1.g8289		NC_089045.1.g35209	NC_089036.1.g8409	NC_089037.1.g10679		5	0	
OG0033272		NC_089036.1.g8321	NC_089036.1.g8306			NC_089036.1.g8426	NC_089036.1.g8317	NC_089036.1.g8341	5	0	
OG0033273		NC_089036.1.g8397	NC_089036.1.g8387			NC_089036.1.g8504	NC_089036.1.g8397	NC_089036.1.g8416	5	0	
OG0033274		NC_089036.1.g8438, NC_089041.1.g24957	NC_089036.1.g8435	NC_089036.1.g8387		NC_089036.1.g8549			4	0	
OG0033275		NC_089036.1.g8513	NC_089036.1.g8505		NC_089036.1.g8509		NC_089036.1.g8514	NC_089036.1.g8528	5	0	
OG0033276		NC_089036.1.g8531	NC_089036.1.g8522		NC_089036.1.g8526		NC_089036.1.g8531	NC_089036.1.g8547	5	0	
OG0033277		NC_089036.1.g8540, NC_089037.1.g10151, NC_089040.1.g22746					NC_089037.1.g10152	NC_089037.1.g10188	3	0	
OG0033278		NC_089036.1.g8718	NC_089036.1.g8700		NC_089036.1.g8705		NC_089036.1.g8714	NC_089036.1.g8732	5	0	
OG0033279		NC_089036.1.g8823		NC_089036.1.g8771	NC_089036.1.g8815	NC_089036.1.g8932	NC_089036.1.g8825		5	0	
OG0033280		NC_089036.1.g8825	NC_089036.1.g8813		NC_089036.1.g8818		NC_089036.1.g8827	NC_089036.1.g8846	5	0	
OG0033281		NC_089036.1.g8836	NC_089036.1.g8823		NC_089036.1.g8828		NC_089036.1.g8836	NC_089036.1.g8857	5	0	
OG0033282		NC_089036.1.g8857	NC_089036.1.g8843		NC_089036.1.g8850		NC_089036.1.g8855	NC_089036.1.g8878	5	0	
OG0033283		NC_089036.1.g8868	NC_089036.1.g8853		NC_089036.1.g8860		NC_089036.1.g8866	NC_089036.1.g8888	5	0	
OG0033284		NC_089036.1.g8944, NC_089045.1.g35194		NC_089045.1.g34900		NC_089045.1.g35669	NC_089045.1.g35114		4	0	
OG0033285		NC_089036.1.g8996	NC_089036.1.g8979		NC_089036.1.g8984		NC_089036.1.g8987	NC_089036.1.g9012	5	0	
OG0033286		NC_089036.1.g9021	NC_089036.1.g9006		NC_089036.1.g9009		NC_089036.1.g9012	NC_089036.1.g9036	5	0	
OG0033287		NC_089036.1.g9042	NC_089036.1.g9027		NC_089036.1.g9030		NC_089036.1.g9033	NC_089036.1.g9059	5	0	
OG0033288		NC_089036.1.g9048	NC_089036.1.g9033		NC_089036.1.g9036		NC_089036.1.g9040	NC_089036.1.g9065	5	0	
OG0033289		NC_089036.1.g9197		NC_089036.1.g9146	NC_089036.1.g9194		NC_089036.1.g9186	NC_089036.1.g9210	5	0	
OG0033290		NC_089036.1.g9200	NC_089036.1.g9191		NC_089036.1.g9197	NC_089036.1.g9314		NC_089036.1.g9213	5	0	
OG0033291		NC_089037.1.g9445, NC_089042.1.g27525	NC_089042.1.g27538			NC_089037.1.g9565	NC_089037.1.g9432		4	0	
OG0033292		NC_089037.1.g9487	NC_089037.1.g9477		NC_089037.1.g9482		NC_089037.1.g9474	NC_089037.1.g9502	5	0	
OG0033293		NC_089037.1.g9548	NC_089037.1.g9538		NC_089037.1.g9542		NC_089037.1.g9536	NC_089037.1.g9564	5	0	
OG0033294		NC_089037.1.g9630	NC_089037.1.g9620		NC_089037.1.g9623		NC_089037.1.g9616	NC_089037.1.g9646	5	0	
OG0033295		NC_089037.1.g9702	NC_089037.1.g9697		NC_089037.1.g9694		NC_089037.1.g9690	NC_089037.1.g9720	5	0	
OG0033296		NC_089037.1.g9852		NC_089037.1.g9805	NC_089037.1.g9860	NC_089037.1.g9976	NC_089037.1.g9847		5	0	
OG0033297		NC_089037.1.g9941		NC_089037.1.g9901	NC_089037.1.g9952		NC_089037.1.g9939	NC_089037.1.g9976	5	0	
OG0033298		NC_089037.1.g9961		NC_089036.1.g6100			NC_089037.1.g9957	NC_089036.1.g6165, NC_089037.1.g9996	4	0	
OG0033299		NC_089037.1.g10053	NC_089037.1.g10049		NC_089037.1.g10064		NC_089037.1.g10050	NC_089037.1.g10088	5	0	
OG0033300		NC_089037.1.g10119	NC_089037.1.g10115		NC_089037.1.g10127		NC_089037.1.g10119	NC_089037.1.g10156	5	0	
OG0033301		NC_089037.1.g10135	NC_089037.1.g10131		NC_089037.1.g10142		NC_089037.1.g10135	NC_089037.1.g10172	5	0	
OG0033302		NC_089037.1.g10161	NC_089037.1.g10157		NC_089037.1.g10167		NC_089037.1.g10163	NC_089037.1.g10199	5	0	
OG0033303		NC_089037.1.g10253	NC_089037.1.g10251		NC_089037.1.g10260		NC_089037.1.g10256	NC_089037.1.g10292	5	0	
OG0033304		NC_089037.1.g10286	NC_089037.1.g10283		NC_089037.1.g10293		NC_089037.1.g10288	NC_089037.1.g10325	5	0	
OG0033305		NC_089037.1.g10318	NC_089037.1.g10316		NC_089037.1.g10325		NC_089037.1.g10321	NC_089037.1.g10359	5	0	
OG0033306		NC_089037.1.g10322	NC_089037.1.g10320	NC_089037.1.g10268	NC_089037.1.g10329		NC_089037.1.g10325		5	0	
OG0033307		NC_089037.1.g10440	NC_089037.1.g10433		NC_089037.1.g10445		NC_089037.1.g10446	NC_089037.1.g10480	5	0	
OG0033308		NC_089037.1.g10514	NC_089037.1.g10507	NC_089037.1.g10461	NC_089037.1.g10522	NC_089037.1.g10640			5	0	
OG0033309		NC_089037.1.g10637	NC_089037.1.g10633	NC_089037.1.g10592	NC_089042.1.g29425			NC_089042.1.g29403	5	0	
OG0033310		NC_089037.1.g10970	NC_089037.1.g10974	NC_089037.1.g10933		NC_089037.1.g11105		NC_089037.1.g11025	5	0	
OG0033311		NC_089037.1.g10981		NC_089037.1.g10942	NC_089037.1.g10995	NC_089037.1.g11116	NC_089037.1.g10988		5	0	
OG0033312		NC_089037.1.g10997	NC_089037.1.g11000	NC_089035.1.g4415		NC_089035.1.g4532		NC_089037.1.g11049	5	0	
OG0033313		NC_089037.1.g11014	NC_089037.1.g11015		NC_089037.1.g11026		NC_089037.1.g11021	NC_089037.1.g11064	5	0	
OG0033314		NC_089037.1.g11076	NC_089037.1.g11074	NC_089037.1.g11034	NC_089037.1.g11088			NC_089037.1.g11125	5	0	
OG0033315		NC_089037.1.g11083	NC_089037.1.g11081		NC_089037.1.g11095		NC_089037.1.g11088	NC_089037.1.g11132	5	0	
OG0033316		NC_089037.1.g11117	NC_089037.1.g11112		NC_089037.1.g11132		NC_089037.1.g11122	NC_089037.1.g11169	5	0	
OG0033317		NC_089037.1.g11118	NC_089037.1.g11113		NC_089037.1.g11133		NC_089037.1.g11123	NC_089037.1.g11170	5	0	
OG0033318		NC_089037.1.g11284	NC_089037.1.g11289		NC_089037.1.g11301		NC_089037.1.g11286	NC_089037.1.g11346	5	0	
OG0033319		NC_089037.1.g11365			NC_089037.1.g11382	NC_089037.1.g11490	NC_089037.1.g11362	NC_089037.1.g11424	5	0	
OG0033320		NC_089037.1.g11403	NC_089037.1.g11409		NC_089037.1.g11421		NC_089037.1.g11401	NC_089037.1.g11463	5	0	
OG0033321		NC_089037.1.g11436			NC_089037.1.g11454	NC_089037.1.g11560	NC_089037.1.g11435	NC_089037.1.g11496	5	0	
OG0033322		NC_089037.1.g11552			NC_089037.1.g11566	NC_089037.1.g11675	NC_089037.1.g11545	NC_089037.1.g11609	5	0	
OG0033323		NC_089037.1.g11562	NC_089037.1.g11563		NC_089037.1.g11577		NC_089037.1.g11557	NC_089037.1.g11621	5	0	
OG0033324		NC_089037.1.g11577	NC_089037.1.g11578	NC_089037.1.g11517	NC_089037.1.g11592		NC_089037.1.g11573		5	0	
OG0033325		NC_089037.1.g11605			NC_089037.1.g11619	NC_089037.1.g11730	NC_089037.1.g11600	NC_089037.1.g11664	5	0	
OG0033326		NC_089037.1.g11723		NC_089036.1.g8241, NC_089036.1.g8886		NC_089040.1.g22427	NC_089037.1.g11713		4	0	
OG0033327		NC_089037.1.g11772			NC_089037.1.g11791	NC_089037.1.g11909	NC_089037.1.g11762	NC_089037.1.g11836	5	0	
OG0033328		NC_089037.1.g11779			NC_089037.1.g11799	NC_089037.1.g11920	NC_089037.1.g11770	NC_089037.1.g11844	5	0	
OG0033329		NC_089037.1.g11878	NC_089037.1.g11905	NC_089037.1.g11840	NC_089037.1.g11906			NC_089037.1.g11945	5	0	
OG0033330		NC_089037.1.g11929		NC_089037.1.g11892	NC_089037.1.g11958		NC_089037.1.g11924	NC_089037.1.g11999	5	0	
OG0033331		NC_089037.1.g11945	NC_089037.1.g11974	NC_089037.1.g11910		NC_089037.1.g12102		NC_089037.1.g12016	5	0	
OG0033332		NC_089037.1.g12059	NC_089037.1.g12083	NC_089037.1.g12024		NC_089037.1.g12216		NC_089037.1.g12125	5	0	
OG0033333		NC_089037.1.g12062	NC_089037.1.g12088		NC_089037.1.g12094		NC_089037.1.g12055	NC_089037.1.g12129	5	0	
OG0033334		NC_089037.1.g12153	NC_089037.1.g12182		NC_089037.1.g12195		NC_089037.1.g12146	NC_089037.1.g12222	5	0	
OG0033335		NC_089037.1.g12198	NC_089037.1.g12231		NC_089037.1.g12239		NC_089037.1.g12193	NC_089037.1.g12269	5	0	
OG0033336		NC_089037.1.g12205	NC_089037.1.g12238		NC_089037.1.g12247		NC_089037.1.g12201	NC_089037.1.g12275	5	0	
OG0033337		NC_089037.1.g12228, NC_089038.1.g14146	NC_089037.1.g12259, NC_089038.1.g14197			NC_089044.1.g33742			3	0	
OG0033338		NC_089037.1.g12230			NC_089037.1.g12273, NC_089045.1.g36477	NC_089036.1.g7774	NC_089037.1.g12227		4	0	
OG0033339		NC_089037.1.g12288	NC_089037.1.g12317, NC_089045.1.g35871	NC_089035.1.g4096, NC_089040.1.g22898					3	0	
OG0033340		NC_089037.1.g12291	NC_089037.1.g12320		NC_089037.1.g12330		NC_089037.1.g12291	NC_089037.1.g12358	5	0	
OG0033341		NC_089037.1.g12325		NC_089036.1.g9149	NC_089037.1.g12365	NC_089037.1.g12497		NC_089037.1.g12393	5	0	
OG0033342		NC_089037.1.g12332	NC_089037.1.g12362		NC_089037.1.g12373		NC_089037.1.g12333	NC_089037.1.g12399	5	0	
OG0033343		NC_089037.1.g12359	NC_089037.1.g12389		NC_089037.1.g12400		NC_089037.1.g12361	NC_089037.1.g12424	5	0	
OG0033344		NC_089037.1.g12373	NC_089037.1.g12403		NC_089037.1.g12414		NC_089037.1.g12375	NC_089037.1.g12440	5	0	
OG0033345		NC_089037.1.g12402	NC_089037.1.g12435		NC_089037.1.g12442		NC_089037.1.g12409	NC_089037.1.g12472	5	0	
OG0033346		NC_089037.1.g12496	NC_089037.1.g12529		NC_089037.1.g12534	NC_089037.1.g12662		NC_089037.1.g12573	5	0	
OG0033347		NC_089037.1.g12529	NC_089037.1.g12561		NC_089037.1.g12565		NC_089037.1.g12541	NC_089037.1.g12607	5	0	
OG0033348		NC_089037.1.g12569	NC_089037.1.g12602		NC_089037.1.g12605		NC_089037.1.g12585	NC_089037.1.g12648	5	0	
OG0033349		NC_089037.1.g12572	NC_089037.1.g12605		NC_089037.1.g12608		NC_089037.1.g12588	NC_089037.1.g12651	5	0	
OG0033350		NC_089037.1.g12738	NC_089037.1.g12776		NC_089037.1.g12777		NC_089037.1.g12761	NC_089037.1.g12822	5	0	
OG0033351		NC_089037.1.g12751	NC_089037.1.g12789		NC_089037.1.g12790	NC_089037.1.g12919	NC_089037.1.g12775		5	0	
OG0033352		NC_089037.1.g12917	NC_089037.1.g12951			NC_089037.1.g13089	NC_089037.1.g12938	NC_089037.1.g12995	5	0	
OG0033353		NC_089037.1.g13014	NC_089037.1.g13048		NC_089037.1.g13053		NC_089037.1.g13036	NC_089037.1.g13093	5	0	
OG0033354		NC_089037.1.g13024	NC_089037.1.g13059		NC_089037.1.g13064		NC_089037.1.g13047	NC_089037.1.g13105	5	0	
OG0033355		NC_089037.1.g13029	NC_089037.1.g13063		NC_089037.1.g13069		NC_089037.1.g13053	NC_089037.1.g13110	5	0	
OG0033356		NC_089037.1.g13030	NC_089037.1.g13064		NC_089037.1.g13070		NC_089037.1.g13054	NC_089037.1.g13111	5	0	
OG0033357		NC_089037.1.g13112		NC_089037.1.g13082	NC_089037.1.g13157	NC_089037.1.g13289	NC_089037.1.g13141		5	0	
OG0033358		NC_089037.1.g13231, NC_089044.1.g33197, NC_089046.1.g38182	NC_089044.1.g33130				NC_089044.1.g33074		3	0	
OG0033359		NC_089037.1.g13285	NC_089037.1.g13323		NC_089037.1.g13322		NC_089037.1.g13306	NC_089037.1.g13365	5	0	
OG0033360		NC_089037.1.g13293	NC_089037.1.g13331	NC_089037.1.g13265		NC_089037.1.g13477	NC_089037.1.g13313		5	0	
OG0033361		NC_089037.1.g13428	NC_089037.1.g13475		NC_089037.1.g13472		NC_089037.1.g13458	NC_089037.1.g13515	5	0	
OG0033362		NC_089037.1.g13436	NC_089037.1.g13483		NC_089037.1.g13480		NC_089037.1.g13466	NC_089037.1.g13523	5	0	
OG0033363		NC_089037.1.g13437	NC_089037.1.g13484		NC_089037.1.g13481		NC_089037.1.g13467	NC_089037.1.g13524	5	0	
OG0033364		NC_089037.1.g13552	NC_089037.1.g13602		NC_089037.1.g13597		NC_089037.1.g13583	NC_089037.1.g13644	5	0	
OG0033365		NC_089037.1.g13575	NC_089037.1.g13625		NC_089037.1.g13619		NC_089037.1.g13605	NC_089037.1.g13668	5	0	
OG0033366		NC_089037.1.g13793	NC_089037.1.g13840	NC_089037.1.g13772	NC_089037.1.g13834			NC_089037.1.g13885	5	0	
OG0033367		NC_089038.1.g14056	NC_089038.1.g14107		NC_089038.1.g14094			NC_089038.1.g14157, NC_089046.1.g38811	4	0	
OG0033368		NC_089038.1.g14080	NC_089038.1.g14132	NC_089038.1.g14067, NC_089038.1.g14068, NC_089038.1.g14069					3	0	
OG0033369		NC_089038.1.g14136		NC_089038.1.g14126	NC_089038.1.g14178		NC_089038.1.g14181	NC_089038.1.g14239	5	0	
OG0033370		NC_089038.1.g14195			NC_089038.1.g14230, NC_089038.1.g14233		NC_089038.1.g14227, NC_089038.1.g14230		3	0	
OG0033371		NC_089038.1.g14284		NC_089038.1.g14257	NC_089038.1.g14323	NC_089038.1.g14491		NC_089038.1.g14380	5	0	
OG0033372		NC_089038.1.g14332		NC_089038.1.g14303		NC_089038.1.g14540	NC_089038.1.g14371	NC_089038.1.g14429	5	0	
OG0033373		NC_089038.1.g14484	NC_089038.1.g14509		NC_089038.1.g14518		NC_089038.1.g14518	NC_089038.1.g14576	5	0	
OG0033374		NC_089038.1.g14527		NC_089038.1.g14486	NC_089038.1.g14563	NC_089038.1.g14731		NC_089038.1.g14623	5	0	
OG0033375		NC_089038.1.g14561	NC_089038.1.g14592		NC_089038.1.g14593	NC_089038.1.g14765	NC_089038.1.g14589		5	0	
OG0033376		NC_089038.1.g14571		NC_089038.1.g14533	NC_089038.1.g14605		NC_089038.1.g14598	NC_089038.1.g14665	5	0	
OG0033377		NC_089038.1.g14643		NC_089038.1.g14617		NC_089038.1.g14866	NC_089038.1.g14672	NC_089038.1.g14737	5	0	
OG0033378		NC_089038.1.g14716	NC_089038.1.g14752		NC_089038.1.g14753		NC_089038.1.g14749	NC_089038.1.g14812	5	0	
OG0033379		NC_089038.1.g14754	NC_089038.1.g14789		NC_089038.1.g14795		NC_089038.1.g14791	NC_089038.1.g14850	5	0	
OG0033380		NC_089038.1.g14780	NC_089038.1.g14811		NC_089038.1.g14819		NC_089038.1.g14817	NC_089038.1.g14875	5	0	
OG0033381		NC_089038.1.g14944	NC_089038.1.g14964	NC_089038.1.g14915		NC_089038.1.g15164	NC_089038.1.g14985		5	0	
OG0033382		NC_089038.1.g14971	NC_089038.1.g14993	NC_089038.1.g14944		NC_089038.1.g15192	NC_089038.1.g15023		5	0	
OG0033383		NC_089038.1.g15029		NC_089038.1.g15006	NC_089038.1.g15081	NC_089038.1.g15253		NC_089038.1.g15128	5	0	
OG0033384		NC_089038.1.g15051		NC_089038.1.g15034	NC_089038.1.g15109	NC_089038.1.g15283		NC_089038.1.g15146	5	0	
OG0033385		NC_089038.1.g15060			NC_089038.1.g15118	NC_089038.1.g15293	NC_089038.1.g15121	NC_089038.1.g15155	5	0	
OG0033386		NC_089038.1.g15085	NC_089038.1.g15112	NC_089038.1.g15065	NC_089038.1.g15143		NC_089038.1.g15143		5	0	
OG0033387		NC_089038.1.g15155	NC_089038.1.g15179		NC_089038.1.g15214		NC_089038.1.g15209	NC_089038.1.g15235	5	0	
OG0033388		NC_089038.1.g15251	NC_089038.1.g15271		NC_089038.1.g15306		NC_089038.1.g15304	NC_089038.1.g15327	5	0	
OG0033389		NC_089038.1.g15305	NC_089038.1.g15321		NC_089038.1.g15362		NC_089038.1.g15355	NC_089038.1.g15380	5	0	
OG0033390		NC_089038.1.g15314	NC_089038.1.g15329		NC_089038.1.g15371		NC_089038.1.g15364	NC_089038.1.g15389	5	0	
OG0033391		NC_089038.1.g15430, NC_089040.1.g23030	NC_089040.1.g23074, NC_089044.1.g33415	NC_089040.1.g22895					3	0	
OG0033392		NC_089038.1.g15524	NC_089038.1.g15541			NC_089038.1.g15756	NC_089038.1.g15571	NC_089038.1.g15597	5	0	
OG0033393		NC_089038.1.g15625		NC_089036.1.g7204, NC_089040.1.g22308	NC_089038.1.g15691	NC_089040.1.g22760			4	0	
OG0033394		NC_089038.1.g15816		NC_089038.1.g15790	NC_089038.1.g15873	NC_089038.1.g16049	NC_089038.1.g15869		5	0	
OG0033395		NC_089038.1.g15926	NC_089038.1.g15938		NC_089038.1.g15981		NC_089038.1.g15982	NC_089038.1.g15991	5	0	
OG0033396		NC_089038.1.g15939	NC_089038.1.g15951		NC_089038.1.g15994		NC_089038.1.g15995	NC_089038.1.g16003	5	0	
OG0033397		NC_089038.1.g15972	NC_089038.1.g15984		NC_089038.1.g16028		NC_089038.1.g16028	NC_089038.1.g16036	5	0	
OG0033398		NC_089038.1.g15987	NC_089038.1.g15999		NC_089038.1.g16042		NC_089038.1.g16045	NC_089038.1.g16050	5	0	
OG0033399		NC_089038.1.g16004	NC_089038.1.g16014	NC_089038.1.g15973	NC_089038.1.g16059		NC_089038.1.g16061		5	0	
OG0033400		NC_089038.1.g16040	NC_089038.1.g16053		NC_089038.1.g16098		NC_089038.1.g16099	NC_089038.1.g16104	5	0	
OG0033401		NC_089038.1.g16664		NC_089038.1.g16654	NC_089038.1.g16744		NC_089037.1.g9490, NC_089038.1.g16736		4	0	
OG0033402		NC_089038.1.g17213	NC_089038.1.g17291		NC_089038.1.g17312		NC_089038.1.g17300	NC_089038.1.g17323	5	0	
OG0033403		NC_089038.1.g17268	NC_089038.1.g17347		NC_089038.1.g17368		NC_089038.1.g17358	NC_089038.1.g17380	5	0	
OG0033404		NC_089038.1.g17295	NC_089038.1.g17376		NC_089038.1.g17394		NC_089038.1.g17387	NC_089038.1.g17405	5	0	
OG0033405		NC_089038.1.g17380	NC_089038.1.g17456		NC_089038.1.g17477		NC_089038.1.g17469	NC_089038.1.g17491	5	0	
OG0033406		NC_089038.1.g17383	NC_089038.1.g17458		NC_089038.1.g17480		NC_089038.1.g17472	NC_089038.1.g17494	5	0	
OG0033407		NC_089038.1.g17384	NC_089038.1.g17459		NC_089038.1.g17481		NC_089038.1.g17473	NC_089038.1.g17495	5	0	
OG0033408		NC_089039.1.g17552		NC_089039.1.g17568	NC_089039.1.g17653	NC_089039.1.g17856	NC_089039.1.g17643		5	0	
OG0033409		NC_089039.1.g17612		NC_089039.1.g17628	NC_089039.1.g17712		NC_089039.1.g17704	NC_089039.1.g17725	5	0	
OG0033410		NC_089039.1.g17627	NC_089039.1.g17699	NC_089039.1.g17644	NC_089039.1.g17726		NC_089039.1.g17718		5	0	
OG0033411		NC_089039.1.g17676	NC_089039.1.g17752		NC_089039.1.g17781		NC_089039.1.g17771	NC_089039.1.g17796	5	0	
OG0033412		NC_089039.1.g17758	NC_089039.1.g17834		NC_089039.1.g17866		NC_089039.1.g17854	NC_089039.1.g17880	5	0	
OG0033413		NC_089039.1.g17835	NC_089039.1.g17910		NC_089039.1.g17940		NC_089039.1.g17931	NC_089039.1.g17957	5	0	
OG0033414		NC_089039.1.g17845	NC_089039.1.g17920		NC_089039.1.g17950		NC_089039.1.g17943	NC_089039.1.g17967	5	0	
OG0033415		NC_089039.1.g17929	NC_089039.1.g18003	NC_089039.1.g17941			NC_089039.1.g18026	NC_089039.1.g18039	5	0	
OG0033416		NC_089039.1.g17935	NC_089039.1.g18008		NC_089039.1.g18043		NC_089039.1.g18032	NC_089039.1.g18044	5	0	
OG0033417		NC_089039.1.g18062	NC_089039.1.g18126		NC_089039.1.g18169	NC_089039.1.g18372		NC_089039.1.g18171	5	0	
OG0033418		NC_089039.1.g18084		NC_089039.1.g18085	NC_089039.1.g18189		NC_089039.1.g18170	NC_089039.1.g18191	5	0	
OG0033419		NC_089039.1.g18088	NC_089042.1.g28024	NC_089039.1.g18090	NC_089039.1.g18194	NC_089039.1.g18398			5	0	
OG0033420		NC_089039.1.g18091	NC_089039.1.g18151	NC_089039.1.g18094		NC_089039.1.g18402	NC_089039.1.g18177		5	0	
OG0033421		NC_089039.1.g18233	NC_089039.1.g18295		NC_089039.1.g18351		NC_089039.1.g18326	NC_089039.1.g18349	5	0	
OG0033422		NC_089039.1.g18257	NC_089039.1.g18318		NC_089039.1.g18377		NC_089039.1.g18353	NC_089039.1.g18374	5	0	
OG0033423		NC_089039.1.g18350		NC_089039.1.g18352	NC_089039.1.g18472	NC_089039.1.g18669	NC_089039.1.g18450		5	0	
OG0033424		NC_089039.1.g18359	NC_089039.1.g18422	NC_089039.1.g18360		NC_089039.1.g18676	NC_089039.1.g18459		5	0	
OG0033425		NC_089039.1.g18458		NC_089039.1.g18462		NC_089039.1.g18779	NC_089039.1.g18561	NC_089039.1.g18590	5	0	
OG0033426		NC_089039.1.g18542		NC_089039.1.g18547	NC_089039.1.g18663	NC_089039.1.g18871		NC_089039.1.g18672	5	0	
OG0033427		NC_089039.1.g18550	NC_089039.1.g18612		NC_089039.1.g18672		NC_089039.1.g18652	NC_089039.1.g18680	5	0	
OG0033428		NC_089039.1.g18576	NC_089039.1.g18640		NC_089039.1.g18700	NC_089039.1.g18908	NC_089039.1.g18679		5	0	
OG0033429		NC_089039.1.g18594	NC_089039.1.g18656		NC_089039.1.g18719		NC_089039.1.g18695	NC_089039.1.g18725	5	0	
OG0033430		NC_089039.1.g18639	NC_089039.1.g18699	NC_089039.1.g18647	NC_089039.1.g18759			NC_089039.1.g18763	5	0	
OG0033431		NC_089039.1.g18648	NC_089039.1.g18709		NC_089039.1.g18771		NC_089039.1.g18749	NC_089039.1.g18773	5	0	
OG0033432		NC_089039.1.g18675	NC_089039.1.g18736	NC_089039.1.g18685		NC_089039.1.g19009		NC_089039.1.g18804	5	0	
OG0033433		NC_089039.1.g18742	NC_089039.1.g18801	NC_089039.1.g18742		NC_089039.1.g19069		NC_089039.1.g18860	5	0	
OG0033434		NC_089039.1.g18759			NC_089039.1.g18875	NC_089039.1.g19087	NC_089039.1.g18853	NC_089039.1.g18875	5	0	
OG0033435		NC_089039.1.g18858		NC_089039.1.g18851	NC_089039.1.g18972	NC_089039.1.g19186	NC_089039.1.g18953		5	0	
OG0033436		NC_089039.1.g18866	NC_089039.1.g18921		NC_089039.1.g18980		NC_089039.1.g18960	NC_089039.1.g18972	5	0	
OG0033437		NC_089039.1.g18932	NC_089039.1.g18986		NC_089039.1.g19044		NC_089039.1.g19027	NC_089039.1.g19034	5	0	
OG0033438		NC_089039.1.g18941	NC_089039.1.g18994		NC_089039.1.g19051		NC_089039.1.g19034	NC_089039.1.g19043	5	0	
OG0033439		NC_089039.1.g18992	NC_089039.1.g19046		NC_089039.1.g19097		NC_089039.1.g19085	NC_089039.1.g19094	5	0	
OG0033440		NC_089039.1.g19007	NC_089035.1.g1985		NC_089039.1.g19110	NC_089035.1.g2043	NC_089035.1.g1980		5	0	
OG0033441		NC_089039.1.g19016		NC_089039.1.g19004	NC_089039.1.g19120		NC_089039.1.g19106	NC_089039.1.g19116	5	0	
OG0033442		NC_089039.1.g19044	NC_089039.1.g19098		NC_089039.1.g19147	NC_089039.1.g19363		NC_089039.1.g19139	5	0	
OG0033443		NC_089039.1.g19053	NC_089039.1.g19107		NC_089039.1.g19157		NC_089039.1.g19143	NC_089039.1.g19151	5	0	
OG0033444		NC_089039.1.g19101	NC_089039.1.g19158	NC_089039.1.g19083		NC_089039.1.g19426	NC_089039.1.g19195		5	0	
OG0033445		NC_089039.1.g19206	NC_089039.1.g19258		NC_089039.1.g19310		NC_089039.1.g19291	NC_089039.1.g19303	5	0	
OG0033446		NC_089039.1.g19210	NC_089039.1.g19261		NC_089039.1.g19318		NC_089039.1.g19294	NC_089039.1.g19306	5	0	
OG0033447		NC_089039.1.g19240	NC_089039.1.g19295		NC_089039.1.g19352		NC_089039.1.g19326	NC_089039.1.g19337	5	0	
OG0033448		NC_089039.1.g19421	NC_089039.1.g19482		NC_089039.1.g19526		NC_089039.1.g19493	NC_089039.1.g19515	5	0	
OG0033449		NC_089039.1.g19443	NC_089039.1.g19504	NC_089039.1.g19430	NC_089039.1.g19548			NC_089039.1.g19536	5	0	
OG0033450		NC_089039.1.g19445	NC_089039.1.g19506		NC_089039.1.g19550		NC_089039.1.g19516	NC_089039.1.g19538	5	0	
OG0033451		NC_089039.1.g19454	NC_089039.1.g19514		NC_089039.1.g19558		NC_089039.1.g19524	NC_089039.1.g19547	5	0	
OG0033452		NC_089039.1.g19481	NC_089039.1.g19542		NC_089039.1.g19588		NC_089039.1.g19551	NC_089039.1.g19575	5	0	
OG0033453		NC_089039.1.g19511	NC_089039.1.g19568		NC_089039.1.g19615		NC_089039.1.g19579	NC_089039.1.g19602	5	0	
OG0033454		NC_089039.1.g19512	NC_089039.1.g19569		NC_089039.1.g19616		NC_089039.1.g19580	NC_089039.1.g19603	5	0	
OG0033455		NC_089039.1.g19520	NC_089039.1.g19577		NC_089039.1.g19624		NC_089039.1.g19588	NC_089039.1.g19611	5	0	
OG0033456		NC_089039.1.g19577	NC_089039.1.g19629		NC_089039.1.g19682		NC_089039.1.g19647	NC_089039.1.g19666	5	0	
OG0033457		NC_089039.1.g19584	NC_089039.1.g19636		NC_089039.1.g19690		NC_089039.1.g19654	NC_089039.1.g19674	5	0	
OG0033458		NC_089039.1.g19778			NC_089039.1.g19883	NC_089039.1.g20099	NC_089039.1.g19834	NC_089039.1.g19857	5	0	
OG0033459		NC_089039.1.g19796	NC_089039.1.g19855				NC_089035.1.g458, NC_089039.1.g19850	NC_089039.1.g19875	4	0	
OG0033460		NC_089039.1.g19845	NC_089039.1.g19897	NC_089039.1.g19822			NC_089039.1.g19896	NC_089039.1.g19923	5	0	
OG0033461		NC_089039.1.g19889	NC_089039.1.g19940		NC_089039.1.g19993		NC_089039.1.g19942	NC_089039.1.g19968	5	0	
OG0033462		NC_089039.1.g19978	NC_089039.1.g20028		NC_089039.1.g20086		NC_089039.1.g20028	NC_089039.1.g20056	5	0	
OG0033463		NC_089039.1.g20016	NC_089039.1.g20066		NC_089039.1.g20121		NC_089039.1.g20069	NC_089039.1.g20095	5	0	
OG0033464		NC_089039.1.g20018	NC_089039.1.g20068		NC_089039.1.g20123		NC_089039.1.g20071	NC_089039.1.g20097	5	0	
OG0033465		NC_089039.1.g20176	NC_089039.1.g20224		NC_089039.1.g20286		NC_089039.1.g20222	NC_089039.1.g20246	5	0	
OG0033466		NC_089039.1.g20177	NC_089039.1.g20225		NC_089039.1.g20287		NC_089039.1.g20223	NC_089039.1.g20247	5	0	
OG0033467		NC_089039.1.g20391	NC_089039.1.g20436		NC_089039.1.g20494		NC_089039.1.g20425	NC_089039.1.g20457	5	0	
OG0033468		NC_089039.1.g20434	NC_089039.1.g20480		NC_089039.1.g20538		NC_089039.1.g20468	NC_089039.1.g20497	5	0	
OG0033469		NC_089039.1.g20467	NC_089039.1.g20512		NC_089039.1.g20571		NC_089039.1.g20500	NC_089039.1.g20529	5	0	
OG0033470		NC_089039.1.g20514	NC_089039.1.g20558		NC_089039.1.g20616		NC_089039.1.g20545	NC_089039.1.g20574	5	0	
OG0033471		NC_089040.1.g20636	NC_089040.1.g20677		NC_089040.1.g20747		NC_089040.1.g20669	NC_089040.1.g20698	5	0	
OG0033472		NC_089040.1.g20691, NC_089045.1.g36587	NC_089045.1.g36513		NC_089045.1.g36775		NC_089040.1.g20723		4	0	
OG0033473		NC_089040.1.g20751	NC_089040.1.g20804		NC_089040.1.g20872	NC_089040.1.g21072	NC_089040.1.g20792		5	0	
OG0033474		NC_089040.1.g20771	NC_089040.1.g20825	NC_089040.1.g20747			NC_089040.1.g20813	NC_089040.1.g20838	5	0	
OG0033475		NC_089040.1.g20919	NC_089040.1.g20970		NC_089040.1.g21036		NC_089040.1.g20956	NC_089040.1.g20984	5	0	
OG0033476		NC_089040.1.g20920	NC_089040.1.g20971		NC_089040.1.g21037		NC_089040.1.g20957	NC_089040.1.g20985	5	0	
OG0033477		NC_089040.1.g21090	NC_089040.1.g21135	NC_089040.1.g21050			NC_089040.1.g21121	NC_089040.1.g21155	5	0	
OG0033478		NC_089040.1.g21487	NC_089040.1.g21531		NC_089040.1.g21599		NC_089040.1.g21525	NC_089040.1.g21544	5	0	
OG0033479		NC_089040.1.g21513		NC_089040.1.g21470		NC_089040.1.g21829	NC_089040.1.g21556	NC_089040.1.g21574	5	0	
OG0033480		NC_089040.1.g21550	NC_089040.1.g21599		NC_089040.1.g21665		NC_089040.1.g21590	NC_089040.1.g21609	5	0	
OG0033481		NC_089040.1.g21569	NC_089040.1.g21620		NC_089040.1.g21685		NC_089040.1.g21608	NC_089040.1.g21630	5	0	
OG0033482		NC_089040.1.g21607	NC_089040.1.g21657		NC_089040.1.g21724		NC_089040.1.g21644	NC_089040.1.g21669	5	0	
OG0033483		NC_089040.1.g21679	NC_089040.1.g21730		NC_089040.1.g21799		NC_089040.1.g21714	NC_089040.1.g21744	5	0	
OG0033484		NC_089040.1.g21708	NC_089040.1.g21760		NC_089040.1.g21831		NC_089040.1.g21744	NC_089040.1.g21771	5	0	
OG0033485		NC_089040.1.g21735	NC_089040.1.g21788	NC_089040.1.g21675		NC_089040.1.g22055		NC_089040.1.g21799	5	0	
OG0033486		NC_089040.1.g21829		NC_089040.1.g21762	NC_089040.1.g21953	NC_089040.1.g22154		NC_089040.1.g21900	5	0	
OG0033487		NC_089040.1.g22021	NC_089040.1.g22073		NC_089040.1.g22152		NC_089040.1.g22046	NC_089040.1.g22082	5	0	
OG0033488		NC_089040.1.g22025	NC_089040.1.g22077		NC_089042.1.g28559		NC_089040.1.g22050	NC_089040.1.g22085	5	0	
OG0033489		NC_089040.1.g22088	NC_089040.1.g22137		NC_089040.1.g22218		NC_089040.1.g22110	NC_089040.1.g22144	5	0	
OG0033490		NC_089040.1.g22109	NC_089040.1.g22155		NC_089040.1.g22234		NC_089040.1.g22130	NC_089040.1.g22166	5	0	
OG0033491		NC_089040.1.g22231		NC_089040.1.g22134	NC_089040.1.g22356		NC_089040.1.g22244	NC_089040.1.g22284	5	0	
OG0033492		NC_089040.1.g22288	NC_089040.1.g22324		NC_089040.1.g22408	NC_089040.1.g22609		NC_089040.1.g22338	5	0	
OG0033493		NC_089040.1.g22293	NC_089040.1.g22329	NC_089040.1.g22183	NC_089040.1.g22412	NC_089040.1.g22613			5	0	
OG0033494		NC_089040.1.g22423	NC_089040.1.g22463		NC_089040.1.g22550		NC_089040.1.g22434	NC_089040.1.g22471	5	0	
OG0033495		NC_089040.1.g22507	NC_089040.1.g22557		NC_089040.1.g22640		NC_089040.1.g22517	NC_089040.1.g22558	5	0	
OG0033496		NC_089040.1.g22542	NC_089040.1.g22598		NC_089040.1.g22680		NC_089040.1.g22555	NC_089040.1.g22599	5	0	
OG0033497		NC_089040.1.g22554	NC_089040.1.g22610		NC_089040.1.g22693		NC_089040.1.g22568	NC_089040.1.g22611	5	0	
OG0033498		NC_089040.1.g22557	NC_089040.1.g22614		NC_089040.1.g22696		NC_089040.1.g22571	NC_089040.1.g22614	5	0	
OG0033499		NC_089040.1.g22571	NC_089040.1.g22626		NC_089040.1.g22709	NC_089040.1.g22913		NC_089040.1.g22626	5	0	
OG0033500		NC_089040.1.g22650	NC_089040.1.g22703		NC_089040.1.g22783		NC_089040.1.g22659	NC_089040.1.g22700	5	0	
OG0033501		NC_089040.1.g22692		NC_089040.1.g22567		NC_089040.1.g23034	NC_089040.1.g22698	NC_089040.1.g22739	5	0	
OG0033502		NC_089040.1.g22700	NC_089040.1.g22745		NC_089040.1.g22831		NC_089040.1.g22707	NC_089040.1.g22746	5	0	
OG0033503		NC_089040.1.g22780	NC_089040.1.g22832	NC_089040.1.g22654		NC_089040.1.g23123	NC_089040.1.g22790		5	0	
OG0033504		NC_089040.1.g22803	NC_089040.1.g22853	NC_089040.1.g22676	NC_089045.1.g37239	NC_089040.1.g23144			5	0	
OG0033505		NC_089040.1.g22825		NC_089040.1.g22700		NC_089040.1.g23167	NC_089040.1.g22840	NC_089040.1.g22878	5	0	
OG0033506		NC_089040.1.g22858	NC_089040.1.g22915	NC_089040.1.g22731		NC_089040.1.g23203		NC_089040.1.g22917	5	0	
OG0033507		NC_089040.1.g22946		NC_089040.1.g22817		NC_089040.1.g23295	NC_089040.1.g22959	NC_089040.1.g23003	5	0	
OG0033508		NC_089040.1.g23028	NC_089040.1.g23070		NC_089040.1.g23162		NC_089040.1.g23034	NC_089040.1.g23079	5	0	
OG0033509		NC_089040.1.g23061			NC_089040.1.g23189	NC_089040.1.g23399	NC_089040.1.g23064	NC_089040.1.g23108	5	0	
OG0033510		NC_089040.1.g23215	NC_089040.1.g23256			NC_089040.1.g23561	NC_089040.1.g23222	NC_089040.1.g23260	5	0	
OG0033511		NC_089040.1.g23346	NC_089040.1.g23390	NC_089040.1.g23215			NC_089040.1.g23356	NC_089040.1.g23397	5	0	
OG0033512		NC_089040.1.g23455	NC_089040.1.g23496	NC_089040.1.g23323		NC_089040.1.g23797	NC_089040.1.g23465		5	0	
OG0033513		NC_089040.1.g23502	NC_089040.1.g23541		NC_089040.1.g23627		NC_089040.1.g23511	NC_089040.1.g23551	5	0	
OG0033514		NC_089040.1.g23509	NC_089040.1.g23547		NC_089040.1.g23635		NC_089040.1.g23517	NC_089040.1.g23559	5	0	
OG0033515		NC_089040.1.g23810	NC_089040.1.g23849		NC_089040.1.g23923		NC_089040.1.g23805	NC_089040.1.g23849	5	0	
OG0033516		NC_089040.1.g23837	NC_089040.1.g23877		NC_089040.1.g23951		NC_089040.1.g23832	NC_089040.1.g23877	5	0	
OG0033517		NC_089041.1.g23895	NC_089041.1.g23937		NC_089041.1.g24014		NC_089041.1.g23890	NC_089041.1.g23934	5	0	
OG0033518		NC_089041.1.g23942	NC_089041.1.g23986		NC_089041.1.g24063		NC_089041.1.g23936	NC_089041.1.g23981	5	0	
OG0033519		NC_089041.1.g24130	NC_089041.1.g24157	NC_089041.1.g23976			NC_089041.1.g24109	NC_089041.1.g24172	5	0	
OG0033520		NC_089041.1.g24142	NC_089041.1.g24171		NC_089041.1.g24261		NC_089041.1.g24124	NC_089041.1.g24182	5	0	
OG0033521		NC_089041.1.g24155	NC_089041.1.g24185	NC_089041.1.g24004	NC_089041.1.g24275	NC_089041.1.g24479			5	0	
OG0033522		NC_089041.1.g24169		NC_089041.1.g24016	NC_089041.1.g24288	NC_089041.1.g24492		NC_089041.1.g24204	5	0	
OG0033523		NC_089041.1.g24352		NC_089041.1.g24211	NC_089041.1.g24479	NC_089041.1.g24682		NC_089041.1.g24389	5	0	
OG0033524		NC_089041.1.g24393	NC_089041.1.g24421		NC_089041.1.g24523		NC_089041.1.g24376	NC_089041.1.g24431	5	0	
OG0033525		NC_089041.1.g24434	NC_089041.1.g24464		NC_089041.1.g24565		NC_089041.1.g24422	NC_089041.1.g24474	5	0	
OG0033526		NC_089041.1.g24435	NC_089041.1.g24465	NC_089041.1.g24296			NC_089041.1.g24423	NC_089041.1.g24475	5	0	
OG0033527		NC_089041.1.g24470	NC_089041.1.g24497		NC_089041.1.g24598		NC_089041.1.g24455	NC_089041.1.g24509	5	0	
OG0033528		NC_089041.1.g24572	NC_089041.1.g24603		NC_089041.1.g24700		NC_089041.1.g24564	NC_089041.1.g24612	5	0	
OG0033529		NC_089041.1.g24716	NC_089041.1.g24740		NC_089041.1.g24843		NC_089041.1.g24703	NC_089041.1.g24754	5	0	
OG0033530		NC_089041.1.g24743	NC_089041.1.g24768		NC_089041.1.g24871		NC_089041.1.g24730	NC_089041.1.g24780	5	0	
OG0033531		NC_089041.1.g24757	NC_089041.1.g24777		NC_089041.1.g24881		NC_089041.1.g24741	NC_089041.1.g24792	5	0	
OG0033532		NC_089041.1.g24774	NC_089041.1.g24792		NC_089041.1.g24898		NC_089041.1.g24757	NC_089041.1.g24806	5	0	
OG0033533		NC_089041.1.g24779	NC_089041.1.g24798		NC_089041.1.g24903		NC_089041.1.g24762	NC_089041.1.g24811	5	0	
OG0033534		NC_089041.1.g24808	NC_089041.1.g24826		NC_089041.1.g24931		NC_089041.1.g24789	NC_089041.1.g24838	5	0	
OG0033535		NC_089041.1.g24858	NC_089041.1.g24873		NC_089041.1.g24980		NC_089041.1.g24835	NC_089041.1.g24889	5	0	
OG0033536		NC_089041.1.g24865	NC_089041.1.g24880		NC_089041.1.g24987		NC_089041.1.g24842	NC_089041.1.g24896	5	0	
OG0033537		NC_089041.1.g24883	NC_089041.1.g24894		NC_089041.1.g25004		NC_089041.1.g24857	NC_089041.1.g24912	5	0	
OG0033538		NC_089041.1.g24888	NC_089041.1.g24898		NC_089041.1.g25008		NC_089041.1.g24862	NC_089041.1.g24916	5	0	
OG0033539		NC_089041.1.g24918	NC_089041.1.g24930		NC_089041.1.g25038		NC_089041.1.g24895	NC_089041.1.g24947	5	0	
OG0033540		NC_089041.1.g24920	NC_089041.1.g24932		NC_089041.1.g25040		NC_089041.1.g24897	NC_089041.1.g24949	5	0	
OG0033541		NC_089041.1.g24992	NC_089041.1.g24997	NC_089041.1.g24839		NC_089041.1.g25316	NC_089041.1.g24967		5	0	
OG0033542		NC_089041.1.g24993	NC_089041.1.g24998		NC_089041.1.g25108		NC_089041.1.g24968	NC_089041.1.g25017	5	0	
OG0033543		NC_089041.1.g25000	NC_089041.1.g25006		NC_089041.1.g25116		NC_089041.1.g24976	NC_089041.1.g25025	5	0	
OG0033544		NC_089041.1.g25002	NC_089041.1.g25008		NC_089041.1.g25118		NC_089041.1.g24979	NC_089041.1.g25028	5	0	
OG0033545		NC_089041.1.g25037	NC_089041.1.g25039		NC_089041.1.g25152		NC_089041.1.g25012	NC_089041.1.g25060	5	0	
OG0033546		NC_089041.1.g25053, NC_089041.1.g25054		NC_089036.1.g5310, NC_089041.1.g24896, NC_089041.1.g24897					2	0	
OG0033547		NC_089041.1.g25112	NC_089041.1.g25109		NC_089041.1.g25220		NC_089041.1.g25076	NC_089041.1.g25133	5	0	
OG0033548		NC_089041.1.g25113	NC_089041.1.g25110		NC_089041.1.g25221		NC_089041.1.g25077	NC_089041.1.g25134	5	0	
OG0033549		NC_089041.1.g25116	NC_089041.1.g25112		NC_089041.1.g25223		NC_089041.1.g25079	NC_089041.1.g25137	5	0	
OG0033550		NC_089041.1.g25135	NC_089041.1.g25130		NC_089041.1.g25242		NC_089041.1.g25097	NC_089041.1.g25157	5	0	
OG0033551		NC_089041.1.g25142	NC_089041.1.g25137		NC_089041.1.g25250		NC_089041.1.g25105	NC_089041.1.g25164	5	0	
OG0033552		NC_089041.1.g25154	NC_089041.1.g25148		NC_089041.1.g25260		NC_089041.1.g25116	NC_089041.1.g25177	5	0	
OG0033553		NC_089041.1.g25176	NC_089041.1.g25170		NC_089041.1.g25282		NC_089041.1.g25137	NC_089041.1.g25198	5	0	
OG0033554		NC_089041.1.g25187	NC_089041.1.g25181		NC_089041.1.g25291		NC_089041.1.g25147	NC_089041.1.g25209	5	0	
OG0033555		NC_089041.1.g25191	NC_089041.1.g25185		NC_089041.1.g25296		NC_089041.1.g25152	NC_089041.1.g25214	5	0	
OG0033556		NC_089041.1.g25201	NC_089041.1.g25193		NC_089041.1.g25308		NC_089041.1.g25159	NC_089041.1.g25224	5	0	
OG0033557		NC_089041.1.g25222		NC_089041.1.g25062	NC_089041.1.g25329	NC_089041.1.g25545	NC_089041.1.g25178		5	0	
OG0033558		NC_089041.1.g25244	NC_089041.1.g25236		NC_089041.1.g25352		NC_089041.1.g25200	NC_089041.1.g25261	5	0	
OG0033559		NC_089041.1.g25321	NC_089041.1.g25318		NC_089041.1.g25430		NC_089041.1.g25281	NC_089041.1.g25347	5	0	
OG0033560		NC_089041.1.g25349			NC_089041.1.g25458	NC_089041.1.g25677	NC_089041.1.g25309	NC_089041.1.g25379	5	0	
OG0033561		NC_089041.1.g25405	NC_089041.1.g25409		NC_089041.1.g25518		NC_089041.1.g25367	NC_089041.1.g25442	5	0	
OG0033562		NC_089041.1.g25420		NC_089041.1.g25263	NC_089041.1.g25537	NC_089041.1.g25755	NC_089041.1.g25382		5	0	
OG0033563		NC_089041.1.g25465	NC_089041.1.g25478	NC_089041.1.g25310			NC_089041.1.g25427	NC_089041.1.g25510	5	0	
OG0033564		NC_089041.1.g25586	NC_089041.1.g25602	NC_089041.1.g25422	NC_089041.1.g25706			NC_089041.1.g25640	5	0	
OG0033565		NC_089041.1.g25599		NC_089041.1.g25434	NC_089041.1.g25718	NC_089041.1.g25937	NC_089041.1.g25564		5	0	
OG0033566		NC_089041.1.g25639		NC_089041.1.g25468	NC_089041.1.g25755	NC_089041.1.g25973	NC_089041.1.g25599		5	0	
OG0033567		NC_089041.1.g25645	NC_089041.1.g25657	NC_089041.1.g25474	NC_089041.1.g25761	NC_089041.1.g25979			5	0	
OG0033568		NC_089041.1.g25703	NC_089041.1.g25715		NC_089041.1.g25817		NC_089041.1.g25663	NC_089041.1.g25751	5	0	
OG0033569		NC_089041.1.g25707	NC_089041.1.g25719		NC_089041.1.g25822		NC_089041.1.g25668	NC_089041.1.g25756	5	0	
OG0033570		NC_089041.1.g25719	NC_089041.1.g25729		NC_089041.1.g25830		NC_089041.1.g25679	NC_089041.1.g25768	5	0	
OG0033571		NC_089041.1.g25737		NC_089041.1.g25544	NC_089041.1.g25847	NC_089041.1.g26060	NC_089041.1.g25696		5	0	
OG0033572		NC_089041.1.g25760	NC_089041.1.g25765		NC_089041.1.g25867		NC_089041.1.g25713	NC_089041.1.g25798	5	0	
OG0033573		NC_089041.1.g25770		NC_089041.1.g25573	NC_089041.1.g25877	NC_089041.1.g26083		NC_089041.1.g25809	5	0	
OG0033574		NC_089041.1.g25811	NC_089041.1.g25817		NC_089041.1.g25922		NC_089041.1.g25767	NC_089041.1.g25850	5	0	
OG0033575		NC_089041.1.g25834		NC_089041.1.g25635	NC_089041.1.g25946		NC_089041.1.g25786	NC_089041.1.g25872	5	0	
OG0033576		NC_089041.1.g25936, NC_089042.1.g28277	NC_089035.1.g2308, NC_089042.1.g28291					NC_089045.1.g35002	3	0	
OG0033577		NC_089041.1.g25998	NC_089041.1.g25992	NC_089041.1.g25788	NC_089041.1.g26106			NC_089041.1.g26031	5	0	
OG0033578		NC_089041.1.g26006		NC_089041.1.g25797	NC_089041.1.g26113	NC_089041.1.g26332	NC_089041.1.g25966		5	0	
OG0033579		NC_089041.1.g26116	NC_089041.1.g26106	NC_089041.1.g25898	NC_089041.1.g26221	NC_089041.1.g26435			5	0	
OG0033580		NC_089041.1.g26156	NC_089041.1.g26146		NC_089041.1.g26263		NC_089041.1.g26114	NC_089041.1.g26188	5	0	
OG0033581		NC_089041.1.g26186	NC_089041.1.g26179		NC_089041.1.g26295		NC_089041.1.g26143	NC_089041.1.g26217	5	0	
OG0033582		NC_089041.1.g26193		NC_089041.1.g25986	NC_089041.1.g26303		NC_089041.1.g26151	NC_089041.1.g26225	5	0	
OG0033583		NC_089041.1.g26250	NC_089041.1.g26242		NC_089041.1.g26362		NC_089041.1.g26207	NC_089041.1.g26285	5	0	
OG0033584		NC_089041.1.g26265	NC_089041.1.g26260		NC_089041.1.g26377		NC_089041.1.g26225	NC_089041.1.g26300	5	0	
OG0033585		NC_089041.1.g26287	NC_089041.1.g26279		NC_089041.1.g26397		NC_089041.1.g26248	NC_089041.1.g26324	5	0	
OG0033586		NC_089041.1.g26288	NC_089041.1.g26280		NC_089041.1.g26398		NC_089041.1.g26249	NC_089041.1.g26325	5	0	
OG0033587		NC_089041.1.g26353	NC_089041.1.g26345		NC_089041.1.g26462		NC_089041.1.g26312	NC_089041.1.g26395	5	0	
OG0033588		NC_089041.1.g26403	NC_089041.1.g26396		NC_089041.1.g26515		NC_089041.1.g26361	NC_089041.1.g26444	5	0	
OG0033589		NC_089041.1.g26429	NC_089041.1.g26420		NC_089041.1.g26540		NC_089041.1.g26387	NC_089041.1.g26472	5	0	
OG0033590		NC_089041.1.g26457	NC_089041.1.g26447		NC_089041.1.g26569		NC_089041.1.g26415	NC_089041.1.g26497	5	0	
OG0033591		NC_089041.1.g26491	NC_089041.1.g26482		NC_089041.1.g26604		NC_089041.1.g26447	NC_089041.1.g26533	5	0	
OG0033592		NC_089041.1.g26677		NC_089041.1.g26472		NC_089041.1.g27021	NC_089041.1.g26637	NC_089041.1.g26724	5	0	
OG0033593		NC_089041.1.g26678			NC_089041.1.g26792	NC_089041.1.g27023	NC_089041.1.g26639	NC_089041.1.g26725	5	0	
OG0033594		NC_089041.1.g26683	NC_089041.1.g26677		NC_089041.1.g26793		NC_089041.1.g26643	NC_089041.1.g26730	5	0	
OG0033595		NC_089041.1.g26703		NC_089041.1.g26492		NC_089041.1.g27046	NC_089041.1.g26664	NC_089041.1.g26746	5	0	
OG0033596		NC_089041.1.g26779	NC_089041.1.g26783		NC_089041.1.g26878	NC_089041.1.g27124		NC_089041.1.g26821	5	0	
OG0033597		NC_089041.1.g26820		NC_089041.1.g26614		NC_089041.1.g27169	NC_089041.1.g26784	NC_089041.1.g26862	5	0	
OG0033598		NC_089041.1.g26912	NC_089041.1.g26917		NC_089041.1.g27015		NC_089041.1.g26880	NC_089041.1.g26964	5	0	
OG0033599		NC_089041.1.g26968	NC_089041.1.g26975		NC_089041.1.g27071	NC_089041.1.g27324		NC_089041.1.g27020	5	0	
OG0033600		NC_089042.1.g27291	NC_089042.1.g27299		NC_089042.1.g27399		NC_089042.1.g27257	NC_089042.1.g27352	5	0	
OG0033601		NC_089042.1.g27301	NC_089042.1.g27308		NC_089042.1.g27409		NC_089042.1.g27266	NC_089042.1.g27362	5	0	
OG0033602		NC_089042.1.g27302	NC_089042.1.g27309		NC_089042.1.g27410		NC_089042.1.g27267	NC_089042.1.g27363	5	0	
OG0033603		NC_089042.1.g27339			NC_089042.1.g27445		NC_089036.1.g6289, NC_089042.1.g27307	NC_089042.1.g27403	4	0	
OG0033604		NC_089042.1.g27393	NC_089042.1.g27399		NC_089042.1.g27499		NC_089042.1.g27361	NC_089042.1.g27457	5	0	
OG0033605		NC_089042.1.g27411	NC_089042.1.g27417		NC_089042.1.g27517		NC_089042.1.g27379	NC_089042.1.g27475	5	0	
OG0033606		NC_089042.1.g27465	NC_089042.1.g27476		NC_089042.1.g27577		NC_089042.1.g27443	NC_089042.1.g27535	5	0	
OG0033607		NC_089042.1.g27482	NC_089042.1.g27493		NC_089042.1.g27594		NC_089042.1.g27463	NC_089042.1.g27550	5	0	
OG0033608		NC_089042.1.g27491	NC_089042.1.g27501		NC_089042.1.g27602		NC_089042.1.g27470	NC_089042.1.g27560	5	0	
OG0033609		NC_089042.1.g27569	NC_089042.1.g27577		NC_089042.1.g27673	NC_089042.1.g27921		NC_089042.1.g27634	5	0	
OG0033610		NC_089042.1.g27573	NC_089042.1.g27582		NC_089042.1.g27678		NC_089042.1.g27552	NC_089042.1.g27639	5	0	
OG0033611		NC_089042.1.g27576	NC_089042.1.g27585	NC_089042.1.g27391	NC_089042.1.g27681			NC_089042.1.g27642	5	0	
OG0033612		NC_089042.1.g27638		NC_089042.1.g27458		NC_089042.1.g28003	NC_089042.1.g27632	NC_089042.1.g27708	5	0	
OG0033613		NC_089042.1.g27651	NC_089042.1.g27671		NC_089042.1.g27768		NC_089042.1.g27644	NC_089042.1.g27720	5	0	
OG0033614		NC_089042.1.g27697	NC_089042.1.g27717				NC_089042.1.g27694	NC_089042.1.g27768, NC_089042.1.g27769	4	0	
OG0033615		NC_089042.1.g27707	NC_089042.1.g27730	NC_089042.1.g27529			NC_089042.1.g27704	NC_089042.1.g27782	5	0	
OG0033616		NC_089042.1.g27739, NC_089042.1.g27753	NC_089042.1.g27763		NC_089042.1.g27855			NC_089042.1.g27812	4	0	
OG0033617		NC_089042.1.g27787	NC_089042.1.g27807		NC_089042.1.g27905		NC_089042.1.g27779	NC_089042.1.g27865	5	0	
OG0033618		NC_089042.1.g27791	NC_089042.1.g27816	NC_089042.1.g27621		NC_089042.1.g28163		NC_089042.1.g27874	5	0	
OG0033619		NC_089042.1.g27843	NC_089042.1.g27866		NC_089042.1.g27940, NC_089042.1.g27963	NC_089042.1.g28217			4	0	
OG0033620		NC_089042.1.g27855	NC_089042.1.g27879		NC_089042.1.g27976		NC_089042.1.g27844	NC_089042.1.g27931	5	0	
OG0033621		NC_089042.1.g27908	NC_089042.1.g27929		NC_089042.1.g28034		NC_089042.1.g27892	NC_089042.1.g27982	5	0	
OG0033622		NC_089042.1.g27910		NC_089042.1.g27720	NC_089042.1.g28036	NC_089042.1.g28283		NC_089042.1.g27984	5	0	
OG0033623		NC_089042.1.g27940	NC_089042.1.g27960		NC_089042.1.g28067	NC_089042.1.g28313	NC_089042.1.g27923		5	0	
OG0033624		NC_089042.1.g28032	NC_089042.1.g28054		NC_089042.1.g28156	NC_089042.1.g28399		NC_089042.1.g28110	5	0	
OG0033625		NC_089042.1.g28090	NC_089042.1.g28109		NC_089042.1.g28217	NC_089042.1.g28449		NC_089042.1.g28168	5	0	
OG0033626		NC_089042.1.g28123	NC_089042.1.g28136			NC_089042.1.g28478	NC_089042.1.g28097	NC_089042.1.g28202	5	0	
OG0033627		NC_089042.1.g28168	NC_089042.1.g28182		NC_089042.1.g28297	NC_089042.1.g28525	NC_089042.1.g28139		5	0	
OG0033628		NC_089042.1.g28211	NC_089042.1.g28226		NC_089042.1.g28339	NC_089042.1.g28568	NC_089042.1.g28180		5	0	
OG0033629		NC_089042.1.g28359		NC_089042.1.g28122		NC_089042.1.g28711	NC_089042.1.g28319	NC_089042.1.g28438	5	0	
OG0033630		NC_089042.1.g28393	NC_089042.1.g28406		NC_089042.1.g28511		NC_089042.1.g28351	NC_089042.1.g28472	5	0	
OG0033631		NC_089042.1.g28404	NC_089042.1.g28419		NC_089042.1.g28524		NC_089042.1.g28362	NC_089042.1.g28485	5	0	
OG0033632		NC_089042.1.g28405	NC_089042.1.g28421		NC_089042.1.g28527		NC_089042.1.g28364	NC_089042.1.g28487	5	0	
OG0033633		NC_089042.1.g28429, NC_089046.1.g38565		NC_089042.1.g28138, NC_089042.1.g28194, NC_089045.1.g36625					2	0	
OG0033634		NC_089042.1.g28605	NC_089042.1.g28615	NC_089042.1.g28355			NC_089042.1.g28561	NC_089042.1.g28680	5	0	
OG0033635		NC_089042.1.g28620			NC_089042.1.g28724, NC_089046.1.g38900	NC_089036.1.g6378	NC_089036.1.g6267		4	0	
OG0033636		NC_089042.1.g28627	NC_089042.1.g28638	NC_089042.1.g28380	NC_089042.1.g28730			NC_089042.1.g28703	5	0	
OG0033637		NC_089042.1.g28629	NC_089042.1.g28640	NC_089042.1.g28382	NC_089042.1.g28732			NC_089042.1.g28705	5	0	
OG0033638		NC_089042.1.g28630	NC_089042.1.g28641	NC_089042.1.g28383	NC_089042.1.g28733			NC_089042.1.g28706	5	0	
OG0033639		NC_089042.1.g28664	NC_089042.1.g28679		NC_089042.1.g28767		NC_089042.1.g28624	NC_089042.1.g28742	5	0	
OG0033640		NC_089042.1.g28671	NC_089042.1.g28686		NC_089042.1.g28774		NC_089042.1.g28630	NC_089042.1.g28750	5	0	
OG0033641		NC_089042.1.g28826	NC_089042.1.g28842	NC_089042.1.g28570		NC_089042.1.g29174		NC_089042.1.g28907	5	0	
OG0033642		NC_089042.1.g28921	NC_089042.1.g28936		NC_089042.1.g29025		NC_089042.1.g28876	NC_089042.1.g29004	5	0	
OG0033643		NC_089042.1.g28939	NC_089042.1.g28954		NC_089042.1.g29043		NC_089042.1.g28893	NC_089042.1.g29023	5	0	
OG0033644		NC_089042.1.g28979	NC_089042.1.g28994		NC_089042.1.g29087		NC_089042.1.g28931	NC_089042.1.g29063	5	0	
OG0033645		NC_089042.1.g28986	NC_089042.1.g29001		NC_089042.1.g29094		NC_089042.1.g28938	NC_089042.1.g29069	5	0	
OG0033646		NC_089042.1.g28991	NC_089042.1.g29002		NC_089042.1.g29095	NC_089042.1.g29336		NC_089042.1.g29070	5	0	
OG0033647		NC_089042.1.g28993	NC_089042.1.g29005		NC_089042.1.g29098		NC_089042.1.g28944	NC_089042.1.g29072	5	0	
OG0033648		NC_089042.1.g29005	NC_089042.1.g29018		NC_089042.1.g29111		NC_089042.1.g28957	NC_089042.1.g29085	5	0	
OG0033649		NC_089042.1.g29012	NC_089042.1.g29025		NC_089042.1.g29118		NC_089042.1.g28964	NC_089042.1.g29092	5	0	
OG0033650		NC_089042.1.g29029	NC_089042.1.g29043		NC_089042.1.g29136		NC_089042.1.g28981	NC_089042.1.g29110	5	0	
OG0033651		NC_089042.1.g29092	NC_089042.1.g29107		NC_089042.1.g29201		NC_089042.1.g29043	NC_089042.1.g29171	5	0	
OG0033652		NC_089042.1.g29100	NC_089042.1.g29115		NC_089042.1.g29209		NC_089042.1.g29051	NC_089042.1.g29179	5	0	
OG0033653		NC_089042.1.g29188	NC_089042.1.g29205	NC_089042.1.g28922	NC_089042.1.g29296			NC_089042.1.g29267	5	0	
OG0033654		NC_089042.1.g29268	NC_089042.1.g29292	NC_089042.1.g29002		NC_089042.1.g29633		NC_089042.1.g29352	5	0	
OG0033655		NC_089042.1.g29330		NC_089042.1.g29061		NC_089042.1.g29694	NC_089042.1.g29276	NC_089042.1.g29415	5	0	
OG0033656		NC_089042.1.g29341		NC_089042.1.g29073	NC_089042.1.g29447	NC_089042.1.g29706		NC_089042.1.g29427	5	0	
OG0033657		NC_089042.1.g29358	NC_089042.1.g29377		NC_089042.1.g29464		NC_089042.1.g29305	NC_089042.1.g29443	5	0	
OG0033658		NC_089042.1.g29438	NC_089042.1.g29460		NC_089042.1.g29548		NC_089042.1.g29385	NC_089042.1.g29518	5	0	
OG0033659		NC_089042.1.g29481	NC_089042.1.g29505		NC_089042.1.g29591		NC_089042.1.g29429	NC_089042.1.g29562	5	0	
OG0033660		NC_089042.1.g29524	NC_089042.1.g29549		NC_089042.1.g29636		NC_089042.1.g29473	NC_089042.1.g29605	5	0	
OG0033661		NC_089042.1.g29623	NC_089042.1.g29644		NC_089042.1.g29728		NC_089042.1.g29568	NC_089042.1.g29702	5	0	
OG0033662		NC_089042.1.g29674	NC_089042.1.g29696		NC_089042.1.g29779		NC_089042.1.g29621	NC_089042.1.g29754	5	0	
OG0033663		NC_089042.1.g29796	NC_089042.1.g29808		NC_089042.1.g29882		NC_089042.1.g29724	NC_089042.1.g29876	5	0	
OG0033664		NC_089042.1.g29798	NC_089042.1.g29810		NC_089042.1.g29884		NC_089042.1.g29726	NC_089042.1.g29878	5	0	
OG0033665		NC_089043.1.g29868	NC_089043.1.g29884		NC_089043.1.g29972		NC_089043.1.g29797	NC_089043.1.g29960	5	0	
OG0033666		NC_089043.1.g29940	NC_089043.1.g29951		NC_089043.1.g30046		NC_089043.1.g29871	NC_089043.1.g30038	5	0	
OG0033667		NC_089043.1.g29969	NC_089043.1.g29977		NC_089043.1.g30073		NC_089043.1.g29901	NC_089043.1.g30067	5	0	
OG0033668		NC_089043.1.g29972	NC_089043.1.g29980		NC_089043.1.g30076		NC_089043.1.g29904	NC_089043.1.g30070	5	0	
OG0033669		NC_089043.1.g29985	NC_089043.1.g29992		NC_089043.1.g30089		NC_089043.1.g29918	NC_089043.1.g30087	5	0	
OG0033670		NC_089043.1.g30004	NC_089043.1.g30011		NC_089043.1.g30105	NC_089043.1.g30394	NC_089043.1.g29938		5	0	
OG0033671		NC_089043.1.g30007	NC_089043.1.g30014		NC_089043.1.g30108		NC_089043.1.g29941	NC_089043.1.g30106	5	0	
OG0033672		NC_089043.1.g30077	NC_089043.1.g30070		NC_089043.1.g30176		NC_089043.1.g30002	NC_089043.1.g30174	5	0	
OG0033673		NC_089043.1.g30141	NC_089043.1.g30136		NC_089043.1.g30240		NC_089043.1.g30063	NC_089043.1.g30235	5	0	
OG0033674		NC_089043.1.g30199	NC_089043.1.g30191		NC_089043.1.g30292		NC_089043.1.g30118	NC_089043.1.g30286	5	0	
OG0033675		NC_089043.1.g30261	NC_089043.1.g30244		NC_089043.1.g30347		NC_089043.1.g30177	NC_089043.1.g30343	5	0	
OG0033676		NC_089043.1.g30331	NC_089043.1.g30311			NC_089043.1.g30723	NC_089043.1.g30245	NC_089043.1.g30413	5	0	
OG0033677		NC_089043.1.g30355		NC_089043.1.g30080	NC_089043.1.g30441	NC_089043.1.g30748		NC_089043.1.g30439	5	0	
OG0033678		NC_089043.1.g30530	NC_089043.1.g30511				NC_089038.1.g16653, NC_089043.1.g30430	NC_089043.1.g30619	4	0	
OG0033679		NC_089043.1.g30647	NC_089043.1.g30616	NC_089043.1.g30369		NC_089043.1.g31053	NC_089043.1.g30537		5	0	
OG0033680		NC_089043.1.g30691	NC_089043.1.g30655	NC_089043.1.g30409	NC_089043.1.g30779		NC_089043.1.g30576		5	0	
OG0033681		NC_089043.1.g30738	NC_089043.1.g30700		NC_089043.1.g30827		NC_089043.1.g30626	NC_089043.1.g30811	5	0	
OG0033682		NC_089043.1.g30741	NC_089043.1.g30703		NC_089043.1.g30830		NC_089043.1.g30629	NC_089043.1.g30814	5	0	
OG0033683		NC_089043.1.g30752	NC_089043.1.g30715		NC_089043.1.g30844		NC_089043.1.g30641	NC_089043.1.g30826	5	0	
OG0033684		NC_089043.1.g30822		NC_089043.1.g30540	NC_089043.1.g30916		NC_089043.1.g30716	NC_089043.1.g30902	5	0	
OG0033685		NC_089043.1.g30904	NC_089043.1.g30873	NC_089043.1.g30626		NC_089043.1.g31330	NC_089043.1.g30806		5	0	
OG0033686		NC_089043.1.g30963	NC_089043.1.g30930		NC_089043.1.g31067		NC_089043.1.g30868	NC_089043.1.g31039	5	0	
OG0033687		NC_089043.1.g30978	NC_089043.1.g30943		NC_089043.1.g31080		NC_089043.1.g30881	NC_089043.1.g31052	5	0	
OG0033688		NC_089043.1.g30986	NC_089043.1.g30949		NC_089043.1.g31087		NC_089043.1.g30888	NC_089043.1.g31059	5	0	
OG0033689		NC_089043.1.g30991	NC_089043.1.g30954		NC_089043.1.g31094		NC_089043.1.g30893	NC_089043.1.g31065	5	0	
OG0033690		NC_089043.1.g31008	NC_089043.1.g30971		NC_089043.1.g31110		NC_089043.1.g30910	NC_089043.1.g31081	5	0	
OG0033691		NC_089043.1.g31013	NC_089043.1.g30976		NC_089043.1.g31115		NC_089043.1.g30916	NC_089043.1.g31086	5	0	
OG0033692		NC_089043.1.g31025	NC_089043.1.g30993	NC_089043.1.g30739		NC_089043.1.g31444	NC_089043.1.g30928		5	0	
OG0033693		NC_089043.1.g31054	NC_089043.1.g31020		NC_089043.1.g31157		NC_089043.1.g30956	NC_089043.1.g31129	5	0	
OG0033694		NC_089043.1.g31111	NC_089043.1.g31079		NC_089043.1.g31217		NC_089043.1.g31019	NC_089043.1.g31187	5	0	
OG0033695		NC_089043.1.g31141	NC_089043.1.g31111	NC_089043.1.g30859	NC_089043.1.g31248	NC_089043.1.g31569			5	0	
OG0033696		NC_089043.1.g31188	NC_089043.1.g31156		NC_089043.1.g31293		NC_089043.1.g31097	NC_089043.1.g31261	5	0	
OG0033697		NC_089043.1.g31217	NC_089043.1.g31189		NC_089043.1.g31323		NC_089043.1.g31127	NC_089043.1.g31293	5	0	
OG0033698		NC_089043.1.g31278	NC_089043.1.g31253		NC_089043.1.g31382		NC_089043.1.g31188	NC_089043.1.g31359	5	0	
OG0033699		NC_089043.1.g31308	NC_089043.1.g31283	NC_089043.1.g31031	NC_089043.1.g31412			NC_089043.1.g31390	5	0	
OG0033700		NC_089043.1.g31321	NC_089043.1.g31296	NC_089043.1.g31046	NC_089043.1.g31428			NC_089043.1.g31404	5	0	
OG0033701		NC_089043.1.g31331, NC_089045.1.g36004				NC_089045.1.g36516	NC_089043.1.g31242	NC_089045.1.g36133	4	0	
OG0033702		NC_089043.1.g31425		NC_089042.1.g27404		NC_089036.1.g7087, NC_089040.1.g21038	NC_089040.1.g20761		4	0	
OG0033703		NC_089043.1.g31433	NC_089043.1.g31407		NC_089043.1.g31541		NC_089043.1.g31349	NC_089043.1.g31521	5	0	
OG0033704		NC_089043.1.g31445	NC_089043.1.g31420		NC_089043.1.g31553		NC_089043.1.g31360	NC_089043.1.g31533	5	0	
OG0033705		NC_089043.1.g31459	NC_089043.1.g31434		NC_089043.1.g31566		NC_089043.1.g31374	NC_089043.1.g31547	5	0	
OG0033706		NC_089043.1.g31495		NC_089043.1.g31219	NC_089043.1.g31604	NC_089043.1.g31927		NC_089043.1.g31585	5	0	
OG0033707		NC_089043.1.g31512	NC_089043.1.g31490		NC_089043.1.g31622		NC_089043.1.g31428	NC_089043.1.g31602	5	0	
OG0033708		NC_089043.1.g31551	NC_089043.1.g31530		NC_089043.1.g31664		NC_089043.1.g31469	NC_089043.1.g31640	5	0	
OG0033709		NC_089043.1.g31625	NC_089043.1.g31606		NC_089043.1.g31738		NC_089043.1.g31545	NC_089043.1.g31719	5	0	
OG0033710		NC_089043.1.g31728	NC_089043.1.g31711		NC_089043.1.g31847		NC_089043.1.g31651	NC_089043.1.g31826	5	0	
OG0033711		NC_089043.1.g31732	NC_089043.1.g31715		NC_089043.1.g31851		NC_089043.1.g31655	NC_089043.1.g31830	5	0	
OG0033712		NC_089043.1.g31755		NC_089043.1.g31488	NC_089043.1.g31875		NC_089043.1.g31678	NC_089043.1.g31857	5	0	
OG0033713		NC_089043.1.g31822	NC_089043.1.g31806		NC_089043.1.g31959		NC_089043.1.g31747	NC_089043.1.g31939	5	0	
OG0033714		NC_089043.1.g31837	NC_089043.1.g31819		NC_089043.1.g31974		NC_089043.1.g31762	NC_089043.1.g31953	5	0	
OG0033715		NC_089043.1.g31844	NC_089043.1.g31826		NC_089043.1.g31981		NC_089043.1.g31769	NC_089043.1.g31960	5	0	
OG0033716		NC_089043.1.g31867	NC_089043.1.g31848		NC_089043.1.g32002		NC_089043.1.g31785	NC_089043.1.g31983	5	0	
OG0033717		NC_089043.1.g31868	NC_089043.1.g31849		NC_089043.1.g32003		NC_089043.1.g31786	NC_089043.1.g31984	5	0	
OG0033718		NC_089043.1.g31890		NC_089043.1.g31633		NC_089043.1.g32339	NC_089043.1.g31809	NC_089043.1.g32008	5	0	
OG0033719		NC_089043.1.g31940	NC_089043.1.g31920		NC_089043.1.g32074		NC_089043.1.g31858	NC_089043.1.g32058	5	0	
OG0033720		NC_089044.1.g32080	NC_089044.1.g32057		NC_089044.1.g32208		NC_089044.1.g31991	NC_089044.1.g32194	5	0	
OG0033721		NC_089044.1.g32131	NC_089044.1.g32107	NC_089044.1.g31869	NC_089044.1.g32265		NC_089044.1.g32036		5	0	
OG0033722		NC_089044.1.g32168			NC_089044.1.g32298	NC_089044.1.g32605	NC_089044.1.g32069	NC_089044.1.g32283	5	0	
OG0033723		NC_089044.1.g32173		NC_089044.1.g31904	NC_089044.1.g32305		NC_089044.1.g32074	NC_089044.1.g32287	5	0	
OG0033724		NC_089044.1.g32197	NC_089042.1.g27915, NC_089044.1.g32175		NC_089044.1.g32327	NC_089042.1.g28266			4	0	
OG0033725		NC_089044.1.g32264			NC_089035.1.g4325, NC_089044.1.g32398	NC_089044.1.g32687	NC_089044.1.g32167		4	0	
OG0033726		NC_089044.1.g32279	NC_089044.1.g32240		NC_089044.1.g32412	NC_089044.1.g32704		NC_089044.1.g32377	5	0	
OG0033727		NC_089044.1.g32301	NC_089044.1.g32261		NC_089044.1.g32431		NC_089044.1.g32201	NC_089044.1.g32399	5	0	
OG0033728		NC_089044.1.g32306	NC_089044.1.g32266		NC_089044.1.g32436		NC_089044.1.g32206	NC_089044.1.g32404	5	0	
OG0033729		NC_089044.1.g32357	NC_089044.1.g32321			NC_089044.1.g32781	NC_089044.1.g32257	NC_089044.1.g32452	5	0	
OG0033730		NC_089044.1.g32451	NC_089044.1.g32414	NC_089044.1.g32148		NC_089044.1.g32879		NC_089044.1.g32541	5	0	
OG0033731		NC_089044.1.g32482		NC_089044.1.g32171	NC_089044.1.g32605		NC_089044.1.g32373	NC_089044.1.g32568	5	0	
OG0033732		NC_089044.1.g32561	NC_089044.1.g32511		NC_089044.1.g32685		NC_089044.1.g32451	NC_089044.1.g32646	5	0	
OG0033733		NC_089044.1.g32563		NC_089044.1.g32243	NC_089044.1.g32687	NC_089044.1.g32990		NC_089044.1.g32648	5	0	
OG0033734		NC_089044.1.g32625		NC_089044.1.g32311		NC_089044.1.g33055	NC_089044.1.g32519	NC_089044.1.g32711	5	0	
OG0033735		NC_089044.1.g32722			NC_089044.1.g32849	NC_089044.1.g33157	NC_089044.1.g32608	NC_089044.1.g32805	5	0	
OG0033736		NC_089044.1.g32756		NC_089044.1.g32441	NC_089044.1.g32879		NC_089044.1.g32645	NC_089044.1.g32840	5	0	
OG0033737		NC_089044.1.g32775		NC_089044.1.g32461	NC_089044.1.g32896		NC_089044.1.g32662	NC_089044.1.g32856	5	0	
OG0033738		NC_089044.1.g32800	NC_089044.1.g32747	NC_089044.1.g32482	NC_089044.1.g32919			NC_089044.1.g32878	5	0	
OG0033739		NC_089044.1.g32824		NC_089044.1.g32508	NC_089044.1.g32939		NC_089044.1.g32702	NC_089044.1.g32898	5	0	
OG0033740		NC_089044.1.g32888		NC_089044.1.g32575	NC_089044.1.g33007		NC_089044.1.g32762	NC_089044.1.g32968	5	0	
OG0033741		NC_089044.1.g32956	NC_089044.1.g32897	NC_089044.1.g32643	NC_089044.1.g33083			NC_089044.1.g33036	5	0	
OG0033742		NC_089044.1.g33059	NC_089044.1.g32993			NC_089044.1.g33485	NC_089044.1.g32934	NC_089044.1.g33141	5	0	
OG0033743		NC_089044.1.g33071	NC_089044.1.g33005	NC_089044.1.g32755	NC_089044.1.g33200			NC_089044.1.g33153	5	0	
OG0033744		NC_089044.1.g33084	NC_089044.1.g33019			NC_089044.1.g33511	NC_089044.1.g32958	NC_089044.1.g33166	5	0	
OG0033745		NC_089044.1.g33113	NC_089044.1.g33049		NC_089044.1.g33243		NC_089044.1.g32988	NC_089044.1.g33197	5	0	
OG0033746		NC_089044.1.g33122	NC_089044.1.g33057		NC_089044.1.g33253		NC_089044.1.g32998	NC_089044.1.g33207	5	0	
OG0033747		NC_089044.1.g33206	NC_089044.1.g33141		NC_089044.1.g33338		NC_089044.1.g33083	NC_089044.1.g33294	5	0	
OG0033748		NC_089044.1.g33219	NC_089044.1.g33152	NC_089044.1.g32900	NC_089044.1.g33349			NC_089044.1.g33304	5	0	
OG0033749		NC_089044.1.g33255	NC_089044.1.g33191		NC_089044.1.g33389		NC_089044.1.g33131	NC_089044.1.g33342	5	0	
OG0033750		NC_089044.1.g33283	NC_089044.1.g33221	NC_089044.1.g32975		NC_089044.1.g33732		NC_089044.1.g33380	5	0	
OG0033751		NC_089044.1.g33291			NC_089044.1.g33430		NC_089044.1.g33180, NC_089044.1.g33181	NC_089044.1.g33391	4	0	
OG0033752		NC_089044.1.g33294		NC_089044.1.g32984		NC_089044.1.g33744	NC_089044.1.g33187	NC_089044.1.g33399	5	0	
OG0033753		NC_089044.1.g33314	NC_089044.1.g33249		NC_089044.1.g33451		NC_089044.1.g33207	NC_089044.1.g33418	5	0	
OG0033754		NC_089044.1.g33315	NC_089044.1.g33250		NC_089044.1.g33452		NC_089044.1.g33208	NC_089044.1.g33419	5	0	
OG0033755		NC_089044.1.g33340	NC_089044.1.g33276		NC_089044.1.g33477		NC_089044.1.g33238	NC_089044.1.g33447	5	0	
OG0033756		NC_089044.1.g33395	NC_089044.1.g33328	NC_089044.1.g33083	NC_089044.1.g33531	NC_089044.1.g33843			5	0	
OG0033757		NC_089044.1.g33406		NC_089044.1.g33093	NC_089044.1.g33541	NC_089044.1.g33854	NC_089044.1.g33297		5	0	
OG0033758		NC_089044.1.g33417	NC_089044.1.g33351		NC_089044.1.g33552		NC_089044.1.g33307	NC_089044.1.g33519	5	0	
OG0033759		NC_089044.1.g33449	NC_089044.1.g33377		NC_089044.1.g33598		NC_089044.1.g33352	NC_089044.1.g33566	5	0	
OG0033760		NC_089044.1.g33545	NC_089044.1.g33473		NC_089044.1.g33691		NC_089044.1.g33446	NC_089044.1.g33660	5	0	
OG0033761		NC_089044.1.g33549	NC_089044.1.g33477		NC_089044.1.g33695		NC_089044.1.g33450	NC_089044.1.g33664	5	0	
OG0033762		NC_089044.1.g33552	NC_089044.1.g33480		NC_089044.1.g33697		NC_089044.1.g33453	NC_089044.1.g33667	5	0	
OG0033763		NC_089044.1.g33647	NC_089044.1.g33572		NC_089044.1.g33789		NC_089044.1.g33543	NC_089044.1.g33760	5	0	
OG0033764		NC_089044.1.g33785	NC_089044.1.g33704		NC_089044.1.g33937	NC_089044.1.g34256	NC_089044.1.g33695		5	0	
OG0033765		NC_089044.1.g33869		NC_089035.1.g2995		NC_089035.1.g3069	NC_089036.1.g6125	NC_089044.1.g33998	5	0	
OG0033766		NC_089044.1.g33923	NC_089044.1.g33844		NC_089044.1.g34085		NC_089044.1.g33846	NC_089044.1.g34050	5	0	
OG0033767		NC_089044.1.g34055	NC_089044.1.g33973		NC_089044.1.g34214		NC_089044.1.g33976	NC_089044.1.g34185	5	0	
OG0033768		NC_089044.1.g34062	NC_089044.1.g33980		NC_089044.1.g34222		NC_089044.1.g33983	NC_089044.1.g34192	5	0	
OG0033769		NC_089044.1.g34077	NC_089044.1.g33995		NC_089044.1.g34238		NC_089044.1.g33997	NC_089044.1.g34209	5	0	
OG0033770		NC_089044.1.g34092	NC_089044.1.g34008		NC_089044.1.g34251		NC_089044.1.g34011	NC_089044.1.g34222	5	0	
OG0033771		NC_089044.1.g34104	NC_089044.1.g34019		NC_089044.1.g34262		NC_089044.1.g34022	NC_089044.1.g34233	5	0	
OG0033772		NC_089044.1.g34108	NC_089044.1.g34023		NC_089044.1.g34266		NC_089044.1.g34026	NC_089044.1.g34237	5	0	
OG0033773		NC_089045.1.g34460	NC_089045.1.g34376		NC_089045.1.g34613		NC_089045.1.g34373	NC_089045.1.g34583	5	0	
OG0033774		NC_089045.1.g34461	NC_089045.1.g34377		NC_089045.1.g34614		NC_089045.1.g34374	NC_089045.1.g34584	5	0	
OG0033775		NC_089045.1.g34483	NC_089045.1.g34400		NC_089045.1.g34637		NC_089045.1.g34398	NC_089045.1.g34607	5	0	
OG0033776		NC_089045.1.g34486	NC_089045.1.g34403		NC_089045.1.g34641		NC_089045.1.g34401	NC_089045.1.g34610	5	0	
OG0033777		NC_089045.1.g34522	NC_089045.1.g34439		NC_089045.1.g34677		NC_089045.1.g34433	NC_089045.1.g34646	5	0	
OG0033778		NC_089045.1.g34524	NC_089045.1.g34441	NC_089045.1.g34218			NC_089045.1.g34435	NC_089045.1.g34648	5	0	
OG0033779		NC_089045.1.g34548	NC_089045.1.g34470		NC_089045.1.g34707		NC_089045.1.g34464	NC_089045.1.g34674	5	0	
OG0033780		NC_089045.1.g34565	NC_089045.1.g34487		NC_089045.1.g34723		NC_089045.1.g34479	NC_089045.1.g34690	5	0	
OG0033781		NC_089045.1.g34624	NC_089045.1.g34545		NC_089045.1.g34782		NC_089045.1.g34537	NC_089045.1.g34749	5	0	
OG0033782		NC_089045.1.g34625	NC_089045.1.g34546		NC_089045.1.g34783		NC_089045.1.g34538	NC_089045.1.g34750	5	0	
OG0033783		NC_089045.1.g34633	NC_089045.1.g34555		NC_089045.1.g34792		NC_089045.1.g34547	NC_089045.1.g34759	5	0	
OG0033784		NC_089045.1.g34634	NC_089045.1.g34556		NC_089045.1.g34793		NC_089045.1.g34548	NC_089045.1.g34760	5	0	
OG0033785		NC_089045.1.g34686	NC_089045.1.g34602	NC_089045.1.g34382		NC_089045.1.g35164		NC_089045.1.g34810	5	0	
OG0033786		NC_089045.1.g34879	NC_089045.1.g34792	NC_089045.1.g34571			NC_089045.1.g34782	NC_089045.1.g34999	5	0	
OG0033787		NC_089045.1.g34880	NC_089045.1.g34793	NC_089045.1.g34572			NC_089045.1.g34783	NC_089045.1.g35000	5	0	
OG0033788		NC_089045.1.g34881	NC_089045.1.g34794	NC_089045.1.g34573			NC_089045.1.g34784	NC_089045.1.g35001	5	0	
OG0033789		NC_089045.1.g34883	NC_089045.1.g34796	NC_089045.1.g34576			NC_089045.1.g34786	NC_089045.1.g35005	5	0	
OG0033790		NC_089045.1.g34884	NC_089045.1.g34797	NC_089045.1.g34578			NC_089045.1.g34787	NC_089045.1.g35006	5	0	
OG0033791		NC_089045.1.g34885	NC_089045.1.g34798	NC_089045.1.g34579			NC_089045.1.g34788	NC_089045.1.g35007	5	0	
OG0033792		NC_089045.1.g34886	NC_089045.1.g34799	NC_089045.1.g34580			NC_089045.1.g34789	NC_089045.1.g35008	5	0	
OG0033793		NC_089045.1.g34887	NC_089045.1.g34800	NC_089045.1.g34581			NC_089045.1.g34790	NC_089045.1.g35009	5	0	
OG0033794		NC_089045.1.g34888	NC_089045.1.g34801	NC_089045.1.g34582			NC_089045.1.g34791	NC_089045.1.g35011	5	0	
OG0033795		NC_089045.1.g34889	NC_089045.1.g34802	NC_089045.1.g34583			NC_089045.1.g34792	NC_089045.1.g35012	5	0	
OG0033796		NC_089045.1.g34925	NC_089045.1.g34844		NC_089045.1.g35063		NC_089045.1.g34831	NC_089045.1.g35052	5	0	
OG0033797		NC_089045.1.g34939	NC_089045.1.g34859		NC_089045.1.g35078		NC_089045.1.g34846	NC_089045.1.g35067	5	0	
OG0033798		NC_089045.1.g34944	NC_089045.1.g34864		NC_089045.1.g35083		NC_089045.1.g34851	NC_089045.1.g35072	5	0	
OG0033799		NC_089045.1.g34946	NC_089045.1.g34866		NC_089045.1.g35085		NC_089045.1.g34853	NC_089045.1.g35074	5	0	
OG0033800		NC_089045.1.g34976	NC_089045.1.g34896			NC_089045.1.g35447	NC_089045.1.g34885	NC_089045.1.g35105	5	0	
OG0033801		NC_089045.1.g35041	NC_089045.1.g34960		NC_089045.1.g35193		NC_089045.1.g34959	NC_089045.1.g35177	5	0	
OG0033802		NC_089045.1.g35055			NC_089045.1.g35208	NC_089045.1.g35526	NC_089045.1.g34973	NC_089045.1.g35193	5	0	
OG0033803		NC_089045.1.g35135				NC_089035.1.g1408, NC_089045.1.g35604		NC_089035.1.g1376, NC_089045.1.g35268	3	0	
OG0033804		NC_089045.1.g35150	NC_089045.1.g35055		NC_089045.1.g35311	NC_089045.1.g35621		NC_089045.1.g35284	5	0	
OG0033805		NC_089045.1.g35322	NC_089045.1.g35245	NC_089045.1.g35016		NC_089045.1.g35800		NC_089045.1.g35457	5	0	
OG0033806		NC_089045.1.g35493			NC_089045.1.g35658	NC_089037.1.g13203	NC_089037.1.g13057, NC_089045.1.g35397		4	0	
OG0033807		NC_089045.1.g35510	NC_089045.1.g35439		NC_089045.1.g35678		NC_089045.1.g35415	NC_089045.1.g35652	5	0	
OG0033808		NC_089045.1.g35559	NC_089045.1.g35497		NC_089045.1.g35738		NC_089045.1.g35470	NC_089045.1.g35706	5	0	
OG0033809		NC_089045.1.g35578			NC_089045.1.g35757	NC_089045.1.g36082	NC_089045.1.g35488	NC_089045.1.g35727	5	0	
OG0033810		NC_089045.1.g35605	NC_089045.1.g35536		NC_089045.1.g35784		NC_089045.1.g35516	NC_089045.1.g35754	5	0	
OG0033811		NC_089045.1.g35630	NC_089045.1.g35555		NC_089045.1.g35801		NC_089045.1.g35537	NC_089045.1.g35772	5	0	
OG0033812		NC_089045.1.g35635		NC_089045.1.g35333	NC_089045.1.g35805	NC_089045.1.g36137		NC_089045.1.g35776	5	0	
OG0033813		NC_089045.1.g35639	NC_089045.1.g35564		NC_089045.1.g35810		NC_089045.1.g35548	NC_089045.1.g35780	5	0	
OG0033814		NC_089045.1.g35667	NC_089045.1.g35594		NC_089045.1.g35838		NC_089045.1.g35573	NC_089045.1.g35808	5	0	
OG0033815		NC_089045.1.g35743	NC_089045.1.g35669	NC_089045.1.g35442	NC_089045.1.g35910		NC_089045.1.g35647		5	0	
OG0033816		NC_089045.1.g35771	NC_089045.1.g35693		NC_089045.1.g35937		NC_089045.1.g35675	NC_089045.1.g35905	5	0	
OG0033817		NC_089045.1.g35822		NC_089045.1.g35532	NC_089045.1.g35996	NC_089045.1.g36338	NC_089045.1.g35728		5	0	
OG0033818		NC_089045.1.g35837	NC_089045.1.g35761				NC_089045.1.g35741	NC_089045.1.g35975, NC_089046.1.g37848	4	0	
OG0033819		NC_089045.1.g35911	NC_089045.1.g35832		NC_089045.1.g36080	NC_089045.1.g36425	NC_089045.1.g35809		5	0	
OG0033820		NC_089045.1.g35912	NC_089045.1.g35833	NC_089045.1.g35612			NC_089045.1.g35810	NC_089045.1.g36045	5	0	
OG0033821		NC_089045.1.g35969		NC_089038.1.g14961	NC_089038.1.g15036	NC_089045.1.g36487		NC_089045.1.g36105	5	0	
OG0033822		NC_089045.1.g36006	NC_089045.1.g35918	NC_089045.1.g35697		NC_089045.1.g36519	NC_089045.1.g35896		5	0	
OG0033823		NC_089045.1.g36044	NC_089045.1.g35956		NC_089045.1.g36215	NC_089045.1.g36558	NC_089045.1.g35932		5	0	
OG0033824		NC_089045.1.g36062		NC_089045.1.g35756	NC_089045.1.g36236	NC_089045.1.g36577		NC_089045.1.g36185	5	0	
OG0033825		NC_089045.1.g36107			NC_089045.1.g36280	NC_089045.1.g36620	NC_089045.1.g35992	NC_089045.1.g36226	5	0	
OG0033826		NC_089045.1.g36108			NC_089045.1.g36281	NC_089045.1.g36622	NC_089045.1.g35994	NC_089045.1.g36228	5	0	
OG0033827		NC_089045.1.g36127			NC_089045.1.g36305	NC_089045.1.g36651	NC_089045.1.g36021	NC_089045.1.g36260	5	0	
OG0033828		NC_089045.1.g36255					NC_089037.1.g13879, NC_089038.1.g17279, NC_089041.1.g26648, NC_089046.1.g37781		2	0	
OG0033829		NC_089045.1.g36259	NC_089045.1.g36183		NC_089045.1.g36445		NC_089045.1.g36155	NC_089045.1.g36391	5	0	
OG0033830		NC_089045.1.g36271, NC_089046.1.g37543	NC_089045.1.g36197		NC_089045.1.g36458, NC_089045.1.g36482				3	0	
OG0033831		NC_089045.1.g36274	NC_089045.1.g36202	NC_089045.1.g35970		NC_089045.1.g36799	NC_089045.1.g36170		5	0	
OG0033832		NC_089045.1.g36289	NC_089045.1.g36219		NC_089045.1.g36480	NC_089045.1.g36811		NC_089045.1.g36417	5	0	
OG0033833		NC_089045.1.g36313	NC_089045.1.g36239		NC_089045.1.g36501		NC_089045.1.g36197	NC_089045.1.g36431	5	0	
OG0033834		NC_089045.1.g36401		NC_089045.1.g36080	NC_089045.1.g36596	NC_089045.1.g36917		NC_089045.1.g36516	5	0	
OG0033835		NC_089045.1.g36508	NC_089045.1.g36442	NC_089045.1.g36182	NC_089045.1.g36697			NC_089045.1.g36620	5	0	
OG0033836		NC_089045.1.g36537	NC_089045.1.g36469		NC_089045.1.g36726		NC_089045.1.g36433	NC_089045.1.g36648	5	0	
OG0033837		NC_089045.1.g36636				NC_089045.1.g37142	NC_089043.1.g29889, NC_089045.1.g36538	NC_089045.1.g36746	4	0	
OG0033838		NC_089045.1.g36740	NC_089045.1.g36663	NC_089045.1.g36397			NC_089045.1.g36639	NC_089045.1.g36854	5	0	
OG0033839		NC_089045.1.g36837	NC_089045.1.g36766	NC_089041.1.g24031, NC_089045.1.g36495				NC_089045.1.g36945	4	0	
OG0033840		NC_089045.1.g36921		NC_089045.1.g36578		NC_089045.1.g37444	NC_089045.1.g36826	NC_089045.1.g37034	5	0	
OG0033841		NC_089045.1.g36999		NC_089042.1.g28616		NC_089042.1.g29223, NC_089045.1.g37529		NC_089045.1.g37112	4	0	
OG0033842		NC_089046.1.g37252	NC_089046.1.g37181		NC_089046.1.g37430		NC_089046.1.g37152	NC_089046.1.g37358	5	0	
OG0033843		NC_089046.1.g37339	NC_089046.1.g37268		NC_089046.1.g37519		NC_089046.1.g37240	NC_089046.1.g37447	5	0	
OG0033844		NC_089046.1.g37343	NC_089046.1.g37272		NC_089046.1.g37523		NC_089046.1.g37244	NC_089046.1.g37451	5	0	
OG0033845		NC_089046.1.g37344	NC_089046.1.g37273		NC_089046.1.g37524		NC_089046.1.g37245	NC_089046.1.g37452	5	0	
OG0033846		NC_089046.1.g37372	NC_089046.1.g37300		NC_089046.1.g37551		NC_089046.1.g37271	NC_089046.1.g37477	5	0	
OG0033847		NC_089046.1.g37391	NC_089046.1.g37320		NC_089046.1.g37571		NC_089046.1.g37290	NC_089046.1.g37496	5	0	
OG0033848		NC_089046.1.g37483	NC_089046.1.g37413		NC_089046.1.g37664	NC_089046.1.g38007	NC_089046.1.g37380		5	0	
OG0033849		NC_089046.1.g37499			NC_089046.1.g37678	NC_089046.1.g38020	NC_089046.1.g37395	NC_089046.1.g37607	5	0	
OG0033850		NC_089046.1.g37590	NC_089046.1.g37527		NC_089046.1.g37773		NC_089046.1.g37491	NC_089046.1.g37702	5	0	
OG0033851		NC_089046.1.g37674			NC_089046.1.g37864	NC_089046.1.g38214	NC_089046.1.g37579	NC_089046.1.g37789	5	0	
OG0033852		NC_089046.1.g37676	NC_089046.1.g37616		NC_089046.1.g37866		NC_089046.1.g37581	NC_089046.1.g37791	5	0	
OG0033853		NC_089046.1.g37679	NC_089046.1.g37619	NC_089046.1.g37312	NC_089046.1.g37869	NC_089046.1.g38219			5	0	
OG0033854		NC_089046.1.g37688	NC_089046.1.g37626		NC_089046.1.g37877		NC_089046.1.g37591	NC_089046.1.g37802	5	0	
OG0033855		NC_089046.1.g37786	NC_089046.1.g37720		NC_089046.1.g37979		NC_089046.1.g37688	NC_089046.1.g37899	5	0	
OG0033856		NC_089046.1.g37787		NC_089046.1.g37409	NC_089046.1.g37981		NC_089046.1.g37689	NC_089046.1.g37901	5	0	
OG0033857		NC_089046.1.g37789	NC_089046.1.g37723		NC_089046.1.g37983		NC_089046.1.g37692	NC_089046.1.g37903	5	0	
OG0033858		NC_089046.1.g37876	NC_089046.1.g37814	NC_089046.1.g37499	NC_089046.1.g38073		NC_089046.1.g37778		5	0	
OG0033859		NC_089046.1.g37917	NC_089046.1.g37843	NC_089046.1.g37544		NC_089046.1.g38456		NC_089046.1.g38020	5	0	
OG0033860		NC_089046.1.g37955		NC_089046.1.g37579	NC_089046.1.g38139		NC_089046.1.g37847	NC_089046.1.g38060	5	0	
OG0033861		NC_089046.1.g37968	NC_089046.1.g37896		NC_089046.1.g38154		NC_089046.1.g37861	NC_089046.1.g38076	5	0	
OG0033862		NC_089046.1.g37977	NC_089046.1.g37905		NC_089046.1.g38164		NC_089046.1.g37871	NC_089046.1.g38086	5	0	
OG0033863		NC_089046.1.g37989	NC_089046.1.g37917		NC_089046.1.g38177		NC_089046.1.g37881	NC_089046.1.g38098	5	0	
OG0033864		NC_089046.1.g38008	NC_089046.1.g37935		NC_089046.1.g38194		NC_089046.1.g37897	NC_089046.1.g38113	5	0	
OG0033865		NC_089046.1.g38033	NC_089046.1.g37956		NC_089046.1.g38220		NC_089046.1.g37922	NC_089046.1.g38135	5	0	
OG0033866		NC_089046.1.g38072		NC_089046.1.g37692	NC_089046.1.g38261		NC_089046.1.g37963	NC_089046.1.g38176	5	0	
OG0033867		NC_089046.1.g38073	NC_089046.1.g37995		NC_089046.1.g38262		NC_089046.1.g37964	NC_089046.1.g38177	5	0	
OG0033868		NC_089046.1.g38075	NC_089046.1.g37997		NC_089046.1.g38264		NC_089046.1.g37966	NC_089046.1.g38179	5	0	
OG0033869		NC_089046.1.g38229	NC_089046.1.g38148	NC_089046.1.g37836		NC_089041.1.g24230, NC_089046.1.g38759			4	0	
OG0033870		NC_089046.1.g38263		NC_089046.1.g37868		NC_089046.1.g38791	NC_089046.1.g38135	NC_089046.1.g38339	5	0	
OG0033871		NC_089046.1.g38375		NC_089046.1.g37976	NC_089046.1.g38563		NC_089046.1.g38235	NC_089046.1.g38451	5	0	
OG0033872		NC_089046.1.g38419	NC_089046.1.g38319		NC_089046.1.g38607, NC_089046.1.g38608			NC_089046.1.g38494	4	0	
OG0033873		NC_089046.1.g38515	NC_089042.1.g28162			NC_089038.1.g14766, NC_089042.1.g28501		NC_089042.1.g28223	4	0	
OG0033874		NC_089046.1.g38706				NC_089046.1.g39252	NC_089037.1.g10661, NC_089046.1.g38567	NC_089046.1.g38791	4	0	
OG0033875		NC_089046.1.g38744	NC_089046.1.g38648		NC_089046.1.g38935		NC_089046.1.g38605	NC_089046.1.g38826	5	0	
OG0033876		NC_089046.1.g38761	NC_089046.1.g38667		NC_089046.1.g38953		NC_089046.1.g38623	NC_089046.1.g38844	5	0	
OG0033877		NC_089046.1.g38772	NC_089046.1.g38676		NC_089046.1.g38961		NC_089046.1.g38630	NC_089046.1.g38853	5	0	
OG0033878		NC_089046.1.g38781	NC_089046.1.g38685		NC_089046.1.g38970		NC_089046.1.g38639	NC_089046.1.g38862	5	0	
OG0033879		NC_089046.1.g38806	NC_089046.1.g38712		NC_089046.1.g38998		NC_089046.1.g38668	NC_089046.1.g38891	5	0	
OG0033880		NC_089046.1.g38881			NC_089046.1.g39067	NC_089046.1.g39428	NC_089046.1.g38739	NC_089046.1.g38962	5	0	
OG0033881		NC_089046.1.g39124	NC_089046.1.g39023		NC_089046.1.g39315		NC_089046.1.g38984	NC_089046.1.g39209	5	0	
OG0033882		NC_089046.1.g39142			NC_089046.1.g39332	NC_089046.1.g39693	NC_089046.1.g39001	NC_089046.1.g39226	5	0	
OG0033883		NC_089046.1.g39158				NC_089037.1.g11969, NC_089041.1.g24392, NC_089043.1.g30275	NC_089041.1.g24058		3	0	
OG0033884		NC_089046.1.g39202	NC_089046.1.g39097	NC_089046.1.g38789	NC_089046.1.g39387	NC_089046.1.g39753			5	0	
OG0033885		NC_089046.1.g39217	NC_089046.1.g39112		NC_089046.1.g39403		NC_089046.1.g39074	NC_089046.1.g39299	5	0	
OG0033886		NC_089046.1.g39244	NC_089046.1.g39140		NC_089046.1.g39432	NC_089046.1.g39796		NC_089046.1.g39327	5	0	
OG0033887		NC_089046.1.g39295	NC_089046.1.g39190		NC_089046.1.g39481		NC_089046.1.g39149	NC_089046.1.g39374	5	0	
OG0033888		NC_089046.1.g39316		NC_089046.1.g38897	NC_089046.1.g39503	NC_089046.1.g39865	NC_089046.1.g39169		5	0	
OG0033889		NC_089046.1.g39358	NC_089046.1.g39253		NC_089046.1.g39546		NC_089046.1.g39209	NC_089046.1.g39436	5	0	
OG0033890		NC_089046.1.g39412	NC_089046.1.g39304		NC_089046.1.g39598		NC_089046.1.g39263	NC_089046.1.g39487	5	0	
OG0033891		NC_089046.1.g39543	NC_089046.1.g39431			NC_089046.1.g40087	NC_089046.1.g39389	NC_089046.1.g39618	5	0	
OG0033892			NC_089035.1.g128	NC_089035.1.g129	NC_089035.1.g126	NC_089035.1.g132	NC_089035.1.g128		5	0	
OG0033893			NC_089035.1.g147	NC_089035.1.g152, NC_089041.1.g24926	NC_089035.1.g146			NC_089035.1.g147	4	0	
OG0033894			NC_089035.1.g241		NC_089035.1.g246	NC_089035.1.g254	NC_089035.1.g247	NC_089035.1.g244	5	0	
OG0033895			NC_089035.1.g838, NC_089041.1.g25237, NC_089041.1.g25273, NC_089042.1.g28568				NC_089035.1.g844		2	0	
OG0033896			NC_089035.1.g1532, NC_089035.1.g4385	NC_089035.1.g1548	NC_089035.1.g4370			NC_089035.1.g4350	4	0	
OG0033897			NC_089035.1.g1980, NC_089040.1.g21898	NC_089040.1.g21775		NC_089040.1.g22170		NC_089040.1.g21913	4	0	
OG0033898			NC_089035.1.g2164		NC_089035.1.g2168	NC_089035.1.g2214	NC_089035.1.g2160	NC_089035.1.g2157	5	0	
OG0033899			NC_089035.1.g2240		NC_089035.1.g2249	NC_089035.1.g2283	NC_089035.1.g2229	NC_089035.1.g2226	5	0	
OG0033900			NC_089035.1.g2506	NC_089035.1.g2493	NC_089035.1.g2498		NC_089035.1.g2508	NC_089035.1.g2481	5	0	
OG0033901			NC_089035.1.g2515	NC_089035.1.g2502	NC_089035.1.g2508		NC_089035.1.g2515	NC_089035.1.g2490	5	0	
OG0033902			NC_089035.1.g2595	NC_089035.1.g2571	NC_089035.1.g2585	NC_089035.1.g2635		NC_089035.1.g2567	5	0	
OG0033903			NC_089035.1.g2672	NC_089035.1.g2644		NC_089035.1.g2704	NC_089035.1.g2659	NC_089035.1.g2640	5	0	
OG0033904			NC_089035.1.g3019	NC_089035.1.g2979	NC_089035.1.g3015	NC_089035.1.g3052		NC_089035.1.g2994	5	0	
OG0033905			NC_089035.1.g3994			NC_089035.1.g4043, NC_089035.1.g4044	NC_089035.1.g3949	NC_089035.1.g3963	4	0	
OG0033906			NC_089035.1.g4555, NC_089046.1.g38166			NC_089035.1.g4591	NC_089035.1.g4511	NC_089035.1.g4520	4	0	
OG0033907			NC_089036.1.g5585		NC_089036.1.g5577	NC_089036.1.g5644	NC_089036.1.g5539	NC_089036.1.g5549	5	0	
OG0033908			NC_089036.1.g5650	NC_089036.1.g5575	NC_089036.1.g5642	NC_089036.1.g5698	NC_089036.1.g5606		5	0	
OG0033909			NC_089036.1.g5680	NC_089036.1.g5611		NC_089036.1.g5731	NC_089036.1.g5640	NC_089036.1.g5649	5	0	
OG0033910			NC_089036.1.g5986	NC_089036.1.g5922	NC_089036.1.g5974	NC_089036.1.g6036	NC_089036.1.g5938		5	0	
OG0033911			NC_089036.1.g6477	NC_089035.1.g4988, NC_089036.1.g6422		NC_089035.1.g5111, NC_089036.1.g6565			3	0	
OG0033912			NC_089036.1.g6833		NC_089036.1.g6839	NC_089036.1.g6933	NC_089036.1.g6798	NC_089036.1.g6860	5	0	
OG0033913			NC_089036.1.g6909		NC_089036.1.g6921	NC_089036.1.g7010	NC_089036.1.g6883	NC_089036.1.g6945	5	0	
OG0033914			NC_089036.1.g6993	NC_089035.1.g2949		NC_089036.1.g7100	NC_089036.1.g6975, NC_089040.1.g21096		4	0	
OG0033915			NC_089036.1.g7192	NC_089036.1.g7146		NC_089036.1.g7299	NC_089036.1.g7180	NC_089036.1.g7230	5	0	
OG0033916			NC_089036.1.g7635	NC_089036.1.g7590		NC_089036.1.g7744	NC_089036.1.g7642	NC_089036.1.g7677	5	0	
OG0033917			NC_089036.1.g8750		NC_089036.1.g8757	NC_089036.1.g8874	NC_089036.1.g8764	NC_089036.1.g8783	5	0	
OG0033918			NC_089037.1.g10167		NC_089037.1.g10177	NC_089037.1.g10299	NC_089037.1.g10173	NC_089037.1.g10209	5	0	
OG0033919			NC_089037.1.g10301		NC_089037.1.g10311	NC_089037.1.g10433	NC_089037.1.g10306	NC_089037.1.g10343	5	0	
OG0033920			NC_089037.1.g10676	NC_089045.1.g35625	NC_089037.1.g10688	NC_089045.1.g36439	NC_089037.1.g10690		5	0	
OG0033921			NC_089037.1.g11917	NC_089037.1.g11851	NC_089037.1.g11915	NC_089037.1.g12043	NC_089037.1.g11882		5	0	
OG0033922			NC_089037.1.g12274	NC_089037.1.g12204	NC_089037.1.g12284	NC_089037.1.g12411	NC_089037.1.g12240		5	0	
OG0033923			NC_089037.1.g12298	NC_089037.1.g12231	NC_089037.1.g12309	NC_089037.1.g12437		NC_089037.1.g12336	5	0	
OG0033924			NC_089037.1.g12426	NC_089045.1.g34830	NC_089037.1.g12433, NC_089045.1.g36170		NC_089037.1.g12399		4	0	
OG0033925			NC_089037.1.g13421	NC_089037.1.g13358	NC_089037.1.g13419		NC_089037.1.g13408	NC_089037.1.g13464	5	0	
OG0033926			NC_089038.1.g14340	NC_089038.1.g14276	NC_089038.1.g14344	NC_089038.1.g14512		NC_089038.1.g14401	5	0	
OG0033927			NC_089038.1.g14482	NC_089038.1.g14414	NC_089038.1.g14488	NC_089038.1.g14657	NC_089038.1.g14487		5	0	
OG0033928			NC_089038.1.g14649, NC_089039.1.g18541	NC_089038.1.g14591		NC_089039.1.g18798		NC_089039.1.g18607	4	0	
OG0033929			NC_089038.1.g14651		NC_089038.1.g16611	NC_089038.1.g14619, NC_089038.1.g16803, NC_089041.1.g25340			3	0	
OG0033930			NC_089038.1.g14940, NC_089044.1.g33139		NC_089044.1.g33336		NC_089044.1.g33081	NC_089044.1.g33291	4	0	
OG0033931			NC_089038.1.g15056		NC_089038.1.g15089	NC_089038.1.g15260, NC_089043.1.g32165	NC_089038.1.g15093		4	0	
OG0033932			NC_089038.1.g15106		NC_089038.1.g15138	NC_089038.1.g15312	NC_089038.1.g15139	NC_089038.1.g15168	5	0	
OG0033933			NC_089038.1.g15420		NC_089038.1.g15465	NC_089038.1.g15633	NC_089038.1.g15454	NC_089038.1.g15481	5	0	
OG0033934			NC_089038.1.g15780		NC_089038.1.g15830	NC_089038.1.g15999	NC_089038.1.g15819	NC_089038.1.g15836	5	0	
OG0033935			NC_089038.1.g16173		NC_089038.1.g16220	NC_089038.1.g16402	NC_089038.1.g16223	NC_089038.1.g16226	5	0	
OG0033936			NC_089038.1.g16284	NC_089038.1.g16230, NC_089039.1.g19388			NC_089038.1.g16326	NC_089038.1.g16335	4	0	
OG0033937			NC_089038.1.g16516	NC_089038.1.g16470	NC_089038.1.g16555	NC_089038.1.g16742		NC_089038.1.g16561	5	0	
OG0033938			NC_089038.1.g16892	NC_089038.1.g16832	NC_089038.1.g16924	NC_089038.1.g17118		NC_089038.1.g16928	5	0	
OG0033939			NC_089038.1.g16919	NC_089038.1.g16862	NC_089038.1.g16949	NC_089038.1.g17145		NC_089038.1.g16955	5	0	
OG0033940			NC_089038.1.g17028		NC_089038.1.g17058	NC_089038.1.g17253	NC_089038.1.g17043	NC_089038.1.g17066	5	0	
OG0033941			NC_089038.1.g17315	NC_089038.1.g17248			NC_089038.1.g17325, NC_089046.1.g38678	NC_089038.1.g17347	4	0	
OG0033943			NC_089039.1.g17748		NC_089039.1.g17777	NC_089039.1.g17986	NC_089039.1.g17767	NC_089039.1.g17792	5	0	
OG0033944			NC_089039.1.g18343		NC_089039.1.g18400	NC_089039.1.g18591	NC_089039.1.g18376	NC_089039.1.g18397	5	0	
OG0033945			NC_089039.1.g18523	NC_089039.1.g18460	NC_089039.1.g18582	NC_089039.1.g18777		NC_089039.1.g18588	5	0	
OG0033946			NC_089039.1.g18705		NC_089039.1.g18767	NC_089039.1.g18978	NC_089039.1.g18745	NC_089039.1.g18769	5	0	
OG0033947			NC_089039.1.g19102		NC_089039.1.g19152	NC_089039.1.g19367	NC_089039.1.g19137	NC_089039.1.g19144	5	0	
OG0033948			NC_089039.1.g19384		NC_089039.1.g19440	NC_089039.1.g19651	NC_089039.1.g19407	NC_089039.1.g19424	5	0	
OG0033949			NC_089039.1.g20443	NC_089039.1.g20369		NC_089039.1.g20710	NC_089039.1.g20430	NC_089039.1.g20462	5	0	
OG0033950			NC_089040.1.g21385	NC_089040.1.g21293	NC_089040.1.g21454	NC_089040.1.g21651	NC_089040.1.g21377		5	0	
OG0033951			NC_089040.1.g21752, NC_089045.1.g35721		NC_089045.1.g35967			NC_089040.1.g21764, NC_089045.1.g35932	3	0	
OG0033952			NC_089040.1.g21848, NC_089042.1.g28503, NC_089046.1.g38021		NC_089035.1.g2162, NC_089046.1.g38287				2	0	
OG0033953			NC_089040.1.g22358		NC_089040.1.g22435	NC_089040.1.g22641	NC_089040.1.g22327	NC_089040.1.g22367	5	0	
OG0033954			NC_089040.1.g22375, NC_089045.1.g35134, NC_089046.1.g38324			NC_089045.1.g35695, NC_089046.1.g38951			2	0	
OG0033955			NC_089040.1.g22413	NC_089040.1.g22251	NC_089040.1.g22502		NC_089040.1.g22384	NC_089040.1.g22422	5	0	
OG0033956			NC_089040.1.g22433		NC_089040.1.g22522	NC_089040.1.g22720	NC_089040.1.g22403	NC_089040.1.g22444	5	0	
OG0033957			NC_089040.1.g22569	NC_089040.1.g22405	NC_089040.1.g22651	NC_089040.1.g22854		NC_089040.1.g22570	5	0	
OG0033958			NC_089040.1.g22694, NC_089043.1.g30049	NC_089041.1.g25177		NC_089041.1.g25666		NC_089040.1.g22693	4	0	
OG0033959			NC_089040.1.g23360	NC_089040.1.g23185		NC_089040.1.g23664	NC_089040.1.g23329	NC_089040.1.g23367	5	0	
OG0033960			NC_089040.1.g23387	NC_089040.1.g23212	NC_089040.1.g23472	NC_089040.1.g23691		NC_089040.1.g23394	5	0	
OG0033961			NC_089040.1.g23403		NC_089040.1.g23487	NC_089040.1.g23705	NC_089040.1.g23369	NC_089040.1.g23410	5	0	
OG0033962			NC_089041.1.g24050	NC_089041.1.g23870	NC_089037.1.g11780		NC_089041.1.g24000	NC_089041.1.g24045	5	0	
OG0033963			NC_089041.1.g24667, NC_089044.1.g32299		NC_089041.1.g24767		NC_089041.1.g24627	NC_089041.1.g24676	4	0	
OG0033964			NC_089041.1.g24719		NC_089041.1.g24822	NC_089041.1.g25023	NC_089041.1.g24682	NC_089041.1.g24731	5	0	
OG0033965			NC_089041.1.g24926	NC_089041.1.g24764	NC_089041.1.g25034	NC_089041.1.g25240		NC_089041.1.g24943	5	0	
OG0033966			NC_089041.1.g24945	NC_089041.1.g24784	NC_089041.1.g25055	NC_089041.1.g25261		NC_089041.1.g24966	5	0	
OG0033967			NC_089041.1.g25384	NC_089041.1.g25226	NC_089041.1.g25498	NC_089041.1.g25718		NC_089041.1.g25418	5	0	
OG0033968			NC_089041.1.g25554	NC_089041.1.g25378	NC_089041.1.g25658		NC_089041.1.g25500	NC_089041.1.g25588	5	0	
OG0033969			NC_089041.1.g25586	NC_089041.1.g25409	NC_089041.1.g25692	NC_089041.1.g25915		NC_089041.1.g25621	5	0	
OG0033970			NC_089041.1.g25686		NC_089041.1.g25791	NC_089041.1.g26007	NC_089041.1.g25634	NC_089041.1.g25721	5	0	
OG0033971			NC_089041.1.g25687		NC_089041.1.g25792	NC_089041.1.g26008	NC_089041.1.g25635	NC_089041.1.g25722	5	0	
OG0033972			NC_089041.1.g25894			NC_089041.1.g26213, NC_089041.1.g26220	NC_089041.1.g25853	NC_089041.1.g25932	4	0	
OG0033973			NC_089041.1.g26154	NC_089041.1.g25950	NC_089041.1.g26271	NC_089041.1.g26488		NC_089041.1.g26195	5	0	
OG0033974			NC_089041.1.g26227		NC_089041.1.g26345	NC_089041.1.g26567	NC_089041.1.g26194	NC_089041.1.g26269	5	0	
OG0033975			NC_089041.1.g26464	NC_089041.1.g26204		NC_089041.1.g26814	NC_089036.1.g8049	NC_089037.1.g13102	5	0	
OG0033976			NC_089041.1.g26672, NC_089046.1.g38721			NC_089041.1.g27022	NC_089041.1.g26638, NC_089045.1.g34974		3	0	
OG0033977			NC_089041.1.g26842	NC_089041.1.g26635	NC_089041.1.g26940		NC_089041.1.g26805	NC_089041.1.g26883	5	0	
OG0033978			NC_089042.1.g27190		NC_089042.1.g27291	NC_089042.1.g27542	NC_089042.1.g27154	NC_089042.1.g27245	5	0	
OG0033979			NC_089042.1.g27806	NC_089042.1.g27614	NC_089042.1.g27904	NC_089042.1.g28156		NC_089042.1.g27864	5	0	
OG0033980			NC_089042.1.g27884	NC_089042.1.g27676	NC_089042.1.g27981	NC_089042.1.g28234	NC_089042.1.g27849		5	0	
OG0033981			NC_089042.1.g27994	NC_089042.1.g27778	NC_089042.1.g28098		NC_089042.1.g27957	NC_089042.1.g28049	5	0	
OG0033982			NC_089042.1.g28121	NC_089042.1.g27897	NC_089042.1.g28234	NC_089042.1.g28463	NC_089042.1.g28082		5	0	
OG0033983			NC_089042.1.g28269		NC_089042.1.g28384	NC_089042.1.g28614	NC_089042.1.g28224	NC_089042.1.g28334	5	0	
OG0033984			NC_089042.1.g28325		NC_089042.1.g28435	NC_089042.1.g28666	NC_089042.1.g28272	NC_089042.1.g28387	5	0	
OG0033985			NC_089042.1.g28343	NC_089042.1.g28091	NC_089042.1.g28450		NC_089042.1.g28288	NC_089042.1.g28405	5	0	
OG0033986			NC_089042.1.g28585		NC_089042.1.g28689	NC_089042.1.g28926	NC_089042.1.g28529	NC_089042.1.g28649	5	0	
OG0033987			NC_089042.1.g29501	NC_089042.1.g29209	NC_089042.1.g29587		NC_089042.1.g29425	NC_089042.1.g29558	5	0	
OG0033988			NC_089043.1.g29860	NC_089043.1.g29574	NC_089043.1.g29942	NC_089043.1.g30222		NC_089043.1.g29931	5	0	
OG0033989			NC_089043.1.g29929	NC_089043.1.g29650	NC_089043.1.g30024		NC_089043.1.g29847	NC_089043.1.g30014	5	0	
OG0033990			NC_089043.1.g30006		NC_089043.1.g30100	NC_089043.1.g30389	NC_089043.1.g29934	NC_089043.1.g30099	5	0	
OG0033991			NC_089043.1.g30181	NC_089043.1.g29916, NC_089043.1.g29917				NC_089043.1.g30277, NC_089043.1.g30278	3	0	
OG0033992			NC_089043.1.g30379	NC_089043.1.g30129	NC_089043.1.g30492	NC_089043.1.g30799		NC_089043.1.g30484	5	0	
OG0033993			NC_089043.1.g30380	NC_089043.1.g30130	NC_089043.1.g30493	NC_089043.1.g30800	NC_089043.1.g30308		5	0	
OG0033994			NC_089043.1.g30653		NC_089043.1.g30778	NC_089043.1.g31095	NC_089043.1.g30575	NC_089043.1.g30764	5	0	
OG0033995			NC_089043.1.g30723	NC_089043.1.g30477	NC_089043.1.g30851		NC_089043.1.g30647	NC_089043.1.g30834	5	0	
OG0033996			NC_089043.1.g30904		NC_089043.1.g31041	NC_089043.1.g31360	NC_089043.1.g30841	NC_089043.1.g31012	5	0	
OG0033997			NC_089043.1.g31172		NC_089038.1.g14490, NC_089043.1.g31306		NC_089043.1.g31111	NC_089038.1.g14548	4	0	
OG0033998			NC_089043.1.g31213	NC_089043.1.g30961		NC_089043.1.g31670	NC_089043.1.g31148	NC_089043.1.g31317	5	0	
OG0033999			NC_089043.1.g31305	NC_089036.1.g8501	NC_089043.1.g31437	NC_089036.1.g8663		NC_089043.1.g31412	5	0	
OG0034000			NC_089043.1.g31729		NC_089043.1.g31865	NC_089043.1.g32187	NC_089043.1.g31669	NC_089043.1.g31844	5	0	
OG0034001			NC_089043.1.g31932	NC_089039.1.g18229			NC_089043.1.g31872	NC_089039.1.g18345, NC_089043.1.g32069	4	0	
OG0034002			NC_089044.1.g32076	NC_089044.1.g31834	NC_089044.1.g32227	NC_089044.1.g32541		NC_089044.1.g32216	5	0	
OG0034003			NC_089044.1.g32144		NC_089044.1.g32299	NC_089044.1.g32609	NC_089044.1.g32070	NC_089044.1.g32284	5	0	
OG0034004			NC_089044.1.g32154	NC_089044.1.g31906		NC_089044.1.g32616	NC_089044.1.g32077	NC_089044.1.g32292	5	0	
OG0034005			NC_089044.1.g32201	NC_089044.1.g31958	NC_089044.1.g32368	NC_089044.1.g32659	NC_089044.1.g32137		5	0	
OG0034006			NC_089044.1.g32796, NC_089045.1.g35274		NC_089044.1.g32968	NC_089044.1.g33289		NC_089044.1.g32928	4	0	
OG0034007			NC_089044.1.g32826	NC_089044.1.g32570	NC_089044.1.g33002	NC_089044.1.g33313		NC_089044.1.g32963	5	0	
OG0034008			NC_089044.1.g33227		NC_089044.1.g33428	NC_089044.1.g33736	NC_089044.1.g33177	NC_089044.1.g33388	5	0	
OG0034009			NC_089044.1.g33644	NC_089044.1.g33429		NC_089044.1.g34191	NC_089044.1.g33629	NC_089044.1.g33840	5	0	
OG0034010			NC_089044.1.g33712		NC_089044.1.g33945	NC_089044.1.g34264	NC_089044.1.g33703	NC_089044.1.g33915	5	0	
OG0034011			NC_089044.1.g33849		NC_089044.1.g34092	NC_089044.1.g34405	NC_089044.1.g33850	NC_089044.1.g34056	5	0	
OG0034012			NC_089044.1.g33917		NC_089044.1.g34158	NC_089044.1.g34475	NC_089044.1.g33919	NC_089044.1.g34125	5	0	
OG0034013			NC_089044.1.g33984	NC_089044.1.g33764	NC_089044.1.g34226	NC_089044.1.g34546		NC_089044.1.g34196	5	0	
OG0034014			NC_089045.1.g34683	NC_089045.1.g34464	NC_089045.1.g34922		NC_089045.1.g34672	NC_089045.1.g34889	5	0	
OG0034015			NC_089045.1.g34912, NC_089045.1.g34919		NC_089045.1.g35131, NC_089045.1.g35141			NC_089045.1.g35128	3	0	
OG0034016			NC_089045.1.g35079		NC_089045.1.g35331	NC_089040.1.g22472, NC_089045.1.g35647		NC_089045.1.g35308	4	0	
OG0034017			NC_089045.1.g35116, NC_089045.1.g35698		NC_089045.1.g35942		NC_089045.1.g35679	NC_089042.1.g27872	4	0	
OG0034018			NC_089045.1.g35166	NC_089045.1.g34938		NC_089045.1.g35723	NC_089045.1.g35155	NC_089045.1.g35381	5	0	
OG0034019			NC_089045.1.g35342	NC_089045.1.g35110		NC_089045.1.g35905	NC_089045.1.g35325	NC_089045.1.g35556	5	0	
OG0034020			NC_089045.1.g35404				NC_089045.1.g35381	NC_089042.1.g27920, NC_089042.1.g27921, NC_089045.1.g35614	3	0	
OG0034021			NC_089045.1.g35465	NC_089045.1.g35232	NC_089045.1.g35703		NC_089045.1.g35441	NC_089045.1.g35678	5	0	
OG0034022			NC_089045.1.g35479	NC_089045.1.g35250	NC_089045.1.g35718		NC_089045.1.g35457	NC_089045.1.g35692	5	0	
OG0034023			NC_089045.1.g35738	NC_089045.1.g35518	NC_089045.1.g35984		NC_089045.1.g35716	NC_089045.1.g35947	5	0	
OG0034024			NC_089045.1.g35777	NC_089045.1.g35559	NC_089045.1.g36022	NC_089045.1.g36365	NC_089045.1.g35757		5	0	
OG0034025			NC_089045.1.g36421		NC_089045.1.g36674	NC_089045.1.g36997	NC_089045.1.g36379	NC_089045.1.g36601	5	0	
OG0034026			NC_089045.1.g36981, NC_089045.1.g36983		NC_089045.1.g37228, NC_089045.1.g37230	NC_089045.1.g37581			3	0	
OG0034027			NC_089046.1.g37641	NC_089046.1.g37334	NC_089046.1.g37896	NC_089046.1.g38241	NC_089046.1.g37607		5	0	
OG0034028			NC_089046.1.g37642	NC_089046.1.g37335	NC_089046.1.g37898	NC_089046.1.g38242	NC_089046.1.g37608		5	0	
OG0034029			NC_089046.1.g37863	NC_089046.1.g37567	NC_089046.1.g38121	NC_089046.1.g38477		NC_089046.1.g38043	5	0	
OG0034030			NC_089046.1.g37872		NC_089046.1.g38131	NC_089046.1.g38485		NC_089042.1.g27779, NC_089046.1.g38052	4	0	
OG0034031			NC_089046.1.g38499	NC_089046.1.g38197		NC_089046.1.g39134	NC_089046.1.g38446	NC_089046.1.g38673	5	0	
OG0034032			NC_089046.1.g38505	NC_089046.1.g38203	NC_089046.1.g38781	NC_089046.1.g39140		NC_089046.1.g38679	5	0	
OG0034033			NC_089046.1.g38736	NC_089046.1.g38427	NC_089046.1.g39021		NC_089046.1.g38691	NC_089046.1.g38914	5	0	
OG0034034				NC_089035.1.g468	NC_089035.1.g456	NC_089035.1.g479	NC_089035.1.g457	NC_089035.1.g463	5	0	
OG0034037				NC_089035.1.g4670	NC_089035.1.g4729	NC_089035.1.g4785	NC_089035.1.g4703	NC_089035.1.g4709	5	0	
OG0034038				NC_089036.1.g6732	NC_089036.1.g6789	NC_089036.1.g6892	NC_089036.1.g6756	NC_089036.1.g6813	5	0	
OG0034039				NC_089036.1.g7722	NC_089036.1.g7774	NC_089036.1.g7870	NC_089036.1.g7773	NC_089036.1.g7807	5	0	
OG0034040				NC_089036.1.g7929	NC_089036.1.g7988	NC_089036.1.g8087	NC_089036.1.g7991	NC_089036.1.g8017	5	0	
OG0034041				NC_089036.1.g8166, NC_089043.1.g31415	NC_089043.1.g31799	NC_089043.1.g32123	NC_089044.1.g33529		4	0	
OG0034042				NC_089037.1.g11376	NC_089037.1.g11449	NC_089037.1.g11555	NC_089037.1.g11429	NC_089037.1.g11491	5	0	
OG0034043				NC_089038.1.g14630	NC_089038.1.g14687	NC_089038.1.g14879	NC_089042.1.g28650	NC_089038.1.g14748	5	0	
OG0034044				NC_089038.1.g16034		NC_089038.1.g16302, NC_089039.1.g18232	NC_089038.1.g16125, NC_089039.1.g18012		3	0	
OG0034045				NC_089038.1.g16505	NC_089038.1.g16589	NC_089038.1.g16779	NC_089038.1.g16587	NC_089038.1.g16596	5	0	
OG0034046				NC_089039.1.g19434	NC_089037.1.g11083	NC_089037.1.g11207		NC_089037.1.g11120, NC_089039.1.g19541	4	0	
OG0034047				NC_089039.1.g20503	NC_089039.1.g20641	NC_089039.1.g20843	NC_089039.1.g20571	NC_089039.1.g20601	5	0	
OG0034048				NC_089040.1.g21274	NC_089040.1.g21434	NC_089040.1.g21631	NC_089040.1.g21357	NC_089040.1.g21381	5	0	
OG0034049				NC_089040.1.g21891, NC_089041.1.g24625	NC_089041.1.g24887, NC_089043.1.g30718	NC_089041.1.g25093			3	0	
OG0034050				NC_089041.1.g24433, NC_089041.1.g24434, NC_089041.1.g24436, NC_089042.1.g28093		NC_089041.1.g24900			2	0	
OG0034051				NC_089041.1.g24687, NC_089044.1.g31812	NC_089044.1.g32206		NC_089041.1.g24811, NC_089044.1.g31990		3	0	
OG0034052				NC_089041.1.g25211	NC_089041.1.g25483	NC_089041.1.g25701	NC_089041.1.g25330	NC_089041.1.g25402	5	0	
OG0034053				NC_089042.1.g27134		NC_089042.1.g27672	NC_089042.1.g27283	NC_089037.1.g10552, NC_089042.1.g27380	4	0	
OG0034054				NC_089042.1.g27665	NC_089042.1.g27969	NC_089042.1.g28223	NC_089042.1.g27837	NC_089042.1.g27924	5	0	
OG0034055				NC_089042.1.g27877	NC_089042.1.g28211	NC_089042.1.g28444	NC_089042.1.g28062	NC_089042.1.g28160	5	0	
OG0034056				NC_089042.1.g27985	NC_089042.1.g28332	NC_089042.1.g28562	NC_089042.1.g28174	NC_089042.1.g28285	5	0	
OG0034057				NC_089043.1.g30412	NC_089043.1.g30783	NC_089035.1.g2894, NC_089043.1.g31099, NC_089043.1.g31647			3	0	
OG0034058				NC_089043.1.g31059	NC_089042.1.g29857, NC_089043.1.g31442	NC_089043.1.g31765		NC_089043.1.g31417	4	0	
OG0034059				NC_089044.1.g32382	NC_089044.1.g32818	NC_089044.1.g33125	NC_089044.1.g32579	NC_089044.1.g32773	5	0	
OG0034060				NC_089044.1.g32417	NC_089044.1.g32855	NC_089044.1.g33163	NC_089044.1.g32617	NC_089044.1.g32814	5	0	
OG0034061				NC_089044.1.g32983	NC_089044.1.g33433	NC_089038.1.g15056		NC_089044.1.g33398, NC_089045.1.g36962	4	0	
OG0034062				NC_089045.1.g35946	NC_089045.1.g36435	NC_089045.1.g36775	NC_089045.1.g36144	NC_089045.1.g36384	5	0	
OG0034063					NC_089035.1.g3545, NC_089037.1.g11015, NC_089039.1.g19106	NC_089039.1.g19324, NC_089041.1.g25862			2	0	
OG0034064					NC_089037.1.g13644		NC_089037.1.g13633, NC_089044.1.g34045, NC_089045.1.g34884	NC_089044.1.g34255	3	0	
OG0034065					NC_089040.1.g22009	NC_089040.1.g22211, NC_089040.1.g22215		NC_089040.1.g21952, NC_089040.1.g21954	3	0	
OG0034066					NC_089041.1.g25319		NC_089038.1.g14064, NC_089038.1.g14251, NC_089041.1.g25168	NC_089041.1.g25234	3	0	
OG0034067						NC_089036.1.g7488, NC_089039.1.g19868, NC_089042.1.g29179, NC_089046.1.g39811		NC_089040.1.g22252	2	0	
OG0034068						NC_089036.1.g9515, NC_089040.1.g23452, NC_089045.1.g37506	NC_089045.1.g36895	NC_089045.1.g37091	3	0	
OG0034070						NC_089041.1.g26654		NC_089039.1.g20059, NC_089039.1.g20060, NC_089041.1.g26354, NC_089046.1.g37784	2	0	
OG0034071						NC_089045.1.g37202	NC_089045.1.g36590, NC_089045.1.g36591	NC_089045.1.g36803, NC_089045.1.g36804	3	0	
OG0034072							NC_089037.1.g12404, NC_089037.1.g12408, NC_089046.1.g39385	NC_089037.1.g12467, NC_089037.1.g12471	2	0	
OG0034074	NC_089035.1.g12		NC_089035.1.g12			NC_089035.1.g12	NC_089035.1.g11		3	1	
OG0034075	NC_089035.1.g260	NC_089035.1.g251				NC_089035.1.g259	NC_089035.1.g253		3	1	
OG0034076	NC_089035.1.g499			NC_089035.1.g503		NC_089035.1.g516		NC_089035.1.g487	3	1	
OG0034077	NC_089035.1.g566		NC_089035.1.g550			NC_089035.1.g585	NC_089035.1.g549		3	1	
OG0034078	NC_089035.1.g583	NC_089035.1.g587					NC_089035.1.g564	NC_089035.1.g571	3	1	
OG0034079	NC_089035.1.g615				NC_089035.1.g592	NC_089035.1.g628		NC_089035.1.g602	3	1	
OG0034080	NC_089035.1.g678	NC_089035.1.g680		NC_089035.1.g679				NC_089035.1.g663	3	1	
OG0034081	NC_089035.1.g702			NC_089035.1.g704		NC_089035.1.g716		NC_089035.1.g686	3	1	
OG0034082	NC_089035.1.g930	NC_089035.1.g932	NC_089035.1.g903				NC_089035.1.g907		3	1	
OG0034083	NC_089035.1.g942			NC_089035.1.g942	NC_089035.1.g919	NC_089035.1.g956			3	1	
OG0034085	NC_089035.1.g1039		NC_089035.1.g1012				NC_089035.1.g1015	NC_089035.1.g1016	3	1	
OG0034086	NC_089035.1.g1041			NC_089035.1.g1036	NC_089035.1.g1019	NC_089035.1.g1054			3	1	
OG0034087	NC_089035.1.g1043		NC_089035.1.g1016		NC_089035.1.g1021		NC_089035.1.g1019		3	1	
OG0034088	NC_089035.1.g1050		NC_089035.1.g1024		NC_089035.1.g1029		NC_089035.1.g1026		3	1	
OG0034089	NC_089035.1.g1090			NC_089035.1.g1084			NC_089035.1.g1064	NC_089035.1.g1062	3	1	
OG0034090	NC_089035.1.g1108	NC_089035.1.g1107	NC_089035.1.g1076					NC_089035.1.g1079	3	1	
OG0034091	NC_089035.1.g1386	NC_089046.1.g38371			NC_089046.1.g38559	NC_089035.1.g1388			3	1	
OG0034092	NC_089035.1.g1417	NC_089035.1.g1411			NC_089035.1.g1390		NC_089035.1.g1380		3	1	
OG0034093	NC_089035.1.g1462			NC_089035.1.g1437	NC_089035.1.g1437		NC_089035.1.g1424		3	1	
OG0034094	NC_089035.1.g1463	NC_089035.1.g1460	NC_089035.1.g1425			NC_089035.1.g1466			3	1	
OG0034095	NC_089035.1.g1487	NC_089035.1.g1482	NC_089035.1.g1449	NC_089035.1.g1462					3	1	
OG0034096	NC_089035.1.g1495			NC_089035.1.g1472	NC_089035.1.g1469	NC_089035.1.g1496			3	1	
OG0034097	NC_089035.1.g1544			NC_089035.1.g1523		NC_089035.1.g1551	NC_089035.1.g1503		3	1	
OG0034098	NC_089035.1.g1559			NC_089035.1.g1540	NC_089035.1.g1531	NC_089035.1.g1566			3	1	
OG0034099	NC_089035.1.g1561		NC_089035.1.g1526	NC_089035.1.g1542			NC_089035.1.g1518		3	1	
OG0034100	NC_089035.1.g1614		NC_089035.1.g1580	NC_089035.1.g1592		NC_089035.1.g1620			3	1	
OG0034101	NC_089035.1.g1688		NC_089035.1.g1661				NC_089035.1.g1646	NC_089035.1.g1651	3	1	
OG0034102	NC_089035.1.g1735	NC_089035.1.g1721	NC_089035.1.g1705			NC_089035.1.g1746			3	1	
OG0034103	NC_089035.1.g1850		NC_089035.1.g1811	NC_089035.1.g1816		NC_089035.1.g1856			3	1	
OG0034104	NC_089035.1.g1866		NC_089035.1.g1825	NC_089035.1.g1828			NC_089035.1.g1808		3	1	
OG0034105	NC_089035.1.g1926	NC_089035.1.g1897	NC_089035.1.g1883			NC_089035.1.g1930			3	1	
OG0034106	NC_089035.1.g1933			NC_089035.1.g1891	NC_089035.1.g1890		NC_089035.1.g1875		3	1	
OG0034107	NC_089035.1.g1938	NC_089035.1.g1909			NC_089035.1.g1894			NC_089035.1.g1895	3	1	
OG0034108	NC_089035.1.g1944	NC_089035.1.g1915			NC_089035.1.g1901			NC_089035.1.g1900	3	1	
OG0034109	NC_089035.1.g1975			NC_089035.1.g1934		NC_089035.1.g1980	NC_089035.1.g1916		3	1	
OG0034110	NC_089035.1.g1977	NC_089035.1.g1949			NC_089035.1.g1939	NC_089035.1.g1983			3	1	
OG0034111	NC_089035.1.g1983	NC_089035.1.g1954	NC_089035.1.g1932			NC_089035.1.g1989			3	1	
OG0034112	NC_089035.1.g2034			NC_089035.1.g1998	NC_089035.1.g2000	NC_089035.1.g2045			3	1	
OG0034113	NC_089035.1.g2089			NC_089035.1.g2054	NC_089035.1.g2057	NC_089035.1.g2102			3	1	
OG0034114	NC_089035.1.g2093				NC_089035.1.g2062	NC_089035.1.g2108	NC_089035.1.g2046		3	1	
OG0034115	NC_089035.1.g2226, NC_089041.1.g25723	NC_089035.1.g2204		NC_089041.1.g25387					2	1	
OG0034116	NC_089035.1.g2247			NC_089035.1.g2208	NC_089035.1.g2216		NC_089035.1.g2199		3	1	
OG0034117	NC_089035.1.g2296	NC_089035.1.g2270	NC_089035.1.g2258			NC_089035.1.g2303			3	1	
OG0034118	NC_089035.1.g2336			NC_089035.1.g2295		NC_089035.1.g2347	NC_089035.1.g2294		3	1	
OG0034119	NC_089035.1.g2341		NC_089035.1.g2302		NC_089035.1.g2311	NC_089035.1.g2352			3	1	
OG0034120	NC_089035.1.g2361	NC_089035.1.g2328				NC_089035.1.g2369	NC_089035.1.g2316		3	1	
OG0034121	NC_089035.1.g2400		NC_089035.1.g2362	NC_089035.1.g2351		NC_089035.1.g2406			3	1	
OG0034122	NC_089035.1.g2415		NC_089035.1.g2377				NC_089035.1.g2373	NC_089045.1.g36038	3	1	
OG0034123	NC_089035.1.g2450			NC_089035.1.g2401		NC_089035.1.g2458	NC_089035.1.g2407		3	1	
OG0034124	NC_089035.1.g2476	NC_089035.1.g2435			NC_089035.1.g2429			NC_089035.1.g2416	3	1	
OG0034125	NC_089035.1.g2504			NC_089035.1.g2457	NC_089035.1.g2460			NC_089035.1.g2445	3	1	
OG0034126	NC_089035.1.g2553	NC_089035.1.g2521			NC_089035.1.g2519	NC_089035.1.g2566			3	1	
OG0034127	NC_089035.1.g2570	NC_089035.1.g2539	NC_089035.1.g2544					NC_089035.1.g2520	3	1	
OG0034128	NC_089035.1.g2659			NC_089035.1.g2617, NC_089036.1.g7144				NC_089035.1.g2616	2	1	
OG0034129	NC_089035.1.g2661	NC_089035.1.g2643	NC_089035.1.g2646				NC_089035.1.g2635		3	1	
OG0034130	NC_089035.1.g2733		NC_089035.1.g2724		NC_089035.1.g2715			NC_089035.1.g2696	3	1	
OG0034131	NC_089035.1.g2744	NC_089035.1.g2730			NC_089035.1.g2726	NC_089035.1.g2767			3	1	
OG0034132	NC_089035.1.g2824	NC_089045.1.g34519		NC_089045.1.g34214			NC_089039.1.g20076		3	1	
OG0034133	NC_089035.1.g2827	NC_089035.1.g2816					NC_089035.1.g2807	NC_089035.1.g2793	3	1	
OG0034134	NC_089035.1.g2857	NC_089035.1.g2846	NC_089035.1.g2854					NC_089035.1.g2827	3	1	
OG0034135	NC_089035.1.g2876			NC_089035.1.g2838		NC_089035.1.g2904	NC_089035.1.g2855		3	1	
OG0034136	NC_089035.1.g2881, NC_089039.1.g19585	NC_089043.1.g30966				NC_089039.1.g19750			2	1	
OG0034137	NC_089035.1.g2907	NC_089035.1.g2896		NC_089035.1.g2870	NC_089035.1.g2897				3	1	
OG0034138	NC_089035.1.g3084			NC_089035.1.g3041	NC_089035.1.g3075	NC_089035.1.g3117			3	1	
OG0034139	NC_089035.1.g3098			NC_089035.1.g3054		NC_089035.1.g3130	NC_089035.1.g3077		3	1	
OG0034140	NC_089035.1.g3200	NC_089041.1.g24520, NC_089046.1.g37185		NC_089043.1.g30015					2	1	
OG0034141	NC_089035.1.g3251					NC_089035.1.g3282		NC_089035.1.g3225, NC_089043.1.g31103	2	1	
OG0034142	NC_089035.1.g3302		NC_089035.1.g3302			NC_089035.1.g3335	NC_089035.1.g3285		3	1	
OG0034143	NC_089035.1.g3440	NC_089035.1.g3438				NC_089035.1.g3470		NC_089035.1.g3411	3	1	
OG0034144	NC_089035.1.g3522	NC_089035.1.g3516			NC_089035.1.g3505			NC_089035.1.g3489	3	1	
OG0034145	NC_089035.1.g3523, NC_089035.1.g3524				NC_089035.1.g3507	NC_089035.1.g3551			2	1	
OG0034146	NC_089035.1.g3532		NC_089035.1.g3517	NC_089035.1.g3466		NC_089035.1.g3558			3	1	
OG0034147	NC_089035.1.g3559		NC_089035.1.g3546	NC_089035.1.g3492		NC_089035.1.g3587			3	1	
OG0034148	NC_089035.1.g3574		NC_089046.1.g37598	NC_089035.1.g3507		NC_089035.1.g3602			3	1	
OG0034149	NC_089035.1.g3634		NC_089035.1.g3625	NC_089035.1.g3568		NC_089035.1.g3664			3	1	
OG0034150	NC_089035.1.g3652	NC_089035.1.g3646, NC_089042.1.g27107	NC_089035.1.g3645						2	1	
OG0034151	NC_089035.1.g3718, NC_089036.1.g9055			NC_089036.1.g8975		NC_089036.1.g9141			2	1	
OG0034152	NC_089035.1.g3738		NC_089037.1.g13557			NC_089035.1.g3775, NC_089037.1.g13712			2	1	
OG0034153	NC_089035.1.g3739		NC_089035.1.g3732	NC_089035.1.g3672		NC_089035.1.g3776			3	1	
OG0034154	NC_089035.1.g3772	NC_089035.1.g3765		NC_089035.1.g3705		NC_089035.1.g3809			3	1	
OG0034155	NC_089035.1.g3819			NC_089035.1.g3754		NC_089035.1.g3857	NC_089035.1.g3782		3	1	
OG0034156	NC_089035.1.g3838			NC_089035.1.g3773		NC_089035.1.g3876		NC_089035.1.g3805	3	1	
OG0034157	NC_089035.1.g3842			NC_089035.1.g3777		NC_089035.1.g3880		NC_089035.1.g3809	3	1	
OG0034158	NC_089035.1.g3843			NC_089035.1.g3778	NC_089035.1.g3826	NC_089035.1.g3881			3	1	
OG0034159	NC_089035.1.g3891	NC_089035.1.g3882		NC_089035.1.g3831	NC_089040.1.g21889				3	1	
OG0034160	NC_089035.1.g3920	NC_089035.1.g3911			NC_089035.1.g3900, NC_089040.1.g20972				2	1	
OG0034161	NC_089035.1.g3934		NC_089035.1.g3926	NC_089035.1.g3872		NC_089035.1.g3973			3	1	
OG0034162	NC_089035.1.g3953			NC_089035.1.g3889	NC_089035.1.g3931	NC_089035.1.g3994			3	1	
OG0034163	NC_089035.1.g4008			NC_089035.1.g3942		NC_089035.1.g4045, NC_089035.1.g4050			2	1	
OG0034164	NC_089035.1.g4123	NC_089035.1.g4100			NC_089035.1.g4096		NC_089035.1.g4069		3	1	
OG0034165	NC_089035.1.g4177	NC_089035.1.g4156	NC_089035.1.g4172				NC_089035.1.g4125		3	1	
OG0034166	NC_089035.1.g4281			NC_089035.1.g4213	NC_089035.1.g4261	NC_089035.1.g4322			3	1	
OG0034167	NC_089035.1.g4295			NC_089035.1.g4227	NC_089035.1.g4276	NC_089035.1.g4337			3	1	
OG0034168	NC_089035.1.g4374			NC_089035.1.g4299	NC_089035.1.g4354	NC_089035.1.g4414			3	1	
OG0034169	NC_089035.1.g4439			NC_089035.1.g4363	NC_089035.1.g4421	NC_089035.1.g4479			3	1	
OG0034170	NC_089035.1.g4724		NC_089035.1.g4723			NC_089035.1.g4762	NC_089035.1.g4680		3	1	
OG0034171	NC_089035.1.g4748		NC_089035.1.g4743	NC_089035.1.g4669				NC_089035.1.g4708	3	1	
OG0034172	NC_089035.1.g4957	NC_089035.1.g4940					NC_089035.1.g4910	NC_089035.1.g4916	3	1	
OG0034173	NC_089035.1.g5064	NC_089035.1.g5050	NC_089035.1.g5051				NC_089035.1.g5015		3	1	
OG0034174	NC_089035.1.g5089				NC_089043.1.g31018	NC_089043.1.g31342	NC_089043.1.g30822		3	1	
OG0034175	NC_089035.1.g5103			NC_089035.1.g5026		NC_089035.1.g5152	NC_089035.1.g5053		3	1	
OG0034176	NC_089036.1.g5318	NC_089036.1.g5309	NC_089036.1.g5311	NC_089036.1.g5244					3	1	
OG0034177	NC_089036.1.g5553		NC_089036.1.g5551			NC_089036.1.g5612	NC_089036.1.g5511		3	1	
OG0034178	NC_089036.1.g5561		NC_089036.1.g5560	NC_089036.1.g5493		NC_089036.1.g5620			3	1	
OG0034179	NC_089036.1.g5650			NC_089036.1.g5583		NC_089036.1.g5705	NC_089036.1.g5613		3	1	
OG0034180	NC_089036.1.g5769		NC_089036.1.g5778	NC_089036.1.g5713		NC_089036.1.g5827			3	1	
OG0034181	NC_089036.1.g6100	NC_089036.1.g6091				NC_089036.1.g6159	NC_089036.1.g6057		3	1	
OG0034182	NC_089036.1.g6123	NC_089036.1.g6117		NC_089036.1.g6062		NC_089036.1.g6186			3	1	
OG0034183	NC_089036.1.g6180			NC_089036.1.g6123	NC_089036.1.g6178	NC_089036.1.g6246			3	1	
OG0034184	NC_089036.1.g6200				NC_089036.1.g6196	NC_089036.1.g6266		NC_089036.1.g6205	3	1	
OG0034185	NC_089036.1.g6225			NC_089036.1.g6167	NC_089036.1.g6218	NC_089036.1.g6292			3	1	
OG0034186	NC_089036.1.g6302			NC_089036.1.g6241		NC_089036.1.g6369	NC_089036.1.g6256		3	1	
OG0034187	NC_089036.1.g6333			NC_089036.1.g6274	NC_089036.1.g6320	NC_089036.1.g6401			3	1	
OG0034188	NC_089036.1.g6341			NC_089036.1.g6281	NC_089036.1.g6326	NC_089036.1.g6408			3	1	
OG0034189	NC_089036.1.g6376	NC_089036.1.g6364		NC_089036.1.g6313		NC_089036.1.g6447			3	1	
OG0034190	NC_089036.1.g6385			NC_089036.1.g6322		NC_089036.1.g6456		NC_089036.1.g6387	3	1	
OG0034191	NC_089036.1.g6392			NC_089036.1.g6327	NC_089036.1.g6374	NC_089036.1.g6463			3	1	
OG0034192	NC_089036.1.g6405			NC_089036.1.g6341		NC_089036.1.g6476		NC_089036.1.g6407	3	1	
OG0034193	NC_089036.1.g6406			NC_089036.1.g6342		NC_089036.1.g6477		NC_089036.1.g6408	3	1	
OG0034194	NC_089036.1.g6478			NC_089036.1.g6412	NC_089036.1.g6461	NC_089036.1.g6555			3	1	
OG0034195	NC_089036.1.g6512		NC_089036.1.g6501			NC_089036.1.g6589		NC_089036.1.g6513	3	1	
OG0034196	NC_089036.1.g6580	NC_089036.1.g6548				NC_089036.1.g6660	NC_089036.1.g6533		3	1	
OG0034197	NC_089036.1.g6619		NC_089036.1.g6606	NC_089036.1.g6550		NC_089036.1.g6702			3	1	
OG0034198	NC_089036.1.g6621	NC_089036.1.g6591	NC_089036.1.g6608					NC_089036.1.g6622	3	1	
OG0034199	NC_089036.1.g6655			NC_089036.1.g6585	NC_089036.1.g6638	NC_089036.1.g6739			3	1	
OG0034201	NC_089036.1.g6884			NC_089036.1.g6802	NC_089036.1.g6865		NC_089036.1.g6829		3	1	
OG0034202	NC_089036.1.g6898		NC_089036.1.g6876	NC_089036.1.g6823		NC_089036.1.g6973			3	1	
OG0034203	NC_089036.1.g7033	NC_089036.1.g7002					NC_089036.1.g6979	NC_089036.1.g7036	3	1	
OG0034204	NC_089036.1.g7083				NC_089036.1.g7061		NC_089036.1.g7029	NC_089036.1.g7083	3	1	
OG0034205	NC_089036.1.g7085	NC_089036.1.g7053					NC_089036.1.g7031	NC_089036.1.g7085	3	1	
OG0034206	NC_089036.1.g7108		NC_089036.1.g7072	NC_089036.1.g7024		NC_089036.1.g7178			3	1	
OG0034207	NC_089036.1.g7122	NC_089036.1.g7091				NC_089045.1.g35246	NC_089036.1.g7070		3	1	
OG0034208	NC_089036.1.g7126			NC_089036.1.g7040		NC_089036.1.g7195		NC_089036.1.g7123	3	1	
OG0034209	NC_089036.1.g7241	NC_089037.1.g10730	NC_089037.1.g10731				NC_089036.1.g7185		3	1	
OG0034210	NC_089036.1.g7269					NC_089036.1.g7332	NC_089036.1.g7216	NC_089036.1.g7261	3	1	
OG0034211	NC_089036.1.g7344	NC_089036.1.g7304				NC_089036.1.g7407	NC_089036.1.g7302		3	1	
OG0034212	NC_089036.1.g7355			NC_089036.1.g7268		NC_089036.1.g7418		NC_089036.1.g7351	3	1	
OG0034213	NC_089036.1.g7378, NC_089039.1.g20423			NC_089036.1.g7291		NC_089036.1.g7443			2	1	
OG0034214	NC_089036.1.g7470			NC_089036.1.g7391		NC_089036.1.g7544	NC_089036.1.g7438		3	1	
OG0034215	NC_089036.1.g7609	NC_089036.1.g7577			NC_089036.1.g7582	NC_089036.1.g7680			3	1	
OG0034216	NC_089036.1.g7634			NC_089036.1.g7552	NC_089036.1.g7607	NC_089036.1.g7705			3	1	
OG0034217	NC_089036.1.g7638			NC_089036.1.g7555		NC_089036.1.g7709		NC_089036.1.g7641	3	1	
OG0034218	NC_089036.1.g7680			NC_089036.1.g7600	NC_089036.1.g7652	NC_089036.1.g7754			3	1	
OG0034219	NC_089036.1.g7702			NC_089036.1.g7624		NC_089036.1.g7778		NC_089036.1.g7708	3	1	
OG0034220	NC_089036.1.g7794				NC_089036.1.g7764	NC_089036.1.g7860	NC_089036.1.g7763		3	1	
OG0034221	NC_089036.1.g7828			NC_089036.1.g7747		NC_089036.1.g7898		NC_089036.1.g7830	3	1	
OG0034222	NC_089036.1.g7989		NC_089036.1.g7946		NC_089036.1.g7963			NC_089036.1.g7989	3	1	
OG0034223	NC_089036.1.g8032	NC_089036.1.g8004			NC_089036.1.g8008		NC_089036.1.g8009		3	1	
OG0034224	NC_089036.1.g8082	NC_089036.1.g8052		NC_089036.1.g8004		NC_089036.1.g8156			3	1	
OG0034225	NC_089036.1.g8107		NC_089036.1.g8069		NC_089036.1.g8083			NC_089036.1.g8109	3	1	
OG0034226	NC_089036.1.g8169			NC_089036.1.g8082		NC_089036.1.g8240		NC_089036.1.g8167	3	1	
OG0034227	NC_089036.1.g8211			NC_089036.1.g8127	NC_089036.1.g8186	NC_089036.1.g8287			3	1	
OG0034228	NC_089036.1.g8243			NC_089036.1.g8158	NC_089036.1.g8219	NC_089036.1.g8320			3	1	
OG0034229	NC_089036.1.g8319	NC_089036.1.g8291			NC_089036.1.g8297			NC_089036.1.g8314	3	1	
OG0034230	NC_089036.1.g8376			NC_089036.1.g8287	NC_089036.1.g8353	NC_089036.1.g8456			3	1	
OG0034231	NC_089036.1.g8384			NC_089036.1.g8295	NC_089036.1.g8361	NC_089036.1.g8464			3	1	
OG0034232	NC_089036.1.g8423			NC_089036.1.g8340	NC_089036.1.g8399	NC_089036.1.g8503			3	1	
OG0034233	NC_089036.1.g8444			NC_089036.1.g8363	NC_089036.1.g8421	NC_089036.1.g8527			3	1	
OG0034234	NC_089036.1.g8477	NC_089036.1.g8450	NC_089044.1.g32472		NC_089044.1.g32646				3	1	
OG0034235	NC_089036.1.g8541	NC_089036.1.g8517	NC_089036.1.g8509					NC_089036.1.g8533	3	1	
OG0034236	NC_089036.1.g8580				NC_089046.1.g37980			NC_089036.1.g8573, NC_089046.1.g37900	2	1	
OG0034237	NC_089036.1.g8587			NC_089036.1.g8507	NC_089036.1.g8558	NC_089036.1.g8669			3	1	
OG0034238	NC_089036.1.g8674		NC_089036.1.g8634	NC_089036.1.g8592		NC_089036.1.g8758			3	1	
OG0034239	NC_089036.1.g8806			NC_089036.1.g8727			NC_089036.1.g8780	NC_089036.1.g8799	3	1	
OG0034240	NC_089036.1.g8826				NC_089036.1.g8791		NC_089036.1.g8801	NC_089036.1.g8819	3	1	
OG0034241	NC_089036.1.g8880			NC_089036.1.g8801		NC_089036.1.g8964		NC_089035.1.g2381	3	1	
OG0034242	NC_089036.1.g8912			NC_089036.1.g8831	NC_089035.1.g1772	NC_089036.1.g8996			3	1	
OG0034243	NC_089036.1.g9071			NC_089036.1.g8992		NC_089036.1.g9157	NC_089036.1.g9046		3	1	
OG0034244	NC_089036.1.g9183, NC_089044.1.g33045			NC_089036.1.g9108		NC_089036.1.g9273			2	1	
OG0034245	NC_089036.1.g9202	NC_089036.1.g9178		NC_089036.1.g9127		NC_089036.1.g9292			3	1	
OG0034246	NC_089036.1.g9213			NC_089036.1.g9137		NC_089036.1.g9302	NC_089036.1.g9176		3	1	
OG0034247	NC_089036.1.g9290			NC_089036.1.g9219		NC_089036.1.g9383	NC_089036.1.g9258		3	1	
OG0034248	NC_089036.1.g9296		NC_089036.1.g9262	NC_089036.1.g9224				NC_089036.1.g9286	3	1	
OG0034249	NC_089036.1.g9336			NC_089036.1.g9266		NC_089036.1.g9427		NC_089036.1.g9328	3	1	
OG0034250	NC_089036.1.g9415			NC_089036.1.g9341	NC_089036.1.g9381	NC_089036.1.g9504			3	1	
OG0034252	NC_089037.1.g9671		NC_089044.1.g32696		NC_089040.1.g21045	NC_089043.1.g31747			3	1	
OG0034253	NC_089037.1.g9765	NC_089037.1.g9732		NC_089037.1.g9686		NC_089037.1.g9849			3	1	
OG0034254	NC_089037.1.g9773			NC_089037.1.g9695		NC_089037.1.g9858		NC_089037.1.g9762	3	1	
OG0034255	NC_089037.1.g10089	NC_089037.1.g10059		NC_089037.1.g10014		NC_089037.1.g10186			3	1	
OG0034256	NC_089037.1.g10135			NC_089037.1.g10061		NC_089037.1.g10234	NC_089037.1.g10103		3	1	
OG0034257	NC_089037.1.g10336	NC_089037.1.g10309	NC_089037.1.g10307			NC_089037.1.g10440			3	1	
OG0034258	NC_089037.1.g10402	NC_089037.1.g10378		NC_089037.1.g10322		NC_089037.1.g10504			3	1	
OG0034259	NC_089037.1.g10451					NC_089037.1.g10550	NC_089037.1.g10431	NC_089037.1.g10465	3	1	
OG0034260	NC_089037.1.g10614		NC_089037.1.g10575	NC_089037.1.g10531		NC_089037.1.g10709			3	1	
OG0034262	NC_089037.1.g10874	NC_089037.1.g10832	NC_089037.1.g10835		NC_089037.1.g10848				3	1	
OG0034263	NC_089037.1.g10888		NC_089037.1.g10850		NC_089037.1.g10863		NC_089037.1.g10856		3	1	
OG0034264	NC_089037.1.g10917			NC_089037.1.g10835	NC_089037.1.g10892		NC_089037.1.g10884		3	1	
OG0034265	NC_089037.1.g10976	NC_089037.1.g10933				NC_089037.1.g11066	NC_089037.1.g10941		3	1	
OG0034266	NC_089037.1.g10986, NC_089046.1.g39331			NC_089037.1.g10903			NC_089046.1.g39057		2	1	
OG0034267	NC_089037.1.g11050		NC_089037.1.g11004				NC_089037.1.g11008	NC_089037.1.g11054	3	1	
OG0034268	NC_089037.1.g11051		NC_089037.1.g11005		NC_089037.1.g11016		NC_089037.1.g11009		3	1	
OG0034269	NC_089037.1.g11057	NC_089037.1.g11007				NC_089037.1.g11139	NC_089037.1.g11014		3	1	
OG0034270	NC_089037.1.g11102			NC_089037.1.g11009		NC_089037.1.g11180	NC_089037.1.g11056		3	1	
OG0034271	NC_089037.1.g11131	NC_089037.1.g11074	NC_089037.1.g11072		NC_089037.1.g11086				3	1	
OG0034272	NC_089037.1.g11566	NC_089037.1.g11524		NC_089037.1.g11462				NC_089037.1.g11583	3	1	
OG0034273	NC_089037.1.g11593				NC_089039.1.g19114		NC_089039.1.g19100	NC_089039.1.g19110	3	1	
OG0034274	NC_089037.1.g11629			NC_089037.1.g11531	NC_089037.1.g11603			NC_089037.1.g11649	3	1	
OG0034275	NC_089037.1.g11661		NC_089037.1.g11622	NC_089037.1.g11560		NC_089037.1.g11745			3	1	
OG0034276	NC_089037.1.g11732		NC_089037.1.g11686	NC_089037.1.g11628		NC_089037.1.g11811			3	1	
OG0034277	NC_089037.1.g11772		NC_089037.1.g11727	NC_089037.1.g11665		NC_089037.1.g11849			3	1	
OG0034278	NC_089037.1.g11816		NC_089037.1.g11772	NC_089037.1.g11707		NC_089037.1.g11897			3	1	
OG0034279	NC_089037.1.g11828	NC_089037.1.g11771	NC_089037.1.g11784	NC_089037.1.g11719					3	1	
OG0034280	NC_089037.1.g11832		NC_089037.1.g11788	NC_089037.1.g11723		NC_089037.1.g11913			3	1	
OG0034281	NC_089037.1.g11833		NC_089037.1.g11789	NC_089037.1.g11724		NC_089037.1.g11914			3	1	
OG0034282	NC_089037.1.g11844		NC_089037.1.g11798	NC_089037.1.g11736		NC_089037.1.g11925			3	1	
OG0034283	NC_089037.1.g11854	NC_089037.1.g11798				NC_089037.1.g11944	NC_089037.1.g11793		3	1	
OG0034284	NC_089037.1.g11859		NC_089037.1.g11823	NC_089037.1.g11750		NC_089037.1.g11948			3	1	
OG0034285	NC_089037.1.g11886		NC_089037.1.g11850	NC_089037.1.g11780		NC_089037.1.g11978			3	1	
OG0034286	NC_089037.1.g11890		NC_089037.1.g11854	NC_089037.1.g11785		NC_089037.1.g11982			3	1	
OG0034287	NC_089037.1.g11919	NC_089037.1.g11853	NC_089037.1.g11877	NC_089037.1.g11814					3	1	
OG0034288	NC_089037.1.g11928		NC_089037.1.g11886	NC_089037.1.g11824		NC_089037.1.g12013			3	1	
OG0034289	NC_089037.1.g11943	NC_089037.1.g11877	NC_089037.1.g11903				NC_089037.1.g11872		3	1	
OG0034290	NC_089037.1.g11947		NC_089037.1.g11907	NC_089037.1.g11842		NC_089037.1.g12033			3	1	
OG0034291	NC_089037.1.g11949		NC_089037.1.g11909	NC_089037.1.g11843		NC_089037.1.g12035			3	1	
OG0034292	NC_089037.1.g11965	NC_089037.1.g11894	NC_089037.1.g11923					NC_089037.1.g11963	3	1	
OG0034293	NC_089037.1.g11968		NC_089037.1.g11926	NC_089037.1.g11859		NC_089037.1.g12052			3	1	
OG0034294	NC_089037.1.g11998		NC_089037.1.g11952	NC_089037.1.g11888		NC_089037.1.g12081			3	1	
OG0034295	NC_089037.1.g12011		NC_089037.1.g11963	NC_089037.1.g11899		NC_089037.1.g12093			3	1	
OG0034296	NC_089037.1.g12033		NC_089037.1.g11986	NC_089037.1.g11924		NC_089037.1.g12115			3	1	
OG0034297	NC_089037.1.g12047		NC_089037.1.g11999	NC_089037.1.g11938		NC_089037.1.g12130			3	1	
OG0034298	NC_089037.1.g12095		NC_089037.1.g12045	NC_089037.1.g11983		NC_089037.1.g12177			3	1	
OG0034299	NC_089037.1.g12097	NC_089037.1.g12022		NC_089037.1.g11985			NC_089037.1.g12013		3	1	
OG0034300	NC_089037.1.g12110		NC_089037.1.g12059		NC_089037.1.g12065		NC_089037.1.g12026		3	1	
OG0034301	NC_089037.1.g12133	NC_089037.1.g12055			NC_089037.1.g12087		NC_089037.1.g12048		3	1	
OG0034302	NC_089037.1.g12218			NC_089037.1.g12110		NC_089037.1.g12311		NC_089037.1.g12215	3	1	
OG0034303	NC_089037.1.g12238		NC_089037.1.g12194	NC_089037.1.g12130		NC_089037.1.g12332			3	1	
OG0034304	NC_089037.1.g12257			NC_089037.1.g12147		NC_089037.1.g12349		NC_089037.1.g12251	3	1	
OG0034305	NC_089037.1.g12276	NC_089037.1.g12197					NC_089037.1.g12192	NC_089037.1.g12268	3	1	
OG0034306	NC_089037.1.g12283	NC_089037.1.g12203		NC_089037.1.g12168	NC_089037.1.g12245				3	1	
OG0034307	NC_089037.1.g12347	NC_089042.1.g27979, NC_089045.1.g35728		NC_089045.1.g35425					2	1	
OG0034308	NC_089037.1.g12456		NC_089037.1.g12411			NC_089037.1.g12551	NC_089037.1.g12383		3	1	
OG0034309	NC_089037.1.g12523	NC_089037.1.g12449				NC_089037.1.g12617		NC_089037.1.g12519	3	1	
OG0034311	NC_089037.1.g12673	NC_089037.1.g12600		NC_089037.1.g12558	NC_089037.1.g12636				3	1	
OG0034312	NC_089037.1.g12697	NC_089037.1.g12624	NC_089037.1.g12658				NC_089037.1.g12642		3	1	
OG0034313	NC_089037.1.g12713		NC_089037.1.g12673	NC_089037.1.g12599		NC_089037.1.g12805			3	1	
OG0034314	NC_089037.1.g12715	NC_089037.1.g12641		NC_089037.1.g12601		NC_089037.1.g12807			3	1	
OG0034315	NC_089037.1.g12823			NC_089037.1.g12709		NC_089037.1.g12912		NC_089037.1.g12829	3	1	
OG0034316	NC_089037.1.g12824			NC_089037.1.g12710		NC_089037.1.g12913		NC_089037.1.g12830	3	1	
OG0034317	NC_089037.1.g12945	NC_089037.1.g12865		NC_089037.1.g12831		NC_089037.1.g13038			3	1	
OG0034318	NC_089037.1.g12971	NC_089037.1.g12894		NC_089037.1.g12861		NC_089037.1.g13067			3	1	
OG0034319	NC_089037.1.g13191	NC_089037.1.g13111		NC_089037.1.g13081		NC_089037.1.g13288			3	1	
OG0034320	NC_089037.1.g13194	NC_089037.1.g13115		NC_089037.1.g13085			NC_089044.1.g32421		3	1	
OG0034321	NC_089037.1.g13267	NC_089037.1.g13192				NC_089037.1.g13371	NC_089037.1.g13217		3	1	
OG0034322	NC_089037.1.g13317			NC_089037.1.g13210	NC_089043.1.g31038	NC_089037.1.g13422			3	1	
OG0034323	NC_089037.1.g13328		NC_089037.1.g13290				NC_089037.1.g13274	NC_089037.1.g13331	3	1	
OG0034324	NC_089037.1.g13345			NC_089037.1.g13237		NC_089037.1.g13449, NC_089038.1.g15642			2	1	
OG0034325	NC_089037.1.g13384			NC_089037.1.g13275		NC_089037.1.g13487	NC_089037.1.g13323		3	1	
OG0034326	NC_089037.1.g13388			NC_089037.1.g13279		NC_089037.1.g13491	NC_089037.1.g13328		3	1	
OG0034327	NC_089037.1.g13391			NC_089037.1.g13283		NC_089037.1.g13495	NC_089037.1.g13331		3	1	
OG0034328	NC_089037.1.g13428, NC_089038.1.g16613	NC_089038.1.g16481					NC_089038.1.g16549		2	1	
OG0034329	NC_089037.1.g13466	NC_089037.1.g13374		NC_089037.1.g13356		NC_089037.1.g13573			3	1	
OG0034330	NC_089037.1.g13511		NC_089037.1.g13466			NC_089037.1.g13620	NC_089037.1.g13452		3	1	
OG0034331	NC_089037.1.g13565			NC_089037.1.g13458		NC_089037.1.g13675	NC_089037.1.g13503		3	1	
OG0034332	NC_089037.1.g13633		NC_089037.1.g13590			NC_089041.1.g26035		NC_089037.1.g13632	3	1	
OG0034333	NC_089037.1.g13726			NC_089037.1.g13611		NC_089037.1.g13832		NC_089037.1.g13724	3	1	
OG0034334	NC_089037.1.g13727			NC_089037.1.g13612		NC_089037.1.g13833		NC_089037.1.g13725	3	1	
OG0034335	NC_089037.1.g13769	NC_089037.1.g13671		NC_089037.1.g13653		NC_089037.1.g13874			3	1	
OG0034336	NC_089037.1.g13868		NC_089037.1.g13820		NC_089037.1.g13811			NC_089037.1.g13866	3	1	
OG0034337	NC_089037.1.g14018	NC_089037.1.g13915	NC_089037.1.g13965	NC_089037.1.g13902					3	1	
OG0034338	NC_089038.1.g14134		NC_089038.1.g14074		NC_089038.1.g14063	NC_089038.1.g14231			3	1	
OG0034339	NC_089038.1.g14242			NC_089038.1.g14121	NC_089038.1.g14169		NC_089038.1.g14173		3	1	
OG0034340	NC_089038.1.g14251	NC_089038.1.g14133		NC_089038.1.g14128		NC_089038.1.g14350			3	1	
OG0034341	NC_089038.1.g14278			NC_089038.1.g14151	NC_089038.1.g14208		NC_089038.1.g14209		3	1	
OG0034342	NC_089038.1.g14375			NC_089038.1.g14245	NC_089038.1.g14310	NC_089038.1.g14480			3	1	
OG0034343	NC_089038.1.g14394	NC_089038.1.g14289				NC_089038.1.g14496		NC_089038.1.g14385	3	1	
OG0034344	NC_089038.1.g14401	NC_089038.1.g14298			NC_089038.1.g14336	NC_089038.1.g14504			3	1	
OG0034345	NC_089038.1.g14421	NC_089038.1.g14314	NC_089038.1.g14351				NC_089038.1.g14354		3	1	
OG0034346	NC_089038.1.g14476		NC_089038.1.g14401	NC_089038.1.g14341		NC_089038.1.g14575			3	1	
OG0034347	NC_089038.1.g14485	NC_089038.1.g14380	NC_089038.1.g14415			NC_089038.1.g14585			3	1	
OG0034348	NC_089038.1.g14492		NC_089038.1.g14424		NC_089038.1.g14425	NC_089038.1.g14593			3	1	
OG0034349	NC_089038.1.g14521	NC_089038.1.g14420			NC_089038.1.g14453		NC_089038.1.g14455		3	1	
OG0034350	NC_089038.1.g14603			NC_089038.1.g14474	NC_089038.1.g14546		NC_089038.1.g14546		3	1	
OG0034351	NC_089038.1.g14646		NC_089038.1.g14590	NC_089038.1.g14518		NC_089038.1.g14763			3	1	
OG0034352	NC_089038.1.g14652	NC_089038.1.g14563		NC_089038.1.g14523		NC_089038.1.g14768			3	1	
OG0034353	NC_089038.1.g14662			NC_089038.1.g14532	NC_089038.1.g14604		NC_089038.1.g14597		3	1	
OG0034354	NC_089038.1.g14679			NC_089038.1.g14546		NC_089038.1.g14796		NC_089038.1.g14679	3	1	
OG0034355	NC_089038.1.g14685	NC_089038.1.g14823			NC_089037.1.g11917, NC_089038.1.g14866				2	1	
OG0034356	NC_089038.1.g14709		NC_089038.1.g14640	NC_089038.1.g14579	NC_089038.1.g14644				3	1	
OG0034357	NC_089038.1.g14715				NC_089038.1.g14413	NC_089038.1.g14831, NC_089041.1.g27042			2	1	
OG0034358	NC_089038.1.g14753			NC_089038.1.g14626	NC_089038.1.g14684	NC_089038.1.g14875			3	1	
OG0034359	NC_089038.1.g14812	NC_089038.1.g14713		NC_089038.1.g14686			NC_089038.1.g14746		3	1	
OG0034360	NC_089038.1.g14845	NC_089038.1.g14742		NC_089038.1.g14712			NC_089038.1.g14777		3	1	
OG0034361	NC_089038.1.g14849			NC_089038.1.g14716	NC_089038.1.g14786	NC_089038.1.g14966			3	1	
OG0034362	NC_089038.1.g14866		NC_089038.1.g14795		NC_089038.1.g14802	NC_089038.1.g14981			3	1	
OG0034363	NC_089038.1.g14905				NC_089038.1.g14843	NC_089038.1.g15027		NC_089038.1.g14900	3	1	
OG0034364	NC_089038.1.g14925		NC_089038.1.g14849				NC_089038.1.g14860	NC_089038.1.g14921	3	1	
OG0034365	NC_089038.1.g14932	NC_089038.1.g14831					NC_089038.1.g14868	NC_089038.1.g14929	3	1	
OG0034366	NC_089038.1.g14939	NC_089038.1.g14840	NC_089038.1.g14865	NC_089038.1.g14803					3	1	
OG0034367	NC_089038.1.g14966	NC_089038.1.g14866					NC_089038.1.g14898	NC_089038.1.g14959	3	1	
OG0034368	NC_089038.1.g15065		NC_089038.1.g14978		NC_089038.1.g15004			NC_089038.1.g15055	3	1	
OG0034369	NC_089038.1.g15067					NC_089038.1.g15177	NC_089038.1.g15000	NC_089038.1.g15057	3	1	
OG0034370	NC_089038.1.g15079	NC_089038.1.g14968		NC_089038.1.g14940		NC_089038.1.g15188			3	1	
OG0034371	NC_089038.1.g15098	NC_089038.1.g14988				NC_089038.1.g15208	NC_089038.1.g15040		3	1	
OG0034372	NC_089038.1.g15158		NC_089038.1.g15064				NC_089038.1.g15099	NC_089038.1.g15137	3	1	
OG0034373	NC_089038.1.g15161		NC_089038.1.g15067		NC_089038.1.g15100		NC_089038.1.g15102		3	1	
OG0034374	NC_089038.1.g15175			NC_089038.1.g15040	NC_089038.1.g15119		NC_089038.1.g15122		3	1	
OG0034375	NC_089038.1.g15281	NC_089038.1.g15176		NC_089038.1.g15156		NC_089038.1.g15406			3	1	
OG0034376	NC_089038.1.g15298			NC_089038.1.g15174	NC_089038.1.g15249	NC_089038.1.g15422			3	1	
OG0034377	NC_089038.1.g15369	NC_089038.1.g15262	NC_089038.1.g15282				NC_089038.1.g15314		3	1	
OG0034378	NC_089038.1.g15448	NC_089038.1.g15344			NC_089038.1.g15401	NC_089038.1.g15568			3	1	
OG0034379	NC_089038.1.g15529		NC_089038.1.g15433	NC_089038.1.g15396		NC_089038.1.g15648			3	1	
OG0034380	NC_089038.1.g15632	NC_089038.1.g15527		NC_089038.1.g15503	NC_089038.1.g15589				3	1	
OG0034381	NC_089038.1.g15635	NC_089038.1.g15529		NC_089038.1.g15506	NC_089038.1.g15592				3	1	
OG0034382	NC_089038.1.g15654			NC_089038.1.g15526	NC_089038.1.g15610	NC_089038.1.g15778			3	1	
OG0034383	NC_089038.1.g15661		NC_089038.1.g15570		NC_089038.1.g15617	NC_089038.1.g15785			3	1	
OG0034384	NC_089038.1.g15709		NC_089038.1.g15618	NC_089038.1.g15580		NC_089038.1.g15833			3	1	
OG0034385	NC_089038.1.g15719		NC_089038.1.g15628	NC_089038.1.g15590			NC_089038.1.g15659		3	1	
OG0034386	NC_089038.1.g15757				NC_089038.1.g15714	NC_089038.1.g15882	NC_089038.1.g15698		3	1	
OG0034387	NC_089038.1.g15775	NC_089038.1.g15667	NC_089038.1.g15679				NC_089038.1.g15715		3	1	
OG0034388	NC_089038.1.g15809				NC_089038.1.g15762		NC_089038.1.g15750	NC_089038.1.g15769	3	1	
OG0034389	NC_089038.1.g15838		NC_089038.1.g15741	NC_089038.1.g15707		NC_089038.1.g15960			3	1	
OG0034390	NC_089038.1.g15840		NC_089038.1.g15743	NC_089038.1.g15709		NC_089038.1.g15962			3	1	
OG0034391	NC_089038.1.g15883		NC_089038.1.g15788	NC_089038.1.g15753		NC_089038.1.g16006			3	1	
OG0034392	NC_089038.1.g15899	NC_089038.1.g15793				NC_089038.1.g16023		NC_089038.1.g15857	3	1	
OG0034393	NC_089038.1.g15900		NC_089038.1.g15803				NC_089038.1.g15845	NC_089038.1.g15858	3	1	
OG0034394	NC_089038.1.g16063		NC_089038.1.g15971	NC_089038.1.g15932		NC_089038.1.g16198			3	1	
OG0034395	NC_089038.1.g16162		NC_089038.1.g16073		NC_089038.1.g16118	NC_089038.1.g16299			3	1	
OG0034396	NC_089038.1.g16429	NC_089038.1.g16310		NC_089038.1.g16286		NC_089038.1.g16562			3	1	
OG0034397	NC_089038.1.g16500		NC_089038.1.g16409		NC_089038.1.g16448	NC_089038.1.g16630			3	1	
OG0034398	NC_089038.1.g16521	NC_089038.1.g16402		NC_089038.1.g16383		NC_089038.1.g16651			3	1	
OG0034399	NC_089038.1.g16525		NC_089038.1.g16432	NC_089038.1.g16386		NC_089038.1.g16654			3	1	
OG0034400	NC_089038.1.g16536		NC_089038.1.g16441	NC_089038.1.g16395		NC_089038.1.g16663			3	1	
OG0034401	NC_089038.1.g16547		NC_089038.1.g16450	NC_089038.1.g16405		NC_089038.1.g16672			3	1	
OG0034402	NC_089038.1.g16556		NC_089038.1.g16459	NC_089038.1.g16414		NC_089038.1.g16681			3	1	
OG0034403	NC_089038.1.g16573	NC_089038.1.g16444		NC_089038.1.g16429		NC_089038.1.g16696			3	1	
OG0034404	NC_089038.1.g16637		NC_089038.1.g16540	NC_089038.1.g16494		NC_089038.1.g16767			3	1	
OG0034405	NC_089038.1.g16759	NC_089038.1.g16617			NC_089038.1.g16696			NC_089038.1.g16702	3	1	
OG0034406	NC_089038.1.g16850	NC_089038.1.g16705					NC_089038.1.g16779	NC_089038.1.g16795	3	1	
OG0034407	NC_089038.1.g16870		NC_089038.1.g16776				NC_089038.1.g16798	NC_089038.1.g16814	3	1	
OG0034408	NC_089038.1.g16871			NC_089038.1.g16716	NC_089038.1.g16807	NC_089038.1.g16998			3	1	
OG0034409	NC_089038.1.g16967			NC_089038.1.g16810		NC_089038.1.g17093		NC_089038.1.g16906	3	1	
OG0034410	NC_089038.1.g17233		NC_089038.1.g17145	NC_089038.1.g17078	NC_089038.1.g17171				3	1	
OG0034411	NC_089038.1.g17236			NC_089038.1.g17082	NC_089038.1.g17175	NC_089038.1.g17368			3	1	
OG0034412	NC_089038.1.g17315	NC_089038.1.g17152		NC_089038.1.g17160		NC_089038.1.g17447			3	1	
OG0034413	NC_089038.1.g17387	NC_089038.1.g17224			NC_089038.1.g17323		NC_089038.1.g17311		3	1	
OG0034414	NC_089039.1.g17648	NC_089039.1.g17483			NC_089039.1.g17581		NC_089039.1.g17571		3	1	
OG0034415	NC_089039.1.g17671		NC_089039.1.g17583	NC_089039.1.g17519				NC_089039.1.g17617	3	1	
OG0034416	NC_089039.1.g17711		NC_089039.1.g17620			NC_089039.1.g17848		NC_089039.1.g17656	3	1	
OG0034417	NC_089039.1.g17832		NC_089039.1.g17742	NC_089039.1.g17685		NC_089039.1.g17977			3	1	
OG0034418	NC_089039.1.g17884			NC_089039.1.g17737	NC_089039.1.g17824	NC_089039.1.g18033			3	1	
OG0034419	NC_089039.1.g18158	NC_089039.1.g19303			NC_089039.1.g18102, NC_089039.1.g19414				2	1	
OG0034420	NC_089039.1.g18200	NC_089039.1.g18037			NC_089039.1.g18143			NC_089039.1.g18143	3	1	
OG0034421	NC_089039.1.g18237					NC_089045.1.g35573	NC_089039.1.g18163, NC_089045.1.g35020		2	1	
OG0034422	NC_089039.1.g18247		NC_089039.1.g18148	NC_089039.1.g18089		NC_089039.1.g18397			3	1	
OG0034423	NC_089039.1.g18347		NC_089039.1.g18247	NC_089039.1.g18189	NC_089039.1.g18297				3	1	
OG0034424	NC_089039.1.g18358	NC_089039.1.g18197			NC_089039.1.g18310		NC_089039.1.g18291		3	1	
OG0034425	NC_089039.1.g18404			NC_089039.1.g18241		NC_089039.1.g18550		NC_089039.1.g18359	3	1	
OG0034426	NC_089039.1.g18433		NC_089039.1.g18328			NC_089039.1.g18580, NC_089040.1.g22091			2	1	
OG0034427	NC_089039.1.g18453			NC_089039.1.g18286	NC_089039.1.g18409	NC_089039.1.g18601			3	1	
OG0034428	NC_089039.1.g18475	NC_089039.1.g18307	NC_089039.1.g18375					NC_089039.1.g18431	3	1	
OG0034429	NC_089039.1.g18631			NC_089039.1.g18464			NC_089039.1.g18563	NC_089039.1.g18592	3	1	
OG0034430	NC_089039.1.g18633	NC_089039.1.g18461		NC_089039.1.g18465		NC_089039.1.g18782			3	1	
OG0034431	NC_089039.1.g18667				NC_089039.1.g18622		NC_089039.1.g18599	NC_089039.1.g18628	3	1	
OG0034432	NC_089039.1.g18670, NC_089042.1.g28857	NC_089039.1.g18499					NC_089039.1.g18602		2	1	
OG0034433	NC_089039.1.g18734			NC_089039.1.g18568		NC_089039.1.g18893	NC_089039.1.g18664		3	1	
OG0034434	NC_089039.1.g18804		NC_089039.1.g18689			NC_089039.1.g18959	NC_089039.1.g18727		3	1	
OG0034435	NC_089039.1.g18836		NC_089039.1.g18718				NC_089039.1.g18761	NC_089039.1.g18785	3	1	
OG0034436	NC_089039.1.g18876	NC_089046.1.g38561			NC_089041.1.g25468			NC_089043.1.g30585	3	1	
OG0034437	NC_089039.1.g18920	NC_089039.1.g18747				NC_089039.1.g19074, NC_089046.1.g38702			2	1	
OG0034438	NC_089039.1.g18952			NC_089039.1.g18779	NC_089039.1.g18900		NC_089039.1.g18879		3	1	
OG0034439	NC_089039.1.g18958	NC_089039.1.g18791		NC_089039.1.g18784		NC_089039.1.g19116			3	1	
OG0034440	NC_089039.1.g18994	NC_089039.1.g18827				NC_089039.1.g19152	NC_089039.1.g18921		3	1	
OG0034441	NC_089039.1.g19009				NC_089039.1.g18958	NC_089039.1.g19170	NC_089039.1.g18937		3	1	
OG0034442	NC_089039.1.g19124		NC_089039.1.g19011	NC_089039.1.g18946		NC_089039.1.g19281			3	1	
OG0034443	NC_089039.1.g19158		NC_089039.1.g19048	NC_089039.1.g18982		NC_089039.1.g19314			3	1	
OG0034444	NC_089039.1.g19161			NC_089039.1.g18985		NC_089039.1.g19317	NC_089039.1.g19088		3	1	
OG0034445	NC_089039.1.g19185			NC_089039.1.g19008		NC_089039.1.g19340	NC_089039.1.g19111		3	1	
OG0034446	NC_089039.1.g19288	NC_089039.1.g19126	NC_089045.1.g35584					NC_089039.1.g19224	3	1	
OG0034447	NC_089039.1.g19310	NC_089039.1.g19148			NC_089039.1.g19250		NC_089039.1.g19235		3	1	
OG0034448	NC_089039.1.g19313	NC_089039.1.g19152			NC_089039.1.g19254		NC_089039.1.g19239		3	1	
OG0034449	NC_089039.1.g19342	NC_089039.1.g19182					NC_089039.1.g19268	NC_089039.1.g19279	3	1	
OG0034450	NC_089039.1.g19361	NC_089039.1.g19201	NC_089039.1.g19253					NC_089039.1.g19298	3	1	
OG0034451	NC_089039.1.g19367	NC_089039.1.g19207			NC_089039.1.g19311	NC_089035.1.g2367			3	1	
OG0034452	NC_089039.1.g19467			NC_089039.1.g19286, NC_089045.1.g34756		NC_089039.1.g19630			2	1	
OG0034453	NC_089039.1.g19475			NC_089039.1.g19294	NC_089039.1.g19429	NC_089039.1.g19637			3	1	
OG0034454	NC_089039.1.g19490	NC_089039.1.g19330	NC_089035.1.g4021					NC_089039.1.g19425	3	1	
OG0034455	NC_089039.1.g19497			NC_089039.1.g19314	NC_089039.1.g19448	NC_089039.1.g19660			3	1	
OG0034456	NC_089039.1.g19538			NC_089039.1.g19360	NC_089039.1.g19489	NC_089039.1.g19702			3	1	
OG0034458	NC_089039.1.g19600			NC_089039.1.g19421		NC_089039.1.g19765		NC_089037.1.g10134	3	1	
OG0034459	NC_089039.1.g19822			NC_089039.1.g19653		NC_089039.1.g19999		NC_089039.1.g19758	3	1	
OG0034460	NC_089039.1.g19831	NC_089039.1.g19676		NC_089039.1.g19661				NC_089039.1.g19765	3	1	
OG0034461	NC_089039.1.g19832	NC_089039.1.g19677	NC_089039.1.g19729		NC_089039.1.g19784				3	1	
OG0034462	NC_089039.1.g19838	NC_089039.1.g19683		NC_089039.1.g19666	NC_089039.1.g19790				3	1	
OG0034463	NC_089039.1.g19907		NC_089039.1.g19805		NC_089039.1.g19858	NC_089039.1.g20074			3	1	
OG0034464	NC_089039.1.g20151			NC_089039.1.g19978	NC_089039.1.g20110	NC_089039.1.g20324			3	1	
OG0034465	NC_089039.1.g20187			NC_089039.1.g20011		NC_089039.1.g20359	NC_089039.1.g20092		3	1	
OG0034466	NC_089039.1.g20225	NC_089039.1.g20075	NC_089039.1.g20126		NC_089039.1.g20182				3	1	
OG0034467	NC_089039.1.g20234	NC_089039.1.g20085	NC_089039.1.g20138		NC_089039.1.g20195				3	1	
OG0034468	NC_089039.1.g20243			NC_089039.1.g20064	NC_089039.1.g20204	NC_089039.1.g20414			3	1	
OG0034469	NC_089039.1.g20507		NC_089039.1.g20410		NC_089039.1.g20468		NC_089039.1.g20399		3	1	
OG0034470	NC_089039.1.g20515	NC_089039.1.g20372				NC_089039.1.g20684		NC_089039.1.g20438	3	1	
OG0034471	NC_089040.1.g20751				NC_089040.1.g20717	NC_089040.1.g20916		NC_089040.1.g20670	3	1	
OG0034472	NC_089040.1.g20758				NC_089040.1.g20724	NC_089040.1.g20923		NC_089040.1.g20676	3	1	
OG0034473	NC_089040.1.g20877			NC_089040.1.g20701		NC_089040.1.g21044		NC_089040.1.g20792	3	1	
OG0034474	NC_089040.1.g20937		NC_089040.1.g20839	NC_089040.1.g20761		NC_089040.1.g21106			3	1	
OG0034475	NC_089040.1.g20996	NC_089040.1.g20847		NC_089040.1.g20820		NC_089040.1.g21167			3	1	
OG0034476	NC_089040.1.g21016			NC_089040.1.g20841		NC_089040.1.g21188	NC_089040.1.g20905		3	1	
OG0034477	NC_089040.1.g21063		NC_089040.1.g20966		NC_089040.1.g21032			NC_089040.1.g20980	3	1	
OG0034478	NC_089040.1.g21081			NC_089040.1.g20906	NC_089040.1.g21053	NC_089040.1.g21252			3	1	
OG0034479	NC_089040.1.g21121			NC_089040.1.g20944	NC_089040.1.g21093	NC_089040.1.g21290			3	1	
OG0034480	NC_089040.1.g21147	NC_089040.1.g21001			NC_089040.1.g21119	NC_089040.1.g21317			3	1	
OG0034481	NC_089040.1.g21183	NC_089040.1.g21036					NC_089040.1.g21502, NC_089046.1.g37035		2	1	
OG0034482	NC_089040.1.g21207		NC_089040.1.g21105	NC_089040.1.g21021	NC_089040.1.g21174				3	1	
OG0034483	NC_089040.1.g21209		NC_089040.1.g21107		NC_089040.1.g21176			NC_089040.1.g21128	3	1	
OG0034484	NC_089040.1.g21216		NC_089040.1.g21114	NC_089040.1.g21029		NC_089040.1.g21384			3	1	
OG0034485	NC_089040.1.g21245		NC_089040.1.g21141			NC_089040.1.g21410		NC_089040.1.g21160	3	1	
OG0034486	NC_089040.1.g21337			NC_089040.1.g21147		NC_089040.1.g21503	NC_089040.1.g21220		3	1	
OG0034487	NC_089040.1.g21365			NC_089040.1.g21178	NC_089040.1.g21328			NC_089040.1.g21280	3	1	
OG0034488	NC_089040.1.g21424			NC_089040.1.g21233		NC_089040.1.g21587		NC_089040.1.g21337	3	1	
OG0034489	NC_089040.1.g21533			NC_089040.1.g21335		NC_089040.1.g21692	NC_089040.1.g21417		3	1	
OG0034490	NC_089040.1.g21542			NC_089040.1.g21344	NC_089040.1.g21503			NC_089040.1.g21448	3	1	
OG0034491	NC_089040.1.g21551		NC_089040.1.g21441	NC_089040.1.g21352			NC_089040.1.g21435		3	1	
OG0034492	NC_089040.1.g21596				NC_089040.1.g21551		NC_089040.1.g21478	NC_089040.1.g21497	3	1	
OG0034493	NC_089040.1.g21686		NC_089040.1.g21573	NC_089040.1.g21480		NC_089040.1.g21840			3	1	
OG0034494	NC_089040.1.g21717	NC_089040.1.g21561		NC_089040.1.g21512				NC_089040.1.g21621	3	1	
OG0034495	NC_089040.1.g21718		NC_089040.1.g21611		NC_089040.1.g21676		NC_089040.1.g21599		3	1	
OG0034496	NC_089040.1.g21735	NC_089040.1.g21579	NC_089040.1.g21629					NC_089040.1.g21639	3	1	
OG0034497	NC_089040.1.g21777	NC_089040.1.g21621		NC_089040.1.g21570		NC_089040.1.g21933			3	1	
OG0034498	NC_089040.1.g21825	NC_089040.1.g21660				NC_089040.1.g21977		NC_089040.1.g21726	3	1	
OG0034499	NC_089040.1.g21826	NC_089040.1.g21661				NC_089040.1.g21978		NC_089040.1.g21727	3	1	
OG0034500	NC_089040.1.g21827	NC_089040.1.g21662				NC_089040.1.g21979		NC_089040.1.g21729	3	1	
OG0034501	NC_089040.1.g21899	NC_089040.1.g21734			NC_089040.1.g21858			NC_089040.1.g21798	3	1	
OG0034502	NC_089040.1.g21935			NC_089040.1.g21712		NC_089040.1.g22094		NC_089040.1.g21836	3	1	
OG0034503	NC_089040.1.g21945	NC_089040.1.g21781			NC_089040.1.g21903		NC_089040.1.g21809		3	1	
OG0034504	NC_089040.1.g21977	NC_089040.1.g21811			NC_089040.1.g21934		NC_089040.1.g21839		3	1	
OG0034505	NC_089040.1.g21996	NC_089040.1.g21830			NC_089040.1.g21954		NC_089040.1.g21859		3	1	
OG0034506	NC_089040.1.g21998	NC_089040.1.g21832	NC_089040.1.g21886		NC_089040.1.g21956				3	1	
OG0034507	NC_089040.1.g22002			NC_089040.1.g21768		NC_089040.1.g22161		NC_089040.1.g21668	3	1	
OG0034509	NC_089040.1.g22010	NC_089040.1.g21840			NC_089040.1.g21966		NC_089040.1.g21867		3	1	
OG0034510	NC_089040.1.g22055		NC_089040.1.g21944	NC_089040.1.g21817			NC_089040.1.g21913		3	1	
OG0034511	NC_089040.1.g22089	NC_089040.1.g21923	NC_089040.1.g21973					NC_089040.1.g21982	3	1	
OG0034512	NC_089040.1.g22165	NC_089040.1.g22000		NC_089040.1.g21929	NC_089040.1.g22129				3	1	
OG0034513	NC_089040.1.g22201		NC_089040.1.g22093			NC_089040.1.g22373	NC_089040.1.g22065		3	1	
OG0034514	NC_089040.1.g22218	NC_089040.1.g22058			NC_089040.1.g22187	NC_089040.1.g22388			3	1	
OG0034515	NC_089040.1.g22247		NC_089040.1.g22139	NC_089040.1.g22010	NC_089040.1.g22220				3	1	
OG0034516	NC_089040.1.g22249		NC_089040.1.g22142	NC_089040.1.g22014			NC_089040.1.g22115		3	1	
OG0034517	NC_089040.1.g22253	NC_089040.1.g22098					NC_089040.1.g22119	NC_089040.1.g22154	3	1	
OG0034518	NC_089040.1.g22267	NC_089042.1.g29168	NC_089042.1.g29185					NC_089042.1.g29247	3	1	
OG0034519	NC_089040.1.g22318	NC_089040.1.g22164				NC_089040.1.g22495	NC_089040.1.g22182		3	1	
OG0034520	NC_089040.1.g22329			NC_089040.1.g22083	NC_089040.1.g22296		NC_089040.1.g22191		3	1	
OG0034521	NC_089040.1.g22330			NC_089040.1.g22084	NC_089040.1.g22297		NC_089040.1.g22192		3	1	
OG0034522	NC_089040.1.g22355			NC_089040.1.g22109		NC_089040.1.g22527	NC_089046.1.g37694		3	1	
OG0034523	NC_089040.1.g22360			NC_089040.1.g22114		NC_089040.1.g22532	NC_089040.1.g22220		3	1	
OG0034524	NC_089040.1.g22389	NC_089040.1.g22233				NC_089040.1.g22560		NC_089040.1.g22286	3	1	
OG0034525	NC_089040.1.g22398		NC_089040.1.g22285		NC_089040.1.g22365			NC_089040.1.g22297	3	1	
OG0034526	NC_089040.1.g22436	NC_089040.1.g22275	NC_089040.1.g22316			NC_089040.1.g22598			3	1	
OG0034527	NC_089040.1.g22458		NC_089040.1.g22336		NC_089040.1.g22418			NC_089040.1.g22347	3	1	
OG0034528	NC_089040.1.g22482				NC_089040.1.g22439		NC_089040.1.g22331	NC_089040.1.g22371	3	1	
OG0034529	NC_089040.1.g22504	NC_089040.1.g22344		NC_089040.1.g22222		NC_089040.1.g22667			3	1	
OG0034530	NC_089040.1.g22586			NC_089040.1.g22302		NC_089040.1.g22752, NC_089046.1.g38061			2	1	
OG0034531	NC_089040.1.g22618, NC_089041.1.g24831				NC_089043.1.g31227	NC_089041.1.g24983			2	1	
OG0034532	NC_089040.1.g22649		NC_089040.1.g22508, NC_089040.1.g22523		NC_089040.1.g22609				2	1	
OG0034533	NC_089040.1.g22714	NC_089040.1.g22535		NC_089040.1.g22425		NC_089040.1.g22876			3	1	
OG0034534	NC_089040.1.g22799		NC_089040.1.g22687	NC_089040.1.g22514		NC_089040.1.g22980			3	1	
OG0034535	NC_089040.1.g22818			NC_089040.1.g22531		NC_089040.1.g22998		NC_089046.1.g37965	3	1	
OG0034536	NC_089040.1.g22821			NC_089040.1.g22534		NC_089040.1.g23001		NC_089040.1.g22707	3	1	
OG0034537	NC_089040.1.g22913		NC_089040.1.g22799			NC_089040.1.g23091		NC_089040.1.g22799	3	1	
OG0034538	NC_089040.1.g22927			NC_089040.1.g22635		NC_089040.1.g23104		NC_089040.1.g22811	3	1	
OG0034539	NC_089040.1.g22972				NC_089045.1.g35405, NC_089045.1.g35408	NC_089038.1.g14345			2	1	
OG0034540	NC_089040.1.g23043	NC_089035.1.g4301	NC_089035.1.g4313				NC_089035.1.g4266		3	1	
OG0034541	NC_089040.1.g23080	NC_089040.1.g22910					NC_089040.1.g22925	NC_089040.1.g22969	3	1	
OG0034542	NC_089040.1.g23113			NC_089040.1.g22813	NC_089040.1.g23079	NC_089040.1.g23291			3	1	
OG0034543	NC_089040.1.g23221			NC_089040.1.g22926	NC_089037.1.g12170	NC_089037.1.g12299			3	1	
OG0034544	NC_089040.1.g23275	NC_089040.1.g23115	NC_089040.1.g23151				NC_089040.1.g23116		3	1	
OG0034545	NC_089040.1.g23276		NC_089040.1.g23152		NC_089040.1.g23241	NC_089040.1.g23450			3	1	
OG0034546	NC_089040.1.g23305	NC_089040.1.g20573		NC_089040.1.g23008	NC_089040.1.g23268				3	1	
OG0034547	NC_089040.1.g23353			NC_089040.1.g23056	NC_089040.1.g23321	NC_089040.1.g23537			3	1	
OG0034548	NC_089040.1.g23395			NC_089040.1.g23095	NC_089040.1.g23360	NC_089040.1.g23575			3	1	
OG0034549	NC_089040.1.g23403			NC_089040.1.g23103	NC_089040.1.g23368	NC_089040.1.g23583			3	1	
OG0034550	NC_089040.1.g23436		NC_089046.1.g38843				NC_089046.1.g38805	NC_089046.1.g39032	3	1	
OG0034551	NC_089040.1.g23903		NC_089040.1.g23779	NC_089040.1.g23603		NC_089040.1.g24077			3	1	
OG0034552	NC_089040.1.g23904		NC_089040.1.g23780		NC_089040.1.g23864			NC_089040.1.g23788	3	1	
OG0034553	NC_089041.1.g24117	NC_089041.1.g23948		NC_089041.1.g23819		NC_089041.1.g24278			3	1	
OG0034554	NC_089041.1.g24122		NC_089041.1.g23998	NC_089041.1.g23824		NC_089041.1.g24283			3	1	
OG0034555	NC_089041.1.g24131		NC_089041.1.g24009	NC_089041.1.g23833		NC_089041.1.g24292			3	1	
OG0034556	NC_089041.1.g24162	NC_089041.1.g23992				NC_089041.1.g24326		NC_089041.1.g24032	3	1	
OG0034557	NC_089041.1.g24179	NC_089041.1.g24010				NC_089041.1.g24340		NC_089041.1.g24050	3	1	
OG0034558	NC_089041.1.g24223	NC_089041.1.g24054			NC_089041.1.g24171			NC_089041.1.g24096	3	1	
OG0034559	NC_089041.1.g24271			NC_089041.1.g23944	NC_089041.1.g24219	NC_089041.1.g24421			3	1	
OG0034560	NC_089041.1.g24297	NC_089041.1.g24123		NC_089041.1.g23969		NC_089041.1.g24445			3	1	
OG0034561	NC_089041.1.g24306			NC_089041.1.g23979		NC_089041.1.g24454	NC_089041.1.g24112		3	1	
OG0034562	NC_089041.1.g24329			NC_089041.1.g24002, NC_089042.1.g27992		NC_089041.1.g24477			2	1	
OG0034563	NC_089041.1.g24377		NC_089041.1.g24229	NC_089041.1.g24052		NC_089041.1.g24523			3	1	
OG0034564	NC_089041.1.g24552			NC_089041.1.g24240	NC_089041.1.g24510		NC_089041.1.g24364		3	1	
OG0034565	NC_089041.1.g24716			NC_089041.1.g24404		NC_089041.1.g24868	NC_089041.1.g24529		3	1	
OG0034566	NC_089041.1.g24751		NC_089041.1.g24605		NC_089042.1.g29370	NC_089042.1.g29622			3	1	
OG0034567	NC_089041.1.g24794	NC_089041.1.g24615		NC_089041.1.g24479		NC_089041.1.g24947			3	1	
OG0034568	NC_089041.1.g24849	NC_089041.1.g24671			NC_089041.1.g24792, NC_089041.1.g24797				2	1	
OG0034569	NC_089041.1.g24947	NC_089041.1.g24765				NC_089041.1.g25096		NC_089041.1.g24799	3	1	
OG0034570	NC_089041.1.g24970	NC_089041.1.g24790		NC_089041.1.g24651		NC_089041.1.g25118			3	1	
OG0034571	NC_089041.1.g25025		NC_089041.1.g24866	NC_089041.1.g24704	NC_089041.1.g24972				3	1	
OG0034572	NC_089041.1.g25078			NC_089041.1.g24761		NC_089041.1.g25237		NC_089041.1.g24940	3	1	
OG0034573	NC_089041.1.g25181				NC_089041.1.g25139		NC_089041.1.g25001	NC_089041.1.g25048	3	1	
OG0034574	NC_089041.1.g25192		NC_089041.1.g25036		NC_089041.1.g25149			NC_089041.1.g25057	3	1	
OG0034575	NC_089041.1.g25277		NC_089040.1.g22906				NC_089045.1.g36451	NC_089041.1.g26751	3	1	
OG0034576	NC_089041.1.g25343		NC_089041.1.g25187				NC_089041.1.g25154	NC_089041.1.g25217	3	1	
OG0034577	NC_089041.1.g25392	NC_089041.1.g25238		NC_089041.1.g25077		NC_089041.1.g25563			3	1	
OG0034578	NC_089041.1.g25405	NC_089041.1.g25252		NC_089041.1.g25092		NC_089041.1.g25577			3	1	
OG0034579	NC_089041.1.g25415, NC_089044.1.g33738			NC_089044.1.g33315		NC_089044.1.g34076			2	1	
OG0034580	NC_089041.1.g25520	NC_089041.1.g25362		NC_089041.1.g25201		NC_089041.1.g25690			3	1	
OG0034581	NC_089041.1.g25530, NC_089042.1.g28428			NC_089045.1.g35330			NC_089045.1.g35543		2	1	
OG0034582	NC_089041.1.g25586		NC_089041.1.g25428		NC_089041.1.g25536			NC_089041.1.g25460	3	1	
OG0034583	NC_089041.1.g25608			NC_089041.1.g25284		NC_089041.1.g25777	NC_089041.1.g25404		3	1	
OG0034584	NC_089041.1.g25681			NC_089041.1.g25349		NC_089041.1.g25850	NC_089041.1.g25468		3	1	
OG0034585	NC_089041.1.g25853		NC_089041.1.g25699			NC_089041.1.g26018	NC_089041.1.g25647		3	1	
OG0034586	NC_089041.1.g25886		NC_089041.1.g25740	NC_089041.1.g25538		NC_089041.1.g26052			3	1	
OG0034587	NC_089041.1.g25961		NC_089041.1.g25818	NC_089041.1.g25616		NC_089041.1.g26132			3	1	
OG0034588	NC_089041.1.g26040	NC_089041.1.g25889					NC_089041.1.g25843	NC_089041.1.g25926	3	1	
OG0034589	NC_089041.1.g26105			NC_089041.1.g25742	NC_089041.1.g26061	NC_089041.1.g26275			3	1	
OG0034590	NC_089041.1.g26155			NC_089041.1.g25787		NC_089041.1.g26323	NC_089041.1.g25957		3	1	
OG0034591	NC_089041.1.g26207	NC_089041.1.g26045			NC_089041.1.g26153		NC_089041.1.g26007		3	1	
OG0034592	NC_089041.1.g26222			NC_089041.1.g25846		NC_089041.1.g26384	NC_089041.1.g26023		3	1	
OG0034593	NC_089041.1.g26233			NC_089041.1.g25857		NC_089041.1.g26395	NC_089041.1.g26034		3	1	
OG0034594	NC_089041.1.g26239	NC_089041.1.g26080		NC_089041.1.g25861			NC_089041.1.g26038		3	1	
OG0034595	NC_089041.1.g26242		NC_089041.1.g26074	NC_089041.1.g25864		NC_089041.1.g26403			3	1	
OG0034596	NC_089041.1.g26243		NC_089041.1.g26075	NC_089041.1.g25865		NC_089041.1.g26404			3	1	
OG0034597	NC_089041.1.g26419		NC_089041.1.g26255	NC_089041.1.g26056		NC_089041.1.g26595			3	1	
OG0034598	NC_089041.1.g26442			NC_089041.1.g24523, NC_089041.1.g26085		NC_089041.1.g26622			2	1	
OG0034599	NC_089041.1.g26533			NC_089041.1.g26176		NC_089041.1.g26724	NC_089041.1.g26337		3	1	
OG0034600	NC_089041.1.g26663		NC_089041.1.g26505				NC_089041.1.g26470	NC_089041.1.g26556	3	1	
OG0034601	NC_089041.1.g26773	NC_089041.1.g26621	NC_089041.1.g26615		NC_089041.1.g26736				3	1	
OG0034602	NC_089041.1.g26783			NC_089041.1.g26427	NC_089041.1.g26746	NC_089041.1.g26973			3	1	
OG0034603	NC_089041.1.g26920		NC_089041.1.g26775	NC_089041.1.g26560		NC_089041.1.g27116			3	1	
OG0034604	NC_089041.1.g27125		NC_089041.1.g26967	NC_089046.1.g38081		NC_089041.1.g27317			3	1	
OG0034605	NC_089041.1.g27132		NC_089041.1.g26974				NC_089041.1.g26935	NC_089041.1.g27019	3	1	
OG0034606	NC_089042.1.g27209			NC_089042.1.g26843		NC_089042.1.g27398		NC_089042.1.g27097	3	1	
OG0034607	NC_089042.1.g27259	NC_089042.1.g27084			NC_089042.1.g27193			NC_089042.1.g27143	3	1	
OG0034608	NC_089042.1.g27338			NC_089042.1.g26973	NC_089042.1.g27272		NC_089042.1.g27134		3	1	
OG0034609	NC_089042.1.g27339			NC_089042.1.g26974	NC_089042.1.g27273		NC_089042.1.g27135		3	1	
OG0034610	NC_089042.1.g27500					NC_089042.1.g27679	NC_089042.1.g27288	NC_089042.1.g27386	3	1	
OG0034611	NC_089042.1.g27597					NC_089042.1.g27778	NC_089042.1.g27391	NC_089042.1.g27487	3	1	
OG0034612	NC_089042.1.g27642	NC_089042.1.g27464					NC_089042.1.g27441, NC_089042.1.g28268		2	1	
OG0034613	NC_089042.1.g27758			NC_089042.1.g27409		NC_089042.1.g27948	NC_089042.1.g27572		3	1	
OG0034614	NC_089042.1.g27784	NC_089042.1.g27617					NC_089042.1.g27609	NC_089042.1.g27688	3	1	
OG0034615	NC_089042.1.g27885	NC_089042.1.g27717		NC_089042.1.g27539		NC_089042.1.g28088			3	1	
OG0034616	NC_089042.1.g27895			NC_089042.1.g27549		NC_089042.1.g28099	NC_089042.1.g27725		3	1	
OG0034617	NC_089042.1.g27926			NC_089042.1.g27583		NC_089042.1.g28127		NC_089042.1.g27833	3	1	
OG0034618	NC_089042.1.g27928			NC_089042.1.g27585	NC_089042.1.g27877	NC_089042.1.g28129			3	1	
OG0034619	NC_089042.1.g27979	NC_089042.1.g27809			NC_089042.1.g27932	NC_089042.1.g28184			3	1	
OG0034620	NC_089042.1.g28060	NC_089042.1.g27892			NC_089042.1.g28018			NC_089042.1.g27967	3	1	
OG0034621	NC_089042.1.g28107	NC_089042.1.g27941	NC_089042.1.g27961				NC_089042.1.g27924		3	1	
OG0034622	NC_089042.1.g28120			NC_089042.1.g27760	NC_089042.1.g28080	NC_089042.1.g28325			3	1	
OG0034623	NC_089042.1.g28136		NC_089042.1.g27986			NC_089042.1.g28339		NC_089042.1.g28041	3	1	
OG0034624	NC_089042.1.g28142	NC_089042.1.g27969			NC_089042.1.g28095	NC_089042.1.g28341			3	1	
OG0034625	NC_089042.1.g28154		NC_089042.1.g28001				NC_089042.1.g27964	NC_089042.1.g28055	3	1	
OG0034626	NC_089042.1.g28192		NC_089042.1.g28038			NC_089042.1.g28382		NC_089042.1.g28091	3	1	
OG0034627	NC_089042.1.g28264	NC_089042.1.g28088			NC_089042.1.g28215		NC_089042.1.g28067		3	1	
OG0034628	NC_089042.1.g28351	NC_089042.1.g28179			NC_089042.1.g28306			NC_089042.1.g28253	3	1	
OG0034629	NC_089042.1.g28506		NC_089042.1.g28356				NC_089042.1.g28303	NC_089042.1.g28421	3	1	
OG0034630	NC_089042.1.g28513	NC_089042.1.g28348					NC_089042.1.g28310	NC_089042.1.g28428	3	1	
OG0034631	NC_089042.1.g28583		NC_089042.1.g28436			NC_089042.1.g28771	NC_089042.1.g28379		3	1	
OG0034632	NC_089042.1.g28597				NC_089042.1.g28557	NC_089042.1.g28786	NC_089042.1.g28394		3	1	
OG0034633	NC_089042.1.g28609	NC_089046.1.g38242			NC_089046.1.g38417	NC_089046.1.g38769			3	1	
OG0034634	NC_089042.1.g28611		NC_089042.1.g28464				NC_089042.1.g28406	NC_089042.1.g28528	3	1	
OG0034635	NC_089042.1.g28655		NC_089042.1.g28513			NC_089042.1.g28846	NC_089042.1.g28453		3	1	
OG0034636	NC_089042.1.g28656		NC_089042.1.g28514			NC_089042.1.g28847	NC_089042.1.g28454		3	1	
OG0034637	NC_089042.1.g28665	NC_089042.1.g28501			NC_089042.1.g28621	NC_089042.1.g28855			3	1	
OG0034638	NC_089042.1.g28692			NC_089042.1.g28286		NC_089042.1.g28883		NC_089042.1.g28609	3	1	
OG0034639	NC_089042.1.g28742	NC_089042.1.g28578		NC_089042.1.g28333		NC_089042.1.g28931			3	1	
OG0034640	NC_089042.1.g28745	NC_089042.1.g28581			NC_089042.1.g28695	NC_089042.1.g28934			3	1	
OG0034641	NC_089042.1.g28747, NC_089044.1.g33291					NC_089042.1.g28936		NC_089035.1.g1946	2	1	
OG0034642	NC_089042.1.g28757	NC_089042.1.g28594	NC_089042.1.g28604		NC_089044.1.g32494				3	1	
OG0034643	NC_089042.1.g28798		NC_089042.1.g28646		NC_089042.1.g28738		NC_089042.1.g28593		3	1	
OG0034644	NC_089042.1.g28806, NC_089046.1.g38101						NC_089045.1.g35854	NC_089045.1.g36089	2	1	
OG0034645	NC_089042.1.g28841					NC_089042.1.g29024	NC_089042.1.g28636	NC_089042.1.g28755	3	1	
OG0034646	NC_089042.1.g28846			NC_089042.1.g28425		NC_089042.1.g29028		NC_089042.1.g28759	3	1	
OG0034647	NC_089042.1.g28847		NC_089042.1.g28695		NC_089042.1.g28784			NC_089042.1.g28760	3	1	
OG0034648	NC_089042.1.g28858		NC_089042.1.g28704				NC_089042.1.g28653	NC_089042.1.g28769	3	1	
OG0034649	NC_089042.1.g28898				NC_089042.1.g28837	NC_089042.1.g29085		NC_089042.1.g28811	3	1	
OG0034650	NC_089042.1.g28935		NC_089042.1.g28787	NC_089042.1.g28515				NC_089042.1.g28852	3	1	
OG0034651	NC_089042.1.g28965	NC_089042.1.g28800		NC_089042.1.g28542				NC_089042.1.g28879	3	1	
OG0034652	NC_089042.1.g29011		NC_089042.1.g28860			NC_089042.1.g29193	NC_089042.1.g28801		3	1	
OG0034653	NC_089042.1.g29118		NC_089042.1.g28967	NC_089042.1.g28691			NC_089042.1.g28903		3	1	
OG0034654	NC_089042.1.g29272, NC_089045.1.g36761		NC_089045.1.g36536				NC_089045.1.g36508		2	1	
OG0034655	NC_089042.1.g29286	NC_089042.1.g29117		NC_089042.1.g28853		NC_089042.1.g29474			3	1	
OG0034656	NC_089042.1.g29535	NC_089042.1.g29377	NC_089042.1.g29397					NC_089042.1.g29462	3	1	
OG0034657	NC_089042.1.g29544			NC_089042.1.g29117	NC_089042.1.g29493	NC_089042.1.g29749			3	1	
OG0034658	NC_089042.1.g29611				NC_089042.1.g29567	NC_089042.1.g29823	NC_089042.1.g29405		3	1	
OG0034659	NC_089042.1.g29959					NC_089042.1.g30183	NC_089042.1.g29741	NC_089042.1.g29893	3	1	
OG0034660	NC_089043.1.g29988		NC_089043.1.g29852		NC_089043.1.g29932			NC_089043.1.g29923	3	1	
OG0034661	NC_089043.1.g30005	NC_089043.1.g29852	NC_089043.1.g29869					NC_089043.1.g29941	3	1	
OG0034662	NC_089043.1.g30063		NC_089043.1.g29916				NC_089043.1.g29833	NC_089043.1.g29998	3	1	
OG0034663	NC_089043.1.g30169			NC_089043.1.g29748	NC_089043.1.g30116	NC_089043.1.g30404			3	1	
OG0034664	NC_089043.1.g30172			NC_089043.1.g29751		NC_089043.1.g30407	NC_089043.1.g29950		3	1	
OG0034665	NC_089043.1.g30186		NC_089043.1.g30038	NC_089043.1.g29766		NC_089043.1.g30420			3	1	
OG0034666	NC_089043.1.g30187	NC_089043.1.g30036		NC_089043.1.g29767				NC_089043.1.g30134	3	1	
OG0034667	NC_089043.1.g30236		NC_089043.1.g30091	NC_089043.1.g29823				NC_089043.1.g30195	3	1	
OG0034668	NC_089043.1.g30242	NC_089043.1.g30104	NC_089043.1.g30100			NC_089043.1.g30491			3	1	
OG0034669	NC_089043.1.g30243		NC_089043.1.g30099	NC_089043.1.g29832		NC_089043.1.g30489			3	1	
OG0034670	NC_089043.1.g30282	NC_089043.1.g30145					NC_089037.1.g10350, NC_089043.1.g30067		2	1	
OG0034671	NC_089043.1.g30323	NC_089043.1.g30186				NC_089043.1.g30576		NC_089043.1.g30275	3	1	
OG0034672	NC_089043.1.g30326	NC_089043.1.g30188	NC_089043.1.g30180				NC_089043.1.g30106		3	1	
OG0034673	NC_089043.1.g30328		NC_089043.1.g30182		NC_089043.1.g30285		NC_089043.1.g30107		3	1	
OG0034674	NC_089043.1.g30365			NC_089043.1.g29950	NC_089043.1.g30312	NC_089043.1.g30613			3	1	
OG0034675	NC_089043.1.g30389	NC_089043.1.g30242				NC_089043.1.g30637		NC_089043.1.g30322	3	1	
OG0034676	NC_089043.1.g30432			NC_089043.1.g30016		NC_089043.1.g30680	NC_089043.1.g30206		3	1	
OG0034677	NC_089043.1.g30507	NC_089043.1.g30360			NC_089043.1.g30445	NC_089043.1.g30754			3	1	
OG0034678	NC_089043.1.g30521			NC_089043.1.g30095		NC_089043.1.g30769	NC_089043.1.g30284		3	1	
OG0034679	NC_089043.1.g30548	NC_089043.1.g30410	NC_089043.1.g30385		NC_089043.1.g30498				3	1	
OG0034680	NC_089043.1.g30616	NC_089043.1.g30471		NC_089043.1.g30203		NC_089043.1.g30879			3	1	
OG0034681	NC_089043.1.g30665		NC_089043.1.g30506	NC_089043.1.g30257		NC_089043.1.g30936			3	1	
OG0034682	NC_089043.1.g30708	NC_089043.1.g30575			NC_089043.1.g30661			NC_089043.1.g30656	3	1	
OG0034683	NC_089043.1.g30718		NC_089043.1.g30557	NC_089043.1.g30308		NC_089043.1.g30990			3	1	
OG0034684	NC_089043.1.g30797	NC_089043.1.g30661		NC_089043.1.g30381		NC_089043.1.g31066			3	1	
OG0034685	NC_089043.1.g30811	NC_089043.1.g30676		NC_089043.1.g30396		NC_089043.1.g31082			3	1	
OG0034686	NC_089043.1.g30859	NC_089043.1.g30725	NC_089035.1.g2089			NC_089043.1.g31128			3	1	
OG0034687	NC_089043.1.g30861	NC_089043.1.g30728		NC_089043.1.g30445		NC_089043.1.g31131			3	1	
OG0034688	NC_089043.1.g30862	NC_089043.1.g30729		NC_089043.1.g30446		NC_089043.1.g31132			3	1	
OG0034689	NC_089043.1.g30864	NC_089043.1.g30731		NC_089043.1.g30448		NC_089043.1.g31134			3	1	
OG0034690	NC_089043.1.g30878				NC_089043.1.g30837	NC_089043.1.g31148	NC_089043.1.g30635		3	1	
OG0034691	NC_089043.1.g30894	NC_089043.1.g30762		NC_089043.1.g30480		NC_089043.1.g31163			3	1	
OG0034692	NC_089043.1.g30917	NC_089046.1.g37872		NC_089043.1.g30500		NC_089036.1.g6952			3	1	
OG0034693	NC_089043.1.g30924	NC_089043.1.g30789	NC_089045.1.g35111					NC_089043.1.g30866	3	1	
OG0034694	NC_089043.1.g30997	NC_089043.1.g30858			NC_089043.1.g30952	NC_089043.1.g31262			3	1	
OG0034695	NC_089043.1.g31043			NC_089043.1.g30603		NC_089043.1.g31306	NC_089043.1.g30782		3	1	
OG0034696	NC_089043.1.g31051		NC_089043.1.g30856				NC_089043.1.g30791	NC_089043.1.g30967	3	1	
OG0034697	NC_089043.1.g31099		NC_089043.1.g30903				NC_089043.1.g30840	NC_089043.1.g31011	3	1	
OG0034698	NC_089043.1.g31143	NC_089041.1.g26102		NC_089043.1.g30699		NC_089043.1.g31405			3	1	
OG0034699	NC_089043.1.g31146			NC_089043.1.g30701	NC_089043.1.g31086	NC_089043.1.g31408			3	1	
OG0034700	NC_089043.1.g31175		NC_089043.1.g30978	NC_089043.1.g30731				NC_089043.1.g31088	3	1	
OG0034701	NC_089043.1.g31178		NC_089043.1.g30981		NC_089043.1.g31119	NC_089043.1.g31438			3	1	
OG0034702	NC_089043.1.g31217			NC_089043.1.g30772	NC_089043.1.g31165	NC_089043.1.g31479			3	1	
OG0034703	NC_089043.1.g31268	NC_089043.1.g31106	NC_089043.1.g31075				NC_089043.1.g31012		3	1	
OG0034704	NC_089043.1.g31309			NC_089043.1.g30862	NC_089043.1.g31250	NC_089043.1.g31572			3	1	
OG0034705	NC_089043.1.g31411		NC_089043.1.g31218	NC_089043.1.g30964		NC_089043.1.g31673			3	1	
OG0034706	NC_089043.1.g31697		NC_089043.1.g31510		NC_089043.1.g31642			NC_089043.1.g31621	3	1	
OG0034707	NC_089043.1.g31738			NC_089043.1.g31298		NC_089043.1.g32005		NC_089043.1.g31663	3	1	
OG0034708	NC_089043.1.g31822			NC_089043.1.g31379	NC_089043.1.g31765	NC_089043.1.g32090			3	1	
OG0034709	NC_089043.1.g31826				NC_089043.1.g31769	NC_089043.1.g32094		NC_089043.1.g31749	3	1	
OG0034710	NC_089043.1.g31921		NC_089043.1.g31735	NC_089043.1.g31483		NC_089043.1.g32193			3	1	
OG0034711	NC_089043.1.g32009	NC_089043.1.g31827		NC_089043.1.g31574	NC_089043.1.g31963				3	1	
OG0034712	NC_089043.1.g32050	NC_089043.1.g31872		NC_089043.1.g31615		NC_089043.1.g32321			3	1	
OG0034713	NC_089044.1.g32246		NC_089041.1.g24845	NC_089041.1.g24683		NC_089041.1.g25153			3	1	
OG0034714	NC_089044.1.g32258		NC_089046.1.g38981		NC_089046.1.g39272		NC_089046.1.g38943		3	1	
OG0034715	NC_089044.1.g32292	NC_089044.1.g32126		NC_089039.1.g20529	NC_089044.1.g32260				3	1	
OG0034716	NC_089044.1.g32302			NC_089044.1.g31873		NC_089044.1.g32579	NC_089044.1.g32040		3	1	
OG0034717	NC_089044.1.g32321		NC_089044.1.g32131				NC_089044.1.g32060	NC_089044.1.g32271	3	1	
OG0034718	NC_089044.1.g32331	NC_089044.1.g32169		NC_089044.1.g31900		NC_089044.1.g32608			3	1	
OG0034719	NC_089044.1.g32362	NC_089044.1.g32206		NC_089044.1.g31931	NC_089044.1.g32337				3	1	
OG0034720	NC_089044.1.g32366	NC_089044.1.g32210			NC_089044.1.g32340		NC_089044.1.g32108		3	1	
OG0034721	NC_089044.1.g32427			NC_089044.1.g32000		NC_089044.1.g32702		NC_089044.1.g32375	3	1	
OG0034722	NC_089044.1.g32441			NC_089044.1.g32008		NC_089044.1.g32716		NC_089044.1.g32388	3	1	
OG0034723	NC_089044.1.g32476		NC_089044.1.g32285			NC_089044.1.g32745		NC_089036.1.g5719	3	1	
OG0034724	NC_089044.1.g32499		NC_089044.1.g32316	NC_089044.1.g32062	NC_089044.1.g32481				3	1	
OG0034725	NC_089044.1.g32503	NC_089044.1.g32361			NC_089044.1.g32486		NC_089044.1.g32261		3	1	
OG0034726	NC_089044.1.g32510		NC_089044.1.g32335	NC_089044.1.g32077		NC_089044.1.g32795			3	1	
OG0034727	NC_089044.1.g32542		NC_089044.1.g32366	NC_089044.1.g32105		NC_089044.1.g32829			3	1	
OG0034728	NC_089044.1.g32546		NC_089044.1.g32371	NC_089044.1.g32107		NC_089044.1.g32835			3	1	
OG0034729	NC_089044.1.g32585		NC_089044.1.g32406			NC_089044.1.g32868	NC_089044.1.g32344		3	1	
OG0034730	NC_089044.1.g32703					NC_089044.1.g33003	NC_089044.1.g32471	NC_089044.1.g34278	3	1	
OG0034731	NC_089044.1.g32705	NC_089044.1.g32577	NC_089044.1.g32526					NC_089044.1.g32666	3	1	
OG0034733	NC_089044.1.g32778		NC_089044.1.g32600	NC_089044.1.g32339				NC_089044.1.g32738	3	1	
OG0034734	NC_089044.1.g32827		NC_089044.1.g32647			NC_089044.1.g33139		NC_089044.1.g32787	3	1	
OG0034735	NC_089044.1.g32896	NC_089044.1.g32772		NC_089044.1.g32458		NC_089044.1.g33208			3	1	
OG0034736	NC_089044.1.g32897	NC_089044.1.g32773		NC_089044.1.g32459		NC_089044.1.g33209			3	1	
OG0034737	NC_089044.1.g32951			NC_089044.1.g32520		NC_089044.1.g33268	NC_089044.1.g32716		3	1	
OG0034738	NC_089044.1.g32962	NC_089044.1.g32845		NC_089044.1.g32530				NC_089044.1.g32920	3	1	
OG0034739	NC_089044.1.g33097			NC_089044.1.g32674	NC_089044.1.g33114	NC_089044.1.g33420			3	1	
OG0034740	NC_089044.1.g33122	NC_089044.1.g33013			NC_089044.1.g33144		NC_089044.1.g32888		3	1	
OG0034741	NC_089044.1.g33131	NC_089044.1.g33025			NC_089044.1.g33154			NC_089044.1.g33106	3	1	
OG0034742	NC_089044.1.g33134				NC_089044.1.g33156	NC_089043.1.g30397		NC_089044.1.g33108	3	1	
OG0034743	NC_089044.1.g33151			NC_089044.1.g32731	NC_089044.1.g33175		NC_089044.1.g32921		3	1	
OG0034744	NC_089044.1.g33157		NC_089044.1.g32985	NC_089044.1.g32737		NC_089044.1.g33478			3	1	
OG0034745	NC_089044.1.g33264			NC_089044.1.g32845	NC_089044.1.g33295		NC_089044.1.g33041		3	1	
OG0034746	NC_089044.1.g33312	NC_089044.1.g33210		NC_089044.1.g32891		NC_089044.1.g33640			3	1	
OG0034747	NC_089044.1.g33316	NC_089044.1.g33214		NC_089044.1.g32895		NC_089044.1.g33644			3	1	
OG0034748	NC_089044.1.g33321	NC_089044.1.g33220		NC_089044.1.g32901		NC_089044.1.g33649			3	1	
OG0034749	NC_089044.1.g33336					NC_089044.1.g33665	NC_089044.1.g33106	NC_089044.1.g33318	3	1	
OG0034750	NC_089044.1.g33343		NC_089044.1.g33173		NC_089044.1.g33370		NC_089044.1.g33112		3	1	
OG0034751	NC_089044.1.g33347	NC_089044.1.g33239	NC_089044.1.g33176				NC_089044.1.g33115		3	1	
OG0034752	NC_089044.1.g33456	NC_089044.1.g33344	NC_089044.1.g33280					NC_089044.1.g33451	3	1	
OG0034753	NC_089044.1.g33479	NC_089044.1.g33367			NC_089044.1.g33503			NC_089044.1.g33474	3	1	
OG0034754	NC_089044.1.g33484			NC_089044.1.g33062	NC_089044.1.g33509	NC_089044.1.g33823			3	1	
OG0034755	NC_089044.1.g33609	NC_089044.1.g33482	NC_089044.1.g33411					NC_089044.1.g33600	3	1	
OG0034756	NC_089044.1.g33689	NC_089044.1.g33561	NC_089044.1.g33489	NC_089044.1.g33268					3	1	
OG0034757	NC_089044.1.g33707	NC_089044.1.g33581			NC_089044.1.g33728		NC_089044.1.g33480		3	1	
OG0034758	NC_089044.1.g33746					NC_089044.1.g34084	NC_089044.1.g33519	NC_089044.1.g33736	3	1	
OG0034759	NC_089044.1.g33756				NC_089044.1.g33774		NC_089044.1.g33528	NC_089044.1.g33745	3	1	
OG0034760	NC_089044.1.g33785	NC_089044.1.g33663		NC_089044.1.g33361		NC_089044.1.g34123			3	1	
OG0034761	NC_089044.1.g33821		NC_089044.1.g33616		NC_089044.1.g33837	NC_089044.1.g34154			3	1	
OG0034762	NC_089044.1.g33828			NC_089044.1.g33401		NC_089044.1.g34161	NC_089044.1.g33599		3	1	
OG0034763	NC_089044.1.g33829			NC_089044.1.g33402		NC_089044.1.g34162	NC_089044.1.g33600		3	1	
OG0034764	NC_089044.1.g33830		NC_089044.1.g33623		NC_089044.1.g33844			NC_089044.1.g33812	3	1	
OG0034765	NC_089044.1.g33831			NC_089044.1.g33403		NC_089044.1.g34163	NC_089044.1.g33601		3	1	
OG0034766	NC_089044.1.g33947	NC_089035.1.g572			NC_089035.1.g549			NC_089035.1.g556	3	1	
OG0034767	NC_089044.1.g34242	NC_089044.1.g34102		NC_089044.1.g33798		NC_089044.1.g34579			3	1	
OG0034768	NC_089044.1.g34380		NC_089044.1.g34161			NC_089044.1.g34722	NC_089044.1.g34162		3	1	
OG0034769	NC_089045.1.g34492, NC_089046.1.g37300	NC_089045.1.g34350					NC_089045.1.g34266		2	1	
OG0034770	NC_089045.1.g34505				NC_089045.1.g34518		NC_089045.1.g34281	NC_089045.1.g34489	3	1	
OG0034771	NC_089045.1.g34548			NC_089045.1.g34100	NC_089045.1.g34560	NC_089045.1.g34885			3	1	
OG0034772	NC_089045.1.g34663	NC_089045.1.g34512			NC_089045.1.g34668			NC_089045.1.g34637	3	1	
OG0034773	NC_089045.1.g34776			NC_089045.1.g34323	NC_089045.1.g34784			NC_089045.1.g34752	3	1	
OG0034774	NC_089045.1.g34921		NC_089045.1.g34687			NC_089045.1.g35252		NC_089045.1.g34894	3	1	
OG0034775	NC_089045.1.g34951	NC_089045.1.g34800				NC_089045.1.g35282	NC_089045.1.g34704		3	1	
OG0034776	NC_089045.1.g34980			NC_089045.1.g34528		NC_089045.1.g35312		NC_089045.1.g34952	3	1	
OG0034777	NC_089045.1.g35007	NC_089045.1.g34857				NC_089045.1.g35338	NC_089045.1.g34761		3	1	
OG0034778	NC_089045.1.g35017	NC_089045.1.g34870				NC_089045.1.g35348	NC_089045.1.g34771		3	1	
OG0034779	NC_089045.1.g35057	NC_089045.1.g34909	NC_089045.1.g34822				NC_089045.1.g34811		3	1	
OG0034780	NC_089045.1.g35187		NC_089036.1.g6605, NC_089042.1.g29686				NC_089045.1.g34953		2	1	
OG0034781	NC_089045.1.g35221	NC_089045.1.g35072		NC_089045.1.g34775	NC_089045.1.g35226				3	1	
OG0034782	NC_089045.1.g35237			NC_089045.1.g34791	NC_089045.1.g35244			NC_089045.1.g35224	3	1	
OG0034783	NC_089045.1.g35251			NC_089045.1.g34805		NC_089045.1.g35572		NC_089045.1.g35237	3	1	
OG0034784	NC_089045.1.g35267			NC_089045.1.g34821		NC_089045.1.g35589		NC_089045.1.g35254	3	1	
OG0034785	NC_089045.1.g35296			NC_089045.1.g34854		NC_089045.1.g35625	NC_089045.1.g35073		3	1	
OG0034786	NC_089045.1.g35311			NC_089045.1.g34870		NC_089045.1.g35640	NC_089045.1.g35089		3	1	
OG0034787	NC_089045.1.g35322			NC_089045.1.g34880		NC_089045.1.g35652		NC_089045.1.g35315	3	1	
OG0034788	NC_089045.1.g35360		NC_089045.1.g35137	NC_089045.1.g34920		NC_089045.1.g35698			3	1	
OG0034789	NC_089045.1.g35392	NC_089045.1.g35260			NC_089045.1.g35415		NC_089045.1.g35175		3	1	
OG0034790	NC_089045.1.g35446			NC_089045.1.g35006		NC_089045.1.g35790		NC_089045.1.g35448	3	1	
OG0034791	NC_089045.1.g35449	NC_089042.1.g29093		NC_089045.1.g35009			NC_089042.1.g29044		3	1	
OG0034792	NC_089045.1.g35521	NC_089045.1.g35386		NC_089045.1.g35077				NC_089045.1.g35523	3	1	
OG0034793	NC_089045.1.g35574			NC_089045.1.g35126		NC_089045.1.g35925		NC_089045.1.g35574	3	1	
OG0034794	NC_089045.1.g35601		NC_089045.1.g35389		NC_089045.1.g35623		NC_089045.1.g35369		3	1	
OG0034795	NC_089045.1.g35604	NC_089045.1.g35512			NC_089045.1.g35680		NC_089045.1.g35417		3	1	
OG0034796	NC_089045.1.g35614	NC_089045.1.g35472		NC_089045.1.g35161		NC_089045.1.g35964			3	1	
OG0034797	NC_089045.1.g35642		NC_089045.1.g35433		NC_089045.1.g35672	NC_089045.1.g35995			3	1	
OG0034798	NC_089045.1.g35667	NC_089045.1.g35525	NC_089045.1.g35456				NC_089045.1.g35432		3	1	
OG0034799	NC_089045.1.g35672			NC_089045.1.g35227, NC_089045.1.g35229	NC_089045.1.g35700				2	1	
OG0034800	NC_089045.1.g35696	NC_089045.1.g35549			NC_089045.1.g35720	NC_089045.1.g36049			3	1	
OG0034801	NC_089045.1.g35715			NC_089045.1.g35270	NC_089045.1.g35748	NC_089045.1.g36074			3	1	
OG0034802	NC_089045.1.g35722			NC_089045.1.g35278	NC_089045.1.g35756		NC_089045.1.g35487		3	1	
OG0034803	NC_089045.1.g35779		NC_089045.1.g35563		NC_089045.1.g35808	NC_089045.1.g36139			3	1	
OG0034804	NC_089045.1.g35790			NC_089045.1.g35343	NC_089045.1.g35817	NC_089045.1.g36148			3	1	
OG0034805	NC_089045.1.g35849			NC_089045.1.g35400		NC_089045.1.g36208	NC_089045.1.g35606		3	1	
OG0034806	NC_089045.1.g35850			NC_089045.1.g35401		NC_089045.1.g36209	NC_089045.1.g35607		3	1	
OG0034807	NC_089045.1.g35851			NC_089045.1.g35402		NC_089045.1.g36210	NC_089045.1.g35608		3	1	
OG0034808	NC_089045.1.g35861	NC_089045.1.g35708	NC_089045.1.g35637					NC_089045.1.g35850	3	1	
OG0034809	NC_089045.1.g35934			NC_089045.1.g35487		NC_089045.1.g36294		NC_089045.1.g35919	3	1	
OG0034810	NC_089045.1.g35977	NC_089045.1.g35825					NC_089045.1.g35729	NC_089045.1.g35963	3	1	
OG0034811	NC_089045.1.g35982			NC_089045.1.g35538	NC_089045.1.g36002	NC_089045.1.g36344			3	1	
OG0034812	NC_089045.1.g36021	NC_089045.1.g35871	NC_089045.1.g35791				NC_089045.1.g35772		3	1	
OG0034813	NC_089045.1.g36023			NC_089045.1.g35580	NC_089045.1.g36041	NC_089045.1.g36385			3	1	
OG0034814	NC_089045.1.g36029			NC_089045.1.g35587	NC_089045.1.g36048	NC_089045.1.g36392			3	1	
OG0034815	NC_089045.1.g36047	NC_089045.1.g35899			NC_089045.1.g36068	NC_089045.1.g36413			3	1	
OG0034816	NC_089045.1.g36089	NC_089045.1.g35941			NC_089045.1.g36111	NC_089045.1.g36456			3	1	
OG0034817	NC_089045.1.g36108	NC_089045.1.g35961			NC_089045.1.g36130			NC_089045.1.g36095	3	1	
OG0034818	NC_089045.1.g36154			NC_089045.1.g35696	NC_089045.1.g36174	NC_089045.1.g36517			3	1	
OG0034819	NC_089045.1.g36181			NC_089045.1.g35724		NC_089045.1.g36545	NC_089045.1.g35918		3	1	
OG0034820	NC_089045.1.g36226			NC_089045.1.g35771		NC_089045.1.g36592		NC_089045.1.g36199	3	1	
OG0034821	NC_089045.1.g36253		NC_089045.1.g36018	NC_089045.1.g35796	NC_089045.1.g36279				3	1	
OG0034822	NC_089045.1.g36267		NC_089045.1.g36035	NC_089045.1.g35811		NC_089045.1.g36640			3	1	
OG0034823	NC_089045.1.g36268			NC_089045.1.g35812		NC_089045.1.g36641		NC_089045.1.g36251	3	1	
OG0034824	NC_089045.1.g36269			NC_089045.1.g35813		NC_089045.1.g36642	NC_089045.1.g36012		3	1	
OG0034825	NC_089045.1.g36305		NC_089045.1.g36070	NC_089045.1.g35849	NC_089045.1.g36332				3	1	
OG0034826	NC_089045.1.g36434			NC_089045.1.g35979	NC_089037.1.g12045			NC_089037.1.g12082	3	1	
OG0034827	NC_089045.1.g36467		NC_089045.1.g36249	NC_089045.1.g36003		NC_089045.1.g36833			3	1	
OG0034828	NC_089045.1.g36513				NC_089045.1.g36558	NC_089045.1.g36878	NC_089045.1.g36252		3	1	
OG0034829	NC_089045.1.g36551	NC_089045.1.g35054	NC_089045.1.g34967					NC_089045.1.g35192	3	1	
OG0034830	NC_089045.1.g36554			NC_089045.1.g36083	NC_089045.1.g36599	NC_089045.1.g36920			3	1	
OG0034831	NC_089045.1.g36585			NC_089045.1.g36113		NC_089045.1.g36950		NC_089036.1.g7971	3	1	
OG0034832	NC_089045.1.g36669			NC_089045.1.g36192	NC_089045.1.g36706	NC_089045.1.g37028			3	1	
OG0034833	NC_089045.1.g36675	NC_089045.1.g36522		NC_089045.1.g36198		NC_089045.1.g37034			3	1	
OG0034834	NC_089045.1.g36681	NC_089045.1.g36529			NC_089045.1.g36718		NC_089045.1.g36425		3	1	
OG0034835	NC_089045.1.g36719			NC_089045.1.g36235	NC_089045.1.g36754	NC_089045.1.g37075			3	1	
OG0034836	NC_089045.1.g36752		NC_089045.1.g36529	NC_089045.1.g36267	NC_089045.1.g36792				3	1	
OG0034837	NC_089045.1.g36784			NC_089045.1.g36293		NC_089045.1.g37133	NC_089045.1.g36528		3	1	
OG0034838	NC_089045.1.g36818		NC_089045.1.g36588			NC_089045.1.g37168	NC_089045.1.g36563		3	1	
OG0034839	NC_089045.1.g36833		NC_089045.1.g36599		NC_089045.1.g36864		NC_089045.1.g36575		3	1	
OG0034840	NC_089045.1.g36857			NC_089045.1.g36362		NC_089045.1.g37215		NC_089045.1.g36819	3	1	
OG0034841	NC_089045.1.g36886			NC_089045.1.g36391	NC_089045.1.g36923	NC_089045.1.g37248			3	1	
OG0034842	NC_089045.1.g36933			NC_089045.1.g36443	NC_089045.1.g36973		NC_089045.1.g36684		3	1	
OG0034843	NC_089045.1.g36942		NC_089045.1.g36718				NC_089045.1.g36695	NC_089045.1.g36903	3	1	
OG0034844	NC_089045.1.g36946		NC_089045.1.g36721			NC_089045.1.g37310	NC_089045.1.g36699		3	1	
OG0034845	NC_089045.1.g37022		NC_089045.1.g36798	NC_089045.1.g36531		NC_089045.1.g37395			3	1	
OG0034846	NC_089045.1.g37057				NC_089045.1.g37082	NC_089045.1.g37425	NC_089045.1.g36800		3	1	
OG0034847	NC_089045.1.g37066		NC_089045.1.g36834				NC_089045.1.g36810	NC_089045.1.g37021	3	1	
OG0034848	NC_089045.1.g37072			NC_089045.1.g36570			NC_089045.1.g36816	NC_089045.1.g37027	3	1	
OG0034849	NC_089045.1.g37091	NC_089045.1.g36929	NC_089045.1.g36855		NC_089045.1.g37111				3	1	
OG0034850	NC_089045.1.g37147	NC_089045.1.g36978					NC_089045.1.g36896	NC_089045.1.g37092	3	1	
OG0034851	NC_089045.1.g37227	NC_089045.1.g37063	NC_089045.1.g36991					NC_089045.1.g37167	3	1	
OG0034852	NC_089045.1.g37228	NC_089045.1.g37064	NC_089045.1.g36992					NC_089045.1.g37168	3	1	
OG0034853	NC_089045.1.g37231	NC_089045.1.g37067	NC_089045.1.g36995					NC_089045.1.g37171	3	1	
OG0034854	NC_089045.1.g37255			NC_089045.1.g36723	NC_089045.1.g37269	NC_089045.1.g37617			3	1	
OG0034855	NC_089046.1.g37314	NC_089046.1.g37148		NC_089046.1.g36777		NC_089046.1.g37672			3	1	
OG0034856	NC_089046.1.g37431			NC_089046.1.g36894	NC_089046.1.g37442		NC_089046.1.g37163		3	1	
OG0034857	NC_089046.1.g37440					NC_089046.1.g37798	NC_089046.1.g37173	NC_089046.1.g37380	3	1	
OG0034858	NC_089046.1.g37462			NC_089046.1.g36927		NC_089046.1.g37820	NC_089046.1.g37192		3	1	
OG0034859	NC_089046.1.g37618		NC_089046.1.g37379	NC_089046.1.g37081		NC_089046.1.g37974			3	1	
OG0034860	NC_089046.1.g37681			NC_089046.1.g37143		NC_089046.1.g38037	NC_089036.1.g8671		3	1	
OG0034861	NC_089046.1.g37820				NC_089046.1.g37838	NC_089046.1.g38188		NC_089046.1.g37762	3	1	
OG0034862	NC_089046.1.g37876	NC_089046.1.g37711					NC_089046.1.g37616	NC_089046.1.g37824	3	1	
OG0034863	NC_089046.1.g37926		NC_089046.1.g37699	NC_089046.1.g37386	NC_089046.1.g37956				3	1	
OG0034864	NC_089046.1.g37997		NC_089046.1.g37767	NC_089046.1.g37452			NC_089046.1.g37731		3	1	
OG0034865	NC_089046.1.g38006		NC_089046.1.g37776	NC_089046.1.g37462		NC_089046.1.g38377			3	1	
OG0034866	NC_089046.1.g38017				NC_089039.1.g19256		NC_089040.1.g22896, NC_089046.1.g37752		2	1	
OG0034867	NC_089046.1.g38039	NC_089046.1.g37868	NC_089046.1.g37807			NC_089046.1.g38409			3	1	
OG0034868	NC_089046.1.g38042			NC_089046.1.g37494	NC_089046.1.g38068			NC_089046.1.g37985	3	1	
OG0034869	NC_089046.1.g38049			NC_089046.1.g37506		NC_089046.1.g38422	NC_089046.1.g37784		3	1	
OG0034870	NC_089046.1.g38050		NC_089046.1.g37819			NC_089046.1.g38423	NC_089046.1.g37785		3	1	
OG0034871	NC_089046.1.g38063			NC_089046.1.g37532		NC_089046.1.g38446		NC_089046.1.g38010	3	1	
OG0034872	NC_089046.1.g38093	NC_089046.1.g37935	NC_089046.1.g37859	NC_089046.1.g37562					3	1	
OG0034873	NC_089046.1.g38201		NC_089046.1.g37967	NC_089046.1.g37662		NC_089046.1.g38581			3	1	
OG0034874	NC_089046.1.g38244			NC_089046.1.g37704		NC_089046.1.g38619		NC_089046.1.g38189	3	1	
OG0034875	NC_089046.1.g38270			NC_089046.1.g37732		NC_089046.1.g38646		NC_089046.1.g38212	3	1	
OG0034876	NC_089046.1.g38283		NC_089046.1.g38049		NC_089046.1.g38311		NC_089046.1.g38019		3	1	
OG0034877	NC_089046.1.g38301	NC_089046.1.g38141			NC_089046.1.g38328	NC_089046.1.g38677			3	1	
OG0034878	NC_089046.1.g38354			NC_089046.1.g37813		NC_089046.1.g38732	NC_089046.1.g38082		3	1	
OG0034879	NC_089046.1.g38358		NC_089046.1.g38125		NC_089046.1.g38385	NC_089046.1.g38735			3	1	
OG0034880	NC_089046.1.g38361	NC_089046.1.g38209		NC_089046.1.g37818		NC_089046.1.g38738			3	1	
OG0034881	NC_089046.1.g38383	NC_089046.1.g38232	NC_089046.1.g38151	NC_089046.1.g37839					3	1	
OG0034882	NC_089046.1.g38464					NC_089046.1.g38848	NC_089046.1.g38184	NC_089046.1.g38395	3	1	
OG0034883	NC_089046.1.g38500	NC_089046.1.g38350	NC_089046.1.g38256		NC_089046.1.g38536				3	1	
OG0034884	NC_089046.1.g38513	NC_089046.1.g38363	NC_089046.1.g38268		NC_089046.1.g38548				3	1	
OG0034885	NC_089046.1.g38522		NC_089046.1.g38276		NC_089046.1.g38557	NC_089046.1.g38895			3	1	
OG0034886	NC_089046.1.g38592				NC_089046.1.g38629	NC_089046.1.g38970	NC_089046.1.g38300		3	1	
OG0034887	NC_089046.1.g38611		NC_089046.1.g38363			NC_089046.1.g38996		NC_089046.1.g38541	3	1	
OG0034888	NC_089046.1.g38616		NC_089046.1.g38369				NC_089046.1.g38321	NC_089046.1.g38546	3	1	
OG0034889	NC_089046.1.g38693		NC_089046.1.g38455	NC_089046.1.g38155				NC_089046.1.g38627	3	1	
OG0034890	NC_089046.1.g38734	NC_089046.1.g38589			NC_089046.1.g38779	NC_089046.1.g39138			3	1	
OG0034891	NC_089046.1.g38799		NC_089046.1.g38565	NC_089046.1.g38267		NC_089046.1.g39202			3	1	
OG0034892	NC_089046.1.g38825	NC_089046.1.g38685			NC_089046.1.g38874			NC_089046.1.g38770	3	1	
OG0034893	NC_089046.1.g38936	NC_089046.1.g38796				NC_089046.1.g39345		NC_089046.1.g38882	3	1	
OG0034894	NC_089046.1.g38944		NC_089046.1.g38711		NC_089046.1.g38997	NC_089046.1.g39354			3	1	
OG0034895	NC_089046.1.g39053			NC_089046.1.g38510			NC_089046.1.g38773	NC_089038.1.g14637	3	1	
OG0034896	NC_089046.1.g39085	NC_089046.1.g38948	NC_089046.1.g38842			NC_089046.1.g39498			3	1	
OG0034897	NC_089046.1.g39098	NC_089046.1.g38960		NC_089046.1.g38553	NC_089046.1.g39146				3	1	
OG0034898	NC_089046.1.g39164	NC_089046.1.g39026		NC_089046.1.g38615		NC_089046.1.g39580			3	1	
OG0034899	NC_089046.1.g39165			NC_089046.1.g38616		NC_089046.1.g39581	NC_089046.1.g38886		3	1	
OG0034900	NC_089046.1.g39180			NC_089046.1.g38632	NC_089046.1.g39231			NC_089046.1.g39129	3	1	
OG0034901	NC_089046.1.g39314			NC_089046.1.g38772	NC_089046.1.g39368		NC_089046.1.g39040		3	1	
OG0034902	NC_089046.1.g39393			NC_089046.1.g38843		NC_089046.1.g39808	NC_089046.1.g39113		3	1	
OG0034903	NC_089046.1.g39595			NC_089046.1.g39045	NC_089046.1.g39650	NC_089046.1.g40011			3	1	
OG0034904	NC_089046.1.g39649		NC_089037.1.g11141, NC_089046.1.g39407				NC_089046.1.g39364		2	1	
OG0034906		NC_089035.1.g215			NC_089035.1.g215		NC_089035.1.g216	NC_089035.1.g213	4	0	
OG0034907		NC_089035.1.g221		NC_089035.1.g227			NC_089035.1.g222	NC_089035.1.g219	4	0	
OG0034908		NC_089035.1.g296		NC_089035.1.g302		NC_089035.1.g306		NC_089035.1.g292	4	0	
OG0034909		NC_089035.1.g309	NC_089035.1.g299				NC_089035.1.g307	NC_089035.1.g306	4	0	
OG0034910		NC_089035.1.g460, NC_089035.1.g465		NC_089035.1.g457		NC_089035.1.g467			3	0	
OG0034911		NC_089035.1.g467		NC_089035.1.g462		NC_089035.1.g472	NC_089035.1.g451		4	0	
OG0034912		NC_089035.1.g472, NC_089035.1.g475		NC_089035.1.g466		NC_089035.1.g476			3	0	
OG0034913		NC_089035.1.g473	NC_089035.1.g455	NC_089035.1.g467		NC_089035.1.g478			4	0	
OG0034914		NC_089035.1.g772	NC_089035.1.g740		NC_089035.1.g745			NC_089035.1.g752	4	0	
OG0034915		NC_089035.1.g1044	NC_089035.1.g1014				NC_089035.1.g1017	NC_089035.1.g1018	4	0	
OG0034916		NC_089035.1.g1275			NC_089035.1.g1249		NC_089035.1.g1246	NC_089035.1.g1249	4	0	
OG0034917		NC_089035.1.g1341	NC_089035.1.g1303		NC_089035.1.g1317		NC_089035.1.g1311		4	0	
OG0034918		NC_089035.1.g1358			NC_089035.1.g1335		NC_089035.1.g1329	NC_089035.1.g1332	4	0	
OG0034919		NC_089035.1.g1373			NC_089035.1.g1349		NC_089035.1.g1342	NC_089035.1.g1346	4	0	
OG0034920		NC_089035.1.g1408	NC_089035.1.g1372		NC_089035.1.g1386	NC_089035.1.g1417			4	0	
OG0034921		NC_089035.1.g1419			NC_089035.1.g1398		NC_089035.1.g1389	NC_089035.1.g1395	4	0	
OG0034922		NC_089035.1.g1423	NC_089035.1.g1388		NC_089035.1.g1401			NC_089035.1.g1399	4	0	
OG0034923		NC_089035.1.g1424	NC_089035.1.g1389		NC_089035.1.g1402			NC_089035.1.g1400	4	0	
OG0034924		NC_089035.1.g1517	NC_089035.1.g1486	NC_089035.1.g1498				NC_089035.1.g1491	4	0	
OG0034925		NC_089035.1.g1520			NC_089035.1.g1497	NC_089035.1.g1528, NC_089035.1.g2022			3	0	
OG0034926		NC_089035.1.g1552	NC_089035.1.g1523	NC_089035.1.g1537		NC_089035.1.g1564			4	0	
OG0034927		NC_089035.1.g1600	NC_089035.1.g1574		NC_089035.1.g1578		NC_089035.1.g1567		4	0	
OG0034928		NC_089035.1.g1608	NC_089035.1.g1584		NC_089035.1.g1587			NC_089035.1.g1579	4	0	
OG0034929		NC_089035.1.g1617			NC_089035.1.g1594		NC_089035.1.g1583	NC_089035.1.g1586	4	0	
OG0034930		NC_089035.1.g1704	NC_089035.1.g1689				NC_089035.1.g1671, NC_089037.1.g13717		3	0	
OG0034931		NC_089035.1.g1729	NC_089035.1.g1714				NC_089035.1.g1693	NC_089035.1.g1705	4	0	
OG0034932		NC_089035.1.g1747	NC_089035.1.g1735		NC_089035.1.g1728			NC_089035.1.g1727	4	0	
OG0034933		NC_089035.1.g1883	NC_089035.1.g1866				NC_089035.1.g1850	NC_089035.1.g1867	4	0	
OG0034934		NC_089035.1.g1940		NC_089035.1.g1923		NC_089035.1.g1973		NC_089035.1.g1924	4	0	
OG0034935		NC_089035.1.g1948			NC_089035.1.g1938, NC_089035.1.g4651	NC_089035.1.g1982			3	0	
OG0034936		NC_089035.1.g1963	NC_089035.1.g1938		NC_089035.1.g1951		NC_089035.1.g1929		4	0	
OG0034937		NC_089035.1.g1986	NC_089035.1.g1963		NC_089035.1.g1978			NC_089035.1.g1969	4	0	
OG0034938		NC_089035.1.g2037	NC_089035.1.g2017		NC_089035.1.g2031			NC_089035.1.g2017	4	0	
OG0034939		NC_089035.1.g2147	NC_089035.1.g2129				NC_089035.1.g2128	NC_089035.1.g2122	4	0	
OG0034940		NC_089035.1.g2188	NC_089035.1.g2176				NC_089035.1.g2171	NC_089035.1.g2168	4	0	
OG0034941		NC_089035.1.g2190		NC_089035.1.g2171	NC_089035.1.g2180	NC_089035.1.g2225			4	0	
OG0034942		NC_089035.1.g2360	NC_089035.1.g2356		NC_089035.1.g2357		NC_089035.1.g2351		4	0	
OG0034943		NC_089035.1.g2382	NC_089035.1.g2382				NC_089035.1.g2378	NC_089035.1.g2359	4	0	
OG0034944		NC_089035.1.g2446		NC_089035.1.g2437		NC_089035.1.g2492	NC_089035.1.g2449		4	0	
OG0034945		NC_089035.1.g2464				NC_089035.1.g2511	NC_089035.1.g2469	NC_089035.1.g2446	4	0	
OG0034946		NC_089035.1.g2545, NC_089044.1.g32603		NC_089044.1.g32287		NC_089044.1.g33033			3	0	
OG0034947		NC_089035.1.g2584	NC_089035.1.g2586		NC_089035.1.g2577	NC_089035.1.g2627			4	0	
OG0034948		NC_089035.1.g2598	NC_089035.1.g2600	NC_089035.1.g2574				NC_089035.1.g2571	4	0	
OG0034949		NC_089035.1.g2599	NC_089035.1.g2601		NC_089035.1.g2591			NC_089035.1.g2572	4	0	
OG0034950		NC_089035.1.g2666	NC_089035.1.g2670				NC_089035.1.g2657	NC_089035.1.g2638	4	0	
OG0034951		NC_089035.1.g2702			NC_089035.1.g2696		NC_089035.1.g2693	NC_089035.1.g2677	4	0	
OG0034952		NC_089035.1.g2802	NC_089035.1.g2807				NC_089035.1.g2793	NC_089035.1.g2779	4	0	
OG0034953		NC_089035.1.g2814				NC_089035.1.g2850	NC_089035.1.g2805	NC_089035.1.g2791	4	0	
OG0034954		NC_089035.1.g2910	NC_089035.1.g2913		NC_089035.1.g2911	NC_089035.1.g2951			4	0	
OG0034955		NC_089035.1.g2911	NC_089035.1.g2914		NC_089035.1.g2912	NC_089035.1.g2952			4	0	
OG0034956		NC_089035.1.g2920	NC_089035.1.g2923			NC_089035.1.g2961	NC_089035.1.g2908		4	0	
OG0034957		NC_089035.1.g2935		NC_089035.1.g2905	NC_089035.1.g2933			NC_089035.1.g2908	4	0	
OG0034958		NC_089035.1.g2936		NC_089035.1.g2906	NC_089035.1.g2934			NC_089035.1.g2909	4	0	
OG0034959		NC_089035.1.g2964	NC_089035.1.g2960				NC_089035.1.g2946	NC_089035.1.g2937	4	0	
OG0034960		NC_089035.1.g3014	NC_089035.1.g3011		NC_089035.1.g3008			NC_089035.1.g2986	4	0	
OG0034961		NC_089035.1.g3119	NC_089035.1.g3118		NC_089035.1.g3112			NC_089035.1.g3090	4	0	
OG0034962		NC_089035.1.g3186	NC_089035.1.g3188		NC_089035.1.g3183			NC_089035.1.g3159	4	0	
OG0034963		NC_089035.1.g3237				NC_089035.1.g3266	NC_089035.1.g3218	NC_089035.1.g3211	4	0	
OG0034964		NC_089035.1.g3250	NC_089035.1.g3248		NC_089035.1.g3239		NC_089035.1.g3231		4	0	
OG0034965		NC_089035.1.g3422	NC_089035.1.g3420		NC_089035.1.g3412			NC_089035.1.g3394	4	0	
OG0034966		NC_089035.1.g3425	NC_089035.1.g3423			NC_089035.1.g3458		NC_089035.1.g3397	4	0	
OG0034967		NC_089035.1.g3466	NC_089035.1.g3463				NC_089035.1.g3445	NC_089035.1.g3440	4	0	
OG0034968		NC_089035.1.g3472	NC_089035.1.g3470		NC_089035.1.g3463			NC_089035.1.g3446	4	0	
OG0034969		NC_089035.1.g3520			NC_089035.1.g3511		NC_089035.1.g3498	NC_089035.1.g3494	4	0	
OG0034970		NC_089035.1.g3577			NC_089035.1.g3571	NC_089035.1.g3616	NC_089035.1.g3553		4	0	
OG0034971		NC_089035.1.g3669			NC_089035.1.g3659		NC_089035.1.g3639	NC_089035.1.g3645	4	0	
OG0034972		NC_089035.1.g3816	NC_089035.1.g3819		NC_089035.1.g3802			NC_089035.1.g3787	4	0	
OG0034973		NC_089035.1.g3837	NC_089035.1.g3841		NC_089035.1.g3825		NC_089035.1.g3802		4	0	
OG0034974		NC_089035.1.g3942	NC_089035.1.g3949				NC_089035.1.g3903	NC_089035.1.g3917	4	0	
OG0034975		NC_089035.1.g4038	NC_089035.1.g4055		NC_089035.1.g4032		NC_089035.1.g4007		4	0	
OG0034976		NC_089035.1.g4066		NC_089035.1.g4020	NC_089035.1.g4060	NC_089035.1.g4130			4	0	
OG0034977		NC_089035.1.g4148	NC_089035.1.g4164				NC_089035.1.g4117	NC_089035.1.g4127	4	0	
OG0034978		NC_089035.1.g4199			NC_089035.1.g4198		NC_089035.1.g4168	NC_089035.1.g4177	4	0	
OG0034979		NC_089035.1.g4237	NC_089035.1.g4249				NC_089035.1.g4205	NC_089035.1.g4213	4	0	
OG0034980		NC_089035.1.g4275	NC_089035.1.g4288				NC_089035.1.g4242	NC_089035.1.g4253	4	0	
OG0034981		NC_089035.1.g4353	NC_089035.1.g4364				NC_089035.1.g4320	NC_089035.1.g4327	4	0	
OG0034982		NC_089035.1.g4383	NC_089035.1.g4394				NC_089035.1.g4348	NC_089035.1.g4359	4	0	
OG0034983		NC_089035.1.g4943	NC_089035.1.g4949	NC_089035.1.g4881		NC_089035.1.g5002			4	0	
OG0034984		NC_089035.1.g4986	NC_089035.1.g4991		NC_089035.1.g4981			NC_089035.1.g4961	4	0	
OG0034985		NC_089035.1.g5049	NC_089035.1.g5050		NC_089035.1.g5047			NC_089035.1.g5027	4	0	
OG0034986		NC_089035.1.g5108	NC_089035.1.g5111		NC_089035.1.g5106			NC_089035.1.g5087	4	0	
OG0034987		NC_089035.1.g5117			NC_089035.1.g5116, NC_089041.1.g26474			NC_089035.1.g5096	3	0	
OG0034988		NC_089036.1.g5300	NC_089036.1.g5302		NC_089036.1.g5300	NC_089036.1.g5360			4	0	
OG0034989		NC_089036.1.g5327	NC_089036.1.g5381			NC_089046.1.g38622	NC_089036.1.g5333		4	0	
OG0034990		NC_089036.1.g5350		NC_089036.1.g5287	NC_089036.1.g5349			NC_089036.1.g5323	4	0	
OG0034991		NC_089036.1.g5369	NC_089036.1.g5377		NC_089036.1.g5372		NC_089036.1.g5330		4	0	
OG0034992		NC_089036.1.g5639		NC_089036.1.g5577		NC_089036.1.g5699		NC_089036.1.g5617	4	0	
OG0034993		NC_089036.1.g5658	NC_089036.1.g5669		NC_089036.1.g5663			NC_089036.1.g5636	4	0	
OG0034994		NC_089036.1.g5708		NC_089036.1.g5656		NC_089036.1.g5771	NC_089036.1.g5678		4	0	
OG0034995		NC_089036.1.g5711		NC_089036.1.g5659		NC_089036.1.g5773	NC_089036.1.g5681		4	0	
OG0034996		NC_089036.1.g5744	NC_089036.1.g5756		NC_089036.1.g5745			NC_089036.1.g5750	4	0	
OG0034997		NC_089036.1.g6016			NC_089036.1.g6017		NC_089036.1.g5983	NC_089036.1.g6030	4	0	
OG0034998		NC_089036.1.g6028	NC_089036.1.g6043				NC_089036.1.g5995	NC_089036.1.g6042	4	0	
OG0034999		NC_089036.1.g6090	NC_089036.1.g6106		NC_089036.1.g6091			NC_089036.1.g6105	4	0	
OG0035000		NC_089036.1.g6153			NC_089036.1.g6156	NC_089036.1.g6226		NC_089036.1.g6167	4	0	
OG0035001		NC_089036.1.g6202		NC_089036.1.g6151	NC_089036.1.g6205	NC_089036.1.g6276			4	0	
OG0035002		NC_089036.1.g6258			NC_089036.1.g6261		NC_089036.1.g6225	NC_089036.1.g6275	4	0	
OG0035003		NC_089036.1.g6267	NC_089036.1.g6289		NC_089036.1.g6271			NC_089036.1.g6284	4	0	
OG0035004		NC_089036.1.g6315		NC_089036.1.g6270		NC_089036.1.g6399	NC_089036.1.g6287		4	0	
OG0035005		NC_089036.1.g6334	NC_089036.1.g6347			NC_089036.1.g6417		NC_089036.1.g6348	4	0	
OG0035006		NC_089036.1.g6392	NC_089036.1.g6398		NC_089036.1.g6389		NC_089036.1.g6358		4	0	
OG0035007		NC_089036.1.g6402			NC_089036.1.g6400		NC_089036.1.g6368	NC_089036.1.g6420	4	0	
OG0035008		NC_089036.1.g6427	NC_089036.1.g6436				NC_089036.1.g6392	NC_089036.1.g6447	4	0	
OG0035009		NC_089036.1.g6457	NC_089036.1.g6470				NC_089036.1.g6427	NC_089036.1.g6479	4	0	
OG0035010		NC_089036.1.g6487	NC_089036.1.g6504				NC_089036.1.g6469	NC_089036.1.g6517	4	0	
OG0035011		NC_089036.1.g6619			NC_089036.1.g6630		NC_089036.1.g6601	NC_089036.1.g6652	4	0	
OG0035012		NC_089036.1.g6638		NC_089036.1.g6598		NC_089044.1.g33969	NC_089036.1.g6621		4	0	
OG0035013		NC_089036.1.g6684	NC_089036.1.g6699				NC_089036.1.g6670	NC_089036.1.g6724	4	0	
OG0035014		NC_089036.1.g6711	NC_089036.1.g6725		NC_089036.1.g6728			NC_089036.1.g6748	4	0	
OG0035015		NC_089036.1.g6762	NC_089036.1.g6773				NC_089036.1.g6742	NC_089036.1.g6799	4	0	
OG0035016		NC_089036.1.g6799, NC_089045.1.g35540	NC_089036.1.g6798		NC_089036.1.g6817				3	0	
OG0035017		NC_089036.1.g6848			NC_089036.1.g6862		NC_089036.1.g6825	NC_089036.1.g6884	4	0	
OG0035018		NC_089036.1.g6867			NC_089036.1.g6882		NC_089036.1.g6843	NC_089036.1.g6903	4	0	
OG0035019		NC_089036.1.g6869	NC_089036.1.g6878				NC_089036.1.g6846	NC_089036.1.g6905	4	0	
OG0035020		NC_089036.1.g6871			NC_089036.1.g6886	NC_089036.1.g6977	NC_089036.1.g6847		4	0	
OG0035021		NC_089036.1.g6986			NC_089036.1.g6998	NC_089036.1.g7091		NC_089036.1.g7023	4	0	
OG0035022		NC_089036.1.g6989		NC_089036.1.g6939		NC_089036.1.g7094		NC_089036.1.g7026	4	0	
OG0035023		NC_089036.1.g6995		NC_089036.1.g6946	NC_089036.1.g7006	NC_089036.1.g7098			4	0	
OG0035024		NC_089036.1.g7018, NC_089044.1.g32679	NC_089036.1.g7011				NC_089036.1.g6995		3	0	
OG0035025		NC_089036.1.g7102	NC_089036.1.g7096				NC_089036.1.g7081	NC_089036.1.g7133	4	0	
OG0035026		NC_089036.1.g7209	NC_089036.1.g7202			NC_089036.1.g7310	NC_089036.1.g7191		4	0	
OG0035027		NC_089036.1.g7226			NC_089036.1.g7244	NC_089036.1.g7330	NC_089036.1.g7212		4	0	
OG0035028		NC_089036.1.g7232	NC_089036.1.g7227			NC_089036.1.g7337	NC_089036.1.g7221		4	0	
OG0035029		NC_089036.1.g7233	NC_089036.1.g7228	NC_089036.1.g7183				NC_089036.1.g7266	4	0	
OG0035030		NC_089036.1.g7276			NC_089036.1.g7299		NC_089036.1.g7276	NC_089036.1.g7313	4	0	
OG0035031		NC_089036.1.g7287	NC_089036.1.g7287		NC_089036.1.g7308			NC_089036.1.g7325	4	0	
OG0035032		NC_089036.1.g7369			NC_089036.1.g7385		NC_089036.1.g7365	NC_089036.1.g7402	4	0	
OG0035033		NC_089036.1.g7409	NC_089036.1.g7399				NC_089036.1.g7403	NC_089036.1.g7438	4	0	
OG0035034		NC_089036.1.g7600		NC_089036.1.g7549		NC_089036.1.g7701	NC_089036.1.g7601		4	0	
OG0035035		NC_089036.1.g7606	NC_089036.1.g7599		NC_089036.1.g7610		NC_089036.1.g7606		4	0	
OG0035036		NC_089036.1.g7633	NC_089036.1.g7625				NC_089036.1.g7632	NC_089036.1.g7667	4	0	
OG0035037		NC_089036.1.g7655	NC_089036.1.g7649				NC_089036.1.g7655	NC_089036.1.g7690	4	0	
OG0035038		NC_089036.1.g7948	NC_089036.1.g7934	NC_089036.1.g7889		NC_089036.1.g8049			4	0	
OG0035039		NC_089036.1.g7952		NC_089036.1.g7894	NC_089036.1.g7956	NC_089036.1.g8054			4	0	
OG0035040		NC_089036.1.g7958		NC_089036.1.g7901		NC_089036.1.g8061	NC_089036.1.g7966		4	0	
OG0035041		NC_089036.1.g7988	NC_089036.1.g7977	NC_089036.1.g7934	NC_089036.1.g7992				4	0	
OG0035042		NC_089036.1.g8110			NC_089036.1.g8117		NC_089036.1.g8114	NC_089036.1.g8140	4	0	
OG0035043		NC_089036.1.g8140	NC_089036.1.g8125		NC_089036.1.g8144		NC_089036.1.g8141		4	0	
OG0035044		NC_089036.1.g8254	NC_089036.1.g8240				NC_089036.1.g8253	NC_089036.1.g8278	4	0	
OG0035045		NC_089036.1.g8310	NC_089036.1.g8295				NC_089036.1.g8306	NC_089036.1.g8329	4	0	
OG0035046		NC_089036.1.g8326, NC_089044.1.g34160			NC_089044.1.g34316		NC_089036.1.g8322		3	0	
OG0035047		NC_089036.1.g8365	NC_089036.1.g8356				NC_089036.1.g8364	NC_089036.1.g8387	4	0	
OG0035048		NC_089036.1.g8387	NC_089036.1.g8377				NC_089036.1.g8387	NC_089036.1.g8406	4	0	
OG0035049		NC_089036.1.g8844			NC_089036.1.g8836	NC_089036.1.g8949	NC_089036.1.g8843		4	0	
OG0035050		NC_089036.1.g8878			NC_089036.1.g8870	NC_089036.1.g8984		NC_089036.1.g8898	4	0	
OG0035051		NC_089036.1.g9069	NC_089036.1.g9055				NC_089036.1.g9063	NC_089036.1.g9087	4	0	
OG0035052		NC_089036.1.g9195				NC_089036.1.g9310	NC_089036.1.g9184	NC_089036.1.g9208	4	0	
OG0035053		NC_089036.1.g9311	NC_089036.1.g9303		NC_089036.1.g9309		NC_089036.1.g9301		4	0	
OG0035054		NC_089036.1.g9327	NC_089036.1.g9317		NC_089036.1.g9323	NC_089036.1.g9442			4	0	
OG0035055		NC_089036.1.g9373	NC_089036.1.g9360		NC_089036.1.g9364			NC_089036.1.g9383	4	0	
OG0035056		NC_089037.1.g9452			NC_089037.1.g9447		NC_089037.1.g9439	NC_089037.1.g9467	4	0	
OG0035057		NC_089037.1.g9453			NC_089037.1.g9448		NC_089037.1.g9440	NC_089037.1.g9468	4	0	
OG0035058		NC_089037.1.g9558		NC_089037.1.g9510			NC_089037.1.g9547	NC_089037.1.g9575	4	0	
OG0035059		NC_089037.1.g9673	NC_089037.1.g9665			NC_089037.1.g9789		NC_089037.1.g9688	4	0	
OG0035060		NC_089037.1.g9759			NC_089037.1.g9759		NC_089037.1.g9753	NC_089037.1.g9783	4	0	
OG0035061		NC_089037.1.g9836	NC_089037.1.g9829		NC_089037.1.g9837			NC_089037.1.g9863	4	0	
OG0035062		NC_089037.1.g9945	NC_089037.1.g9942	NC_089037.1.g9906	NC_089037.1.g9956				4	0	
OG0035063		NC_089037.1.g10015			NC_089037.1.g10023		NC_089037.1.g10010	NC_089037.1.g10048	4	0	
OG0035064		NC_089037.1.g10348	NC_089037.1.g10343		NC_089037.1.g10354		NC_089037.1.g10352		4	0	
OG0035065		NC_089037.1.g10446			NC_089037.1.g10452		NC_089037.1.g10452	NC_089037.1.g10486	4	0	
OG0035066		NC_089037.1.g10559				NC_089037.1.g10689	NC_089037.1.g10566	NC_089037.1.g10607	4	0	
OG0035067		NC_089037.1.g10565	NC_089037.1.g10558		NC_089037.1.g10574		NC_089037.1.g10572		4	0	
OG0035068		NC_089037.1.g10679	NC_089037.1.g10675		NC_089037.1.g10687		NC_089037.1.g10689		4	0	
OG0035069		NC_089037.1.g10782	NC_089037.1.g10783		NC_089037.1.g10799		NC_089037.1.g10795		4	0	
OG0035070		NC_089037.1.g10811, NC_089042.1.g28014	NC_089042.1.g28036					NC_089042.1.g28089	3	0	
OG0035071		NC_089037.1.g10847		NC_089037.1.g10807		NC_089037.1.g10977		NC_089037.1.g10898	4	0	
OG0035072		NC_089037.1.g10881			NC_089037.1.g10898		NC_089037.1.g10890	NC_089037.1.g10934	4	0	
OG0035073		NC_089037.1.g11060			NC_089037.1.g11072		NC_089037.1.g11067	NC_089037.1.g11109	4	0	
OG0035074		NC_089037.1.g11288	NC_089037.1.g11293		NC_089037.1.g11305			NC_089037.1.g11350	4	0	
OG0035075		NC_089037.1.g11350			NC_089037.1.g11368		NC_089037.1.g11349	NC_089037.1.g11409	4	0	
OG0035076		NC_089037.1.g11375			NC_089037.1.g11392		NC_089037.1.g11372	NC_089037.1.g11435	4	0	
OG0035077		NC_089037.1.g11480	NC_089037.1.g11488				NC_089037.1.g11476	NC_089037.1.g11538	4	0	
OG0035078		NC_089037.1.g11532			NC_089037.1.g11547		NC_089037.1.g11527	NC_089037.1.g11592	4	0	
OG0035079		NC_089037.1.g11595				NC_089037.1.g11719	NC_089037.1.g11590	NC_089037.1.g11654	4	0	
OG0035080		NC_089037.1.g11645			NC_089037.1.g11661	NC_089037.1.g11774		NC_089037.1.g11706	4	0	
OG0035081		NC_089037.1.g11662	NC_089037.1.g11666	NC_089037.1.g11606				NC_089037.1.g11722	4	0	
OG0035082		NC_089037.1.g11671			NC_089037.1.g11686		NC_089037.1.g11664	NC_089037.1.g11732	4	0	
OG0035083		NC_089037.1.g11673		NC_089037.1.g11614	NC_089037.1.g11688	NC_089037.1.g11799			4	0	
OG0035084		NC_089037.1.g11688			NC_089037.1.g11702		NC_089037.1.g11680	NC_089037.1.g11747	4	0	
OG0035085		NC_089037.1.g11759			NC_089037.1.g11778		NC_089037.1.g11751	NC_089037.1.g11823	4	0	
OG0035086		NC_089037.1.g11785			NC_089037.1.g11803		NC_089037.1.g11774	NC_089037.1.g11848	4	0	
OG0035087		NC_089037.1.g11806			NC_089037.1.g11824		NC_089037.1.g11798	NC_089037.1.g11866	4	0	
OG0035088		NC_089037.1.g11815			NC_089037.1.g11836		NC_089037.1.g11808	NC_089037.1.g11875	4	0	
OG0035089		NC_089037.1.g11851			NC_089037.1.g11876		NC_089037.1.g11846	NC_089037.1.g11917	4	0	
OG0035090		NC_089037.1.g11861	NC_089037.1.g11885			NC_089037.1.g12012	NC_089035.1.g1923		4	0	
OG0035091		NC_089037.1.g11898			NC_089037.1.g11926		NC_089037.1.g11893	NC_089037.1.g11967	4	0	
OG0035092		NC_089037.1.g11916			NC_089037.1.g11945		NC_089037.1.g11910	NC_089037.1.g11985	4	0	
OG0035093		NC_089037.1.g11941		NC_089037.1.g11904	NC_089037.1.g11970		NC_089037.1.g11936		4	0	
OG0035094		NC_089037.1.g11970			NC_089037.1.g11999		NC_089037.1.g11961	NC_089037.1.g12039	4	0	
OG0035095		NC_089037.1.g12005, NC_089043.1.g30343						NC_089037.1.g12071, NC_089043.1.g30426	2	0	
OG0035096		NC_089037.1.g12012, NC_089046.1.g38254	NC_089037.1.g12038				NC_089037.1.g12003		3	0	
OG0035097		NC_089037.1.g12098	NC_089037.1.g12128				NC_089037.1.g12090	NC_089037.1.g12170	4	0	
OG0035098		NC_089037.1.g12112			NC_089037.1.g12150		NC_089037.1.g12107	NC_089037.1.g12187	4	0	
OG0035099		NC_089037.1.g12178	NC_089037.1.g12209		NC_089037.1.g12222		NC_089037.1.g12174		4	0	
OG0035100		NC_089037.1.g12238	NC_089037.1.g12270				NC_089037.1.g12236	NC_089037.1.g12308	4	0	
OG0035101		NC_089037.1.g12239	NC_089037.1.g12271				NC_089037.1.g12237	NC_089037.1.g12309	4	0	
OG0035102		NC_089037.1.g12242		NC_089037.1.g12205		NC_089037.1.g12412		NC_089037.1.g12312	4	0	
OG0035103		NC_089037.1.g12269		NC_089037.1.g12233	NC_089037.1.g12310			NC_089037.1.g12338	4	0	
OG0035104		NC_089037.1.g12519	NC_089037.1.g12552	NC_089037.1.g12475			NC_089037.1.g12532		4	0	
OG0035105		NC_089037.1.g12551			NC_089037.1.g12586		NC_089037.1.g12565, NC_089040.1.g21432		3	0	
OG0035106		NC_089037.1.g12554				NC_089037.1.g12718	NC_089037.1.g12572	NC_089037.1.g12632	4	0	
OG0035107		NC_089037.1.g12596		NC_089037.1.g12554	NC_089037.1.g12631	NC_089037.1.g12760			4	0	
OG0035108		NC_089037.1.g12745	NC_089037.1.g12783		NC_089037.1.g12784		NC_089037.1.g12768		4	0	
OG0035109		NC_089037.1.g13026			NC_089037.1.g13066		NC_089037.1.g13049	NC_089037.1.g13107	4	0	
OG0035110		NC_089037.1.g13299	NC_089037.1.g13338		NC_089037.1.g13335			NC_089037.1.g13379	4	0	
OG0035111		NC_089037.1.g13303	NC_089037.1.g13342		NC_089037.1.g13339			NC_089037.1.g13384	4	0	
OG0035112		NC_089037.1.g13304	NC_089037.1.g13343		NC_089037.1.g13340			NC_089037.1.g13385	4	0	
OG0035113		NC_089037.1.g13459	NC_089037.1.g13505	NC_089037.1.g13441		NC_089037.1.g13658			4	0	
OG0035114		NC_089037.1.g13629	NC_089037.1.g13680		NC_089037.1.g13675		NC_089037.1.g13669		4	0	
OG0035115		NC_089037.1.g13824				NC_089037.1.g14025	NC_089037.1.g13861	NC_089037.1.g13917	4	0	
OG0035116		NC_089038.1.g13941				NC_089038.1.g14150	NC_089038.1.g13986	NC_089038.1.g14037	4	0	
OG0035117		NC_089038.1.g13956	NC_089038.1.g14002				NC_089038.1.g14000	NC_089038.1.g14052	4	0	
OG0035118		NC_089038.1.g13967	NC_089038.1.g14013				NC_089038.1.g14010	NC_089038.1.g14063	4	0	
OG0035119		NC_089038.1.g13969	NC_089038.1.g14015				NC_089038.1.g14012	NC_089038.1.g14065	4	0	
OG0035120		NC_089038.1.g14028		NC_089038.1.g14012			NC_089038.1.g14072	NC_089038.1.g14126	4	0	
OG0035121		NC_089038.1.g14071	NC_089038.1.g14119		NC_089038.1.g14108	NC_089038.1.g14275			4	0	
OG0035122		NC_089038.1.g14085			NC_089038.1.g14125		NC_089038.1.g14126	NC_089038.1.g14184	4	0	
OG0035123		NC_089038.1.g14094			NC_089038.1.g14134		NC_089038.1.g14136	NC_089038.1.g14194	4	0	
OG0035124		NC_089038.1.g14137			NC_089038.1.g14179		NC_089038.1.g14182	NC_089038.1.g14240	4	0	
OG0035125		NC_089038.1.g14143			NC_089038.1.g14185		NC_089038.1.g14187	NC_089038.1.g14247	4	0	
OG0035126		NC_089038.1.g14152			NC_089038.1.g14195		NC_089038.1.g14197	NC_089038.1.g14256	4	0	
OG0035127		NC_089038.1.g14169	NC_089038.1.g14211		NC_089038.1.g14209			NC_089038.1.g14268	4	0	
OG0035128		NC_089038.1.g14196			NC_089038.1.g14231		NC_089038.1.g14228	NC_089038.1.g14288	4	0	
OG0035129		NC_089038.1.g14223		NC_089038.1.g14188		NC_089038.1.g14418	NC_089038.1.g14257		4	0	
OG0035130		NC_089038.1.g14263	NC_089038.1.g14294					NC_089037.1.g13704, NC_089038.1.g14354	3	0	
OG0035131		NC_089038.1.g14291	NC_089038.1.g14326				NC_089038.1.g14332	NC_089038.1.g14387	4	0	
OG0035132		NC_089038.1.g14318		NC_089038.1.g14292		NC_089038.1.g14528	NC_089038.1.g14359		4	0	
OG0035133		NC_089038.1.g14363			NC_089038.1.g14399		NC_089038.1.g14403	NC_089038.1.g14460	4	0	
OG0035134		NC_089038.1.g14385		NC_089038.1.g14355		NC_089038.1.g14590	NC_089038.1.g14424		4	0	
OG0035135		NC_089038.1.g14422			NC_089038.1.g14455		NC_089038.1.g14457	NC_089038.1.g14518	4	0	
OG0035136		NC_089038.1.g14431			NC_089038.1.g14468	NC_089038.1.g14632	NC_089038.1.g14468		4	0	
OG0035137		NC_089038.1.g14457, NC_089038.1.g14464	NC_089038.1.g14492			NC_089038.1.g14667			3	0	
OG0035138		NC_089038.1.g14477				NC_089038.1.g14680	NC_089038.1.g14510	NC_089038.1.g14569	4	0	
OG0035139		NC_089038.1.g14511		NC_089038.1.g14472, NC_089046.1.g37913		NC_089038.1.g14714			3	0	
OG0035140		NC_089038.1.g14520, NC_089046.1.g37427			NC_089046.1.g37608			NC_089046.1.g37532	3	0	
OG0035141		NC_089038.1.g14536	NC_089038.1.g14565		NC_089038.1.g14573		NC_089038.1.g14568		4	0	
OG0035142		NC_089038.1.g14557	NC_089038.1.g14587	NC_089038.1.g14515				NC_089038.1.g14652	4	0	
OG0035143		NC_089038.1.g14638	NC_089038.1.g14672			NC_089038.1.g14862	NC_089038.1.g14668		4	0	
OG0035144		NC_089038.1.g14692			NC_089038.1.g14733		NC_089038.1.g14725	NC_089038.1.g14791	4	0	
OG0035145		NC_089038.1.g14760, NC_089044.1.g32503					NC_089038.1.g14797	NC_089038.1.g14856	3	0	
OG0035146		NC_089038.1.g14767		NC_089038.1.g14734	NC_089038.1.g14805		NC_089038.1.g14803		4	0	
OG0035147		NC_089038.1.g14777			NC_089038.1.g14816		NC_089038.1.g14814	NC_089038.1.g14872	4	0	
OG0035148		NC_089038.1.g14811			NC_089038.1.g14855		NC_089038.1.g14850	NC_089038.1.g14910	4	0	
OG0035149		NC_089038.1.g14813, NC_089044.1.g32874						NC_089040.1.g22884, NC_089044.1.g32949	2	0	
OG0035150		NC_089038.1.g14943, NC_089042.1.g27745		NC_089042.1.g27564				NC_089042.1.g28454	3	0	
OG0035151		NC_089038.1.g15065		NC_089038.1.g15045	NC_089038.1.g15123	NC_089038.1.g15299			4	0	
OG0035152		NC_089038.1.g15135			NC_089038.1.g15191		NC_089038.1.g15188	NC_089038.1.g15214	4	0	
OG0035153		NC_089038.1.g15192	NC_089038.1.g15212				NC_089038.1.g15243	NC_089038.1.g15269	4	0	
OG0035154		NC_089038.1.g15212		NC_089038.1.g15196	NC_089038.1.g15267	NC_089038.1.g15442			4	0	
OG0035155		NC_089038.1.g15230	NC_089038.1.g15249		NC_089038.1.g15284			NC_089038.1.g15308	4	0	
OG0035156		NC_089038.1.g15236	NC_089038.1.g15255		NC_089038.1.g15290	NC_089038.1.g15462			4	0	
OG0035157		NC_089038.1.g15266	NC_089038.1.g15286				NC_089038.1.g15318	NC_089038.1.g15340	4	0	
OG0035158		NC_089038.1.g15379			NC_089038.1.g15438		NC_089038.1.g15426	NC_089043.1.g31344	4	0	
OG0035159		NC_089038.1.g15420			NC_089038.1.g15479		NC_089038.1.g15467	NC_089038.1.g15493	4	0	
OG0035160		NC_089038.1.g15439			NC_089038.1.g15499	NC_089038.1.g15668	NC_089038.1.g15487		4	0	
OG0035161		NC_089038.1.g15443			NC_089038.1.g15506	NC_089038.1.g15675	NC_089038.1.g15493		4	0	
OG0035162		NC_089038.1.g15494	NC_089038.1.g15514	NC_089038.1.g15472		NC_089038.1.g15728			4	0	
OG0035163		NC_089038.1.g15561			NC_089038.1.g15627		NC_089038.1.g15609	NC_089038.1.g15633	4	0	
OG0035164		NC_089038.1.g15565			NC_089038.1.g15631		NC_089038.1.g15613	NC_089038.1.g15637	4	0	
OG0035165		NC_089038.1.g15645		NC_089044.1.g32485	NC_089037.1.g11268, NC_089039.1.g18019				3	0	
OG0035166		NC_089038.1.g15655	NC_089038.1.g15667			NC_089038.1.g15887	NC_089038.1.g15704		4	0	
OG0035167		NC_089038.1.g15686	NC_089038.1.g15696				NC_089038.1.g15733	NC_089038.1.g15752	4	0	
OG0035168		NC_089038.1.g15899	NC_089038.1.g15911	NC_089038.1.g15872		NC_089038.1.g16135			4	0	
OG0035169		NC_089038.1.g15959			NC_089038.1.g16015		NC_089038.1.g16015	NC_089038.1.g16023	4	0	
OG0035170		NC_089038.1.g16007			NC_089038.1.g16063		NC_089038.1.g16064	NC_089038.1.g16069	4	0	
OG0035171		NC_089038.1.g16373	NC_089038.1.g16400	NC_089038.1.g16349	NC_089035.1.g2646				4	0	
OG0035172		NC_089038.1.g16417			NC_089038.1.g16486		NC_089038.1.g16486	NC_089038.1.g16496	4	0	
OG0035173		NC_089038.1.g16434			NC_089038.1.g16506		NC_089038.1.g16502	NC_089038.1.g16513	4	0	
OG0035174		NC_089038.1.g16437			NC_089038.1.g16509		NC_089038.1.g16505	NC_089038.1.g16516	4	0	
OG0035175		NC_089038.1.g16493	NC_089038.1.g16527	NC_089038.1.g16480		NC_089038.1.g16753			4	0	
OG0035176		NC_089038.1.g16925	NC_089038.1.g16987			NC_089038.1.g17206		NC_089038.1.g17024	4	0	
OG0035177		NC_089038.1.g16954			NC_089038.1.g17047	NC_089038.1.g17242		NC_089038.1.g17055	4	0	
OG0035178		NC_089039.1.g17642	NC_089039.1.g17716	NC_089039.1.g17660				NC_089039.1.g17757	4	0	
OG0035179		NC_089039.1.g17765	NC_089039.1.g17841				NC_089039.1.g17861	NC_089039.1.g17887	4	0	
OG0035180		NC_089039.1.g17861			NC_089039.1.g17966	NC_089039.1.g18177	NC_089039.1.g17959		4	0	
OG0035181		NC_089039.1.g17892	NC_089039.1.g17966			NC_089039.1.g18208	NC_089039.1.g17988		4	0	
OG0035182		NC_089039.1.g17927	NC_089039.1.g18001				NC_089039.1.g18024	NC_089039.1.g18037	4	0	
OG0035183		NC_089039.1.g17965		NC_089039.1.g17976	NC_089039.1.g18072			NC_089039.1.g18074	4	0	
OG0035184		NC_089039.1.g18041	NC_089039.1.g18105	NC_089039.1.g18044				NC_089039.1.g18147	4	0	
OG0035185		NC_089039.1.g18135			NC_089039.1.g18242		NC_089039.1.g18224	NC_089039.1.g18242	4	0	
OG0035186		NC_089039.1.g18150	NC_089039.1.g18207		NC_089039.1.g18257		NC_089039.1.g18239		4	0	
OG0035187		NC_089039.1.g18152	NC_089039.1.g18208		NC_089039.1.g18259		NC_089039.1.g18241		4	0	
OG0035188		NC_089039.1.g18186, NC_089040.1.g21771					NC_089039.1.g18278	NC_089039.1.g18294	3	0	
OG0035189		NC_089039.1.g18218			NC_089039.1.g18332	NC_089039.1.g18529	NC_089039.1.g18311		4	0	
OG0035190		NC_089039.1.g18237, NC_089039.1.g18238	NC_089039.1.g18299, NC_089039.1.g18300						2	0	
OG0035191		NC_089039.1.g18241	NC_089039.1.g18302		NC_089039.1.g18359			NC_089039.1.g18357	4	0	
OG0035192		NC_089039.1.g18243	NC_089039.1.g18304		NC_089039.1.g18361		NC_089039.1.g18336		4	0	
OG0035193		NC_089039.1.g18280, NC_089041.1.g26170		NC_089041.1.g25959				NC_089041.1.g26180	3	0	
OG0035194		NC_089039.1.g18334		NC_089039.1.g18334		NC_089039.1.g18652	NC_089039.1.g18433		4	0	
OG0035195		NC_089039.1.g18348	NC_089039.1.g18411	NC_089039.1.g18350	NC_089039.1.g18470				4	0	
OG0035196		NC_089039.1.g18369				NC_089039.1.g18686	NC_089039.1.g18471	NC_089039.1.g18491	4	0	
OG0035197		NC_089039.1.g18435	NC_089039.1.g18502		NC_089039.1.g18559			NC_089039.1.g18565	4	0	
OG0035198		NC_089039.1.g18470, NC_089043.1.g29989	NC_089043.1.g29995	NC_089042.1.g28059					3	0	
OG0035199		NC_089039.1.g18663		NC_089037.1.g12220			NC_089039.1.g18768	NC_089039.1.g18792	4	0	
OG0035200		NC_089039.1.g18748	NC_089039.1.g18806			NC_089039.1.g19075		NC_089039.1.g18865	4	0	
OG0035201		NC_089039.1.g18750	NC_089039.1.g18808	NC_089039.1.g18747		NC_089039.1.g19078			4	0	
OG0035202		NC_089039.1.g18766	NC_089039.1.g18822			NC_089039.1.g19093		NC_089039.1.g18881	4	0	
OG0035203		NC_089039.1.g18809	NC_089039.1.g18863		NC_089039.1.g18923		NC_089039.1.g18903		4	0	
OG0035204		NC_089039.1.g18862		NC_089039.1.g18855	NC_089039.1.g18976			NC_089039.1.g18967	4	0	
OG0035205		NC_089039.1.g18883			NC_089039.1.g18997		NC_089039.1.g18978	NC_089039.1.g18988	4	0	
OG0035206		NC_089039.1.g18885					NC_089039.1.g18980	NC_089039.1.g18991, NC_089044.1.g33907	3	0	
OG0035207		NC_089039.1.g18958			NC_089039.1.g19067		NC_089039.1.g19051	NC_089039.1.g19060	4	0	
OG0035208		NC_089039.1.g18962		NC_089039.1.g18949		NC_089039.1.g19284	NC_089039.1.g19054		4	0	
OG0035209		NC_089039.1.g18995, NC_089046.1.g37280						NC_089039.1.g19095, NC_089046.1.g37389	2	0	
OG0035210		NC_089039.1.g19026	NC_089039.1.g19079				NC_089039.1.g19116	NC_089039.1.g19123	4	0	
OG0035211		NC_089039.1.g19028	NC_089039.1.g19081	NC_089039.1.g19013			NC_089039.1.g19118		4	0	
OG0035212		NC_089039.1.g19030	NC_089039.1.g19083		NC_089039.1.g19131			NC_089039.1.g19126	4	0	
OG0035213		NC_089039.1.g19046	NC_089039.1.g19100		NC_089039.1.g19150		NC_089039.1.g19135		4	0	
OG0035214		NC_089039.1.g19102	NC_089039.1.g19159		NC_089039.1.g19206	NC_089039.1.g19427			4	0	
OG0035215		NC_089039.1.g19269	NC_089039.1.g19325		NC_089039.1.g19380			NC_089039.1.g19366	4	0	
OG0035216		NC_089039.1.g19284			NC_089039.1.g19395		NC_089039.1.g19366	NC_089039.1.g19381	4	0	
OG0035217		NC_089039.1.g19435			NC_089039.1.g19540		NC_089039.1.g19506	NC_089039.1.g19529	4	0	
OG0035218		NC_089039.1.g19455	NC_089039.1.g19515				NC_089039.1.g19525	NC_089039.1.g19548	4	0	
OG0035219		NC_089039.1.g19537	NC_089039.1.g19593		NC_089039.1.g19641			NC_089039.1.g19627	4	0	
OG0035220		NC_089039.1.g19626	NC_089039.1.g19678			NC_089039.1.g19956		NC_089039.1.g19714	4	0	
OG0035221		NC_089039.1.g19795	NC_089039.1.g19854		NC_089039.1.g19906			NC_089039.1.g19874	4	0	
OG0035222		NC_089039.1.g19827		NC_089039.1.g19808			NC_089039.1.g19878	NC_089039.1.g19905	4	0	
OG0035223		NC_089039.1.g19862	NC_089039.1.g19913				NC_089039.1.g19915	NC_089039.1.g19939	4	0	
OG0035224		NC_089039.1.g19884	NC_089039.1.g19935		NC_089039.1.g19988			NC_089039.1.g19963	4	0	
OG0035225		NC_089039.1.g20035			NC_089039.1.g20141		NC_089039.1.g20091	NC_089039.1.g20115	4	0	
OG0035226		NC_089039.1.g20057	NC_089039.1.g20108				NC_089039.1.g20117	NC_089039.1.g20138	4	0	
OG0035227		NC_089039.1.g20067	NC_089039.1.g20118				NC_089039.1.g20127	NC_089039.1.g20148	4	0	
OG0035228		NC_089039.1.g20365		NC_089039.1.g20336		NC_089039.1.g20677		NC_089039.1.g20430	4	0	
OG0035229		NC_089039.1.g20394	NC_089039.1.g20440		NC_089039.1.g20498			NC_089039.1.g20460	4	0	
OG0035230		NC_089039.1.g20457	NC_089039.1.g20502		NC_089039.1.g20562		NC_089039.1.g20490		4	0	
OG0035231		NC_089039.1.g20468	NC_089039.1.g20513				NC_089039.1.g20501	NC_089039.1.g20530	4	0	
OG0035232		NC_089039.1.g20515			NC_089039.1.g20617		NC_089039.1.g20546	NC_089039.1.g20575	4	0	
OG0035233		NC_089039.1.g20523	NC_089039.1.g20566		NC_089039.1.g20625		NC_089039.1.g20554		4	0	
OG0035234		NC_089040.1.g20570		NC_089040.1.g20530	NC_089040.1.g20671	NC_089040.1.g20874			4	0	
OG0035235		NC_089040.1.g20626	NC_089040.1.g20667		NC_089040.1.g20737	NC_089040.1.g20935			4	0	
OG0035236		NC_089040.1.g20661	NC_089040.1.g20705		NC_089040.1.g20772	NC_089040.1.g20972			4	0	
OG0035237		NC_089040.1.g20701		NC_089040.1.g20666	NC_089040.1.g20813	NC_089040.1.g21012			4	0	
OG0035238		NC_089040.1.g20707	NC_089040.1.g20752	NC_089040.1.g20674	NC_089040.1.g20822				4	0	
OG0035239		NC_089040.1.g20839		NC_089040.1.g20812		NC_089040.1.g21160		NC_089040.1.g20905	4	0	
OG0035240		NC_089040.1.g20964	NC_089040.1.g21014				NC_089040.1.g21001	NC_089040.1.g21029	4	0	
OG0035241		NC_089040.1.g20976	NC_089040.1.g21026				NC_089040.1.g21013	NC_089040.1.g21041	4	0	
OG0035242		NC_089040.1.g21193	NC_089040.1.g21240				NC_089040.1.g21228	NC_089040.1.g21258	4	0	
OG0035243		NC_089040.1.g21240	NC_089040.1.g21289				NC_089040.1.g21276	NC_089040.1.g21305	4	0	
OG0035244		NC_089040.1.g21287			NC_089040.1.g21399	NC_089040.1.g21598		NC_089040.1.g21350	4	0	
OG0035245		NC_089040.1.g21327	NC_089040.1.g21370				NC_089040.1.g21361	NC_089040.1.g21386	4	0	
OG0035246		NC_089040.1.g21390	NC_089040.1.g21434			NC_089040.1.g21701	NC_089040.1.g21426		4	0	
OG0035247		NC_089040.1.g21444	NC_089040.1.g21488		NC_089040.1.g21557	NC_089040.1.g21757			4	0	
OG0035248		NC_089040.1.g21498	NC_089039.1.g20329, NC_089040.1.g21544		NC_089040.1.g21612				3	0	
OG0035249		NC_089040.1.g21551	NC_089040.1.g21600		NC_089040.1.g21666			NC_089040.1.g21610	4	0	
OG0035250		NC_089040.1.g21623			NC_089040.1.g21741	NC_089040.1.g21936	NC_089040.1.g21662		4	0	
OG0035251		NC_089040.1.g21693			NC_089040.1.g21816		NC_089040.1.g21730	NC_089040.1.g21756	4	0	
OG0035252		NC_089040.1.g21730	NC_089040.1.g21783	NC_089040.1.g21671				NC_089040.1.g21794	4	0	
OG0035253		NC_089040.1.g21765	NC_089040.1.g21814	NC_089037.1.g12250, NC_089040.1.g21705					3	0	
OG0035254		NC_089040.1.g21863			NC_089040.1.g21989		NC_089040.1.g21887	NC_089040.1.g21935	4	0	
OG0035255		NC_089040.1.g21887			NC_089040.1.g22018	NC_089040.1.g22216		NC_089040.1.g21955	4	0	
OG0035256		NC_089040.1.g21985	NC_089040.1.g22030		NC_089040.1.g22108			NC_089040.1.g22039	4	0	
OG0035257		NC_089040.1.g22032	NC_089040.1.g22081	NC_089040.1.g21959		NC_089040.1.g22361			4	0	
OG0035258		NC_089040.1.g22091				NC_089040.1.g22420	NC_089040.1.g22113	NC_089040.1.g22147	4	0	
OG0035259		NC_089040.1.g22114			NC_089040.1.g22238		NC_089040.1.g22134	NC_089040.1.g22170	4	0	
OG0035260		NC_089040.1.g22147				NC_089044.1.g33085		NC_089042.1.g28869, NC_089044.1.g32808	3	0	
OG0035261		NC_089040.1.g22167			NC_089040.1.g22290		NC_089040.1.g22185	NC_089040.1.g22222	4	0	
OG0035262		NC_089040.1.g22176	NC_089040.1.g22220		NC_089040.1.g22299			NC_089040.1.g22229	4	0	
OG0035263		NC_089040.1.g22220			NC_089040.1.g22342		NC_089040.1.g22231	NC_089040.1.g22272	4	0	
OG0035264		NC_089040.1.g22234	NC_089040.1.g22275		NC_089040.1.g22358			NC_089040.1.g22287	4	0	
OG0035265		NC_089040.1.g22346	NC_089040.1.g22384		NC_089040.1.g22467	NC_089040.1.g22669			4	0	
OG0035266		NC_089040.1.g22538	NC_089040.1.g22594			NC_089040.1.g22879		NC_089040.1.g22595	4	0	
OG0035267		NC_089040.1.g22573			NC_089040.1.g22710	NC_089040.1.g22914		NC_089040.1.g22627	4	0	
OG0035268		NC_089040.1.g22593		NC_089040.1.g22474	NC_089040.1.g22727		NC_089040.1.g22603		4	0	
OG0035269		NC_089040.1.g22657	NC_089040.1.g22707		NC_089040.1.g22790		NC_089040.1.g22665		4	0	
OG0035270		NC_089040.1.g22694	NC_089040.1.g22739		NC_089040.1.g22823		NC_089040.1.g22699		4	0	
OG0035271		NC_089040.1.g22704	NC_089040.1.g22748				NC_089040.1.g22710	NC_089040.1.g22749	4	0	
OG0035272		NC_089040.1.g22719	NC_089040.1.g22765		NC_089040.1.g22846		NC_089040.1.g23548		4	0	
OG0035273		NC_089040.1.g22795				NC_089040.1.g23136	NC_089040.1.g22803	NC_089040.1.g22847	4	0	
OG0035274		NC_089040.1.g22833			NC_089040.1.g22960	NC_089040.1.g23173	NC_089040.1.g22848		4	0	
OG0035275		NC_089040.1.g23018, NC_089044.1.g33983					NC_089044.1.g33904	NC_089044.1.g34110	3	0	
OG0035276		NC_089040.1.g23093	NC_089040.1.g23133		NC_089040.1.g23220		NC_089040.1.g23097		4	0	
OG0035277		NC_089040.1.g23141	NC_089040.1.g23180				NC_089040.1.g23147	NC_089040.1.g23187	4	0	
OG0035278		NC_089040.1.g23150	NC_089040.1.g23188				NC_089040.1.g23155	NC_089040.1.g23195	4	0	
OG0035279		NC_089040.1.g23170	NC_089040.1.g23208				NC_089040.1.g23175	NC_089040.1.g23215	4	0	
OG0035280		NC_089040.1.g23171	NC_089040.1.g23209				NC_089040.1.g23176	NC_089040.1.g23216	4	0	
OG0035281		NC_089040.1.g23204	NC_089040.1.g23244				NC_089040.1.g23212	NC_089040.1.g23250	4	0	
OG0035282		NC_089040.1.g23230	NC_089040.1.g23270				NC_089040.1.g23237	NC_089040.1.g23275	4	0	
OG0035283		NC_089040.1.g23242	NC_089040.1.g23280				NC_089040.1.g23248	NC_089040.1.g23286	4	0	
OG0035284		NC_089040.1.g23248	NC_089040.1.g23286			NC_089040.1.g23593		NC_089040.1.g23292	4	0	
OG0035285		NC_089040.1.g23276	NC_089040.1.g23315				NC_089040.1.g23284	NC_089040.1.g23322	4	0	
OG0035286		NC_089040.1.g23330	NC_089040.1.g23374	NC_089040.1.g23199		NC_089040.1.g23678			4	0	
OG0035287		NC_089040.1.g23364			NC_089040.1.g23495		NC_089040.1.g23377	NC_089040.1.g23417	4	0	
OG0035288		NC_089040.1.g23409	NC_089040.1.g23451		NC_089040.1.g23540			NC_089040.1.g23462	4	0	
OG0035289		NC_089040.1.g23442	NC_089046.1.g38361		NC_089045.1.g35180, NC_089046.1.g38655				3	0	
OG0035290		NC_089040.1.g23539	NC_089040.1.g23579	NC_089040.1.g23405				NC_089040.1.g23591	4	0	
OG0035291		NC_089040.1.g23618	NC_089040.1.g23663		NC_089040.1.g23748		NC_089040.1.g23627		4	0	
OG0035292		NC_089041.1.g23927	NC_089041.1.g23971		NC_089041.1.g24048	NC_089041.1.g24256			4	0	
OG0035293		NC_089041.1.g23959			NC_089041.1.g24081		NC_089041.1.g23954	NC_089041.1.g23999	4	0	
OG0035294		NC_089041.1.g23963			NC_089041.1.g24084		NC_089041.1.g23957	NC_089041.1.g24002	4	0	
OG0035295		NC_089041.1.g24346		NC_089041.1.g24205		NC_089041.1.g24676	NC_089041.1.g24327		4	0	
OG0035296		NC_089041.1.g24366			NC_089041.1.g24494		NC_089041.1.g24348	NC_089041.1.g24404	4	0	
OG0035297		NC_089041.1.g24423	NC_089041.1.g24452				NC_089041.1.g24408	NC_089041.1.g24461	4	0	
OG0035298		NC_089041.1.g24461				NC_089041.1.g24791	NC_089041.1.g24446	NC_089041.1.g24500	4	0	
OG0035299		NC_089041.1.g24547, NC_089041.1.g24964	NC_089041.1.g24573		NC_089041.1.g24672				3	0	
OG0035300		NC_089041.1.g24555			NC_089041.1.g24679	NC_089041.1.g24885		NC_089041.1.g24595	4	0	
OG0035301		NC_089041.1.g24568	NC_089041.1.g24598		NC_089041.1.g24695			NC_089041.1.g24608	4	0	
OG0035302		NC_089041.1.g24631		NC_089041.1.g24495	NC_089041.1.g24759	NC_089041.1.g24963			4	0	
OG0035303		NC_089041.1.g24677	NC_089041.1.g24700		NC_089041.1.g24803			NC_089041.1.g24713	4	0	
OG0035304		NC_089041.1.g24749	NC_089041.1.g24772				NC_089041.1.g24734	NC_089041.1.g24784	4	0	
OG0035305		NC_089041.1.g24754			NC_089041.1.g24879	NC_089041.1.g25083		NC_089041.1.g24789	4	0	
OG0035306		NC_089041.1.g24834	NC_089041.1.g24849		NC_089041.1.g24956			NC_089041.1.g24864	4	0	
OG0035307		NC_089041.1.g24847		NC_089042.1.g26823		NC_089042.1.g27379		NC_089041.1.g24878	4	0	
OG0035308		NC_089041.1.g24853			NC_089041.1.g24975		NC_089041.1.g24830	NC_089041.1.g24884	4	0	
OG0035309		NC_089041.1.g24879			NC_089041.1.g25000	NC_089041.1.g25200		NC_089041.1.g24909	4	0	
OG0035310		NC_089041.1.g24906	NC_089041.1.g24916		NC_089041.1.g25024			NC_089041.1.g24934	4	0	
OG0035311		NC_089041.1.g24930			NC_089041.1.g25050		NC_089041.1.g24910	NC_089041.1.g24961	4	0	
OG0035312		NC_089041.1.g25006	NC_089041.1.g25012				NC_089041.1.g24983	NC_089041.1.g25032	4	0	
OG0035313		NC_089041.1.g25060		NC_089041.1.g24905		NC_089041.1.g25385		NC_089041.1.g25086	4	0	
OG0035314		NC_089041.1.g25217	NC_089041.1.g25210	NC_089041.1.g25057		NC_089041.1.g25538			4	0	
OG0035315		NC_089041.1.g25219	NC_089041.1.g25212		NC_089041.1.g25327		NC_089041.1.g25176		4	0	
OG0035316		NC_089041.1.g25259		NC_089041.1.g25099	NC_089041.1.g25370			NC_089041.1.g25281	4	0	
OG0035317		NC_089041.1.g25268	NC_089041.1.g25264		NC_089041.1.g25379			NC_089041.1.g25290	4	0	
OG0035318		NC_089041.1.g25278	NC_089041.1.g25276		NC_089041.1.g25391			NC_089041.1.g25304	4	0	
OG0035319		NC_089041.1.g25322	NC_089041.1.g25320	NC_089041.1.g25162			NC_089041.1.g25283		4	0	
OG0035320		NC_089041.1.g25335	NC_089041.1.g25335			NC_089041.1.g25662	NC_089041.1.g25296		4	0	
OG0035321		NC_089041.1.g25376	NC_089041.1.g25374			NC_089041.1.g25707	NC_089041.1.g25336		4	0	
OG0035322		NC_089041.1.g25395	NC_089041.1.g25394				NC_089041.1.g25356	NC_089041.1.g25429	4	0	
OG0035323		NC_089041.1.g25459	NC_089041.1.g25472		NC_089041.1.g25580			NC_089041.1.g25503	4	0	
OG0035324		NC_089041.1.g25494			NC_089041.1.g25611	NC_089041.1.g25830		NC_089041.1.g25540	4	0	
OG0035325		NC_089041.1.g25523	NC_089041.1.g25532		NC_089041.1.g25638			NC_089041.1.g25568	4	0	
OG0035326		NC_089041.1.g25711	NC_089041.1.g25722				NC_089041.1.g25672	NC_089041.1.g25760	4	0	
OG0035327		NC_089041.1.g25714	NC_089041.1.g25725				NC_089041.1.g25675	NC_089041.1.g25763	4	0	
OG0035328		NC_089041.1.g25730			NC_089041.1.g25840		NC_089041.1.g25690	NC_089041.1.g25778	4	0	
OG0035329		NC_089041.1.g25735			NC_089041.1.g25845	NC_089041.1.g25249		NC_089041.1.g25783	4	0	
OG0035330		NC_089041.1.g25736	NC_089041.1.g25745		NC_089041.1.g25846	NC_089041.1.g26058			4	0	
OG0035331		NC_089041.1.g25773				NC_089041.1.g26089	NC_089041.1.g25728	NC_089041.1.g25813	4	0	
OG0035332		NC_089041.1.g25812			NC_089041.1.g25923		NC_089041.1.g25768	NC_089041.1.g25851	4	0	
OG0035333		NC_089041.1.g25813			NC_089041.1.g25924		NC_089041.1.g25769	NC_089041.1.g25852	4	0	
OG0035334		NC_089041.1.g25814		NC_089041.1.g25618	NC_089041.1.g25925		NC_089041.1.g25770		4	0	
OG0035335		NC_089041.1.g25840	NC_089041.1.g25841	NC_089039.1.g20450			NC_089041.1.g25795		4	0	
OG0035336		NC_089041.1.g26062	NC_089041.1.g26056		NC_089041.1.g26170			NC_089041.1.g26095	4	0	
OG0035337		NC_089041.1.g26067	NC_089041.1.g26061		NC_089041.1.g26175			NC_089041.1.g26100	4	0	
OG0035338		NC_089041.1.g26152		NC_089041.1.g25937			NC_089041.1.g26109	NC_089041.1.g26181	4	0	
OG0035339		NC_089041.1.g26165	NC_089041.1.g26156		NC_089041.1.g26273		NC_089041.1.g26123		4	0	
OG0035340		NC_089041.1.g26246			NC_089041.1.g26357	NC_089041.1.g26580		NC_089041.1.g26281	4	0	
OG0035341		NC_089041.1.g26378	NC_089041.1.g26374		NC_089041.1.g26492			NC_089041.1.g26421	4	0	
OG0035342		NC_089041.1.g26571	NC_089041.1.g26562		NC_089041.1.g26685			NC_089041.1.g26617	4	0	
OG0035343		NC_089041.1.g26579	NC_089041.1.g26570		NC_089041.1.g26693	NC_089041.1.g26920			4	0	
OG0035344		NC_089041.1.g26611	NC_089041.1.g26604		NC_089041.1.g26725			NC_089041.1.g26660	4	0	
OG0035345		NC_089041.1.g26631	NC_089041.1.g26625				NC_089041.1.g26590	NC_089041.1.g26679	4	0	
OG0035346		NC_089041.1.g26783	NC_089041.1.g26787		NC_089041.1.g26884			NC_089041.1.g26825	4	0	
OG0035347		NC_089041.1.g26946	NC_089041.1.g26951		NC_089041.1.g27049		NC_089041.1.g26913		4	0	
OG0035348		NC_089042.1.g27077	NC_089042.1.g27086		NC_089042.1.g27185			NC_089042.1.g27135	4	0	
OG0035349		NC_089042.1.g27157, NC_089042.1.g28556				NC_089042.1.g27520, NC_089042.1.g28910			2	0	
OG0035350		NC_089042.1.g27283	NC_089042.1.g27291		NC_089042.1.g27392			NC_089042.1.g27345	4	0	
OG0035351		NC_089042.1.g27335	NC_089042.1.g27341		NC_089042.1.g27441		NC_089042.1.g27302		4	0	
OG0035352		NC_089042.1.g27474	NC_089042.1.g27485		NC_089042.1.g27586		NC_089042.1.g27454		4	0	
OG0035353		NC_089042.1.g27475	NC_089042.1.g27486		NC_089042.1.g27587		NC_089042.1.g27455		4	0	
OG0035354		NC_089042.1.g27699		NC_089037.1.g9729		NC_089037.1.g9896		NC_089042.1.g27771	4	0	
OG0035355		NC_089042.1.g27814				NC_089042.1.g28189	NC_089046.1.g38114	NC_089046.1.g38320	4	0	
OG0035356		NC_089042.1.g27832	NC_089042.1.g27856		NC_089042.1.g27954		NC_089042.1.g27823		4	0	
OG0035357		NC_089042.1.g27846	NC_089042.1.g27869				NC_089042.1.g27833	NC_089046.1.g38560	4	0	
OG0035358		NC_089042.1.g27869	NC_089035.1.g2035		NC_089042.1.g27994		NC_089035.1.g2033		4	0	
OG0035359		NC_089042.1.g27886, NC_089046.1.g39470			NC_089046.1.g39655	NC_089046.1.g40015			3	0	
OG0035360		NC_089042.1.g27926	NC_089042.1.g27947		NC_089042.1.g28055	NC_089042.1.g28300			4	0	
OG0035361		NC_089042.1.g27929			NC_089042.1.g28056	NC_089042.1.g28302	NC_089042.1.g27911		4	0	
OG0035362		NC_089042.1.g27938			NC_089042.1.g28065	NC_089042.1.g28311		NC_089042.1.g28013	4	0	
OG0035363		NC_089042.1.g28068	NC_089042.1.g28089		NC_089042.1.g28195			NC_089042.1.g28146	4	0	
OG0035364		NC_089042.1.g28079		NC_089042.1.g27872	NC_089042.1.g28206			NC_089042.1.g28157	4	0	
OG0035365		NC_089042.1.g28099	NC_089040.1.g22361		NC_089040.1.g22442	NC_089040.1.g22647			4	0	
OG0035366		NC_089042.1.g28119			NC_089042.1.g28247		NC_089042.1.g28094	NC_089042.1.g28197	4	0	
OG0035367		NC_089042.1.g28126	NC_089042.1.g28138	NC_089038.1.g16511, NC_089042.1.g27912					3	0	
OG0035368		NC_089042.1.g28225, NC_089042.1.g28226	NC_089042.1.g28240				NC_089042.1.g28194		3	0	
OG0035369		NC_089042.1.g28266	NC_089042.1.g28278				NC_089042.1.g28233	NC_089042.1.g28343	4	0	
OG0035370		NC_089042.1.g28391			NC_089042.1.g28509		NC_089042.1.g28349	NC_089042.1.g28470	4	0	
OG0035371		NC_089042.1.g28430			NC_089046.1.g38895	NC_089042.1.g28784		NC_089042.1.g28515	4	0	
OG0035372		NC_089042.1.g28481	NC_089042.1.g28504		NC_089042.1.g28604	NC_089042.1.g28837			4	0	
OG0035373		NC_089042.1.g28490		NC_089042.1.g28253	NC_089042.1.g28612			NC_089042.1.g28577	4	0	
OG0035374		NC_089042.1.g28494		NC_089042.1.g28255	NC_089042.1.g28615		NC_089042.1.g28456		4	0	
OG0035375		NC_089042.1.g28583		NC_089042.1.g28336			NC_089042.1.g28539	NC_089042.1.g28658	4	0	
OG0035376		NC_089042.1.g28588				NC_089042.1.g28942	NC_089042.1.g28547	NC_089042.1.g28664	4	0	
OG0035377		NC_089042.1.g28646	NC_089042.1.g28662				NC_089042.1.g28607	NC_089042.1.g28725	4	0	
OG0035378		NC_089042.1.g28656	NC_089042.1.g28671		NC_089042.1.g28761		NC_089042.1.g28618		4	0	
OG0035379		NC_089042.1.g28663	NC_089042.1.g28678				NC_089042.1.g28623	NC_089042.1.g28741	4	0	
OG0035380		NC_089042.1.g28677	NC_089042.1.g28691	NC_089042.1.g28422	NC_089042.1.g28780				4	0	
OG0035381		NC_089042.1.g28686		NC_089042.1.g28431		NC_089042.1.g29034	NC_089042.1.g28644		4	0	
OG0035382		NC_089042.1.g28687		NC_089042.1.g28432		NC_089042.1.g29035	NC_089042.1.g28645		4	0	
OG0035383		NC_089042.1.g28690		NC_089042.1.g28434		NC_089042.1.g29037	NC_089042.1.g28647		4	0	
OG0035384		NC_089042.1.g28707		NC_089042.1.g28450		NC_089042.1.g29054	NC_089042.1.g28668		4	0	
OG0035385		NC_089042.1.g28728		NC_089042.1.g28470			NC_089042.1.g28689	NC_089042.1.g28801	4	0	
OG0035386		NC_089042.1.g28733	NC_089042.1.g28742		NC_089042.1.g28829	NC_089042.1.g29079			4	0	
OG0035387		NC_089042.1.g28757	NC_089042.1.g28767		NC_089042.1.g28856		NC_089042.1.g28714		4	0	
OG0035388		NC_089042.1.g28831	NC_089042.1.g28848		NC_089042.1.g28935			NC_089042.1.g28913	4	0	
OG0035389		NC_089042.1.g28951			NC_089042.1.g29056	NC_089042.1.g29297		NC_089042.1.g29034	4	0	
OG0035390		NC_089042.1.g29000	NC_089042.1.g29013				NC_089042.1.g28952	NC_089042.1.g29080	4	0	
OG0035391		NC_089042.1.g29023	NC_089042.1.g29036		NC_089042.1.g29130			NC_089042.1.g29105	4	0	
OG0035392		NC_089042.1.g29025	NC_089042.1.g29039	NC_089042.1.g28763		NC_089042.1.g29374			4	0	
OG0035393		NC_089042.1.g29050	NC_089042.1.g29064		NC_089042.1.g29157			NC_089042.1.g29130	4	0	
OG0035394		NC_089042.1.g29076	NC_089042.1.g29089		NC_089042.1.g29184			NC_089042.1.g29153	4	0	
OG0035395		NC_089042.1.g29167		NC_089042.1.g28903		NC_089042.1.g29526		NC_089042.1.g29246	4	0	
OG0035396		NC_089042.1.g29187	NC_089042.1.g29204	NC_089042.1.g28921				NC_089042.1.g29266	4	0	
OG0035397		NC_089042.1.g29409	NC_089042.1.g29428			NC_089042.1.g29774	NC_089042.1.g29353		4	0	
OG0035398		NC_089042.1.g29543				NC_089042.1.g29909	NC_089042.1.g29491	NC_089042.1.g29623	4	0	
OG0035399		NC_089042.1.g29683			NC_089042.1.g29784		NC_089042.1.g29626	NC_089042.1.g29763	4	0	
OG0035400		NC_089042.1.g29761			NC_089042.1.g29847		NC_089040.1.g21639, NC_089042.1.g29687		3	0	
OG0035401		NC_089042.1.g29776	NC_089042.1.g29787				NC_089042.1.g29702	NC_089042.1.g29857	4	0	
OG0035402		NC_089043.1.g29819			NC_089041.1.g25301			NC_089041.1.g25219, NC_089043.1.g29900	3	0	
OG0035403		NC_089043.1.g29827			NC_089043.1.g29919		NC_089043.1.g29756	NC_089043.1.g29910	4	0	
OG0035404		NC_089043.1.g29844	NC_089043.1.g29861		NC_089043.1.g29943			NC_089043.1.g29932	4	0	
OG0035405		NC_089043.1.g29853			NC_089043.1.g29952	NC_089043.1.g30232		NC_089043.1.g29942	4	0	
OG0035406		NC_089043.1.g29872			NC_089043.1.g29973		NC_089043.1.g29801	NC_089043.1.g29965	4	0	
OG0035407		NC_089043.1.g29912			NC_089043.1.g30018	NC_089043.1.g30298		NC_089043.1.g30009	4	0	
OG0035408		NC_089043.1.g29957				NC_089043.1.g30345	NC_089043.1.g29888	NC_089043.1.g30054	4	0	
OG0035409		NC_089043.1.g30042			NC_089043.1.g30142		NC_089043.1.g29973	NC_089043.1.g30140	4	0	
OG0035410		NC_089043.1.g30079		NC_089043.1.g29805			NC_089043.1.g30004	NC_089043.1.g30176	4	0	
OG0035411		NC_089043.1.g30129	NC_089043.1.g30129		NC_089043.1.g30230		NC_089043.1.g30056		4	0	
OG0035412		NC_089043.1.g30154	NC_089043.1.g30149				NC_089043.1.g30073	NC_089043.1.g30245	4	0	
OG0035413		NC_089043.1.g30190		NC_089043.1.g29918		NC_089043.1.g30579		NC_089043.1.g30279	4	0	
OG0035414		NC_089043.1.g30371			NC_089043.1.g30458		NC_089043.1.g30281	NC_089043.1.g30452	4	0	
OG0035415		NC_089043.1.g30399	NC_089043.1.g30373	NC_089043.1.g30122	NC_089043.1.g30485				4	0	
OG0035416		NC_089043.1.g30449	NC_089043.1.g30430			NC_089043.1.g30854		NC_089043.1.g30532	4	0	
OG0035417		NC_089043.1.g30454	NC_089043.1.g30436		NC_089043.1.g30549			NC_089043.1.g30540	4	0	
OG0035418		NC_089043.1.g30458	NC_089043.1.g30440		NC_089043.1.g30552		NC_089043.1.g30364		4	0	
OG0035419		NC_089043.1.g30492	NC_089043.1.g30474		NC_089043.1.g30584			NC_089043.1.g30572	4	0	
OG0035420		NC_089043.1.g30500	NC_089043.1.g30482			NC_089043.1.g30908	NC_089043.1.g30402		4	0	
OG0035421		NC_089043.1.g30601		NC_089043.1.g30323	NC_089043.1.g30688			NC_089043.1.g30680	4	0	
OG0035422		NC_089043.1.g30722		NC_089043.1.g30442	NC_089043.1.g30814		NC_089043.1.g30611		4	0	
OG0035423		NC_089043.1.g30869	NC_089043.1.g30836	NC_089043.1.g30589		NC_089043.1.g31292			4	0	
OG0035424		NC_089043.1.g30944	NC_089043.1.g30910		NC_089043.1.g31048			NC_089043.1.g31019	4	0	
OG0035425		NC_089043.1.g31009	NC_089043.1.g30972				NC_089043.1.g30911	NC_089043.1.g31082	4	0	
OG0035426		NC_089043.1.g31439	NC_089043.1.g31413		NC_089043.1.g31547			NC_089043.1.g31527	4	0	
OG0035427		NC_089043.1.g31463	NC_089043.1.g31438				NC_089043.1.g31378	NC_089043.1.g31551	4	0	
OG0035428		NC_089043.1.g31531		NC_089043.1.g31255		NC_089043.1.g31962		NC_089043.1.g31622	4	0	
OG0035429		NC_089043.1.g31533	NC_089043.1.g31513		NC_089043.1.g31645		NC_089043.1.g31452		4	0	
OG0035430		NC_089043.1.g31550		NC_089043.1.g31274	NC_089043.1.g31662, NC_089043.1.g31663				3	0	
OG0035431		NC_089043.1.g31672		NC_089043.1.g31404	NC_089043.1.g31788		NC_089043.1.g31594		4	0	
OG0035432		NC_089043.1.g31722	NC_089043.1.g31706	NC_089043.1.g31455		NC_089043.1.g32167			4	0	
OG0035433		NC_089043.1.g31854	NC_089043.1.g31836		NC_089043.1.g31990			NC_089043.1.g31971	4	0	
OG0035434		NC_089043.1.g31922	NC_089043.1.g31902				NC_089043.1.g31840	NC_089043.1.g32040	4	0	
OG0035435		NC_089043.1.g31951				NC_089038.1.g17122, NC_089042.1.g28029	NC_089045.1.g36927		3	0	
OG0035436		NC_089043.1.g32054	NC_089043.1.g32032	NC_089043.1.g31788		NC_089043.1.g32496			4	0	
OG0035437		NC_089044.1.g32106		NC_089036.1.g8219, NC_089044.1.g31844		NC_089044.1.g32550			3	0	
OG0035438		NC_089044.1.g32144	NC_089044.1.g32120		NC_089044.1.g32278		NC_089044.1.g32048		4	0	
OG0035439		NC_089044.1.g32158			NC_089044.1.g32288, NC_089044.1.g32479	NC_089044.1.g32598			3	0	
OG0035440		NC_089044.1.g32170	NC_089044.1.g32145		NC_089044.1.g32300	NC_089044.1.g32610			4	0	
OG0035441		NC_089044.1.g32174			NC_089044.1.g32306		NC_089044.1.g32075	NC_089044.1.g32288	4	0	
OG0035442		NC_089044.1.g32240					NC_089042.1.g28438, NC_089044.1.g32141, NC_089044.1.g32154		2	0	
OG0035443		NC_089044.1.g32290	NC_089044.1.g32251		NC_089044.1.g32422		NC_089044.1.g32190		4	0	
OG0035444		NC_089044.1.g32297	NC_089044.1.g32258				NC_089044.1.g32197	NC_089044.1.g32396	4	0	
OG0035445		NC_089044.1.g32328			NC_089044.1.g32460		NC_089044.1.g32229	NC_089044.1.g32425	4	0	
OG0035446		NC_089044.1.g32340		NC_089044.1.g32047		NC_089044.1.g32757	NC_089044.1.g32240		4	0	
OG0035447		NC_089044.1.g32353			NC_089044.1.g32482	NC_089044.1.g32777	NC_089044.1.g32254		4	0	
OG0035448		NC_089044.1.g32377			NC_089044.1.g32496		NC_089044.1.g32272	NC_089044.1.g32466	4	0	
OG0035449		NC_089044.1.g32407			NC_089044.1.g32533	NC_089044.1.g32833	NC_089044.1.g32307		4	0	
OG0035450		NC_089044.1.g32409			NC_089044.1.g32535		NC_089044.1.g32309	NC_089044.1.g32503	4	0	
OG0035451		NC_089044.1.g32410			NC_089044.1.g32536		NC_089044.1.g32310	NC_089044.1.g32504	4	0	
OG0035452		NC_089044.1.g32423			NC_089044.1.g32548		NC_089044.1.g32323	NC_089044.1.g32516	4	0	
OG0035453		NC_089044.1.g32457		NC_089044.1.g32150			NC_089044.1.g32352	NC_089044.1.g32545	4	0	
OG0035454		NC_089044.1.g32507			NC_089044.1.g32628		NC_089044.1.g32396	NC_089044.1.g32593	4	0	
OG0035455		NC_089044.1.g32711			NC_089044.1.g32838		NC_089044.1.g32597	NC_089044.1.g32794	4	0	
OG0035456		NC_089044.1.g32882		NC_089044.1.g32566	NC_089044.1.g32999		NC_089044.1.g32755		4	0	
OG0035457		NC_089044.1.g32908			NC_089044.1.g33030	NC_089044.1.g33338		NC_089044.1.g32989	4	0	
OG0035458		NC_089044.1.g32995		NC_089044.1.g32683	NC_089044.1.g33125			NC_089044.1.g33078	4	0	
OG0035459		NC_089044.1.g33021	NC_089044.1.g32958	NC_089044.1.g32707		NC_089044.1.g33450			4	0	
OG0035460		NC_089044.1.g33034		NC_089044.1.g32715, NC_089044.1.g32717		NC_089044.1.g33461			3	0	
OG0035461		NC_089044.1.g33052	NC_089044.1.g32986				NC_089044.1.g32927	NC_089044.1.g33134	4	0	
OG0035462		NC_089044.1.g33148			NC_089044.1.g33282		NC_089044.1.g33027	NC_089044.1.g33237	4	0	
OG0035463		NC_089044.1.g33297				NC_089044.1.g33747	NC_089044.1.g33190	NC_089044.1.g33402	4	0	
OG0035464		NC_089044.1.g33374	NC_089044.1.g33310				NC_089044.1.g33269	NC_089044.1.g33481	4	0	
OG0035465		NC_089044.1.g33378	NC_089044.1.g33314		NC_089044.1.g33517		NC_089044.1.g33273		4	0	
OG0035466		NC_089044.1.g33400	NC_089044.1.g33334				NC_089044.1.g33291	NC_089044.1.g33503	4	0	
OG0035467		NC_089044.1.g33402	NC_089044.1.g33336		NC_089044.1.g33537		NC_089044.1.g33293		4	0	
OG0035468		NC_089044.1.g33434			NC_089044.1.g33570		NC_089044.1.g33324	NC_089044.1.g33538	4	0	
OG0035469		NC_089044.1.g33445	NC_089044.1.g33373				NC_089044.1.g33341	NC_089044.1.g33555	4	0	
OG0035470		NC_089044.1.g33591	NC_089044.1.g33517				NC_089044.1.g33490	NC_089044.1.g33703	4	0	
OG0035471		NC_089044.1.g33592	NC_089044.1.g33518				NC_089044.1.g33491	NC_089044.1.g33704	4	0	
OG0035472		NC_089044.1.g33605	NC_089044.1.g33530		NC_089044.1.g33748			NC_089044.1.g33718	4	0	
OG0035473		NC_089044.1.g33611	NC_089044.1.g33536		NC_089044.1.g33754	NC_089044.1.g34071			4	0	
OG0035474		NC_089044.1.g33855			NC_089044.1.g34017	NC_089044.1.g34333	NC_089044.1.g33775		4	0	
OG0035475		NC_089044.1.g33879	NC_089044.1.g33800		NC_089044.1.g34040			NC_089044.1.g34008	4	0	
OG0035476		NC_089044.1.g33945	NC_089044.1.g33865		NC_089044.1.g34108			NC_089044.1.g34073	4	0	
OG0035477		NC_089044.1.g34001	NC_089044.1.g33921		NC_089044.1.g34162			NC_089044.1.g34129	4	0	
OG0035478		NC_089044.1.g34153	NC_089044.1.g34068		NC_089044.1.g34308			NC_089044.1.g34281	4	0	
OG0035479		NC_089044.1.g34245		NC_089044.1.g33938	NC_089044.1.g34401			NC_089044.1.g34373	4	0	
OG0035480		NC_089044.1.g34255	NC_089044.1.g34171				NC_089044.1.g34172	NC_089044.1.g34383	4	0	
OG0035481		NC_089045.1.g34404	NC_089045.1.g34320				NC_089045.1.g34322	NC_089045.1.g34529	4	0	
OG0035482		NC_089045.1.g34450, NC_089046.1.g37227				NC_089045.1.g34929	NC_089045.1.g34364		3	0	
OG0035483		NC_089045.1.g34528	NC_089045.1.g34447				NC_089035.1.g1959, NC_089045.1.g34441		3	0	
OG0035484		NC_089045.1.g34656	NC_089045.1.g34573		NC_089045.1.g34814			NC_089045.1.g34779	4	0	
OG0035485		NC_089045.1.g34818		NC_089045.1.g34512			NC_089045.1.g34720	NC_089045.1.g34937	4	0	
OG0035486		NC_089045.1.g34875	NC_089045.1.g34787		NC_089045.1.g35023		NC_089045.1.g34778		4	0	
OG0035487		NC_089045.1.g34975	NC_089045.1.g34895	NC_089045.1.g34674				NC_089045.1.g35104	4	0	
OG0035488		NC_089045.1.g35058			NC_089045.1.g35211		NC_089045.1.g34976	NC_089045.1.g35195	4	0	
OG0035489		NC_089045.1.g35059			NC_089045.1.g35212		NC_089045.1.g34977	NC_089045.1.g35196	4	0	
OG0035490		NC_089045.1.g35117	NC_089045.1.g35023		NC_089045.1.g35275		NC_089045.1.g35038		4	0	
OG0035491		NC_089045.1.g35122	NC_089045.1.g35027		NC_089045.1.g35281		NC_089045.1.g35043		4	0	
OG0035492		NC_089045.1.g35123	NC_089045.1.g35028		NC_089045.1.g35282		NC_089045.1.g35044		4	0	
OG0035493		NC_089045.1.g35125	NC_089045.1.g35030		NC_089045.1.g35284		NC_089045.1.g35046		4	0	
OG0035494		NC_089045.1.g35160	NC_089045.1.g35066		NC_089045.1.g35320			NC_089045.1.g35295	4	0	
OG0035495		NC_089045.1.g35175			NC_089045.1.g35336		NC_089045.1.g35100	NC_089045.1.g35314	4	0	
OG0035496		NC_089045.1.g35191		NC_089045.1.g34898	NC_089041.1.g24167	NC_089045.1.g35666			4	0	
OG0035497		NC_089045.1.g35221	NC_089045.1.g35140			NC_089045.1.g35699		NC_089045.1.g35359	4	0	
OG0035498		NC_089045.1.g35232	NC_089045.1.g35152		NC_089045.1.g35380	NC_089045.1.g35711			4	0	
OG0035499		NC_089045.1.g35233	NC_089045.1.g35153		NC_089045.1.g35381	NC_089045.1.g35712			4	0	
OG0035500		NC_089045.1.g35270	NC_089045.1.g35192		NC_089045.1.g35426	NC_089045.1.g35748			4	0	
OG0035501		NC_089045.1.g35313	NC_089045.1.g35237		NC_089045.1.g35469		NC_089045.1.g35232		4	0	
OG0035502		NC_089045.1.g35367	NC_089045.1.g35294		NC_089045.1.g35525		NC_089045.1.g35279		4	0	
OG0035503		NC_089045.1.g35398	NC_089045.1.g35327	NC_089045.1.g35091	NC_089045.1.g35558				4	0	
OG0035504		NC_089045.1.g35455	NC_089045.1.g35385		NC_089045.1.g35619		NC_089045.1.g35364		4	0	
OG0035505		NC_089045.1.g35514	NC_089045.1.g35442		NC_089045.1.g35682	NC_089045.1.g36007			4	0	
OG0035506		NC_089045.1.g35641	NC_089045.1.g35566			NC_089042.1.g28479	NC_089045.1.g35550		4	0	
OG0035507		NC_089045.1.g35719			NC_089045.1.g35886		NC_089045.1.g35624	NC_089045.1.g35858	4	0	
OG0035508		NC_089045.1.g35752		NC_089045.1.g35454	NC_089045.1.g35920	NC_089045.1.g36261			4	0	
OG0035509		NC_089045.1.g35763			NC_089045.1.g35929		NC_089045.1.g35667	NC_089045.1.g35897	4	0	
OG0035510		NC_089045.1.g35775		NC_089045.1.g35476		NC_089045.1.g36282		NC_089045.1.g35909	4	0	
OG0035511		NC_089045.1.g35792			NC_089045.1.g35959		NC_089045.1.g35695	NC_089045.1.g35926	4	0	
OG0035512		NC_089045.1.g35824	NC_089045.1.g35750		NC_089045.1.g35997			NC_089045.1.g35962	4	0	
OG0035513		NC_089045.1.g35890	NC_089045.1.g35812			NC_089045.1.g36405		NC_089045.1.g36025	4	0	
OG0035514		NC_089045.1.g35915	NC_089045.1.g35837				NC_089045.1.g35814	NC_089045.1.g36049	4	0	
OG0035515		NC_089045.1.g36012		NC_089045.1.g35703	NC_089045.1.g36182	NC_089045.1.g36525			4	0	
OG0035516		NC_089045.1.g36078	NC_089045.1.g35988		NC_089045.1.g36250		NC_089045.1.g35962		4	0	
OG0035517		NC_089045.1.g36083	NC_089045.1.g35993		NC_089045.1.g36255		NC_089045.1.g35967		4	0	
OG0035518		NC_089045.1.g36085	NC_089045.1.g35995	NC_089045.1.g35777			NC_089045.1.g35969		4	0	
OG0035519		NC_089045.1.g36180		NC_089045.1.g35884	NC_089045.1.g36365		NC_089045.1.g36082		4	0	
OG0035520		NC_089045.1.g36229			NC_089045.1.g36414	NC_089046.1.g38858		NC_089046.1.g38405	4	0	
OG0035521		NC_089045.1.g36230			NC_089040.1.g21081, NC_089045.1.g36415			NC_089045.1.g36365	3	0	
OG0035522		NC_089045.1.g36257	NC_089045.1.g36181		NC_089045.1.g36443		NC_089045.1.g36153		4	0	
OG0035523		NC_089045.1.g36297, NC_089045.1.g36298	NC_089045.1.g36225		NC_089045.1.g36487				3	0	
OG0035524		NC_089045.1.g36434	NC_089045.1.g36363		NC_089045.1.g36628			NC_089045.1.g36548	4	0	
OG0035525		NC_089045.1.g36441	NC_089045.1.g36370				NC_089045.1.g36332	NC_089045.1.g36554	4	0	
OG0035526		NC_089045.1.g36525	NC_089045.1.g36459		NC_089045.1.g36714			NC_089045.1.g36637	4	0	
OG0035527		NC_089045.1.g36560			NC_089045.1.g36746	NC_089045.1.g37063		NC_089045.1.g36667	4	0	
OG0035528		NC_089045.1.g36645	NC_089045.1.g36568		NC_089045.1.g36832		NC_089045.1.g36547		4	0	
OG0035529		NC_089045.1.g36713	NC_089045.1.g36637			NC_089045.1.g37224		NC_089045.1.g36829	4	0	
OG0035530		NC_089045.1.g36833	NC_089045.1.g36762			NC_089045.1.g37350		NC_089045.1.g36941	4	0	
OG0035531		NC_089045.1.g36896	NC_089045.1.g36817			NC_089045.1.g37415		NC_089045.1.g37001	4	0	
OG0035532		NC_089045.1.g37044		NC_089045.1.g36682		NC_089045.1.g37568	NC_089045.1.g36954		4	0	
OG0035533		NC_089046.1.g37216	NC_089046.1.g37145		NC_089046.1.g37392			NC_089046.1.g37321	4	0	
OG0035534		NC_089046.1.g37248	NC_089046.1.g37178		NC_089046.1.g37426		NC_089046.1.g37148		4	0	
OG0035535		NC_089046.1.g37261	NC_089046.1.g37193			NC_089046.1.g37788		NC_089046.1.g37370	4	0	
OG0035536		NC_089046.1.g37503			NC_089046.1.g37682		NC_089046.1.g37399	NC_089046.1.g37611	4	0	
OG0035537		NC_089046.1.g37515	NC_089046.1.g37447		NC_089046.1.g37695		NC_089046.1.g37414		4	0	
OG0035538		NC_089046.1.g37553	NC_089046.1.g37488	NC_089046.1.g37183		NC_089046.1.g38084			4	0	
OG0035539		NC_089046.1.g37758	NC_089046.1.g37695		NC_089046.1.g37952	NC_089046.1.g38294			4	0	
OG0035540		NC_089046.1.g37808	NC_089046.1.g37746	NC_089046.1.g37430		NC_089046.1.g38343			4	0	
OG0035541		NC_089046.1.g37880	NC_089046.1.g37817		NC_089046.1.g38078			NC_089046.1.g37992	4	0	
OG0035542		NC_089046.1.g37884, NC_089046.1.g37903						NC_089046.1.g37994, NC_089046.1.g38007	2	0	
OG0035543		NC_089046.1.g37889, NC_089046.1.g37908		NC_089046.1.g37514		NC_089046.1.g38428			3	0	
OG0035544		NC_089046.1.g37924		NC_089046.1.g37551	NC_089046.1.g38107			NC_089046.1.g38027	4	0	
OG0035545		NC_089046.1.g37934				NC_089036.1.g8358	NC_089046.1.g37830	NC_089046.1.g38038	4	0	
OG0035546		NC_089046.1.g37939			NC_089046.1.g38124		NC_089046.1.g37836	NC_089046.1.g38045	4	0	
OG0035547		NC_089046.1.g37988			NC_089046.1.g38176		NC_089046.1.g37880	NC_089046.1.g38097	4	0	
OG0035548		NC_089046.1.g37991	NC_089038.1.g14635, NC_089046.1.g37919				NC_089046.1.g37883		3	0	
OG0035549		NC_089046.1.g37995			NC_089046.1.g38182	NC_089046.1.g38533		NC_089046.1.g38103	4	0	
OG0035550		NC_089046.1.g38123		NC_089046.1.g37746		NC_089046.1.g38659		NC_089046.1.g38221	4	0	
OG0035551		NC_089046.1.g38161			NC_089046.1.g38341		NC_089046.1.g38048	NC_089046.1.g38250	4	0	
OG0035552		NC_089046.1.g38166				NC_089043.1.g30695	NC_089043.1.g30220	NC_089043.1.g30384	4	0	
OG0035553		NC_089046.1.g38189		NC_089046.1.g37798			NC_089046.1.g38068	NC_089046.1.g38271	4	0	
OG0035554		NC_089046.1.g38192	NC_089042.1.g27742		NC_089036.1.g8627, NC_089042.1.g27836				3	0	
OG0035555		NC_089046.1.g38205	NC_089046.1.g38121		NC_089046.1.g38383			NC_089046.1.g38287	4	0	
OG0035556		NC_089046.1.g38271		NC_089046.1.g37877		NC_089046.1.g38800		NC_089046.1.g38348	4	0	
OG0035557		NC_089046.1.g38284		NC_089046.1.g37892				NC_089038.1.g14714, NC_089046.1.g38362	3	0	
OG0035558		NC_089046.1.g38342	NC_089046.1.g38250	NC_089046.1.g37950				NC_089046.1.g38424	4	0	
OG0035559		NC_089046.1.g38353		NC_089046.1.g37960		NC_089046.1.g38880		NC_089046.1.g38432	4	0	
OG0035560		NC_089046.1.g38428	NC_089046.1.g38330		NC_089046.1.g38619		NC_089046.1.g38289		4	0	
OG0035561		NC_089046.1.g38430		NC_089046.1.g38035	NC_089046.1.g38621		NC_089046.1.g38291		4	0	
OG0035562		NC_089046.1.g38440	NC_089046.1.g38341	NC_089046.1.g38046	NC_089046.1.g38630				4	0	
OG0035563		NC_089046.1.g38467		NC_089046.1.g38073	NC_089046.1.g38662	NC_089046.1.g39001			4	0	
OG0035564		NC_089046.1.g38470		NC_089046.1.g38075	NC_089046.1.g38665	NC_089046.1.g39003			4	0	
OG0035565		NC_089046.1.g38488	NC_089046.1.g38390	NC_089046.1.g38092		NC_089046.1.g39023			4	0	
OG0035566		NC_089046.1.g38508		NC_089046.1.g38119		NC_089046.1.g39051	NC_089046.1.g38366		4	0	
OG0035567		NC_089046.1.g38535		NC_089046.1.g38142	NC_089046.1.g38729		NC_089046.1.g38390		4	0	
OG0035568		NC_089046.1.g38705				NC_089046.1.g39251	NC_089046.1.g38566	NC_089046.1.g38790	4	0	
OG0035569		NC_089046.1.g38851			NC_089046.1.g39036	NC_089046.1.g39397	NC_089046.1.g38707		4	0	
OG0035570		NC_089046.1.g38962	NC_089046.1.g38857				NC_089046.1.g38819	NC_089046.1.g39044	4	0	
OG0035571		NC_089046.1.g39242	NC_089046.1.g39137	NC_089046.1.g38828				NC_089046.1.g39324	4	0	
OG0035572		NC_089046.1.g39258	NC_089046.1.g39153		NC_089046.1.g39444			NC_089046.1.g39338	4	0	
OG0035573		NC_089046.1.g39309	NC_089046.1.g39203		NC_089046.1.g39496			NC_089046.1.g39387	4	0	
OG0035574		NC_089046.1.g39315		NC_089046.1.g38896	NC_089046.1.g39502	NC_089046.1.g39864			4	0	
OG0035575		NC_089046.1.g39415	NC_089046.1.g39307	NC_089046.1.g38995				NC_089046.1.g39490	4	0	
OG0035576			NC_089035.1.g323		NC_089035.1.g325		NC_089035.1.g330	NC_089035.1.g332	4	0	
OG0035577			NC_089035.1.g352		NC_089035.1.g354		NC_089035.1.g356	NC_089035.1.g360	4	0	
OG0035578			NC_089035.1.g654		NC_089035.1.g655	NC_089035.1.g692	NC_089035.1.g655		4	0	
OG0035579			NC_089035.1.g1251		NC_089035.1.g1265		NC_089035.1.g1261	NC_089035.1.g1264	4	0	
OG0035580			NC_089035.1.g1456	NC_089035.1.g1471	NC_089035.1.g1468	NC_089035.1.g1495			4	0	
OG0035581			NC_089035.1.g1543		NC_089035.1.g1547		NC_089035.1.g1535	NC_089035.1.g1541	4	0	
OG0035582			NC_089035.1.g1576		NC_089035.1.g1580, NC_089046.1.g38275		NC_089035.1.g1569		3	0	
OG0035583			NC_089035.1.g1625			NC_089035.1.g1663	NC_089035.1.g1614	NC_089035.1.g1617	4	0	
OG0035584			NC_089035.1.g1672	NC_089035.1.g1673		NC_089035.1.g1710		NC_089035.1.g1663	4	0	
OG0035585			NC_089035.1.g1964		NC_089035.1.g1979		NC_089035.1.g1958	NC_089035.1.g1970	4	0	
OG0035586			NC_089035.1.g2109	NC_089035.1.g2106			NC_089035.1.g2104	NC_089035.1.g2098	4	0	
OG0035588			NC_089035.1.g2482				NC_089035.1.g2484	NC_089035.1.g2457, NC_089035.1.g4450	3	0	
OG0035589			NC_089035.1.g2526	NC_089035.1.g2513			NC_089035.1.g2525	NC_089035.1.g2502	4	0	
OG0035590			NC_089035.1.g2844		NC_089035.1.g2839	NC_089035.1.g2875	NC_089035.1.g2829		4	0	
OG0035591			NC_089035.1.g2867		NC_089035.1.g2859		NC_089035.1.g2848	NC_089035.1.g2838	4	0	
OG0035592			NC_089035.1.g3031	NC_089035.1.g2993		NC_089035.1.g3065	NC_089035.1.g3014		4	0	
OG0035593			NC_089035.1.g3434		NC_089035.1.g3426, NC_089044.1.g33513			NC_089035.1.g3410	3	0	
OG0035594			NC_089035.1.g3769		NC_089035.1.g3753	NC_089035.1.g3813	NC_089035.1.g3737		4	0	
OG0035595			NC_089035.1.g3770		NC_089035.1.g3754	NC_089035.1.g3814	NC_089035.1.g3738		4	0	
OG0035596			NC_089035.1.g3817	NC_089035.1.g3753			NC_089036.1.g8015	NC_089036.1.g8040	4	0	
OG0035597			NC_089035.1.g3889		NC_089035.1.g3873	NC_089035.1.g3936		NC_089035.1.g3859	4	0	
OG0035598			NC_089035.1.g4357		NC_089035.1.g4344		NC_089035.1.g4313	NC_089035.1.g4320	4	0	
OG0035599			NC_089035.1.g4507	NC_089035.1.g4436		NC_089035.1.g4547	NC_089035.1.g4464		4	0	
OG0035600			NC_089035.1.g4542	NC_089035.1.g4467	NC_089035.1.g4525	NC_089035.1.g4579			4	0	
OG0035601			NC_089035.1.g5015		NC_089035.1.g5005		NC_089035.1.g4977	NC_089035.1.g4984	4	0	
OG0035602			NC_089036.1.g5335, NC_089036.1.g5337		NC_089036.1.g5332		NC_089036.1.g5293		3	0	
OG0035603			NC_089036.1.g5396		NC_089036.1.g5391			NC_089036.1.g5360, NC_089036.1.g5363	3	0	
OG0035604			NC_089036.1.g5602		NC_089036.1.g5594		NC_089036.1.g5555	NC_089036.1.g5565	4	0	
OG0035605			NC_089036.1.g5977	NC_089036.1.g5913		NC_089036.1.g6027		NC_089036.1.g5978	4	0	
OG0035606			NC_089036.1.g6131		NC_089036.1.g6115		NC_089036.1.g6081	NC_089036.1.g6129	4	0	
OG0035607			NC_089036.1.g6284		NC_089036.1.g6266	NC_089036.1.g6343	NC_089036.1.g6231		4	0	
OG0035608			NC_089036.1.g6327	NC_089036.1.g6267	NC_089036.1.g6314	NC_089036.1.g6395			4	0	
OG0035609			NC_089036.1.g6442		NC_089036.1.g6431	NC_089037.1.g10731	NC_089037.1.g10609		4	0	
OG0035610			NC_089036.1.g6696			NC_089036.1.g6797	NC_089036.1.g6665	NC_089036.1.g6718	4	0	
OG0035611			NC_089036.1.g6730		NC_089036.1.g6734		NC_089036.1.g6701	NC_089036.1.g6754	4	0	
OG0035612			NC_089036.1.g6743		NC_089036.1.g6748			NC_089036.1.g6767, NC_089046.1.g38159	3	0	
OG0035613			NC_089036.1.g6794	NC_089036.1.g6739	NC_089036.1.g6796		NC_089036.1.g6762		4	0	
OG0035614			NC_089036.1.g6827		NC_089036.1.g6832	NC_089036.1.g6928		NC_089036.1.g6853	4	0	
OG0035615			NC_089036.1.g6887		NC_089036.1.g6894		NC_089036.1.g6856	NC_089036.1.g6914	4	0	
OG0035616			NC_089036.1.g7575		NC_089036.1.g7588		NC_089036.1.g7584	NC_089036.1.g7618	4	0	
OG0035617			NC_089036.1.g7639	NC_089036.1.g7594	NC_089036.1.g7648	NC_089036.1.g7748			4	0	
OG0035618			NC_089036.1.g8946, NC_089037.1.g9749				NC_089036.1.g8955, NC_089037.1.g9745		2	0	
OG0035619			NC_089036.1.g9263	NC_089036.1.g9225		NC_089036.1.g9387		NC_089036.1.g9287	4	0	
OG0035620			NC_089037.1.g9648	NC_089037.1.g9611			NC_089037.1.g9645	NC_089037.1.g9674	4	0	
OG0035621			NC_089037.1.g9727		NC_089037.1.g9727		NC_089037.1.g9723	NC_089037.1.g9754	4	0	
OG0035622			NC_089037.1.g9752		NC_089037.1.g9754		NC_089037.1.g9748	NC_089037.1.g9778	4	0	
OG0035623			NC_089037.1.g9813	NC_089037.1.g9773			NC_089037.1.g9811	NC_089037.1.g9847	4	0	
OG0035624			NC_089037.1.g9954		NC_089037.1.g9969		NC_089037.1.g9954	NC_089037.1.g9992	4	0	
OG0035625			NC_089037.1.g10022		NC_089037.1.g10038		NC_089037.1.g10024	NC_089037.1.g10062	4	0	
OG0035626			NC_089037.1.g10053		NC_089037.1.g10068		NC_089037.1.g10054	NC_089037.1.g10092	4	0	
OG0035627			NC_089037.1.g10073		NC_089037.1.g10089		NC_089037.1.g10074	NC_089037.1.g10113	4	0	
OG0035628			NC_089037.1.g10112		NC_089037.1.g10124	NC_089037.1.g10246	NC_089037.1.g10116		4	0	
OG0035629			NC_089037.1.g10163		NC_089037.1.g10173		NC_089037.1.g10169	NC_089037.1.g10205	4	0	
OG0035630			NC_089037.1.g10169		NC_089037.1.g10179		NC_089037.1.g10174	NC_089037.1.g10211	4	0	
OG0035631			NC_089037.1.g10449		NC_089037.1.g10463		NC_089037.1.g10463	NC_089037.1.g10497	4	0	
OG0035632			NC_089037.1.g10717	NC_089037.1.g10678			NC_089042.1.g27722	NC_089042.1.g27800	4	0	
OG0035633			NC_089037.1.g10724	NC_089037.1.g10685	NC_089037.1.g10739			NC_089037.1.g10775	4	0	
OG0035634			NC_089037.1.g10935	NC_089037.1.g10893	NC_089037.1.g10949			NC_089037.1.g10987	4	0	
OG0035635			NC_089037.1.g11094		NC_089037.1.g11113	NC_089037.1.g11232		NC_089037.1.g11150	4	0	
OG0035636			NC_089037.1.g11744	NC_089037.1.g11682, NC_089040.1.g23279		NC_089037.1.g11868			3	0	
OG0035637			NC_089037.1.g11771	NC_089037.1.g11706		NC_089037.1.g11896		NC_089037.1.g11822	4	0	
OG0035638			NC_089037.1.g12099		NC_089037.1.g12103		NC_089037.1.g12063	NC_089037.1.g12141	4	0	
OG0035639			NC_089037.1.g12481	NC_089037.1.g12404	NC_089037.1.g12488		NC_089037.1.g12458		4	0	
OG0035640			NC_089037.1.g12576	NC_089037.1.g12502			NC_089037.1.g12556	NC_089037.1.g12621	4	0	
OG0035641			NC_089037.1.g12893		NC_089037.1.g12894		NC_089037.1.g12881	NC_089037.1.g12936	4	0	
OG0035642			NC_089037.1.g13047		NC_089037.1.g13052	NC_089037.1.g13186	NC_089037.1.g13035		4	0	
OG0035643			NC_089037.1.g13217		NC_089037.1.g13219	NC_089037.1.g13355		NC_089037.1.g13258	4	0	
OG0035644			NC_089037.1.g13357		NC_089037.1.g13354	NC_089037.1.g13509		NC_089037.1.g13399	4	0	
OG0035645			NC_089037.1.g13419		NC_089037.1.g13417		NC_089037.1.g13406	NC_089037.1.g13462	4	0	
OG0035646			NC_089037.1.g13471	NC_089037.1.g13407	NC_089037.1.g13468	NC_089037.1.g13625			4	0	
OG0035647			NC_089037.1.g13661		NC_089037.1.g13657		NC_089037.1.g13649	NC_089037.1.g13706	4	0	
OG0035648			NC_089038.1.g14136	NC_089038.1.g14073		NC_089038.1.g14290		NC_089038.1.g14183	4	0	
OG0035649			NC_089038.1.g14152		NC_089038.1.g14138		NC_089038.1.g14140	NC_089038.1.g14198	4	0	
OG0035650			NC_089038.1.g14246, NC_089045.1.g34897			NC_089038.1.g14411, NC_089045.1.g35450			2	0	
OG0035651			NC_089038.1.g14505	NC_089038.1.g14440	NC_089038.1.g14514	NC_089038.1.g14685			4	0	
OG0035652			NC_089038.1.g14506	NC_089038.1.g14441	NC_089038.1.g14515	NC_089038.1.g14686			4	0	
OG0035653			NC_089038.1.g14543		NC_089038.1.g14552	NC_089038.1.g14723	NC_089038.1.g14550		4	0	
OG0035654			NC_089038.1.g14558	NC_089038.1.g14488	NC_089038.1.g14565	NC_089038.1.g14733			4	0	
OG0035655			NC_089038.1.g14577		NC_089038.1.g14582	NC_089038.1.g14751		NC_089038.1.g14642	4	0	
OG0035656			NC_089038.1.g14584			NC_089038.1.g14758	NC_089038.1.g14583	NC_089038.1.g14649	4	0	
OG0035657			NC_089038.1.g14599	NC_089038.1.g14530	NC_089038.1.g14602	NC_089038.1.g14776			4	0	
OG0035658			NC_089038.1.g14604, NC_089038.1.g14607		NC_089038.1.g14612	NC_089038.1.g14785			3	0	
OG0035659			NC_089038.1.g14658	NC_089038.1.g14602		NC_089038.1.g14844	NC_089038.1.g14657		4	0	
OG0035660			NC_089038.1.g14985		NC_089038.1.g15011		NC_089038.1.g15015	NC_089038.1.g15064	4	0	
OG0035661			NC_089038.1.g15010	NC_089038.1.g14960	NC_089038.1.g15035			NC_089038.1.g15087	4	0	
OG0035662			NC_089038.1.g15082		NC_089038.1.g15116		NC_089038.1.g15117	NC_089038.1.g15151	4	0	
OG0035663			NC_089038.1.g15116		NC_089038.1.g15146		NC_089038.1.g15146	NC_089038.1.g15173	4	0	
OG0035664			NC_089038.1.g15493	NC_089038.1.g15455		NC_089038.1.g15710	NC_089038.1.g15527		4	0	
OG0035665			NC_089038.1.g15555	NC_089038.1.g15517	NC_089038.1.g15601	NC_089038.1.g15769			4	0	
OG0035666			NC_089038.1.g15631	NC_089038.1.g15593			NC_089038.1.g15662	NC_089038.1.g15684	4	0	
OG0035667			NC_089038.1.g16403		NC_089038.1.g16441		NC_089038.1.g16445	NC_089038.1.g16453	4	0	
OG0035668			NC_089038.1.g16558	NC_089046.1.g37768			NC_089038.1.g16591	NC_089045.1.g36288	4	0	
OG0035669			NC_089038.1.g17221	NC_089038.1.g17155			NC_089038.1.g17232	NC_089038.1.g17257	4	0	
OG0035670			NC_089038.1.g17411	NC_089038.1.g17346				NC_089035.1.g2556, NC_089038.1.g17445	3	0	
OG0035671			NC_089039.1.g17571	NC_089039.1.g17508		NC_089039.1.g17797		NC_089039.1.g17606	4	0	
OG0035672			NC_089039.1.g17646	NC_089039.1.g17588		NC_089039.1.g17879		NC_089039.1.g17684	4	0	
OG0035673			NC_089039.1.g18249		NC_089039.1.g18300	NC_089039.1.g18498		NC_089039.1.g18299	4	0	
OG0035674			NC_089039.1.g18440		NC_089039.1.g18569	NC_089039.1.g18765		NC_089041.1.g25630	4	0	
OG0035675			NC_089039.1.g18522	NC_089039.1.g18459	NC_089039.1.g18581			NC_089039.1.g18587	4	0	
OG0035676			NC_089039.1.g18845		NC_089039.1.g18906		NC_089039.1.g18886	NC_089039.1.g18904	4	0	
OG0035677			NC_089039.1.g19018	NC_089039.1.g18954			NC_089039.1.g19058	NC_089039.1.g19068	4	0	
OG0035678			NC_089039.1.g19233		NC_089039.1.g19286		NC_089039.1.g19267	NC_089039.1.g19278	4	0	
OG0035679			NC_089039.1.g19245	NC_089039.1.g19167	NC_089039.1.g19298	NC_089039.1.g19514			4	0	
OG0035680			NC_089039.1.g19301	NC_089039.1.g19221	NC_089039.1.g19357	NC_089039.1.g19564			4	0	
OG0035681			NC_089039.1.g19321	NC_089039.1.g19241, NC_089041.1.g26220	NC_089039.1.g19376				3	0	
OG0035682			NC_089039.1.g19418		NC_089039.1.g19472	NC_089039.1.g19684	NC_089039.1.g19440		4	0	
OG0035683			NC_089039.1.g19528	NC_089039.1.g19454	NC_089039.1.g19570			NC_089039.1.g19561	4	0	
OG0035684			NC_089039.1.g19579		NC_089039.1.g19626		NC_089039.1.g19590	NC_089039.1.g19613	4	0	
OG0035685			NC_089039.1.g19697, NC_089042.1.g28747		NC_089039.1.g19750, NC_089042.1.g28833				2	0	
OG0035686			NC_089039.1.g19698, NC_089042.1.g28746	NC_089039.1.g19628	NC_089042.1.g28832				3	0	
OG0035687			NC_089039.1.g19728		NC_089039.1.g19783	NC_089039.1.g20007	NC_089039.1.g19742		4	0	
OG0035688			NC_089039.1.g19748		NC_089039.1.g19805		NC_089039.1.g19755	NC_089039.1.g19777	4	0	
OG0035689			NC_089039.1.g19764		NC_089039.1.g19820	NC_089039.1.g20036		NC_089039.1.g19792	4	0	
OG0035690			NC_089039.1.g20359	NC_089039.1.g20287		NC_089039.1.g20630		NC_089039.1.g20382	4	0	
OG0035691			NC_089039.1.g20374				NC_089035.1.g205, NC_089038.1.g16109, NC_089039.1.g20366		2	0	
OG0035692			NC_089040.1.g20753	NC_089040.1.g20675	NC_089040.1.g20823		NC_089040.1.g20742		4	0	
OG0035693			NC_089040.1.g21562, NC_089041.1.g25548		NC_089040.1.g21629			NC_089041.1.g25582	3	0	
OG0035694			NC_089040.1.g21614		NC_089040.1.g21679		NC_089040.1.g21602	NC_089040.1.g21624	4	0	
OG0035695			NC_089040.1.g21666		NC_089040.1.g21731		NC_089040.1.g21651	NC_089040.1.g21675	4	0	
OG0035696			NC_089040.1.g21672		NC_089040.1.g21736		NC_089040.1.g21657	NC_089040.1.g21681	4	0	
OG0035697			NC_089040.1.g21679		NC_089035.1.g2080, NC_089040.1.g21745			NC_089040.1.g21688	3	0	
OG0035698			NC_089040.1.g21682		NC_089040.1.g21748		NC_089040.1.g21668	NC_089040.1.g21691	4	0	
OG0035699			NC_089040.1.g21872	NC_089040.1.g21750		NC_089040.1.g22141		NC_089040.1.g21887	4	0	
OG0035700			NC_089040.1.g21895	NC_089040.1.g21773		NC_089040.1.g22167		NC_089040.1.g21912	4	0	
OG0035701			NC_089040.1.g22085				NC_089040.1.g22057, NC_089040.1.g22368	NC_089040.1.g22092	3	0	
OG0035702			NC_089040.1.g22253		NC_089040.1.g22334	NC_089040.1.g22539		NC_089040.1.g22265	4	0	
OG0035703			NC_089040.1.g22289	NC_089040.1.g22147		NC_089040.1.g22571	NC_089040.1.g22259		4	0	
OG0035704			NC_089040.1.g22307		NC_089040.1.g22392	NC_089040.1.g22590		NC_089041.1.g25692	4	0	
OG0035705			NC_089040.1.g22355			NC_089040.1.g22638	NC_089040.1.g22324	NC_089040.1.g22364	4	0	
OG0035706			NC_089040.1.g22356			NC_089040.1.g22639	NC_089040.1.g22325	NC_089040.1.g22365	4	0	
OG0035707			NC_089040.1.g22364		NC_089040.1.g22445	NC_089040.1.g22650		NC_089040.1.g22375	4	0	
OG0035708			NC_089040.1.g22467		NC_089040.1.g22555		NC_089040.1.g22438	NC_089040.1.g22474	4	0	
OG0035709			NC_089040.1.g22591		NC_089040.1.g22673		NC_089040.1.g22549	NC_089040.1.g22592	4	0	
OG0035710			NC_089040.1.g22827	NC_089040.1.g22650	NC_089040.1.g22902		NC_089040.1.g22785		4	0	
OG0035711			NC_089040.1.g22871		NC_089040.1.g22952	NC_089040.1.g23165	NC_089040.1.g22838		4	0	
OG0035712			NC_089040.1.g22886, NC_089040.1.g22889		NC_089040.1.g22973			NC_089040.1.g22897	3	0	
OG0035713			NC_089040.1.g22899		NC_089040.1.g22983	NC_089040.1.g23191		NC_089040.1.g22906	4	0	
OG0035714			NC_089040.1.g22955		NC_089040.1.g23035		NC_089040.1.g22913	NC_089040.1.g22958	4	0	
OG0035715			NC_089040.1.g23316	NC_089040.1.g23141	NC_089040.1.g23405		NC_089040.1.g23285		4	0	
OG0035716			NC_089040.1.g23352	NC_089040.1.g23177	NC_089040.1.g23436			NC_089040.1.g23359	4	0	
OG0035717			NC_089040.1.g23550		NC_089040.1.g23639		NC_089040.1.g23521	NC_089040.1.g23562	4	0	
OG0035718			NC_089041.1.g23945		NC_089041.1.g24022	NC_089041.1.g24231		NC_089041.1.g23942	4	0	
OG0035719			NC_089041.1.g23991		NC_089041.1.g24068		NC_089041.1.g23941	NC_089041.1.g23986	4	0	
OG0035720			NC_089041.1.g24017		NC_089041.1.g24095		NC_089041.1.g23966	NC_089041.1.g24012	4	0	
OG0035721			NC_089041.1.g24437			NC_089041.1.g24740	NC_089041.1.g24393	NC_089041.1.g24447	4	0	
OG0035722			NC_089041.1.g24723		NC_089041.1.g24826		NC_089041.1.g24686	NC_089041.1.g24735	4	0	
OG0035723			NC_089041.1.g24724	NC_089041.1.g24561		NC_089041.1.g25027	NC_089041.1.g24687		4	0	
OG0035724			NC_089041.1.g24725		NC_089041.1.g24828		NC_089041.1.g24688	NC_089041.1.g24737	4	0	
OG0035725			NC_089041.1.g24989	NC_089041.1.g24831	NC_089041.1.g25099		NC_089041.1.g24956		4	0	
OG0035726			NC_089041.1.g25166	NC_089041.1.g25011		NC_089041.1.g25495		NC_089041.1.g25194	4	0	
OG0035727			NC_089041.1.g25251		NC_089041.1.g25365		NC_089041.1.g25215	NC_089041.1.g25276	4	0	
OG0035728			NC_089041.1.g25345		NC_089041.1.g26183	NC_089041.1.g25673		NC_089041.1.g25374	4	0	
OG0035729			NC_089041.1.g25441	NC_089041.1.g25275	NC_089041.1.g25550			NC_089041.1.g25473	4	0	
OG0035730			NC_089041.1.g25614	NC_089041.1.g25432		NC_089041.1.g25935	NC_089041.1.g25562		4	0	
OG0035731			NC_089041.1.g26008		NC_089041.1.g26119		NC_089041.1.g25972	NC_089041.1.g26046	4	0	
OG0035732			NC_089041.1.g26186		NC_089041.1.g26302		NC_089041.1.g26150	NC_089041.1.g26224	4	0	
OG0035733			NC_089041.1.g26920		NC_089041.1.g27017	NC_089041.1.g27270		NC_089041.1.g26966	4	0	
OG0035734			NC_089042.1.g27333		NC_089042.1.g27433		NC_089042.1.g27293	NC_089042.1.g27390	4	0	
OG0035735			NC_089042.1.g27456		NC_089042.1.g27555		NC_089042.1.g27417	NC_089042.1.g27514	4	0	
OG0035736			NC_089042.1.g27457		NC_089042.1.g27556		NC_089042.1.g27418	NC_089042.1.g27515	4	0	
OG0035737			NC_089042.1.g27635	NC_089042.1.g27433	NC_089042.1.g27732	NC_089042.1.g27978			4	0	
OG0035738			NC_089042.1.g27774		NC_089042.1.g27868		NC_089042.1.g27745	NC_089042.1.g27823	4	0	
OG0035739			NC_089042.1.g27801		NC_089042.1.g27899		NC_089042.1.g27777	NC_089042.1.g27859	4	0	
OG0035740			NC_089042.1.g27825		NC_089042.1.g27921		NC_089042.1.g27792	NC_089042.1.g27883	4	0	
OG0035741			NC_089042.1.g27870		NC_089042.1.g27966	NC_089042.1.g28220	NC_089042.1.g27834		4	0	
OG0035742			NC_089042.1.g28156		NC_089042.1.g28268	NC_089042.1.g28497	NC_089042.1.g28116		4	0	
OG0035743			NC_089042.1.g28229		NC_089042.1.g28341		NC_089042.1.g28182	NC_089042.1.g28294	4	0	
OG0035744			NC_089042.1.g28275			NC_089042.1.g28622	NC_089042.1.g28230	NC_089042.1.g28341	4	0	
OG0035745			NC_089042.1.g28290		NC_089042.1.g28404	NC_089042.1.g28635		NC_089042.1.g28354	4	0	
OG0035746			NC_089042.1.g28381		NC_089042.1.g28489		NC_089042.1.g28329	NC_089042.1.g28447	4	0	
OG0035747			NC_089042.1.g28497			NC_089042.1.g28832	NC_089042.1.g28441	NC_089042.1.g28565	4	0	
OG0035748			NC_089042.1.g28498		NC_089042.1.g28599		NC_089042.1.g28442	NC_089042.1.g28566	4	0	
OG0035749			NC_089042.1.g28516		NC_089042.1.g28614	NC_089042.1.g28850		NC_089045.1.g35630	4	0	
OG0035750			NC_089042.1.g28538	NC_089042.1.g28277	NC_089042.1.g28639			NC_089042.1.g28600	4	0	
OG0035751			NC_089042.1.g28596	NC_089042.1.g28340			NC_089042.1.g28542	NC_089042.1.g28660	4	0	
OG0035752			NC_089042.1.g28614	NC_089042.1.g28354			NC_089042.1.g28560	NC_089042.1.g28679	4	0	
OG0035753			NC_089042.1.g28657		NC_089042.1.g28747		NC_089042.1.g28603	NC_089042.1.g28720	4	0	
OG0035754			NC_089042.1.g28738		NC_089042.1.g28825	NC_089042.1.g29075		NC_089042.1.g28803	4	0	
OG0035755			NC_089042.1.g28828		NC_089042.1.g28915	NC_089037.1.g13304		NC_089042.1.g28893	4	0	
OG0035756			NC_089042.1.g29259		NC_089042.1.g29351	NC_089042.1.g29602		NC_089042.1.g29319	4	0	
OG0035757			NC_089042.1.g29363, NC_089043.1.g31395				NC_089042.1.g29291, NC_089043.1.g31337		2	0	
OG0035758			NC_089042.1.g29500		NC_089042.1.g29586	NC_089042.1.g29845	NC_089042.1.g29424		4	0	
OG0035759			NC_089042.1.g29777			NC_089035.1.g2014, NC_089042.1.g30135, NC_089043.1.g31875			2	0	
OG0035760			NC_089042.1.g29780			NC_089035.1.g2342, NC_089042.1.g30138	NC_089042.1.g29694		3	0	
OG0035761			NC_089042.1.g29803	NC_089042.1.g29515	NC_089042.1.g29877		NC_089042.1.g29718		4	0	
OG0035762			NC_089043.1.g30272		NC_089043.1.g30373	NC_089043.1.g30679	NC_089043.1.g30203		4	0	
OG0035763			NC_089043.1.g30349	NC_089043.1.g30096	NC_089043.1.g30461			NC_089043.1.g30455	4	0	
OG0035764			NC_089043.1.g30461		NC_089043.1.g30574		NC_089043.1.g30386	NC_089043.1.g30562	4	0	
OG0035765			NC_089043.1.g30528		NC_089043.1.g30640		NC_089043.1.g30448	NC_089043.1.g30635	4	0	
OG0035766			NC_089043.1.g30540	NC_089043.1.g30290		NC_089043.1.g30973	NC_089043.1.g30460		4	0	
OG0035767			NC_089043.1.g30640		NC_089043.1.g30765		NC_089043.1.g30562	NC_089043.1.g30751	4	0	
OG0035768			NC_089043.1.g30642		NC_089043.1.g30767		NC_089043.1.g30564	NC_089043.1.g30753	4	0	
OG0035769			NC_089043.1.g30652		NC_089043.1.g30777		NC_089043.1.g30574	NC_089043.1.g30763	4	0	
OG0035770			NC_089043.1.g30656		NC_089043.1.g30780		NC_089043.1.g30577	NC_089043.1.g30766	4	0	
OG0035771			NC_089043.1.g30671		NC_089043.1.g30797		NC_089043.1.g30594	NC_089043.1.g30782	4	0	
OG0035772			NC_089043.1.g30685		NC_089043.1.g30811		NC_089043.1.g30608	NC_089043.1.g30797	4	0	
OG0035773			NC_089043.1.g30688		NC_089043.1.g30815		NC_089043.1.g30612	NC_089043.1.g30800	4	0	
OG0035774			NC_089043.1.g30692		NC_089043.1.g30819		NC_089043.1.g30618	NC_089043.1.g30803	4	0	
OG0035775			NC_089043.1.g30722		NC_089038.1.g14954, NC_089043.1.g30850			NC_089043.1.g30833	3	0	
OG0035776			NC_089043.1.g30823		NC_089043.1.g30951		NC_089042.1.g27958, NC_089043.1.g30749		3	0	
OG0035777			NC_089043.1.g30824	NC_089043.1.g30576			NC_089043.1.g30750	NC_089043.1.g30937	4	0	
OG0035778			NC_089043.1.g30998		NC_089043.1.g31135		NC_089043.1.g30934	NC_089043.1.g31106	4	0	
OG0035779			NC_089043.1.g31000		NC_089043.1.g31137		NC_089043.1.g30936	NC_089043.1.g31108	4	0	
OG0035780			NC_089043.1.g31214		NC_089043.1.g31343		NC_089043.1.g31149	NC_089043.1.g31318	4	0	
OG0035781			NC_089043.1.g31853		NC_089043.1.g32007		NC_089043.1.g31790	NC_089043.1.g31989	4	0	
OG0035782			NC_089043.1.g31940		NC_089043.1.g32091		NC_089043.1.g31879	NC_089043.1.g32077	4	0	
OG0035783			NC_089044.1.g32077	NC_089044.1.g31835		NC_089044.1.g32542		NC_089044.1.g32217	4	0	
OG0035784			NC_089044.1.g32132	NC_089044.1.g31891	NC_089035.1.g1368			NC_089035.1.g1365	4	0	
OG0035785			NC_089044.1.g32160	NC_089044.1.g31912		NC_089044.1.g32622	NC_089044.1.g32084		4	0	
OG0035786			NC_089044.1.g32273			NC_089044.1.g32736	NC_089044.1.g32213	NC_089044.1.g32409	4	0	
OG0035787			NC_089044.1.g32390	NC_089044.1.g32127	NC_089044.1.g32556			NC_089044.1.g32523	4	0	
OG0035788			NC_089044.1.g32670	NC_089044.1.g32419	NC_089044.1.g32857		NC_089044.1.g32619		4	0	
OG0035789			NC_089044.1.g32691	NC_089044.1.g32435			NC_089044.1.g32633	NC_089044.1.g32831	4	0	
OG0035790			NC_089044.1.g32825	NC_089044.1.g32569			NC_089044.1.g32757	NC_089044.1.g32962	4	0	
OG0035791			NC_089044.1.g32980				NC_089037.1.g12268, NC_089044.1.g32922	NC_089044.1.g33129	3	0	
OG0035792			NC_089044.1.g33223		NC_089044.1.g33423		NC_089044.1.g33172	NC_089044.1.g33383	4	0	
OG0035793			NC_089044.1.g33261				NC_089044.1.g33221, NC_089044.1.g33230	NC_089044.1.g33432	3	0	
OG0035794			NC_089045.1.g34363		NC_089045.1.g34601		NC_089045.1.g34361	NC_089045.1.g34570	4	0	
OG0035795			NC_089045.1.g34423		NC_089045.1.g34660		NC_089045.1.g34416	NC_089045.1.g34629	4	0	
OG0035796			NC_089045.1.g34594		NC_089045.1.g34837	NC_089045.1.g35156		NC_089045.1.g34801	4	0	
OG0035797			NC_089045.1.g34770	NC_089045.1.g34553	NC_089045.1.g35007			NC_089045.1.g34978	4	0	
OG0035798			NC_089045.1.g34771	NC_089045.1.g34554	NC_089045.1.g35008			NC_089045.1.g34979	4	0	
OG0035799			NC_089045.1.g34961		NC_089045.1.g35194		NC_089045.1.g34960	NC_089045.1.g35178	4	0	
OG0035800			NC_089045.1.g35106			NC_089045.1.g35674	NC_089045.1.g35120	NC_089045.1.g35335	4	0	
OG0035801			NC_089045.1.g35198	NC_089045.1.g34972	NC_089045.1.g35432	NC_089045.1.g35755			4	0	
OG0035802			NC_089045.1.g35424		NC_089045.1.g35663		NC_089045.1.g35402	NC_089045.1.g35638	4	0	
OG0035803			NC_089045.1.g35427		NC_089045.1.g35666		NC_089045.1.g35405	NC_089045.1.g35641	4	0	
OG0035804			NC_089045.1.g35489	NC_089036.1.g6754		NC_089045.1.g36056		NC_089045.1.g35698	4	0	
OG0035805			NC_089045.1.g35562	NC_089045.1.g35335	NC_089045.1.g35807			NC_089045.1.g35778	4	0	
OG0035806			NC_089045.1.g35770	NC_089045.1.g35555		NC_089045.1.g36360	NC_089045.1.g35750		4	0	
OG0035807			NC_089045.1.g35901	NC_089045.1.g35677	NC_089045.1.g36156		NC_089045.1.g35879		4	0	
OG0035808			NC_089045.1.g36158		NC_089045.1.g36422	NC_089045.1.g36762		NC_089045.1.g36371	4	0	
OG0035809			NC_089045.1.g36204	NC_089045.1.g35971	NC_089045.1.g36463			NC_089045.1.g36407	4	0	
OG0035810			NC_089045.1.g36601		NC_089045.1.g36866	NC_089045.1.g37186		NC_089045.1.g36786	4	0	
OG0035811			NC_089045.1.g36687	NC_089045.1.g36419			NC_089045.1.g36661	NC_089045.1.g36874	4	0	
OG0035812			NC_089045.1.g36717				NC_089045.1.g36694	NC_089045.1.g35746, NC_089045.1.g36902	3	0	
OG0035813			NC_089045.1.g36977		NC_089045.1.g37224	NC_089045.1.g37577, NC_089045.1.g37583			3	0	
OG0035814			NC_089046.1.g37192		NC_089045.1.g34639, NC_089046.1.g37441			NC_089046.1.g37369	3	0	
OG0035815			NC_089046.1.g37434		NC_089046.1.g37684		NC_089046.1.g37401	NC_089046.1.g37613	4	0	
OG0035816			NC_089046.1.g37439		NC_089046.1.g37689		NC_089046.1.g37406	NC_089046.1.g37618	4	0	
OG0035817			NC_089046.1.g37461	NC_089046.1.g37157		NC_089046.1.g38051		NC_089046.1.g37639	4	0	
OG0035818			NC_089046.1.g37462	NC_089046.1.g37158		NC_089046.1.g38052		NC_089046.1.g37640	4	0	
OG0035819			NC_089046.1.g37744		NC_089046.1.g38002	NC_089046.1.g38342		NC_089046.1.g37922	4	0	
OG0035820			NC_089046.1.g37816	NC_089046.1.g37502		NC_089046.1.g38418	NC_089046.1.g37782		4	0	
OG0035821			NC_089046.1.g37850, NC_089046.1.g37852	NC_089046.1.g37552, NC_089046.1.g37554					2	0	
OG0035822			NC_089046.1.g37957	NC_089046.1.g37653		NC_089046.1.g38572		NC_089046.1.g38137	4	0	
OG0035823			NC_089046.1.g38114		NC_089046.1.g38378		NC_089046.1.g38079	NC_089046.1.g38283	4	0	
OG0035824			NC_089046.1.g38360	NC_089046.1.g38067		NC_089035.1.g1938		NC_089046.1.g38540	4	0	
OG0035825			NC_089046.1.g38457				NC_089046.1.g38415	NC_089046.1.g38629, NC_089046.1.g38638	3	0	
OG0035826			NC_089046.1.g38583	NC_089046.1.g38284	NC_089046.1.g38865			NC_089046.1.g38760	4	0	
OG0035827			NC_089046.1.g38722	NC_089038.1.g14576, NC_089040.1.g23063				NC_089038.1.g14177	3	0	
OG0035828			NC_089046.1.g38855			NC_089046.1.g39510	NC_089046.1.g38817	NC_089046.1.g39042	4	0	
OG0035829			NC_089046.1.g38893		NC_089046.1.g39179		NC_089046.1.g38850	NC_089046.1.g39074	4	0	
OG0035830				NC_089035.1.g124	NC_089035.1.g120	NC_089035.1.g127		NC_089035.1.g123	4	0	
OG0035831				NC_089035.1.g400	NC_089035.1.g393	NC_089035.1.g407	NC_089035.1.g395		4	0	
OG0035833				NC_089035.1.g1416	NC_089035.1.g1414		NC_089035.1.g1402	NC_089035.1.g1412	4	0	
OG0035834				NC_089035.1.g1438	NC_089035.1.g1438		NC_089035.1.g1425	NC_089035.1.g1437	4	0	
OG0035835				NC_089035.1.g1988, NC_089036.1.g6924, NC_089037.1.g11817			NC_089036.1.g6617		2	0	
OG0035837				NC_089035.1.g2271	NC_089035.1.g2279	NC_089035.1.g2321	NC_089035.1.g2269		4	0	
OG0035838				NC_089035.1.g4067, NC_089036.1.g7021	NC_089035.1.g4108		NC_089035.1.g1922		3	0	
OG0035839				NC_089035.1.g4709	NC_089035.1.g4767	NC_089035.1.g4826		NC_089035.1.g4748	4	0	
OG0035840				NC_089036.1.g5549		NC_089036.1.g5680, NC_089042.1.g27819, NC_089042.1.g27822			2	0	
OG0035841				NC_089036.1.g6552	NC_089036.1.g6602	NC_089036.1.g6704	NC_089036.1.g6575		4	0	
OG0035842				NC_089036.1.g6685	NC_089036.1.g6745	NC_089036.1.g6845		NC_089036.1.g6764	4	0	
OG0035843				NC_089036.1.g6800		NC_089036.1.g6961, NC_089038.1.g14363, NC_089045.1.g35679			2	0	
OG0035844				NC_089036.1.g7810	NC_089036.1.g7863	NC_089036.1.g7962		NC_089036.1.g7888	4	0	
OG0035845				NC_089036.1.g8874	NC_089036.1.g8926	NC_089036.1.g9042		NC_089036.1.g8956	4	0	
OG0035846				NC_089037.1.g9684	NC_089037.1.g9725		NC_089037.1.g9721	NC_089037.1.g9752	4	0	
OG0035847				NC_089037.1.g11813	NC_089037.1.g11878	NC_089037.1.g12002		NC_089037.1.g11919	4	0	
OG0035848				NC_089037.1.g12850		NC_089037.1.g13056	NC_089037.1.g12906	NC_089037.1.g12962	4	0	
OG0035849				NC_089038.1.g14186	NC_089038.1.g14255	NC_089038.1.g14416	NC_089038.1.g14255		4	0	
OG0035850				NC_089038.1.g14232	NC_089038.1.g14299	NC_089038.1.g14467	NC_089038.1.g14301		4	0	
OG0035851				NC_089038.1.g14482	NC_089038.1.g14558		NC_089038.1.g14555	NC_089038.1.g14617	4	0	
OG0035852				NC_089038.1.g14887		NC_089038.1.g15134, NC_089038.1.g15138, NC_089038.1.g15142			2	0	
OG0035853				NC_089038.1.g15018	NC_089038.1.g15096	NC_089038.1.g15269, NC_089038.1.g15684			3	0	
OG0035854				NC_089038.1.g15914	NC_089046.1.g38469	NC_089038.1.g16177, NC_089046.1.g39108			3	0	
OG0035855				NC_089038.1.g16186	NC_089036.1.g7644	NC_089039.1.g18693	NC_089039.1.g18477		4	0	
OG0035856				NC_089038.1.g16899	NC_089038.1.g16990	NC_089038.1.g17184		NC_089038.1.g16992	4	0	
OG0035857				NC_089039.1.g17596		NC_089039.1.g17887	NC_089039.1.g17672	NC_089039.1.g17693	4	0	
OG0035858				NC_089039.1.g17807		NC_089039.1.g18104	NC_089039.1.g17883	NC_089039.1.g17910	4	0	
OG0035859				NC_089039.1.g17858	NC_089039.1.g17944		NC_089039.1.g17936	NC_089039.1.g17961	4	0	
OG0035860				NC_089039.1.g18105		NC_089039.1.g18413	NC_089035.1.g2358, NC_089045.1.g34979		3	0	
OG0035861				NC_089039.1.g18653	NC_089039.1.g18766	NC_089039.1.g18977	NC_089039.1.g18744		4	0	
OG0035862				NC_089039.1.g19948, NC_089040.1.g21413		NC_089039.1.g18660		NC_089041.1.g26647	3	0	
OG0035863				NC_089039.1.g19989		NC_089039.1.g20336	NC_089039.1.g20066	NC_089039.1.g20092	4	0	
OG0035864				NC_089040.1.g21383	NC_089038.1.g15849	NC_089038.1.g16019	NC_089038.1.g15839		4	0	
OG0035865				NC_089040.1.g22329	NC_089040.1.g22580	NC_089040.1.g22785	NC_089040.1.g22464		4	0	
OG0035866				NC_089041.1.g25139		NC_089041.1.g25624	NC_089041.1.g25256	NC_089041.1.g25325	4	0	
OG0035867				NC_089041.1.g25678	NC_089041.1.g25997	NC_089041.1.g26201	NC_089041.1.g25837		4	0	
OG0035868				NC_089041.1.g25998	NC_089041.1.g26313		NC_089041.1.g26163	NC_089041.1.g26237	4	0	
OG0035869				NC_089041.1.g26232	NC_089041.1.g26545	NC_089041.1.g26778	NC_089041.1.g26392		4	0	
OG0035870				NC_089042.1.g27140	NC_089042.1.g27432	NC_089042.1.g27681	NC_089042.1.g27291		4	0	
OG0035871				NC_089042.1.g27269, NC_089042.1.g27293			NC_089042.1.g27426, NC_089042.1.g27448		2	0	
OG0035872				NC_089042.1.g27700	NC_089042.1.g28014	NC_089042.1.g28261		NC_089042.1.g27962	4	0	
OG0035873				NC_089042.1.g27894	NC_089042.1.g28231		NC_089042.1.g28079	NC_089042.1.g28181	4	0	
OG0035874				NC_089042.1.g27944	NC_089042.1.g28287	NC_089042.1.g28519		NC_089035.1.g1231	4	0	
OG0035875				NC_089042.1.g28016	NC_089042.1.g28371	NC_089040.1.g22801		NC_089042.1.g28320	4	0	
OG0035876				NC_089042.1.g28057	NC_089042.1.g28417	NC_089042.1.g28647		NC_089042.1.g28368	4	0	
OG0035877				NC_089042.1.g28200, NC_089042.1.g29007	NC_089037.1.g13821	NC_089042.1.g29638			3	0	
OG0035878				NC_089043.1.g29590	NC_089043.1.g29961	NC_089043.1.g30241		NC_089043.1.g29950	4	0	
OG0035879				NC_089043.1.g29734		NC_089043.1.g30383	NC_089043.1.g29928	NC_089043.1.g30094	4	0	
OG0035880				NC_089043.1.g29764	NC_089043.1.g30134	NC_089043.1.g30417	NC_089043.1.g29965		4	0	
OG0035881				NC_089043.1.g30123	NC_089043.1.g30486	NC_089043.1.g30793		NC_089043.1.g30478	4	0	
OG0035882				NC_089043.1.g30135		NC_089043.1.g30805	NC_089043.1.g30312	NC_089043.1.g30489	4	0	
OG0035883				NC_089043.1.g30845	NC_089042.1.g28740	NC_089043.1.g31555		NC_089043.1.g31204	4	0	
OG0035884				NC_089044.1.g32208	NC_089044.1.g32648	NC_089044.1.g32947	NC_089044.1.g32414		4	0	
OG0035885				NC_089044.1.g32274	NC_089044.1.g32716	NC_089044.1.g33019	NC_089044.1.g32484		4	0	
OG0035886				NC_089044.1.g32363		NC_089044.1.g33109	NC_089044.1.g32566	NC_089044.1.g32760	4	0	
OG0035887				NC_089044.1.g32589		NC_089044.1.g33330	NC_089044.1.g32775	NC_089044.1.g32982	4	0	
OG0035888				NC_089044.1.g32829	NC_089044.1.g33279		NC_089044.1.g33025	NC_089044.1.g33235	4	0	
OG0035889				NC_089044.1.g32937	NC_089044.1.g33386	NC_089044.1.g33688		NC_089044.1.g33339	4	0	
OG0035890				NC_089044.1.g33017		NC_089044.1.g33779	NC_089044.1.g33220	NC_089044.1.g33431	4	0	
OG0035891				NC_089044.1.g33140	NC_089044.1.g33587		NC_089044.1.g33340	NC_089044.1.g33554	4	0	
OG0035892				NC_089045.1.g35170	NC_089045.1.g35645		NC_089045.1.g35388	NC_089045.1.g35622	4	0	
OG0035893				NC_089045.1.g35171	NC_089045.1.g35646	NC_089045.1.g35973		NC_089045.1.g35623	4	0	
OG0035894				NC_089045.1.g35259		NC_089045.1.g36063	NC_089045.1.g35469	NC_089045.1.g35705	4	0	
OG0035895				NC_089045.1.g35364	NC_089045.1.g35835		NC_089045.1.g35570	NC_089045.1.g35805	4	0	
OG0035896				NC_089045.1.g35586	NC_089045.1.g36047	NC_089045.1.g36391	NC_089045.1.g35780		4	0	
OG0035897				NC_089045.1.g35598	NC_089045.1.g36062			NC_089041.1.g26501, NC_089045.1.g36027	3	0	
OG0035898				NC_089045.1.g36339	NC_089045.1.g36868	NC_089045.1.g37188		NC_089045.1.g36788	4	0	
OG0035899				NC_089046.1.g37851		NC_089046.1.g38774	NC_089046.1.g38119	NC_089046.1.g38324	4	0	
OG0035900				NC_089046.1.g37875		NC_089046.1.g38798	NC_089046.1.g38142	NC_089046.1.g38346	4	0	
OG0035901				NC_089046.1.g37911		NC_089046.1.g38835	NC_089046.1.g38171	NC_089046.1.g38383	4	0	
OG0035902				NC_089046.1.g37925		NC_089046.1.g38851	NC_089046.1.g38187	NC_089046.1.g38398	4	0	
OG0035903				NC_089046.1.g37992		NC_089046.1.g38915	NC_089046.1.g38251	NC_089046.1.g38466	4	0	
OG0035904				NC_089046.1.g38077		NC_089046.1.g39005	NC_089046.1.g38326	NC_089037.1.g12209	4	0	
OG0035905				NC_089046.1.g38213	NC_089046.1.g38791		NC_089046.1.g38464	NC_089046.1.g38691	4	0	
OG0035906				NC_089046.1.g38415	NC_089046.1.g39007		NC_089046.1.g38676	NC_089046.1.g38900	4	0	
OG0035907				NC_089046.1.g38591	NC_089046.1.g39187	NC_089046.1.g39556		NC_089046.1.g39084	4	0	
OG0035908				NC_089046.1.g38766		NC_089046.1.g39730	NC_089046.1.g39036	NC_089046.1.g39261	4	0	
OG0035910					NC_089035.1.g2433, NC_089041.1.g24603		NC_089035.1.g2440, NC_089041.1.g24460		2	0	
OG0035911					NC_089035.1.g3556, NC_089046.1.g37847	NC_089037.1.g11874		NC_089035.1.g3537	3	0	
OG0035912					NC_089035.1.g4541	NC_089035.1.g4600	NC_089035.1.g4519	NC_089035.1.g4528	4	0	
OG0035913					NC_089036.1.g7247		NC_089042.1.g27569	NC_089036.1.g7260, NC_089042.1.g27659	3	0	
OG0035914					NC_089037.1.g9716		NC_089037.1.g9712	NC_089037.1.g9743, NC_089041.1.g26670	3	0	
OG0035915					NC_089037.1.g11614, NC_089043.1.g30870			NC_089042.1.g27539, NC_089043.1.g30853	2	0	
OG0035916					NC_089037.1.g12030, NC_089040.1.g22124		NC_089040.1.g22019	NC_089040.1.g22055	3	0	
OG0035917					NC_089037.1.g12191, NC_089045.1.g36609		NC_089037.1.g12143	NC_089037.1.g12219	3	0	
OG0035918					NC_089037.1.g13412		NC_089037.1.g13401, NC_089039.1.g19359	NC_089037.1.g13458	3	0	
OG0035919					NC_089038.1.g14534	NC_089038.1.g14701, NC_089039.1.g19565, NC_089043.1.g30670			2	0	
OG0035920					NC_089038.1.g16435, NC_089045.1.g36176	NC_089038.1.g16619		NC_089038.1.g16447	3	0	
OG0035921					NC_089038.1.g16609	NC_089038.1.g16801	NC_089038.1.g16608	NC_089038.1.g16616	4	0	
OG0035922					NC_089039.1.g18796, NC_089042.1.g28682	NC_089039.1.g19004	NC_089039.1.g18777		3	0	
OG0035923					NC_089039.1.g20115, NC_089042.1.g27911	NC_089042.1.g28164		NC_089042.1.g27875	3	0	
OG0035924					NC_089040.1.g22324	NC_089040.1.g22528	NC_089040.1.g22216	NC_089040.1.g22253	4	0	
OG0035925					NC_089040.1.g22552, NC_089043.1.g31114, NC_089046.1.g39226		NC_089043.1.g30915		2	0	
OG0035926					NC_089041.1.g25599	NC_089041.1.g25819	NC_089041.1.g25439	NC_089041.1.g25528	4	0	
OG0035927					NC_089041.1.g25880	NC_089041.1.g26086	NC_089041.1.g25726	NC_089041.1.g25811	4	0	
OG0035928					NC_089044.1.g32959	NC_089044.1.g33275	NC_089044.1.g32723	NC_089044.1.g32917	4	0	
OG0035929					NC_089044.1.g33825	NC_089044.1.g34144	NC_089044.1.g33582	NC_089044.1.g33795	4	0	
OG0035930					NC_089044.1.g34024	NC_089044.1.g34341	NC_089044.1.g33783	NC_089044.1.g33989	4	0	
OG0035931					NC_089045.1.g35195			NC_089037.1.g11661, NC_089038.1.g14528, NC_089045.1.g35179	2	0	
OG0035933						NC_089035.1.g4575, NC_089041.1.g25652		NC_089035.1.g4505, NC_089041.1.g25354	2	0	
OG0035934						NC_089037.1.g11389	NC_089040.1.g22970, NC_089046.1.g38787	NC_089046.1.g39014	3	0	
OG0035935						NC_089038.1.g16622, NC_089041.1.g24295, NC_089041.1.g27269	NC_089038.1.g16441		2	0	
OG0035937							NC_089035.1.g1626, NC_089037.1.g12853, NC_089044.1.g32456	NC_089044.1.g32654	2	0	
OG0035938							NC_089042.1.g27742, NC_089042.1.g27750	NC_089042.1.g27820, NC_089042.1.g27830	2	0	
OG0035940	NC_089035.1.g31	NC_089035.1.g30						NC_089035.1.g30	2	1	
OG0035941	NC_089035.1.g232				NC_089035.1.g221	NC_089035.1.g229			2	1	
OG0035942	NC_089035.1.g297			NC_089035.1.g295		NC_089035.1.g299			2	1	
OG0035943	NC_089035.1.g317		NC_089035.1.g302				NC_089035.1.g310		2	1	
OG0035944	NC_089035.1.g577			NC_089035.1.g581		NC_089035.1.g595			2	1	
OG0035945	NC_089035.1.g617	NC_089035.1.g621		NC_089035.1.g617					2	1	
OG0035946	NC_089035.1.g661			NC_089035.1.g661		NC_089035.1.g674			2	1	
OG0035947	NC_089035.1.g682			NC_089035.1.g683		NC_089035.1.g696			2	1	
OG0035948	NC_089035.1.g728				NC_089035.1.g705	NC_089039.1.g18400			2	1	
OG0035949	NC_089035.1.g739	NC_089035.1.g745		NC_089035.1.g742					2	1	
OG0035951	NC_089035.1.g780				NC_089035.1.g758	NC_089035.1.g792			2	1	
OG0035952	NC_089035.1.g911		NC_089035.1.g885		NC_089035.1.g886				2	1	
OG0035953	NC_089035.1.g921		NC_089035.1.g894				NC_089035.1.g898		2	1	
OG0035954	NC_089035.1.g1034					NC_089035.1.g1048	NC_089035.1.g1009		2	1	
OG0035955	NC_089035.1.g1069			NC_089035.1.g1063		NC_089035.1.g1081			2	1	
OG0035956	NC_089035.1.g1073				NC_089035.1.g1050		NC_089035.1.g1047		2	1	
OG0035957	NC_089035.1.g1238			NC_089035.1.g1226		NC_089035.1.g1243			2	1	
OG0035958	NC_089035.1.g1287			NC_089035.1.g1275		NC_089035.1.g1293			2	1	
OG0035959	NC_089035.1.g1338			NC_089035.1.g1322			NC_089036.1.g5574		2	1	
OG0035960	NC_089035.1.g1369	NC_089035.1.g1367	NC_089035.1.g1330						2	1	
OG0035961	NC_089035.1.g1398			NC_089035.1.g1376		NC_089035.1.g1398			2	1	
OG0035962	NC_089035.1.g1407			NC_089035.1.g1387		NC_089035.1.g1411			2	1	
OG0035963	NC_089035.1.g1410			NC_089035.1.g1390		NC_089035.1.g1414			2	1	
OG0035964	NC_089035.1.g1415			NC_089035.1.g1395		NC_089035.1.g1421			2	1	
OG0035965	NC_089035.1.g1432			NC_089035.1.g1411		NC_089035.1.g1440			2	1	
OG0035966	NC_089035.1.g1484	NC_089035.1.g1480	NC_089035.1.g1445						2	1	
OG0035967	NC_089035.1.g1530			NC_089035.1.g1509		NC_089035.1.g1536			2	1	
OG0035968	NC_089035.1.g1542			NC_089035.1.g1521		NC_089035.1.g1549			2	1	
OG0035969	NC_089035.1.g1553	NC_089035.1.g1548			NC_089035.1.g1525				2	1	
OG0035971	NC_089035.1.g1570			NC_089035.1.g1552		NC_089035.1.g1577			2	1	
OG0035972	NC_089035.1.g1599			NC_089035.1.g1578		NC_089035.1.g1605			2	1	
OG0035973	NC_089035.1.g1603	NC_089035.1.g1592				NC_089035.1.g1609			2	1	
OG0035974	NC_089035.1.g1616			NC_089035.1.g1594		NC_089035.1.g1622			2	1	
OG0035975	NC_089035.1.g1704			NC_089035.1.g1677		NC_089035.1.g1714			2	1	
OG0035976	NC_089035.1.g1713	NC_089035.1.g1698						NC_089035.1.g1674	2	1	
OG0035977	NC_089035.1.g1720			NC_089035.1.g1689		NC_089035.1.g1730			2	1	
OG0035978	NC_089035.1.g1737		NC_089035.1.g1707					NC_089035.1.g1698	2	1	
OG0035979	NC_089035.1.g1738			NC_089035.1.g1707		NC_089035.1.g1748			2	1	
OG0035980	NC_089035.1.g1744			NC_089035.1.g1713		NC_089035.1.g1753			2	1	
OG0035981	NC_089035.1.g1784				NC_089035.1.g1743			NC_089035.1.g1742	2	1	
OG0035982	NC_089035.1.g1811			NC_089035.1.g1776		NC_089035.1.g1816			2	1	
OG0035983	NC_089035.1.g1840					NC_089035.1.g1845		NC_089035.1.g1802	2	1	
OG0035984	NC_089035.1.g1858			NC_089035.1.g1823		NC_089035.1.g1864			2	1	
OG0035985	NC_089035.1.g1952	NC_089044.1.g32926			NC_089044.1.g33051				2	1	
OG0035986	NC_089035.1.g1969				NC_089035.1.g1928		NC_089035.1.g1910		2	1	
OG0035987	NC_089035.1.g1981			NC_089035.1.g1939		NC_089035.1.g1987			2	1	
OG0035988	NC_089035.1.g1985			NC_089035.1.g1943		NC_089035.1.g1993			2	1	
OG0035989	NC_089035.1.g2022			NC_089035.1.g1983		NC_089035.1.g2031			2	1	
OG0035990	NC_089035.1.g2023		NC_089035.1.g1975				NC_089038.1.g15713		2	1	
OG0035991	NC_089035.1.g2028			NC_089035.1.g1989		NC_089035.1.g2036			2	1	
OG0035993	NC_089035.1.g2097				NC_089035.1.g2066		NC_089035.1.g2052		2	1	
OG0035994	NC_089035.1.g2144		NC_089035.1.g2108				NC_089035.1.g2103		2	1	
OG0035995	NC_089035.1.g2152				NC_089035.1.g2122	NC_089035.1.g2168			2	1	
OG0035997	NC_089035.1.g2279			NC_089035.1.g2240			NC_089035.1.g2232		2	1	
OG0035998	NC_089035.1.g2297		NC_089035.1.g2259				NC_089035.1.g2251		2	1	
OG0035999	NC_089035.1.g2338			NC_089035.1.g2297		NC_089035.1.g2349			2	1	
OG0036000	NC_089035.1.g2430			NC_089035.1.g2382		NC_089035.1.g2436			2	1	
OG0036001	NC_089035.1.g2437					NC_089035.1.g2443		NC_089035.1.g2375	2	1	
OG0036002	NC_089035.1.g2475			NC_089035.1.g2425		NC_089035.1.g2482			2	1	
OG0036003	NC_089035.1.g2592		NC_089035.1.g2567	NC_089035.1.g2548					2	1	
OG0036004	NC_089035.1.g2655			NC_089035.1.g2612	NC_089035.1.g2632				2	1	
OG0036005	NC_089035.1.g2688		NC_089035.1.g2677					NC_089035.1.g2645	2	1	
OG0036006	NC_089035.1.g2808						NC_089037.1.g11769	NC_089037.1.g11843	2	1	
OG0036007	NC_089035.1.g2813			NC_089035.1.g2773		NC_089035.1.g2838			2	1	
OG0036008	NC_089035.1.g2871	NC_089035.1.g2860			NC_089035.1.g2862				2	1	
OG0036009	NC_089035.1.g3028			NC_089035.1.g2987		NC_089035.1.g3060			2	1	
OG0036010	NC_089035.1.g3031			NC_089035.1.g2991		NC_089035.1.g3063			2	1	
OG0036011	NC_089035.1.g3135		NC_089035.1.g3133	NC_089035.1.g3090					2	1	
OG0036012	NC_089035.1.g3221		NC_089035.1.g3220					NC_089035.1.g3192	2	1	
OG0036013	NC_089035.1.g3460		NC_089037.1.g12228					NC_089037.1.g12265	2	1	
OG0036014	NC_089035.1.g3465			NC_089035.1.g3406		NC_089035.1.g3495			2	1	
OG0036015	NC_089035.1.g3469			NC_089035.1.g3410		NC_089035.1.g3499			2	1	
OG0036016	NC_089035.1.g3516						NC_089035.1.g3490	NC_089035.1.g3485	2	1	
OG0036017	NC_089035.1.g3517			NC_089035.1.g3458	NC_089035.1.g3502				2	1	
OG0036018	NC_089035.1.g3527			NC_089035.1.g3462		NC_089035.1.g3554			2	1	
OG0036019	NC_089035.1.g3627	NC_089035.1.g3619	NC_089035.1.g3617						2	1	
OG0036020	NC_089035.1.g3632			NC_089035.1.g3566		NC_089035.1.g3662			2	1	
OG0036021	NC_089035.1.g3807	NC_089035.1.g3804			NC_089035.1.g3789				2	1	
OG0036022	NC_089035.1.g3889			NC_089035.1.g3829		NC_089035.1.g3929			2	1	
OG0036023	NC_089035.1.g3924			NC_089035.1.g3864		NC_089035.1.g3965			2	1	
OG0036024	NC_089035.1.g3945			NC_089035.1.g3881		NC_089035.1.g3986			2	1	
OG0036025	NC_089035.1.g3960			NC_089035.1.g3895		NC_089035.1.g4000			2	1	
OG0036026	NC_089035.1.g3968	NC_089035.1.g3955						NC_089035.1.g3929	2	1	
OG0036027	NC_089035.1.g4087			NC_089035.1.g4022		NC_089035.1.g4132			2	1	
OG0036028	NC_089035.1.g4156			NC_089035.1.g4088		NC_089035.1.g4196			2	1	
OG0036029	NC_089035.1.g4181			NC_089035.1.g4113		NC_089035.1.g4220			2	1	
OG0036030	NC_089035.1.g4315				NC_089035.1.g4296	NC_089035.1.g4357			2	1	
OG0036031	NC_089035.1.g4318			NC_089035.1.g4248		NC_089035.1.g4360			2	1	
OG0036032	NC_089035.1.g4341		NC_089039.1.g19519					NC_089039.1.g19552	2	1	
OG0036033	NC_089035.1.g4653		NC_089035.1.g4654			NC_089035.1.g4693			2	1	
OG0036034	NC_089035.1.g4689			NC_089035.1.g4613		NC_089035.1.g4728			2	1	
OG0036035	NC_089035.1.g4705			NC_089035.1.g4629		NC_089035.1.g4744			2	1	
OG0036036	NC_089035.1.g4726			NC_089035.1.g4647		NC_089035.1.g4764			2	1	
OG0036037	NC_089035.1.g4769			NC_089035.1.g4692		NC_089035.1.g4808			2	1	
OG0036038	NC_089035.1.g4776			NC_089035.1.g4699		NC_089035.1.g4816			2	1	
OG0036039	NC_089035.1.g4786	NC_089035.1.g4773					NC_089035.1.g4741		2	1	
OG0036040	NC_089035.1.g4813			NC_089035.1.g4736		NC_089035.1.g4854			2	1	
OG0036041	NC_089035.1.g5033			NC_089035.1.g4956				NC_089035.1.g4995	2	1	
OG0036042	NC_089035.1.g5051			NC_089035.1.g4975		NC_089035.1.g5096			2	1	
OG0036043	NC_089035.1.g5273			NC_089035.1.g5198		NC_089035.1.g5320			2	1	
OG0036044	NC_089036.1.g5331	NC_089036.1.g5322		NC_089036.1.g5258					2	1	
OG0036045	NC_089036.1.g5334		NC_089036.1.g5327			NC_089036.1.g5384			2	1	
OG0036046	NC_089036.1.g5418			NC_089036.1.g5348		NC_089036.1.g5474			2	1	
OG0036047	NC_089036.1.g5472			NC_089038.1.g14076		NC_089038.1.g14294			2	1	
OG0036048	NC_089036.1.g5717			NC_089036.1.g5658			NC_089036.1.g5680		2	1	
OG0036049	NC_089036.1.g5784	NC_089036.1.g5782						NC_089036.1.g5787	2	1	
OG0036050	NC_089036.1.g5791			NC_089036.1.g5733	NC_089036.1.g5787				2	1	
OG0036051	NC_089036.1.g6022			NC_089036.1.g5968		NC_089036.1.g6081			2	1	
OG0036052	NC_089036.1.g6053			NC_089036.1.g5995		NC_089036.1.g6112			2	1	
OG0036053	NC_089036.1.g6094				NC_089036.1.g6085	NC_089036.1.g6152			2	1	
OG0036054	NC_089036.1.g6103			NC_089036.1.g6041		NC_089036.1.g6162			2	1	
OG0036055	NC_089036.1.g6111			NC_089036.1.g6049		NC_089036.1.g6170			2	1	
OG0036056	NC_089036.1.g6124			NC_089036.1.g6063		NC_089036.1.g6187			2	1	
OG0036057	NC_089036.1.g6126			NC_089036.1.g6066		NC_089036.1.g6189			2	1	
OG0036058	NC_089036.1.g6138			NC_089036.1.g6078		NC_089036.1.g6204			2	1	
OG0036059	NC_089036.1.g6166				NC_089036.1.g6165		NC_089036.1.g6126		2	1	
OG0036060	NC_089036.1.g6202			NC_089036.1.g6143		NC_089036.1.g6268			2	1	
OG0036061	NC_089036.1.g6249			NC_089036.1.g6192		NC_089036.1.g6316			2	1	
OG0036062	NC_089036.1.g6254		NC_089036.1.g6264					NC_089036.1.g6259	2	1	
OG0036063	NC_089036.1.g6266		NC_089036.1.g6274		NC_089036.1.g6256				2	1	
OG0036064	NC_089036.1.g6291			NC_089036.1.g6229		NC_089036.1.g6358			2	1	
OG0036065	NC_089036.1.g6295			NC_089036.1.g6233		NC_089036.1.g6362			2	1	
OG0036066	NC_089036.1.g6303			NC_089036.1.g6242		NC_089036.1.g6370			2	1	
OG0036067	NC_089036.1.g6321					NC_089036.1.g6386	NC_089036.1.g6276		2	1	
OG0036068	NC_089036.1.g6326			NC_089036.1.g6264		NC_089036.1.g6392			2	1	
OG0036069	NC_089036.1.g6424					NC_089036.1.g6496	NC_089036.1.g6374		2	1	
OG0036070	NC_089036.1.g6592					NC_089036.1.g6672	NC_089036.1.g6545		2	1	
OG0036071	NC_089036.1.g6617				NC_089036.1.g6599	NC_089036.1.g6700			2	1	
OG0036072	NC_089036.1.g6638			NC_089036.1.g6569		NC_089036.1.g6722			2	1	
OG0036073	NC_089036.1.g6651			NC_089036.1.g6581		NC_089036.1.g6735			2	1	
OG0036074	NC_089036.1.g6652			NC_089036.1.g6582		NC_089036.1.g6736			2	1	
OG0036075	NC_089036.1.g6654			NC_089036.1.g6584		NC_089036.1.g6738			2	1	
OG0036076	NC_089036.1.g6668			NC_089036.1.g6601		NC_089036.1.g6752			2	1	
OG0036077	NC_089036.1.g6673			NC_089036.1.g6606		NC_089036.1.g6757			2	1	
OG0036078	NC_089036.1.g6696			NC_089036.1.g6625		NC_089036.1.g6778			2	1	
OG0036079	NC_089036.1.g6703			NC_089036.1.g6633		NC_089036.1.g6787			2	1	
OG0036080	NC_089036.1.g6742			NC_089036.1.g6671		NC_089036.1.g6830			2	1	
OG0036081	NC_089036.1.g6777			NC_089036.1.g6704		NC_089036.1.g6865			2	1	
OG0036083	NC_089036.1.g6797			NC_089036.1.g6721		NC_089036.1.g6884			2	1	
OG0036084	NC_089036.1.g6806	NC_089036.1.g6775	NC_089036.1.g6787						2	1	
OG0036085	NC_089036.1.g6851			NC_089036.1.g6771		NC_089036.1.g6930			2	1	
OG0036086	NC_089036.1.g6860	NC_089036.1.g6827		NC_089036.1.g6780					2	1	
OG0036087	NC_089036.1.g6869			NC_089036.1.g6788		NC_089036.1.g6948			2	1	
OG0036088	NC_089036.1.g6906			NC_089036.1.g6828		NC_089036.1.g6981			2	1	
OG0036089	NC_089036.1.g6926			NC_089036.1.g6848		NC_089036.1.g7000			2	1	
OG0036090	NC_089036.1.g6928			NC_089036.1.g6850		NC_089036.1.g7002			2	1	
OG0036091	NC_089036.1.g6976			NC_089036.1.g6893		NC_089036.1.g7050			2	1	
OG0036092	NC_089036.1.g7001			NC_089036.1.g6916		NC_089036.1.g7073			2	1	
OG0036093	NC_089036.1.g7003			NC_089036.1.g6918		NC_089036.1.g7075			2	1	
OG0036094	NC_089036.1.g7013	NC_089036.1.g6979		NC_089036.1.g6930					2	1	
OG0036095	NC_089036.1.g7104				NC_089036.1.g7086		NC_089036.1.g7053		2	1	
OG0036096	NC_089036.1.g7155			NC_089036.1.g7066			NC_089036.1.g7102		2	1	
OG0036097	NC_089036.1.g7165			NC_089037.1.g10660			NC_089037.1.g10717		2	1	
OG0036098	NC_089036.1.g7247			NC_089036.1.g7157		NC_089036.1.g7311			2	1	
OG0036099	NC_089036.1.g7274	NC_089042.1.g28950						NC_089036.1.g7267	2	1	
OG0036100	NC_089036.1.g7291		NC_089036.1.g7250		NC_089036.1.g7272				2	1	
OG0036101	NC_089036.1.g7368					NC_089036.1.g7432		NC_089036.1.g7364	2	1	
OG0036103	NC_089036.1.g7437		NC_089036.1.g7398		NC_089036.1.g7419				2	1	
OG0036104	NC_089036.1.g7440			NC_089036.1.g7355		NC_089036.1.g7511			2	1	
OG0036105	NC_089036.1.g7534			NC_089036.1.g7453	NC_089036.1.g7515				2	1	
OG0036106	NC_089036.1.g7557			NC_089036.1.g7475		NC_089036.1.g7626			2	1	
OG0036107	NC_089036.1.g7637					NC_089036.1.g7708		NC_089036.1.g7640	2	1	
OG0036108	NC_089036.1.g7640	NC_089036.1.g7608					NC_089036.1.g7608		2	1	
OG0036109	NC_089036.1.g7666			NC_089036.1.g7585		NC_089036.1.g7739			2	1	
OG0036110	NC_089036.1.g7704		NC_089036.1.g7666			NC_089036.1.g7779			2	1	
OG0036111	NC_089036.1.g7733			NC_089036.1.g7655	NC_089036.1.g7705				2	1	
OG0036112	NC_089036.1.g7760			NC_089036.1.g7680		NC_089036.1.g7834			2	1	
OG0036113	NC_089036.1.g7761		NC_089036.1.g7722				NC_089036.1.g7729		2	1	
OG0036114	NC_089036.1.g7852			NC_089036.1.g7771		NC_089036.1.g7920			2	1	
OG0036115	NC_089036.1.g7873				NC_089036.1.g7844	NC_089036.1.g7943			2	1	
OG0036116	NC_089036.1.g7878				NC_089036.1.g7850		NC_089036.1.g7848		2	1	
OG0036117	NC_089036.1.g7937	NC_089036.1.g7903	NC_089036.1.g7890						2	1	
OG0036119	NC_089036.1.g8015	NC_089036.1.g7985	NC_089036.1.g7973						2	1	
OG0036120	NC_089036.1.g8109					NC_089036.1.g8183		NC_089036.1.g8111	2	1	
OG0036121	NC_089036.1.g8115				NC_089036.1.g8091			NC_089036.1.g8116	2	1	
OG0036122	NC_089036.1.g8176			NC_089036.1.g8089		NC_089036.1.g8247			2	1	
OG0036123	NC_089036.1.g8177			NC_089036.1.g8090		NC_089036.1.g8248			2	1	
OG0036124	NC_089036.1.g8278	NC_089036.1.g8250						NC_089036.1.g8274	2	1	
OG0036125	NC_089036.1.g8289			NC_089036.1.g8205		NC_089036.1.g8370			2	1	
OG0036126	NC_089036.1.g8313			NC_089036.1.g8225		NC_089036.1.g8391			2	1	
OG0036127	NC_089036.1.g8328			NC_089036.1.g8239		NC_089036.1.g8406			2	1	
OG0036128	NC_089036.1.g8351		NC_089036.1.g8309	NC_089036.1.g8262					2	1	
OG0036129	NC_089036.1.g8457			NC_089036.1.g8378		NC_089036.1.g8541			2	1	
OG0036130	NC_089036.1.g8461			NC_089036.1.g8382	NC_089036.1.g8438				2	1	
OG0036131	NC_089036.1.g8606			NC_089036.1.g8525		NC_089036.1.g8689			2	1	
OG0036132	NC_089036.1.g8706			NC_089036.1.g8625		NC_089036.1.g8789			2	1	
OG0036133	NC_089036.1.g8723			NC_089036.1.g8641		NC_089036.1.g8806			2	1	
OG0036134	NC_089036.1.g8734	NC_089036.1.g8710					NC_089036.1.g8706		2	1	
OG0036135	NC_089036.1.g8802			NC_089036.1.g8723		NC_089036.1.g8885			2	1	
OG0036136	NC_089036.1.g8850		NC_089036.1.g8810					NC_089036.1.g8843	2	1	
OG0036137	NC_089036.1.g8916			NC_089036.1.g8834		NC_089036.1.g9000			2	1	
OG0036138	NC_089036.1.g9038			NC_089036.1.g8958		NC_089036.1.g9124			2	1	
OG0036139	NC_089036.1.g9043			NC_089036.1.g8963		NC_089036.1.g9129			2	1	
OG0036140	NC_089036.1.g9065			NC_089036.1.g8986		NC_089036.1.g9151			2	1	
OG0036141	NC_089036.1.g9087				NC_089036.1.g9057	NC_089036.1.g9174			2	1	
OG0036142	NC_089036.1.g9097			NC_089036.1.g9017		NC_089036.1.g9184			2	1	
OG0036143	NC_089036.1.g9357	NC_089036.1.g9334			NC_089036.1.g9327				2	1	
OG0036144	NC_089036.1.g9372			NC_089036.1.g9297		NC_089036.1.g9462			2	1	
OG0036145	NC_089036.1.g9391			NC_089036.1.g9318		NC_089036.1.g9481			2	1	
OG0036146	NC_089036.1.g9395			NC_089036.1.g9322		NC_089036.1.g9485			2	1	
OG0036147	NC_089036.1.g9404			NC_089036.1.g9331				NC_089036.1.g9391	2	1	
OG0036148	NC_089036.1.g9428	NC_089035.1.g458				NC_089036.1.g9518			2	1	
OG0036149	NC_089037.1.g9468			NC_089037.1.g9395		NC_089037.1.g9558			2	1	
OG0036150	NC_089037.1.g9479		NC_089037.1.g9441			NC_089037.1.g9570			2	1	
OG0036151	NC_089037.1.g9585					NC_089037.1.g9670	NC_089037.1.g9544		2	1	
OG0036152	NC_089037.1.g9602			NC_089037.1.g9524		NC_089037.1.g9687			2	1	
OG0036153	NC_089037.1.g9609			NC_089037.1.g9529		NC_089037.1.g9693			2	1	
OG0036154	NC_089037.1.g9643			NC_089037.1.g9566		NC_089037.1.g9728			2	1	
OG0036155	NC_089037.1.g9676	NC_089037.1.g9644				NC_089037.1.g9760			2	1	
OG0036156	NC_089037.1.g9864			NC_089037.1.g9783		NC_089037.1.g9951			2	1	
OG0036157	NC_089037.1.g9924			NC_089037.1.g9843		NC_089037.1.g10013			2	1	
OG0036158	NC_089037.1.g9948			NC_089037.1.g9870		NC_089037.1.g10042			2	1	
OG0036159	NC_089037.1.g9954			NC_089037.1.g9876		NC_089037.1.g10048			2	1	
OG0036160	NC_089037.1.g10053			NC_089037.1.g9975		NC_089037.1.g10148			2	1	
OG0036161	NC_089037.1.g10150			NC_089037.1.g10075		NC_089037.1.g10250			2	1	
OG0036162	NC_089037.1.g10188			NC_089037.1.g10110		NC_089037.1.g10287			2	1	
OG0036163	NC_089037.1.g10197			NC_089037.1.g10119		NC_089037.1.g10295			2	1	
OG0036164	NC_089037.1.g10230			NC_089037.1.g10150		NC_089037.1.g10331			2	1	
OG0036165	NC_089037.1.g10255	NC_089037.1.g10225						NC_089037.1.g10265	2	1	
OG0036166	NC_089037.1.g10473			NC_089037.1.g10391		NC_089037.1.g10570			2	1	
OG0036167	NC_089037.1.g10587			NC_089037.1.g10505		NC_089037.1.g10683			2	1	
OG0036168	NC_089037.1.g10745			NC_089037.1.g10664		NC_089037.1.g10836			2	1	
OG0036169	NC_089037.1.g10826			NC_089037.1.g10745		NC_089037.1.g10915			2	1	
OG0036170	NC_089037.1.g10865			NC_089037.1.g10784		NC_089037.1.g10955			2	1	
OG0036171	NC_089037.1.g11112			NC_089037.1.g11018		NC_089037.1.g11191			2	1	
OG0036172	NC_089037.1.g11115			NC_089037.1.g11020		NC_089037.1.g11194			2	1	
OG0036173	NC_089037.1.g11117			NC_089037.1.g11022		NC_089037.1.g11196			2	1	
OG0036174	NC_089037.1.g11178			NC_089037.1.g11075		NC_089037.1.g11250			2	1	
OG0036175	NC_089037.1.g11273				NC_089037.1.g11232	NC_089037.1.g11348			2	1	
OG0036176	NC_089037.1.g11279		NC_089037.1.g11215					NC_089040.1.g23335	2	1	
OG0036177	NC_089037.1.g11333			NC_089037.1.g11230		NC_089037.1.g11408			2	1	
OG0036178	NC_089037.1.g11401		NC_089037.1.g11348	NC_089037.1.g11296					2	1	
OG0036179	NC_089037.1.g11419		NC_089037.1.g11370	NC_089037.1.g11314					2	1	
OG0036181	NC_089037.1.g11584			NC_089037.1.g11485		NC_089037.1.g11667			2	1	
OG0036182	NC_089037.1.g11594	NC_089037.1.g11554					NC_089037.1.g11548		2	1	
OG0036183	NC_089037.1.g11626				NC_089037.1.g11600			NC_089037.1.g11645	2	1	
OG0036184	NC_089037.1.g11643		NC_089037.1.g11608	NC_089037.1.g11544					2	1	
OG0036185	NC_089037.1.g11645		NC_089037.1.g11610	NC_089037.1.g11546					2	1	
OG0036186	NC_089037.1.g11678			NC_089037.1.g11577			NC_089037.1.g11628		2	1	
OG0036187	NC_089037.1.g11848		NC_089037.1.g11805			NC_089037.1.g11932			2	1	
OG0036188	NC_089037.1.g11924			NC_089037.1.g11820		NC_089037.1.g12008			2	1	
OG0036189	NC_089037.1.g12002		NC_089037.1.g11956			NC_089037.1.g12085			2	1	
OG0036190	NC_089037.1.g12030		NC_089044.1.g32682					NC_089044.1.g32820	2	1	
OG0036191	NC_089037.1.g12043			NC_089037.1.g11935		NC_089037.1.g12126			2	1	
OG0036192	NC_089037.1.g12045					NC_089037.1.g12128	NC_089037.1.g11963		2	1	
OG0036193	NC_089037.1.g12127			NC_089037.1.g12015		NC_089037.1.g12207			2	1	
OG0036194	NC_089037.1.g12131			NC_089037.1.g12020	NC_089037.1.g12085				2	1	
OG0036195	NC_089037.1.g12142			NC_089037.1.g12032		NC_089037.1.g12228			2	1	
OG0036196	NC_089037.1.g12166			NC_089037.1.g12060		NC_089037.1.g12257			2	1	
OG0036197	NC_089037.1.g12171			NC_089037.1.g12066		NC_089037.1.g12263			2	1	
OG0036198	NC_089037.1.g12184			NC_089037.1.g12080		NC_089037.1.g12276			2	1	
OG0036199	NC_089037.1.g12186			NC_089037.1.g12083		NC_089037.1.g12279			2	1	
OG0036200	NC_089037.1.g12225			NC_089037.1.g12117		NC_089037.1.g12318			2	1	
OG0036201	NC_089037.1.g12230			NC_089037.1.g12122		NC_089037.1.g12323			2	1	
OG0036203	NC_089037.1.g12273			NC_089037.1.g12161		NC_089037.1.g12364			2	1	
OG0036204	NC_089037.1.g12277			NC_089037.1.g12163		NC_089037.1.g12367			2	1	
OG0036205	NC_089037.1.g12299			NC_089037.1.g12188		NC_089037.1.g12392			2	1	
OG0036206	NC_089037.1.g12309		NC_089037.1.g12264					NC_089037.1.g12302	2	1	
OG0036207	NC_089037.1.g12328			NC_089037.1.g12215		NC_089037.1.g12423			2	1	
OG0036208	NC_089037.1.g12332			NC_089037.1.g12219			NC_089037.1.g12257		2	1	
OG0036209	NC_089037.1.g12345			NC_089037.1.g12232		NC_089037.1.g12438			2	1	
OG0036210	NC_089037.1.g12370			NC_089037.1.g12254		NC_089037.1.g12460			2	1	
OG0036211	NC_089037.1.g12423			NC_089037.1.g12309		NC_089037.1.g12520			2	1	
OG0036212	NC_089037.1.g12443	NC_089037.1.g12367						NC_089037.1.g12433	2	1	
OG0036213	NC_089037.1.g12528	NC_089037.1.g12455	NC_089037.1.g12486						2	1	
OG0036214	NC_089037.1.g12570			NC_089037.1.g12453			NC_089037.1.g12509		2	1	
OG0036215	NC_089037.1.g12603			NC_089037.1.g12487		NC_089037.1.g12694			2	1	
OG0036216	NC_089037.1.g12640			NC_089037.1.g12523		NC_089037.1.g12733			2	1	
OG0036217	NC_089037.1.g12654			NC_089037.1.g12542		NC_089037.1.g12747			2	1	
OG0036218	NC_089037.1.g12694			NC_089037.1.g12579		NC_089037.1.g12786			2	1	
OG0036219	NC_089037.1.g12760			NC_089037.1.g12647		NC_089037.1.g12851			2	1	
OG0036220	NC_089037.1.g12808			NC_089037.1.g12695		NC_089037.1.g12897			2	1	
OG0036221	NC_089037.1.g12817			NC_089037.1.g12703		NC_089037.1.g12906			2	1	
OG0036222	NC_089037.1.g12821			NC_089037.1.g12707		NC_089037.1.g12910			2	1	
OG0036223	NC_089037.1.g12835			NC_089037.1.g12722		NC_089037.1.g12925			2	1	
OG0036224	NC_089037.1.g12838		NC_089037.1.g12797			NC_089037.1.g12928			2	1	
OG0036225	NC_089037.1.g12854	NC_089037.1.g12774				NC_089037.1.g12944			2	1	
OG0036226	NC_089037.1.g12899	NC_089037.1.g12819				NC_089037.1.g12989			2	1	
OG0036227	NC_089037.1.g13015		NC_089037.1.g12972		NC_089037.1.g12970				2	1	
OG0036228	NC_089037.1.g13021			NC_089037.1.g12909		NC_089037.1.g13115			2	1	
OG0036229	NC_089037.1.g13079			NC_089037.1.g12969			NC_089037.1.g13024		2	1	
OG0036230	NC_089037.1.g13122				NC_089037.1.g13089		NC_089037.1.g13072		2	1	
OG0036231	NC_089037.1.g13170			NC_089037.1.g13058		NC_089037.1.g13267			2	1	
OG0036232	NC_089037.1.g13173			NC_089037.1.g13061		NC_089037.1.g13270			2	1	
OG0036233	NC_089037.1.g13239	NC_089037.1.g13165			NC_089037.1.g13206				2	1	
OG0036234	NC_089037.1.g13252			NC_089037.1.g13145			NC_089037.1.g13202		2	1	
OG0036235	NC_089037.1.g13294			NC_089037.1.g13187		NC_089037.1.g13398			2	1	
OG0036236	NC_089037.1.g13310			NC_089037.1.g13203		NC_089037.1.g13415			2	1	
OG0036237	NC_089037.1.g13355			NC_089037.1.g13247		NC_089037.1.g13459			2	1	
OG0036238	NC_089037.1.g13370			NC_089037.1.g13261		NC_089037.1.g13473			2	1	
OG0036239	NC_089037.1.g13380					NC_089037.1.g13483	NC_089037.1.g13319		2	1	
OG0036240	NC_089037.1.g13468	NC_089037.1.g13376				NC_089037.1.g13575			2	1	
OG0036241	NC_089037.1.g13553			NC_089037.1.g13447		NC_089037.1.g13664			2	1	
OG0036242	NC_089037.1.g13667			NC_089037.1.g13556		NC_089037.1.g13776			2	1	
OG0036243	NC_089037.1.g13723		NC_089045.1.g37020				NC_089045.1.g36993		2	1	
OG0036244	NC_089037.1.g13733			NC_089037.1.g13618		NC_089037.1.g13839			2	1	
OG0036245	NC_089037.1.g13797					NC_089037.1.g13902		NC_089037.1.g13791	2	1	
OG0036246	NC_089037.1.g13926			NC_089037.1.g13810		NC_089037.1.g14031			2	1	
OG0036247	NC_089038.1.g14103	NC_089038.1.g14002			NC_089038.1.g14036				2	1	
OG0036248	NC_089038.1.g14106			NC_089038.1.g13986				NC_089038.1.g14099	2	1	
OG0036249	NC_089038.1.g14108			NC_089038.1.g13988				NC_089038.1.g14101	2	1	
OG0036250	NC_089038.1.g14124			NC_089038.1.g14003				NC_089038.1.g14117	2	1	
OG0036251	NC_089038.1.g14133				NC_089038.1.g14062	NC_089038.1.g14230			2	1	
OG0036252	NC_089038.1.g14135		NC_089038.1.g14075	NC_089038.1.g14013					2	1	
OG0036253	NC_089038.1.g14152			NC_089038.1.g14033		NC_089038.1.g14249			2	1	
OG0036254	NC_089038.1.g14168			NC_089038.1.g14045		NC_089038.1.g14266			2	1	
OG0036255	NC_089038.1.g14206			NC_089038.1.g14089		NC_089038.1.g14306			2	1	
OG0036256	NC_089038.1.g14219						NC_089038.1.g14153	NC_089038.1.g14210	2	1	
OG0036257	NC_089038.1.g14260			NC_089038.1.g14139			NC_089038.1.g14194		2	1	
OG0036258	NC_089038.1.g14266	NC_089038.1.g14158		NC_089038.1.g14144					2	1	
OG0036259	NC_089038.1.g14270				NC_089038.1.g14200		NC_089038.1.g14201		2	1	
OG0036260	NC_089038.1.g14282	NC_089038.1.g14174				NC_089038.1.g14376			2	1	
OG0036261	NC_089038.1.g14291			NC_089038.1.g14161		NC_089038.1.g14386			2	1	
OG0036262	NC_089038.1.g14292	NC_089038.1.g14188				NC_089038.1.g14387			2	1	
OG0036263	NC_089038.1.g14301				NC_089038.1.g14237		NC_089038.1.g14234		2	1	
OG0036264	NC_089038.1.g14330			NC_089038.1.g14200		NC_089038.1.g14432			2	1	
OG0036265	NC_089038.1.g14351	NC_089038.1.g14252	NC_089038.1.g14280						2	1	
OG0036266	NC_089038.1.g14389		NC_089038.1.g14319				NC_089038.1.g14325		2	1	
OG0036267	NC_089038.1.g14395			NC_089038.1.g14262		NC_089038.1.g14497			2	1	
OG0036268	NC_089038.1.g14561			NC_089038.1.g14425	NC_089038.1.g14499				2	1	
OG0036269	NC_089038.1.g14586			NC_089038.1.g14454		NC_089038.1.g14697			2	1	
OG0036270	NC_089038.1.g14597			NC_089038.1.g14465		NC_089038.1.g14707			2	1	
OG0036271	NC_089038.1.g14650			NC_089038.1.g14521	NC_089038.1.g14594				2	1	
OG0036275	NC_089038.1.g14766	NC_089038.1.g14663	NC_089038.1.g14700						2	1	
OG0036276	NC_089038.1.g14824		NC_089038.1.g14758				NC_089038.1.g14755		2	1	
OG0036277	NC_089038.1.g14829		NC_089038.1.g14763		NC_089038.1.g14767				2	1	
OG0036278	NC_089038.1.g14842				NC_089038.1.g14780	NC_089038.1.g14960			2	1	
OG0036279	NC_089038.1.g14857			NC_089038.1.g14722		NC_089038.1.g14974			2	1	
OG0036280	NC_089038.1.g14863			NC_089038.1.g14727		NC_089038.1.g14978			2	1	
OG0036281	NC_089038.1.g14883			NC_089038.1.g14748		NC_089038.1.g14999			2	1	
OG0036282	NC_089038.1.g14897			NC_089038.1.g14763		NC_089038.1.g15012			2	1	
OG0036283	NC_089038.1.g14906			NC_089038.1.g14771		NC_089038.1.g15028			2	1	
OG0036284	NC_089038.1.g14921				NC_089038.1.g14863	NC_089038.1.g15045			2	1	
OG0036285	NC_089038.1.g14940	NC_089038.1.g14841		NC_089038.1.g14804					2	1	
OG0036286	NC_089038.1.g14941	NC_089038.1.g14842		NC_089038.1.g14805					2	1	
OG0036287	NC_089038.1.g14949			NC_089038.1.g14815			NC_089038.1.g14882		2	1	
OG0036288	NC_089038.1.g15047				NC_089038.1.g14996			NC_089038.1.g15041	2	1	
OG0036289	NC_089038.1.g15055			NC_089038.1.g14923		NC_089038.1.g15172			2	1	
OG0036290	NC_089038.1.g15074				NC_089038.1.g14333	NC_089038.1.g15183			2	1	
OG0036291	NC_089038.1.g15124			NC_089038.1.g14984		NC_089038.1.g15231			2	1	
OG0036292	NC_089038.1.g15170	NC_089038.1.g15056				NC_089038.1.g15288			2	1	
OG0036293	NC_089038.1.g15197			NC_089038.1.g15068		NC_089038.1.g15318			2	1	
OG0036294	NC_089038.1.g15217			NC_089038.1.g15092		NC_089038.1.g15340			2	1	
OG0036295	NC_089038.1.g15231			NC_089038.1.g15107		NC_089038.1.g15354			2	1	
OG0036296	NC_089038.1.g15250			NC_089038.1.g15127		NC_089038.1.g15376			2	1	
OG0036297	NC_089038.1.g15270			NC_089038.1.g15145		NC_089038.1.g15395			2	1	
OG0036298	NC_089038.1.g15322				NC_089038.1.g15269			NC_089038.1.g15293	2	1	
OG0036299	NC_089038.1.g15411			NC_089038.1.g15282		NC_089038.1.g15531			2	1	
OG0036300	NC_089038.1.g15425			NC_089038.1.g15297		NC_089038.1.g15546			2	1	
OG0036301	NC_089038.1.g15451				NC_089037.1.g12265	NC_089037.1.g12394			2	1	
OG0036302	NC_089038.1.g15457			NC_089038.1.g15327		NC_089038.1.g15575			2	1	
OG0036303	NC_089038.1.g15474			NC_089038.1.g15344		NC_089038.1.g15592			2	1	
OG0036304	NC_089038.1.g15476						NC_089038.1.g15415	NC_089038.1.g15445	2	1	
OG0036305	NC_089038.1.g15480			NC_089035.1.g2728		NC_089035.1.g2791			2	1	
OG0036306	NC_089038.1.g15486		NC_089038.1.g15391		NC_089038.1.g15435				2	1	
OG0036307	NC_089038.1.g15549			NC_089038.1.g15416				NC_089038.1.g15514	2	1	
OG0036308	NC_089038.1.g15554		NC_089038.1.g15459					NC_089038.1.g15520	2	1	
OG0036309	NC_089038.1.g15600	NC_089038.1.g15490						NC_089038.1.g15567	2	1	
OG0036310	NC_089038.1.g15633			NC_089038.1.g15504	NC_089038.1.g15590				2	1	
OG0036311	NC_089038.1.g15758	NC_089038.1.g15651				NC_089038.1.g15883			2	1	
OG0036312	NC_089038.1.g15914		NC_089038.1.g15817			NC_089038.1.g16039			2	1	
OG0036313	NC_089038.1.g15920			NC_089038.1.g15786		NC_089038.1.g16045			2	1	
OG0036314	NC_089038.1.g16013			NC_089038.1.g15880		NC_089038.1.g16143			2	1	
OG0036315	NC_089038.1.g16142			NC_089038.1.g16011		NC_089038.1.g16278			2	1	
OG0036316	NC_089038.1.g16198		NC_089045.1.g34726			NC_089045.1.g35293			2	1	
OG0036318	NC_089038.1.g16348				NC_089038.1.g16297	NC_089038.1.g16479			2	1	
OG0036319	NC_089038.1.g16483		NC_089038.1.g16390	NC_089038.1.g16340					2	1	
OG0036320	NC_089038.1.g16528	NC_089038.1.g16407			NC_089038.1.g16475				2	1	
OG0036321	NC_089038.1.g16554			NC_089038.1.g16412		NC_089038.1.g16679			2	1	
OG0036322	NC_089038.1.g16558			NC_089038.1.g16416		NC_089038.1.g16683			2	1	
OG0036323	NC_089038.1.g16588			NC_089038.1.g16445		NC_089038.1.g16717			2	1	
OG0036324	NC_089038.1.g16649	NC_089038.1.g16516	NC_089038.1.g16552						2	1	
OG0036325	NC_089038.1.g16652	NC_089038.1.g16519	NC_089038.1.g16555						2	1	
OG0036326	NC_089038.1.g16954				NC_089038.1.g16889			NC_089038.1.g16894	2	1	
OG0036327	NC_089038.1.g16980				NC_089038.1.g16914			NC_089038.1.g16919	2	1	
OG0036328	NC_089038.1.g16981				NC_089038.1.g16915			NC_089038.1.g16920	2	1	
OG0036329	NC_089038.1.g17002	NC_089038.1.g16850		NC_089038.1.g16849					2	1	
OG0036330	NC_089038.1.g17051					NC_089038.1.g17182	NC_089038.1.g16978		2	1	
OG0036331	NC_089038.1.g17070				NC_089038.1.g17004			NC_089038.1.g17010	2	1	
OG0036332	NC_089038.1.g17134	NC_089038.1.g16973				NC_089038.1.g17260			2	1	
OG0036333	NC_089038.1.g17371			NC_089038.1.g17218	NC_089038.1.g17306				2	1	
OG0036334	NC_089038.1.g17423			NC_089038.1.g17272		NC_089038.1.g17558			2	1	
OG0036335	NC_089038.1.g17432			NC_089038.1.g17281		NC_089038.1.g17567			2	1	
OG0036336	NC_089038.1.g17462			NC_089038.1.g17311		NC_089038.1.g17596			2	1	
OG0036337	NC_089038.1.g17543			NC_089038.1.g17394		NC_089038.1.g17678			2	1	
OG0036339	NC_089039.1.g17606			NC_089039.1.g17455		NC_089039.1.g17742			2	1	
OG0036341	NC_089039.1.g17763			NC_089039.1.g17614		NC_089039.1.g17905			2	1	
OG0036342	NC_089039.1.g17768					NC_089039.1.g17912		NC_089039.1.g17715	2	1	
OG0036343	NC_089039.1.g17841			NC_089039.1.g17693		NC_089039.1.g17990			2	1	
OG0036344	NC_089039.1.g17916			NC_089039.1.g17766		NC_089039.1.g18064			2	1	
OG0036345	NC_089039.1.g18010					NC_089039.1.g18157	NC_089039.1.g17940		2	1	
OG0036346	NC_089039.1.g18079		NC_089039.1.g17988		NC_089039.1.g18018				2	1	
OG0036347	NC_089039.1.g18098			NC_089039.1.g17946		NC_089039.1.g18253			2	1	
OG0036348	NC_089039.1.g18151				NC_089039.1.g18095	NC_089039.1.g18302			2	1	
OG0036349	NC_089039.1.g18167	NC_089039.1.g18003			NC_089039.1.g18110				2	1	
OG0036350	NC_089039.1.g18224	NC_089039.1.g18063					NC_089039.1.g18149		2	1	
OG0036351	NC_089039.1.g18323		NC_089039.1.g18220	NC_089039.1.g18166					2	1	
OG0036352	NC_089039.1.g18341		NC_089039.1.g18240					NC_089039.1.g18289	2	1	
OG0036353	NC_089039.1.g18362		NC_089039.1.g18262					NC_089039.1.g18314	2	1	
OG0036354	NC_089039.1.g18378	NC_089039.1.g18217			NC_089039.1.g18331				2	1	
OG0036355	NC_089039.1.g18396						NC_089039.1.g18328	NC_089039.1.g18351	2	1	
OG0036356	NC_089039.1.g18407			NC_089039.1.g18244		NC_089039.1.g18553			2	1	
OG0036358	NC_089039.1.g18473		NC_089039.1.g18373					NC_089039.1.g18429	2	1	
OG0036359	NC_089039.1.g18515		NC_089039.1.g18414					NC_089039.1.g18473	2	1	
OG0036360	NC_089039.1.g18522				NC_089039.1.g18480			NC_089039.1.g18481	2	1	
OG0036361	NC_089039.1.g18525		NC_089039.1.g18425					NC_089039.1.g18484	2	1	
OG0036362	NC_089039.1.g18533				NC_089039.1.g18491	NC_089039.1.g18687			2	1	
OG0036363	NC_089039.1.g18584	NC_089039.1.g18414			NC_089039.1.g18537				2	1	
OG0036364	NC_089039.1.g18628				NC_089039.1.g18584		NC_089039.1.g18559		2	1	
OG0036365	NC_089039.1.g18671			NC_089039.1.g18502		NC_089039.1.g18824			2	1	
OG0036366	NC_089039.1.g18696		NC_089039.1.g18585			NC_089039.1.g18849			2	1	
OG0036367	NC_089039.1.g18766			NC_089039.1.g18598		NC_089039.1.g18923			2	1	
OG0036368	NC_089039.1.g18767			NC_089039.1.g18599		NC_089039.1.g18924			2	1	
OG0036369	NC_089039.1.g18777			NC_089039.1.g18608		NC_089039.1.g18934			2	1	
OG0036370	NC_089039.1.g18779			NC_089039.1.g18610		NC_089039.1.g18936			2	1	
OG0036371	NC_089039.1.g18787			NC_089039.1.g18617		NC_089039.1.g18943			2	1	
OG0036372	NC_089039.1.g18810			NC_089039.1.g18642		NC_089039.1.g18966			2	1	
OG0036373	NC_089039.1.g18901	NC_089039.1.g18723		NC_089039.1.g18724					2	1	
OG0036374	NC_089039.1.g18983			NC_089039.1.g18808		NC_089039.1.g19139			2	1	
OG0036375	NC_089039.1.g19028		NC_089039.1.g18917			NC_089039.1.g19190			2	1	
OG0036376	NC_089039.1.g19084		NC_089039.1.g18973		NC_089039.1.g19032				2	1	
OG0036377	NC_089039.1.g19115			NC_089039.1.g18938		NC_089039.1.g19273			2	1	
OG0036378	NC_089039.1.g19136	NC_089039.1.g18970					NC_089039.1.g19064		2	1	
OG0036380	NC_089039.1.g19172			NC_089039.1.g18996		NC_089039.1.g19328			2	1	
OG0036381	NC_089039.1.g19192			NC_089039.1.g19016	NC_089039.1.g19133				2	1	
OG0036382	NC_089039.1.g19270			NC_089039.1.g19087		NC_089039.1.g19432			2	1	
OG0036383	NC_089039.1.g19323	NC_089039.1.g19162			NC_089039.1.g19267				2	1	
OG0036384	NC_089039.1.g19366			NC_089039.1.g19179		NC_089039.1.g19526			2	1	
OG0036385	NC_089039.1.g19407		NC_089039.1.g19307			NC_089039.1.g19571			2	1	
OG0036386	NC_089039.1.g19439					NC_089039.1.g19604		NC_089039.1.g19380	2	1	
OG0036387	NC_089039.1.g19456	NC_089039.1.g19301			NC_089039.1.g19412				2	1	
OG0036388	NC_089039.1.g19461			NC_089039.1.g19280		NC_089039.1.g19624			2	1	
OG0036389	NC_089039.1.g19477			NC_089039.1.g19295		NC_089039.1.g19639			2	1	
OG0036390	NC_089039.1.g19550			NC_089039.1.g19372		NC_089039.1.g19715			2	1	
OG0036391	NC_089039.1.g19551			NC_089039.1.g19373		NC_089039.1.g19716			2	1	
OG0036392	NC_089039.1.g19576			NC_089039.1.g19397		NC_089039.1.g19741			2	1	
OG0036393	NC_089039.1.g19598			NC_089039.1.g19419		NC_089039.1.g19762			2	1	
OG0036394	NC_089039.1.g19616			NC_089039.1.g19437		NC_089039.1.g19780			2	1	
OG0036395	NC_089039.1.g19618			NC_089039.1.g19439		NC_089039.1.g19782			2	1	
OG0036396	NC_089039.1.g19619			NC_089039.1.g19440			NC_089039.1.g19522		2	1	
OG0036397	NC_089039.1.g19622			NC_089039.1.g19442		NC_089039.1.g19785			2	1	
OG0036398	NC_089039.1.g19638	NC_089039.1.g19471					NC_089039.1.g19541		2	1	
OG0036399	NC_089039.1.g19655			NC_089039.1.g19477		NC_089039.1.g19817			2	1	
OG0036400	NC_089039.1.g19934	NC_089039.1.g19781			NC_089039.1.g19886				2	1	
OG0036401	NC_089039.1.g19936				NC_089039.1.g19888	NC_089039.1.g20103			2	1	
OG0036402	NC_089039.1.g19948				NC_089039.1.g19903	NC_089039.1.g20114			2	1	
OG0036403	NC_089039.1.g19965				NC_089039.1.g19920	NC_089039.1.g20130			2	1	
OG0036404	NC_089039.1.g19996				NC_089039.1.g19947	NC_089039.1.g20162			2	1	
OG0036405	NC_089039.1.g20094			NC_089039.1.g19923		NC_089039.1.g20266			2	1	
OG0036406	NC_089039.1.g20123			NC_089039.1.g19953		NC_089039.1.g20295			2	1	
OG0036407	NC_089039.1.g20226	NC_089039.1.g20076			NC_089039.1.g20183				2	1	
OG0036408	NC_089039.1.g20320			NC_089039.1.g20145		NC_089039.1.g20495			2	1	
OG0036409	NC_089039.1.g20332			NC_089039.1.g20158				NC_089039.1.g20258	2	1	
OG0036410	NC_089039.1.g20378	NC_089039.1.g20233						NC_089039.1.g20304	2	1	
OG0036411	NC_089039.1.g20417	NC_089039.1.g20273		NC_089039.1.g20245					2	1	
OG0036412	NC_089039.1.g20498	NC_089039.1.g20356			NC_089039.1.g20458				2	1	
OG0036413	NC_089039.1.g20534			NC_089039.1.g20363		NC_089039.1.g20703			2	1	
OG0036414	NC_089039.1.g20592			NC_089039.1.g20422		NC_089039.1.g20763			2	1	
OG0036415	NC_089039.1.g20674	NC_089039.1.g20539	NC_089039.1.g20583						2	1	
OG0036416	NC_089040.1.g20707		NC_089040.1.g20610				NC_089040.1.g20601		2	1	
OG0036417	NC_089040.1.g20754				NC_089040.1.g20720	NC_089040.1.g20919			2	1	
OG0036418	NC_089040.1.g20783		NC_089040.1.g20681			NC_089040.1.g20948			2	1	
OG0036419	NC_089040.1.g20787		NC_089040.1.g20684				NC_089040.1.g20675		2	1	
OG0036420	NC_089040.1.g20788			NC_089040.1.g20605				NC_089040.1.g20704	2	1	
OG0036421	NC_089040.1.g20854			NC_089040.1.g20683		NC_089040.1.g21020			2	1	
OG0036422	NC_089040.1.g21168			NC_089040.1.g20989		NC_089040.1.g21340			2	1	
OG0036423	NC_089040.1.g21228				NC_089040.1.g21194			NC_089040.1.g21146	2	1	
OG0036424	NC_089040.1.g21392			NC_089040.1.g21202			NC_089040.1.g21275		2	1	
OG0036425	NC_089040.1.g21408	NC_089040.1.g21257					NC_089040.1.g21292		2	1	
OG0036426	NC_089040.1.g21523			NC_089040.1.g21325		NC_089040.1.g21682			2	1	
OG0036428	NC_089040.1.g21609		NC_089040.1.g21495					NC_089040.1.g21508	2	1	
OG0036429	NC_089040.1.g21672			NC_089040.1.g21466		NC_089040.1.g21825			2	1	
OG0036430	NC_089040.1.g21840			NC_089040.1.g21617		NC_089040.1.g21997			2	1	
OG0036431	NC_089040.1.g21843			NC_089040.1.g21621		NC_089040.1.g22001			2	1	
OG0036432	NC_089040.1.g21858				NC_089040.1.g21814		NC_089040.1.g21728		2	1	
OG0036434	NC_089040.1.g21967		NC_089040.1.g21854					NC_089040.1.g21867	2	1	
OG0036435	NC_089040.1.g22003				NC_089040.1.g21722			NC_089040.1.g21667	2	1	
OG0036436	NC_089040.1.g22011	NC_089040.1.g21841			NC_089040.1.g21967				2	1	
OG0036437	NC_089040.1.g22026				NC_089039.1.g19258		NC_089039.1.g19242		2	1	
OG0036438	NC_089040.1.g22060	NC_089040.1.g21891			NC_089045.1.g35765				2	1	
OG0036439	NC_089040.1.g22062			NC_089044.1.g32779			NC_089044.1.g32971		2	1	
OG0036440	NC_089040.1.g22069			NC_089040.1.g21833		NC_089040.1.g22227			2	1	
OG0036441	NC_089040.1.g22086	NC_089041.1.g25015					NC_089041.1.g24993		2	1	
OG0036442	NC_089040.1.g22108						NC_089040.1.g21959	NC_089040.1.g21999	2	1	
OG0036443	NC_089040.1.g22208						NC_089040.1.g22072	NC_089040.1.g22106	2	1	
OG0036444	NC_089040.1.g22303		NC_089040.1.g22196	NC_089040.1.g22059					2	1	
OG0036445	NC_089040.1.g22332				NC_089040.1.g22300	NC_089040.1.g22503			2	1	
OG0036446	NC_089040.1.g22392	NC_089040.1.g22238					NC_089040.1.g22248		2	1	
OG0036448	NC_089040.1.g22432		NC_089040.1.g22312			NC_089040.1.g22594			2	1	
OG0036449	NC_089040.1.g22494	NC_089040.1.g22331					NC_089040.1.g22341		2	1	
OG0036450	NC_089040.1.g22520				NC_089040.1.g22489		NC_089040.1.g22375		2	1	
OG0036451	NC_089040.1.g22526	NC_089040.1.g22371		NC_089040.1.g22244					2	1	
OG0036452	NC_089040.1.g22590					NC_089040.1.g22758	NC_089040.1.g22443		2	1	
OG0036453	NC_089040.1.g22619			NC_089037.1.g12649			NC_089038.1.g15061		2	1	
OG0036454	NC_089040.1.g22631			NC_089037.1.g12261		NC_089037.1.g12468			2	1	
OG0036455	NC_089040.1.g22652	NC_089040.1.g22481						NC_089040.1.g22525	2	1	
OG0036456	NC_089040.1.g22756			NC_089040.1.g22462		NC_089040.1.g22922			2	1	
OG0036457	NC_089040.1.g22785		NC_089040.1.g22671			NC_089040.1.g22961			2	1	
OG0036458	NC_089040.1.g22787			NC_089040.1.g22496		NC_089040.1.g22963			2	1	
OG0036459	NC_089040.1.g22836			NC_089040.1.g22547		NC_089040.1.g23015			2	1	
OG0036460	NC_089040.1.g22867	NC_089040.1.g22705					NC_089040.1.g22711		2	1	
OG0036461	NC_089040.1.g22870			NC_089040.1.g22579		NC_089040.1.g23046			2	1	
OG0036462	NC_089040.1.g22892						NC_089040.1.g22737	NC_089040.1.g22775	2	1	
OG0036463	NC_089040.1.g22923			NC_089040.1.g22632		NC_089040.1.g23101			2	1	
OG0036464	NC_089040.1.g22953			NC_089040.1.g22661				NC_089040.1.g22836	2	1	
OG0036465	NC_089040.1.g22959		NC_089040.1.g22842					NC_089040.1.g22842	2	1	
OG0036466	NC_089040.1.g22991		NC_089040.1.g22873				NC_089040.1.g22841		2	1	
OG0036467	NC_089040.1.g23001	NC_089040.1.g22838	NC_089040.1.g22882						2	1	
OG0036468	NC_089040.1.g23068	NC_089040.1.g22898		NC_089040.1.g22771					2	1	
OG0036469	NC_089040.1.g23069	NC_089040.1.g22899		NC_089040.1.g22772					2	1	
OG0036470	NC_089040.1.g23190	NC_089040.1.g23029						NC_089040.1.g23081	2	1	
OG0036471	NC_089040.1.g23196			NC_089040.1.g22901		NC_089040.1.g23377			2	1	
OG0036472	NC_089040.1.g23251		NC_089040.1.g23129				NC_089040.1.g23093		2	1	
OG0036473	NC_089040.1.g23378			NC_089040.1.g23081	NC_089040.1.g23345				2	1	
OG0036474	NC_089040.1.g23555	NC_089042.1.g28294	NC_089042.1.g28312						2	1	
OG0036475	NC_089040.1.g23578		NC_089040.1.g23457			NC_089040.1.g23759			2	1	
OG0036476	NC_089040.1.g23593			NC_089040.1.g23300		NC_089040.1.g23774			2	1	
OG0036477	NC_089040.1.g23670				NC_089040.1.g23634			NC_089040.1.g23558	2	1	
OG0036478	NC_089040.1.g23671			NC_089040.1.g23373		NC_089040.1.g23850			2	1	
OG0036479	NC_089040.1.g23692			NC_089040.1.g23395		NC_089040.1.g23869			2	1	
OG0036480	NC_089040.1.g23716			NC_089040.1.g23421		NC_089040.1.g23893			2	1	
OG0036481	NC_089040.1.g23897			NC_089040.1.g23597		NC_089040.1.g24072			2	1	
OG0036482	NC_089040.1.g23919	NC_089040.1.g23751		NC_089040.1.g23618					2	1	
OG0036483	NC_089040.1.g23979			NC_089040.1.g23677		NC_089040.1.g24138			2	1	
OG0036484	NC_089040.1.g23998			NC_089040.1.g23695		NC_089040.1.g24157			2	1	
OG0036485	NC_089041.1.g24140			NC_089041.1.g23843		NC_089041.1.g24304			2	1	
OG0036486	NC_089041.1.g24177	NC_089041.1.g24009		NC_089041.1.g23873					2	1	
OG0036487	NC_089041.1.g24262		NC_089041.1.g24123					NC_089041.1.g24135	2	1	
OG0036488	NC_089041.1.g24266			NC_089041.1.g23940	NC_089041.1.g24214				2	1	
OG0036489	NC_089041.1.g24299			NC_089041.1.g23971		NC_089041.1.g24447			2	1	
OG0036490	NC_089041.1.g24566			NC_089041.1.g24253		NC_089041.1.g24724			2	1	
OG0036491	NC_089041.1.g24600			NC_089041.1.g24286			NC_089041.1.g24411		2	1	
OG0036492	NC_089041.1.g24610			NC_089041.1.g24295		NC_089041.1.g24765			2	1	
OG0036493	NC_089041.1.g24624			NC_089041.1.g24310		NC_089041.1.g24777			2	1	
OG0036494	NC_089041.1.g24790		NC_089035.1.g2223		NC_089035.1.g2228				2	1	
OG0036495	NC_089041.1.g24810			NC_089041.1.g24494	NC_089041.1.g24758				2	1	
OG0036496	NC_089041.1.g24852			NC_089041.1.g24535			NC_089041.1.g24661		2	1	
OG0036497	NC_089041.1.g24878	NC_089041.1.g24700		NC_089041.1.g24560					2	1	
OG0036498	NC_089041.1.g24890			NC_089041.1.g24575		NC_089041.1.g25040			2	1	
OG0036499	NC_089041.1.g24891			NC_089041.1.g24576		NC_089041.1.g25041			2	1	
OG0036500	NC_089041.1.g24894			NC_089041.1.g24579		NC_089041.1.g25044			2	1	
OG0036501	NC_089041.1.g24895			NC_089041.1.g24580		NC_089041.1.g25045			2	1	
OG0036502	NC_089041.1.g24900		NC_089041.1.g24744				NC_089041.1.g24707		2	1	
OG0036503	NC_089041.1.g24931			NC_089041.1.g24610		NC_089041.1.g25077			2	1	
OG0036504	NC_089041.1.g24935			NC_089041.1.g24614		NC_089041.1.g25081			2	1	
OG0036505	NC_089041.1.g24939			NC_089041.1.g24618		NC_089041.1.g25087			2	1	
OG0036506	NC_089041.1.g24941			NC_089041.1.g24621		NC_089041.1.g25089			2	1	
OG0036507	NC_089041.1.g24943			NC_089041.1.g24623		NC_089041.1.g25091			2	1	
OG0036508	NC_089041.1.g25042			NC_089041.1.g24721	NC_089041.1.g24991				2	1	
OG0036509	NC_089041.1.g25045			NC_089041.1.g24724		NC_089041.1.g25194			2	1	
OG0036510	NC_089041.1.g25058			NC_089041.1.g24736		NC_089041.1.g25209			2	1	
OG0036511	NC_089041.1.g25080			NC_089041.1.g24763		NC_089041.1.g25239			2	1	
OG0036512	NC_089041.1.g25085			NC_089041.1.g24770		NC_089041.1.g25246			2	1	
OG0036513	NC_089041.1.g25102				NC_089041.1.g25059			NC_089041.1.g24971	2	1	
OG0036514	NC_089041.1.g25122			NC_089041.1.g24806		NC_089041.1.g25284			2	1	
OG0036515	NC_089041.1.g25133			NC_089041.1.g24819		NC_089041.1.g25297			2	1	
OG0036516	NC_089041.1.g25151			NC_089041.1.g24838		NC_089041.1.g25315			2	1	
OG0036517	NC_089041.1.g25168			NC_089041.1.g24854		NC_089041.1.g25334			2	1	
OG0036518	NC_089041.1.g25172			NC_089041.1.g24858		NC_089041.1.g25338			2	1	
OG0036519	NC_089041.1.g25173			NC_089041.1.g24859		NC_089041.1.g25339			2	1	
OG0036520	NC_089041.1.g25224	NC_089041.1.g25068		NC_089041.1.g24913					2	1	
OG0036521	NC_089041.1.g25252			NC_089041.1.g24940		NC_089041.1.g25420			2	1	
OG0036522	NC_089041.1.g25264			NC_089041.1.g24953		NC_089041.1.g25433			2	1	
OG0036523	NC_089041.1.g25267			NC_089041.1.g24956		NC_089041.1.g25436			2	1	
OG0036524	NC_089041.1.g25307			NC_089041.1.g24993		NC_089041.1.g25477			2	1	
OG0036525	NC_089041.1.g25337			NC_089041.1.g25024		NC_089041.1.g25507			2	1	
OG0036526	NC_089041.1.g25344			NC_089041.1.g25031	NC_089041.1.g25299				2	1	
OG0036527	NC_089041.1.g25360			NC_089041.1.g25047		NC_089041.1.g25529			2	1	
OG0036528	NC_089041.1.g25366			NC_089041.1.g25053		NC_089041.1.g25534			2	1	
OG0036529	NC_089041.1.g25396			NC_089041.1.g25081		NC_089041.1.g25567			2	1	
OG0036530	NC_089041.1.g25418			NC_089041.1.g25105		NC_089041.1.g25589			2	1	
OG0036531	NC_089041.1.g25434			NC_089041.1.g25119		NC_089041.1.g25606			2	1	
OG0036532	NC_089041.1.g25450			NC_089041.1.g25136		NC_089041.1.g25621			2	1	
OG0036533	NC_089041.1.g25521			NC_089041.1.g25202		NC_089041.1.g25691			2	1	
OG0036534	NC_089041.1.g25549		NC_089041.1.g25440					NC_089041.1.g25472	2	1	
OG0036535	NC_089041.1.g25609					NC_089041.1.g25778	NC_089041.1.g25405		2	1	
OG0036536	NC_089041.1.g25619	NC_089041.1.g25451		NC_089041.1.g25295					2	1	
OG0036537	NC_089041.1.g25690					NC_089041.1.g25856	NC_089041.1.g25474		2	1	
OG0036538	NC_089041.1.g25809	NC_089041.1.g25637						NC_089041.1.g25686	2	1	
OG0036539	NC_089041.1.g25860	NC_089041.1.g25694			NC_089041.1.g25809				2	1	
OG0036541	NC_089041.1.g25962			NC_089041.1.g25617		NC_089041.1.g26133			2	1	
OG0036542	NC_089041.1.g26085					NC_089041.1.g26256		NC_089041.1.g25970	2	1	
OG0036543	NC_089041.1.g26128						NC_089041.1.g25929	NC_089041.1.g26006	2	1	
OG0036544	NC_089041.1.g26133		NC_089041.1.g25885				NC_089041.1.g25934		2	1	
OG0036545	NC_089041.1.g26135					NC_089041.1.g26303	NC_089041.1.g25936		2	1	
OG0036546	NC_089041.1.g26166		NC_089041.1.g26003					NC_089041.1.g26040	2	1	
OG0036547	NC_089041.1.g26272			NC_089041.1.g25896		NC_089041.1.g26433			2	1	
OG0036548	NC_089041.1.g26299				NC_089038.1.g16121	NC_089041.1.g26461			2	1	
OG0036549	NC_089041.1.g26308			NC_089041.1.g25931		NC_089041.1.g26470			2	1	
OG0036550	NC_089041.1.g26309			NC_089041.1.g25932		NC_089041.1.g26471			2	1	
OG0036551	NC_089041.1.g26326			NC_089041.1.g25952		NC_089041.1.g26490			2	1	
OG0036552	NC_089041.1.g26346			NC_089041.1.g25979		NC_089041.1.g26516			2	1	
OG0036553	NC_089041.1.g26352			NC_089041.1.g25985		NC_089041.1.g26522			2	1	
OG0036554	NC_089041.1.g26393	NC_089041.1.g26234		NC_089041.1.g26030					2	1	
OG0036555	NC_089041.1.g26415				NC_089041.1.g26369		NC_089041.1.g26216		2	1	
OG0036556	NC_089041.1.g26527			NC_089041.1.g26171		NC_089041.1.g26718			2	1	
OG0036557	NC_089041.1.g26577	NC_089041.1.g26423						NC_089041.1.g26465	2	1	
OG0036558	NC_089041.1.g26639			NC_089041.1.g26285		NC_089041.1.g26830			2	1	
OG0036559	NC_089041.1.g26640			NC_089041.1.g26286		NC_089041.1.g26831			2	1	
OG0036560	NC_089041.1.g26768		NC_089041.1.g26610		NC_089041.1.g26731				2	1	
OG0036561	NC_089041.1.g26828			NC_089041.1.g26467		NC_089041.1.g27013			2	1	
OG0036562	NC_089041.1.g26843					NC_089041.1.g27036		NC_089041.1.g26739	2	1	
OG0036563	NC_089041.1.g26861	NC_089046.1.g38086			NC_089041.1.g26808				2	1	
OG0036564	NC_089041.1.g26904				NC_089041.1.g26854			NC_089041.1.g26799	2	1	
OG0036565	NC_089041.1.g26909				NC_089041.1.g26858	NC_089041.1.g27103			2	1	
OG0036566	NC_089041.1.g26961	NC_089041.1.g26808			NC_089041.1.g26908				2	1	
OG0036567	NC_089041.1.g26991	NC_089041.1.g26837						NC_089041.1.g26881	2	1	
OG0036568	NC_089041.1.g27074			NC_089041.1.g26712		NC_089041.1.g27266			2	1	
OG0036569	NC_089041.1.g27133			NC_089041.1.g26768			NC_089041.1.g26936		2	1	
OG0036570	NC_089042.1.g27421		NC_089035.1.g4048				NC_089035.1.g4000		2	1	
OG0036571	NC_089042.1.g27440			NC_089042.1.g27075		NC_089042.1.g27616			2	1	
OG0036572	NC_089042.1.g27470			NC_089042.1.g27109		NC_089042.1.g27648			2	1	
OG0036573	NC_089042.1.g27544	NC_089042.1.g27369					NC_089042.1.g27337		2	1	
OG0036574	NC_089042.1.g27654			NC_089042.1.g27303		NC_089042.1.g27839			2	1	
OG0036575	NC_089042.1.g27665	NC_089042.1.g27497						NC_089042.1.g27564	2	1	
OG0036576	NC_089042.1.g27719	NC_089042.1.g27555				NC_089042.1.g27907			2	1	
OG0036577	NC_089042.1.g27721			NC_089042.1.g27371		NC_089042.1.g27909			2	1	
OG0036578	NC_089042.1.g27722			NC_089042.1.g27372		NC_089042.1.g27910			2	1	
OG0036579	NC_089042.1.g27737			NC_089042.1.g27388		NC_089042.1.g27926			2	1	
OG0036580	NC_089042.1.g27770		NC_089042.1.g27614	NC_089042.1.g27423					2	1	
OG0036581	NC_089042.1.g27824	NC_089042.1.g27661					NC_089042.1.g27654		2	1	
OG0036582	NC_089042.1.g27838			NC_089042.1.g27493		NC_089042.1.g28041			2	1	
OG0036583	NC_089042.1.g27858				NC_089042.1.g27812		NC_089042.1.g27689		2	1	
OG0036584	NC_089042.1.g27884			NC_089042.1.g27538		NC_089042.1.g28087			2	1	
OG0036585	NC_089042.1.g27901			NC_089042.1.g27555				NC_089042.1.g27808	2	1	
OG0036586	NC_089042.1.g27941			NC_089042.1.g27599		NC_089042.1.g28143			2	1	
OG0036587	NC_089042.1.g28011				NC_089042.1.g27961	NC_089042.1.g28214			2	1	
OG0036588	NC_089042.1.g28088					NC_089042.1.g28295	NC_089042.1.g27905		2	1	
OG0036589	NC_089042.1.g28172			NC_089042.1.g27800		NC_089042.1.g28365			2	1	
OG0036590	NC_089042.1.g28177	NC_089042.1.g28000		NC_089042.1.g27804					2	1	
OG0036591	NC_089042.1.g28222		NC_089042.1.g28067					NC_089042.1.g28123	2	1	
OG0036592	NC_089042.1.g28260	NC_089042.1.g28084	NC_089042.1.g28102						2	1	
OG0036593	NC_089042.1.g28262		NC_089042.1.g28105					NC_089042.1.g28164	2	1	
OG0036594	NC_089042.1.g28279	NC_089042.1.g28105						NC_089042.1.g28184	2	1	
OG0036595	NC_089042.1.g28320			NC_089042.1.g27933		NC_089042.1.g28505			2	1	
OG0036596	NC_089042.1.g28326			NC_089042.1.g27939		NC_089042.1.g28511			2	1	
OG0036597	NC_089042.1.g28329					NC_089042.1.g28514		NC_089042.1.g28233	2	1	
OG0036599	NC_089042.1.g28346						NC_089042.1.g28144	NC_089042.1.g28248	2	1	
OG0036600	NC_089042.1.g28405				NC_089042.1.g28366	NC_089042.1.g28593			2	1	
OG0036601	NC_089042.1.g28432	NC_089042.1.g28264			NC_089042.1.g28392				2	1	
OG0036602	NC_089042.1.g28442			NC_089042.1.g28049				NC_089042.1.g28357	2	1	
OG0036603	NC_089042.1.g28447				NC_089042.1.g28410	NC_089042.1.g28641			2	1	
OG0036604	NC_089042.1.g28472		NC_089042.1.g28326					NC_089042.1.g28388	2	1	
OG0036605	NC_089042.1.g28473		NC_089042.1.g28327					NC_089042.1.g28389	2	1	
OG0036606	NC_089042.1.g28561			NC_089042.1.g28159	NC_089042.1.g28516				2	1	
OG0036607	NC_089042.1.g28568		NC_089041.1.g25274		NC_089042.1.g28525				2	1	
OG0036608	NC_089042.1.g28605					NC_089042.1.g28794	NC_089042.1.g28401		2	1	
OG0036609	NC_089042.1.g28612			NC_089042.1.g28208		NC_089042.1.g28799			2	1	
OG0036610	NC_089042.1.g28613			NC_089042.1.g28209		NC_089042.1.g28800			2	1	
OG0036611	NC_089042.1.g28623			NC_089042.1.g28219		NC_089042.1.g28811			2	1	
OG0036612	NC_089042.1.g28676				NC_089042.1.g28631	NC_089042.1.g28865			2	1	
OG0036613	NC_089042.1.g28701	NC_089042.1.g28536			NC_089042.1.g28657				2	1	
OG0036614	NC_089042.1.g28744					NC_089042.1.g28933	NC_089042.1.g28535		2	1	
OG0036615	NC_089042.1.g28756	NC_089042.1.g28593						NC_089042.1.g28668	2	1	
OG0036616	NC_089042.1.g28783					NC_089042.1.g28969	NC_089042.1.g28579		2	1	
OG0036617	NC_089042.1.g28818			NC_089042.1.g28402		NC_089042.1.g29001			2	1	
OG0036618	NC_089042.1.g28822			NC_089042.1.g28405		NC_089042.1.g29005			2	1	
OG0036619	NC_089042.1.g28829			NC_089042.1.g28413		NC_089042.1.g29012			2	1	
OG0036620	NC_089042.1.g28842	NC_089042.1.g28678				NC_089042.1.g29025			2	1	
OG0036621	NC_089042.1.g28949		NC_089042.1.g28800	NC_089042.1.g28529					2	1	
OG0036622	NC_089042.1.g28972			NC_089042.1.g28549		NC_089042.1.g29153			2	1	
OG0036623	NC_089042.1.g28977			NC_089042.1.g28553		NC_089042.1.g29157			2	1	
OG0036624	NC_089042.1.g29056	NC_089042.1.g28888	NC_089042.1.g28903						2	1	
OG0036625	NC_089042.1.g29091			NC_089042.1.g28663		NC_089042.1.g29270			2	1	
OG0036626	NC_089042.1.g29105			NC_089042.1.g28676		NC_089042.1.g29283			2	1	
OG0036627	NC_089042.1.g29135			NC_089042.1.g28710		NC_089042.1.g29315			2	1	
OG0036628	NC_089042.1.g29141			NC_089042.1.g28715		NC_089042.1.g29320			2	1	
OG0036629	NC_089042.1.g29233			NC_089042.1.g28802		NC_089042.1.g29417			2	1	
OG0036630	NC_089042.1.g29237			NC_089042.1.g28806		NC_089042.1.g29423			2	1	
OG0036631	NC_089042.1.g29242			NC_089042.1.g28811		NC_089042.1.g29428			2	1	
OG0036632	NC_089042.1.g29243			NC_089042.1.g28812		NC_089042.1.g29429			2	1	
OG0036633	NC_089042.1.g29254			NC_089042.1.g28823		NC_089042.1.g29441			2	1	
OG0036634	NC_089042.1.g29255			NC_089042.1.g28824		NC_089042.1.g29442			2	1	
OG0036635	NC_089042.1.g29326						NC_089042.1.g29106	NC_089042.1.g29235	2	1	
OG0036636	NC_089042.1.g29353					NC_089042.1.g29546	NC_089042.1.g29135		2	1	
OG0036637	NC_089042.1.g29374	NC_089042.1.g29210			NC_089042.1.g29319				2	1	
OG0036638	NC_089042.1.g29412			NC_089042.1.g28981		NC_089042.1.g29611			2	1	
OG0036639	NC_089042.1.g29761			NC_089042.1.g29337		NC_089042.1.g29977			2	1	
OG0036640	NC_089042.1.g29763			NC_089042.1.g29339		NC_089042.1.g29979			2	1	
OG0036641	NC_089042.1.g29764			NC_089042.1.g29340		NC_089042.1.g29980			2	1	
OG0036642	NC_089042.1.g29765			NC_089042.1.g29341		NC_089042.1.g29981			2	1	
OG0036643	NC_089042.1.g29772			NC_089042.1.g29348		NC_089042.1.g29988			2	1	
OG0036644	NC_089042.1.g29848			NC_089042.1.g29425		NC_089042.1.g30065			2	1	
OG0036645	NC_089043.1.g29966			NC_089043.1.g29544		NC_089043.1.g30191			2	1	
OG0036646	NC_089043.1.g29971			NC_089043.1.g29549		NC_089043.1.g30196			2	1	
OG0036647	NC_089043.1.g29975		NC_089043.1.g29839	NC_089043.1.g29554					2	1	
OG0036648	NC_089043.1.g29993			NC_089043.1.g29570		NC_089043.1.g30217			2	1	
OG0036649	NC_089043.1.g29996			NC_089043.1.g29575		NC_089043.1.g30224			2	1	
OG0036650	NC_089043.1.g30012	NC_089036.1.g8085				NC_089036.1.g8188			2	1	
OG0036651	NC_089043.1.g30021			NC_089043.1.g29597				NC_089043.1.g29961	2	1	
OG0036652	NC_089043.1.g30158	NC_089043.1.g30000		NC_089043.1.g29738					2	1	
OG0036653	NC_089043.1.g30214			NC_089043.1.g29797		NC_089043.1.g30453			2	1	
OG0036654	NC_089043.1.g30229	NC_089043.1.g30089						NC_089043.1.g30185	2	1	
OG0036655	NC_089043.1.g30255				NC_089043.1.g30213			NC_089043.1.g30213	2	1	
OG0036656	NC_089043.1.g30262			NC_089043.1.g29852		NC_089043.1.g30510			2	1	
OG0036657	NC_089043.1.g30269			NC_089043.1.g29859		NC_089043.1.g30517			2	1	
OG0036658	NC_089043.1.g30284		NC_089043.1.g30141					NC_089043.1.g30240	2	1	
OG0036659	NC_089043.1.g30288			NC_089043.1.g29880		NC_089043.1.g30542			2	1	
OG0036660	NC_089043.1.g30314			NC_089036.1.g5263		NC_089043.1.g30567			2	1	
OG0036661	NC_089043.1.g30327	NC_089043.1.g30189				NC_089043.1.g30578			2	1	
OG0036662	NC_089043.1.g30338			NC_089043.1.g29928		NC_089043.1.g30587			2	1	
OG0036663	NC_089043.1.g30348			NC_089042.1.g28322			NC_089042.1.g28522		2	1	
OG0036664	NC_089043.1.g30359		NC_089043.1.g30216					NC_089043.1.g30307	2	1	
OG0036665	NC_089043.1.g30361			NC_089043.1.g29946		NC_089043.1.g30609			2	1	
OG0036666	NC_089043.1.g30368			NC_089043.1.g29953		NC_089043.1.g30616			2	1	
OG0036667	NC_089043.1.g30371			NC_089043.1.g29956		NC_089043.1.g30619			2	1	
OG0036668	NC_089043.1.g30413			NC_089043.1.g29995		NC_089043.1.g30659			2	1	
OG0036669	NC_089043.1.g30435				NC_089043.1.g30376		NC_089043.1.g30209		2	1	
OG0036670	NC_089043.1.g30469			NC_089043.1.g30047		NC_089043.1.g30717			2	1	
OG0036671	NC_089043.1.g30505	NC_089043.1.g30357						NC_089043.1.g30442	2	1	
OG0036672	NC_089043.1.g30511			NC_089043.1.g30088		NC_089043.1.g30759			2	1	
OG0036673	NC_089043.1.g30522			NC_089043.1.g30097		NC_089043.1.g30770			2	1	
OG0036674	NC_089043.1.g30580			NC_089043.1.g30166			NC_089043.1.g30344		2	1	
OG0036675	NC_089043.1.g30593			NC_089043.1.g30178		NC_089043.1.g30855			2	1	
OG0036676	NC_089043.1.g30623		NC_089043.1.g30459	NC_089043.1.g30210					2	1	
OG0036677	NC_089043.1.g30626		NC_089043.1.g30463				NC_089043.1.g30388		2	1	
OG0036678	NC_089043.1.g30653			NC_089043.1.g30245				NC_089043.1.g30603	2	1	
OG0036680	NC_089043.1.g30704			NC_089045.1.g36480		NC_089043.1.g30978			2	1	
OG0036681	NC_089043.1.g30728			NC_089043.1.g30316		NC_089043.1.g30998			2	1	
OG0036682	NC_089043.1.g30735		NC_089043.1.g30572			NC_089043.1.g31005			2	1	
OG0036683	NC_089043.1.g30736			NC_089043.1.g30324		NC_089043.1.g31006			2	1	
OG0036684	NC_089043.1.g30737				NC_089043.1.g30689		NC_089043.1.g30493		2	1	
OG0036685	NC_089043.1.g30850	NC_089043.1.g30716						NC_089043.1.g30793	2	1	
OG0036686	NC_089043.1.g30941			NC_089043.1.g30520				NC_089043.1.g30883	2	1	
OG0036687	NC_089043.1.g30959			NC_089039.1.g20307		NC_089039.1.g20650			2	1	
OG0036688	NC_089043.1.g30988			NC_089043.1.g30567		NC_089043.1.g31253			2	1	
OG0036689	NC_089043.1.g31046			NC_089043.1.g30605		NC_089043.1.g31308			2	1	
OG0036690	NC_089043.1.g31141			NC_089043.1.g30696		NC_089043.1.g31403			2	1	
OG0036691	NC_089043.1.g31147			NC_089043.1.g30702		NC_089043.1.g31409			2	1	
OG0036692	NC_089043.1.g31148			NC_089043.1.g30703		NC_089043.1.g31410			2	1	
OG0036693	NC_089043.1.g31170			NC_089043.1.g30725		NC_089043.1.g31431			2	1	
OG0036694	NC_089043.1.g31171			NC_089043.1.g30726		NC_089043.1.g31432			2	1	
OG0036695	NC_089043.1.g31251			NC_089043.1.g30805		NC_089043.1.g31512			2	1	
OG0036696	NC_089043.1.g31304			NC_089043.1.g30856		NC_089043.1.g31566			2	1	
OG0036697	NC_089043.1.g31318			NC_089043.1.g30871		NC_089043.1.g31581			2	1	
OG0036698	NC_089043.1.g31350			NC_089043.1.g30907		NC_089043.1.g31616			2	1	
OG0036699	NC_089043.1.g31408			NC_089043.1.g30960		NC_089043.1.g31669			2	1	
OG0036700	NC_089043.1.g31416		NC_089043.1.g31223		NC_089043.1.g31350				2	1	
OG0036701	NC_089043.1.g31445			NC_089043.1.g30999		NC_089043.1.g31708			2	1	
OG0036702	NC_089043.1.g31550			NC_089043.1.g31110		NC_089043.1.g31814			2	1	
OG0036703	NC_089043.1.g31562			NC_089043.1.g31121		NC_089043.1.g31825			2	1	
OG0036704	NC_089043.1.g31596			NC_089043.1.g31156		NC_089043.1.g31858			2	1	
OG0036705	NC_089043.1.g31661		NC_089043.1.g31472				NC_089043.1.g31410		2	1	
OG0036706	NC_089043.1.g31671			NC_089043.1.g31229		NC_089043.1.g31937			2	1	
OG0036707	NC_089043.1.g31674			NC_089043.1.g31232		NC_089043.1.g31940			2	1	
OG0036708	NC_089043.1.g31784			NC_089043.1.g31344		NC_089043.1.g32053			2	1	
OG0036709	NC_089043.1.g31806					NC_089043.1.g32075	NC_089044.1.g33790		2	1	
OG0036710	NC_089043.1.g31827			NC_089043.1.g31384		NC_089043.1.g32095			2	1	
OG0036711	NC_089043.1.g31843	NC_089043.1.g31668		NC_089043.1.g31400					2	1	
OG0036712	NC_089043.1.g31910			NC_089043.1.g31470		NC_089043.1.g32180			2	1	
OG0036713	NC_089043.1.g32005			NC_089043.1.g31570		NC_089043.1.g32279			2	1	
OG0036714	NC_089043.1.g32017			NC_089043.1.g31581		NC_089043.1.g32289			2	1	
OG0036715	NC_089043.1.g32113			NC_089043.1.g31678		NC_089043.1.g32385			2	1	
OG0036716	NC_089043.1.g32149	NC_089043.1.g31984				NC_089043.1.g32430			2	1	
OG0036717	NC_089043.1.g32188			NC_089043.1.g31761		NC_089043.1.g32469			2	1	
OG0036718	NC_089044.1.g32251				NC_089041.1.g25802			NC_089041.1.g25736	2	1	
OG0036719	NC_089044.1.g32386			NC_089044.1.g31952			NC_089044.1.g32130		2	1	
OG0036720	NC_089044.1.g32387	NC_089044.1.g32232			NC_089044.1.g32362				2	1	
OG0036721	NC_089044.1.g32451			NC_089044.1.g32016		NC_089044.1.g32724			2	1	
OG0036722	NC_089044.1.g32494		NC_089044.1.g32305			NC_089044.1.g32764			2	1	
OG0036723	NC_089044.1.g32511	NC_089044.1.g32372				NC_089044.1.g32796			2	1	
OG0036724	NC_089044.1.g32512			NC_089044.1.g32078		NC_089044.1.g32797			2	1	
OG0036725	NC_089044.1.g32547		NC_089044.1.g32372	NC_089044.1.g32108					2	1	
OG0036726	NC_089044.1.g32568		NC_089044.1.g32388			NC_089044.1.g32853			2	1	
OG0036727	NC_089044.1.g32577		NC_089044.1.g32398	NC_089044.1.g32136					2	1	
OG0036728	NC_089044.1.g32661			NC_089044.1.g32215		NC_089044.1.g32957			2	1	
OG0036729	NC_089044.1.g32676			NC_089044.1.g32225		NC_089044.1.g32972			2	1	
OG0036730	NC_089044.1.g32731			NC_089044.1.g32290			NC_089044.1.g32499		2	1	
OG0036731	NC_089044.1.g32774	NC_089044.1.g32653	NC_089044.1.g32596						2	1	
OG0036732	NC_089044.1.g32800			NC_089044.1.g32362			NC_089044.1.g32564		2	1	
OG0036733	NC_089044.1.g32849	NC_089044.1.g32725					NC_089044.1.g32612		2	1	
OG0036734	NC_089044.1.g32906	NC_089044.1.g32783	NC_089044.1.g32730						2	1	
OG0036735	NC_089044.1.g32960	NC_089044.1.g32843				NC_089044.1.g33279			2	1	
OG0036736	NC_089044.1.g33012	NC_089044.1.g32906					NC_089044.1.g32779		2	1	
OG0036737	NC_089044.1.g33033		NC_089044.1.g32866	NC_089044.1.g32612					2	1	
OG0036738	NC_089044.1.g33128						NC_089044.1.g32895	NC_089044.1.g33102	2	1	
OG0036740	NC_089044.1.g33213			NC_089044.1.g32791		NC_089044.1.g33537			2	1	
OG0036741	NC_089044.1.g33222			NC_089044.1.g32800		NC_089044.1.g33547			2	1	
OG0036742	NC_089044.1.g33252		NC_089044.1.g33082			NC_089044.1.g33581			2	1	
OG0036743	NC_089044.1.g33294	NC_089044.1.g33191				NC_089044.1.g33622			2	1	
OG0036744	NC_089044.1.g33308			NC_089044.1.g32887		NC_089044.1.g33636			2	1	
OG0036745	NC_089044.1.g33339			NC_089044.1.g32918		NC_089044.1.g33668			2	1	
OG0036746	NC_089044.1.g33378			NC_089044.1.g32959		NC_089044.1.g33707			2	1	
OG0036747	NC_089044.1.g33400	NC_089044.1.g33289		NC_089044.1.g32979					2	1	
OG0036748	NC_089044.1.g33421			NC_089044.1.g33001		NC_089044.1.g33761			2	1	
OG0036749	NC_089044.1.g33437			NC_089044.1.g33016		NC_089044.1.g33778			2	1	
OG0036750	NC_089044.1.g33502			NC_089044.1.g33081		NC_089044.1.g33841			2	1	
OG0036751	NC_089044.1.g33510			NC_089044.1.g33089		NC_089044.1.g33850			2	1	
OG0036752	NC_089044.1.g33525			NC_089044.1.g33105		NC_089044.1.g33867			2	1	
OG0036753	NC_089044.1.g33534			NC_089044.1.g33114		NC_089044.1.g33876			2	1	
OG0036754	NC_089044.1.g33538	NC_089044.1.g33429						NC_089044.1.g33533	2	1	
OG0036755	NC_089044.1.g33557	NC_089044.1.g33441			NC_089044.1.g33583				2	1	
OG0036756	NC_089044.1.g33561			NC_089044.1.g33139		NC_089044.1.g33900			2	1	
OG0036757	NC_089044.1.g33619			NC_089044.1.g33200			NC_089044.1.g33393		2	1	
OG0036758	NC_089044.1.g33753		NC_089044.1.g33555			NC_089044.1.g34091			2	1	
OG0036759	NC_089044.1.g33925			NC_089044.1.g33490				NC_089044.1.g33905	2	1	
OG0036761	NC_089044.1.g34004			NC_089044.1.g33566			NC_089044.1.g33778		2	1	
OG0036762	NC_089044.1.g34065			NC_089044.1.g33627		NC_089044.1.g34400			2	1	
OG0036763	NC_089044.1.g34114			NC_089044.1.g33675		NC_089044.1.g34452			2	1	
OG0036764	NC_089044.1.g34153			NC_089044.1.g33713		NC_089044.1.g34491			2	1	
OG0036765	NC_089044.1.g34196			NC_089044.1.g33753		NC_089044.1.g34535			2	1	
OG0036766	NC_089044.1.g34203			NC_089044.1.g33760		NC_089044.1.g34542			2	1	
OG0036767	NC_089044.1.g34205			NC_089044.1.g33762		NC_089044.1.g34544			2	1	
OG0036768	NC_089044.1.g34212		NC_089044.1.g33990				NC_089044.1.g33992		2	1	
OG0036769	NC_089044.1.g34233			NC_089044.1.g33790		NC_089044.1.g34571			2	1	
OG0036770	NC_089044.1.g34247			NC_089044.1.g33803		NC_089044.1.g34584			2	1	
OG0036771	NC_089044.1.g34248			NC_089044.1.g33804		NC_089044.1.g34585			2	1	
OG0036772	NC_089044.1.g34283			NC_089044.1.g33843		NC_089044.1.g34622			2	1	
OG0036773	NC_089044.1.g34286					NC_089044.1.g34625	NC_089044.1.g34069		2	1	
OG0036774	NC_089044.1.g34419			NC_089044.1.g33975		NC_089044.1.g34762			2	1	
OG0036775	NC_089044.1.g34472			NC_089044.1.g34027		NC_089044.1.g34815			2	1	
OG0036776	NC_089045.1.g34605			NC_089045.1.g34153		NC_089045.1.g34939			2	1	
OG0036777	NC_089045.1.g34634			NC_089045.1.g34182		NC_089045.1.g34968			2	1	
OG0036778	NC_089045.1.g34639			NC_089045.1.g34186		NC_089045.1.g34971			2	1	
OG0036779	NC_089045.1.g34646			NC_089045.1.g34193		NC_089045.1.g34978			2	1	
OG0036780	NC_089045.1.g34656			NC_089045.1.g34203		NC_089045.1.g34988			2	1	
OG0036781	NC_089045.1.g34673				NC_089045.1.g34679	NC_089045.1.g35004			2	1	
OG0036782	NC_089045.1.g34701			NC_089045.1.g34245		NC_089045.1.g35031			2	1	
OG0036783	NC_089045.1.g34750			NC_089045.1.g34296		NC_089045.1.g35080			2	1	
OG0036784	NC_089045.1.g34789			NC_089045.1.g34336		NC_089045.1.g35120			2	1	
OG0036785	NC_089045.1.g34791			NC_089045.1.g34338		NC_089045.1.g35122			2	1	
OG0036786	NC_089045.1.g34831				NC_089045.1.g34843		NC_089045.1.g34592		2	1	
OG0036787	NC_089045.1.g34860			NC_089045.1.g34412		NC_089045.1.g35194			2	1	
OG0036788	NC_089045.1.g34862			NC_089045.1.g34414		NC_089045.1.g35197			2	1	
OG0036789	NC_089045.1.g34894			NC_089045.1.g34442		NC_089045.1.g35224			2	1	
OG0036790	NC_089045.1.g34996						NC_089045.1.g34752	NC_089045.1.g34968	2	1	
OG0036791	NC_089045.1.g35021		NC_089045.1.g34784			NC_089045.1.g35351			2	1	
OG0036792	NC_089045.1.g35038				NC_089045.1.g35028	NC_089045.1.g35358			2	1	
OG0036793	NC_089045.1.g35081			NC_089045.1.g34632		NC_089045.1.g35402			2	1	
OG0036794	NC_089045.1.g35096				NC_089045.1.g35088	NC_089045.1.g35419			2	1	
OG0036795	NC_089045.1.g35097			NC_089045.1.g34648		NC_089045.1.g35420			2	1	
OG0036797	NC_089045.1.g35148	NC_089045.1.g34994					NC_089045.1.g34909		2	1	
OG0036798	NC_089045.1.g35263				NC_089045.1.g35271		NC_089045.1.g35034		2	1	
OG0036799	NC_089045.1.g35376	NC_089045.1.g35244			NC_089045.1.g35392				2	1	
OG0036800	NC_089045.1.g35399				NC_089045.1.g35423		NC_089045.1.g35184		2	1	
OG0036801	NC_089045.1.g35409						NC_089045.1.g35194	NC_089045.1.g35411	2	1	
OG0036802	NC_089045.1.g35427			NC_089045.1.g34990		NC_089045.1.g35773			2	1	
OG0036803	NC_089045.1.g35456				NC_089045.1.g35478		NC_089045.1.g35240		2	1	
OG0036804	NC_089045.1.g35475					NC_089045.1.g35825		NC_089045.1.g35477	2	1	
OG0036805	NC_089045.1.g35509					NC_089045.1.g35856		NC_089045.1.g35511	2	1	
OG0036806	NC_089045.1.g35568				NC_089045.1.g35592	NC_089045.1.g35918			2	1	
OG0036807	NC_089045.1.g35605					NC_089045.1.g35954		NC_089045.1.g35603	2	1	
OG0036808	NC_089045.1.g35646			NC_089045.1.g35197		NC_089045.1.g36000			2	1	
OG0036809	NC_089045.1.g35650			NC_089045.1.g35201		NC_089045.1.g36004			2	1	
OG0036810	NC_089045.1.g35655				NC_089045.1.g35685	NC_089045.1.g36011			2	1	
OG0036811	NC_089045.1.g35661			NC_089045.1.g35211		NC_089045.1.g36016			2	1	
OG0036812	NC_089045.1.g35681			NC_089045.1.g35237		NC_089045.1.g36034			2	1	
OG0036813	NC_089045.1.g35691			NC_089045.1.g35247		NC_089045.1.g36044			2	1	
OG0036814	NC_089045.1.g35728			NC_089045.1.g35283		NC_089045.1.g36088			2	1	
OG0036815	NC_089045.1.g35743			NC_089045.1.g35297		NC_089045.1.g36103			2	1	
OG0036816	NC_089045.1.g35750			NC_089045.1.g35303		NC_089045.1.g36112			2	1	
OG0036817	NC_089045.1.g35751			NC_089045.1.g35304		NC_089045.1.g36113			2	1	
OG0036818	NC_089045.1.g35753			NC_089045.1.g35305		NC_089045.1.g36114			2	1	
OG0036819	NC_089045.1.g35756			NC_089045.1.g35308		NC_089045.1.g36116			2	1	
OG0036820	NC_089045.1.g35773			NC_089045.1.g35322		NC_089045.1.g36129			2	1	
OG0036821	NC_089045.1.g35776			NC_089045.1.g35332		NC_089045.1.g36133			2	1	
OG0036822	NC_089045.1.g35780			NC_089045.1.g35336		NC_089045.1.g36140			2	1	
OG0036823	NC_089045.1.g35783				NC_089045.1.g35812	NC_089045.1.g36143			2	1	
OG0036824	NC_089045.1.g35800			NC_089045.1.g35351		NC_089045.1.g36157			2	1	
OG0036825	NC_089045.1.g35803	NC_089045.1.g35656						NC_089045.1.g35795	2	1	
OG0036826	NC_089045.1.g35804			NC_089045.1.g35354		NC_089045.1.g36160			2	1	
OG0036827	NC_089045.1.g35810			NC_089045.1.g35363		NC_089045.1.g36166			2	1	
OG0036828	NC_089045.1.g35811	NC_089045.1.g35663				NC_089045.1.g36167			2	1	
OG0036829	NC_089045.1.g35835			NC_089045.1.g35384		NC_089045.1.g36191			2	1	
OG0036830	NC_089045.1.g35880			NC_089045.1.g35428		NC_089045.1.g36238			2	1	
OG0036831	NC_089045.1.g35918			NC_089045.1.g35471		NC_089045.1.g36277			2	1	
OG0036832	NC_089045.1.g35921			NC_089045.1.g35474		NC_089045.1.g36280			2	1	
OG0036833	NC_089045.1.g35931			NC_089045.1.g35484		NC_089045.1.g36291			2	1	
OG0036834	NC_089045.1.g35932			NC_089045.1.g35485		NC_089045.1.g36292			2	1	
OG0036835	NC_089045.1.g35938			NC_089045.1.g35490		NC_089045.1.g36297			2	1	
OG0036836	NC_089045.1.g35948			NC_089045.1.g35500		NC_089045.1.g36308			2	1	
OG0036837	NC_089045.1.g35961			NC_089045.1.g35516		NC_089045.1.g36324			2	1	
OG0036838	NC_089045.1.g35968			NC_089045.1.g35524		NC_089045.1.g36330			2	1	
OG0036839	NC_089045.1.g35974			NC_089045.1.g35530		NC_089045.1.g36336			2	1	
OG0036840	NC_089045.1.g36016			NC_089045.1.g35573	NC_089045.1.g36036				2	1	
OG0036842	NC_089045.1.g36043		NC_089045.1.g35814			NC_089045.1.g36407			2	1	
OG0036843	NC_089045.1.g36054	NC_089036.1.g7256				NC_089036.1.g7363			2	1	
OG0036844	NC_089045.1.g36072				NC_089045.1.g36093	NC_089045.1.g36438			2	1	
OG0036845	NC_089045.1.g36100		NC_089045.1.g35875		NC_089045.1.g36123				2	1	
OG0036847	NC_089045.1.g36235	NC_089045.1.g36088						NC_089045.1.g36207	2	1	
OG0036848	NC_089045.1.g36242			NC_089045.1.g35785				NC_089045.1.g36214	2	1	
OG0036849	NC_089045.1.g36279			NC_089045.1.g35824		NC_089045.1.g36654			2	1	
OG0036850	NC_089045.1.g36314		NC_089045.1.g36079	NC_089045.1.g35857					2	1	
OG0036851	NC_089045.1.g36317		NC_089045.1.g36083		NC_089045.1.g36343				2	1	
OG0036852	NC_089045.1.g36355		NC_089045.1.g36122					NC_089045.1.g36336	2	1	
OG0036853	NC_089045.1.g36356		NC_089045.1.g36123		NC_089045.1.g36383				2	1	
OG0036854	NC_089045.1.g36412			NC_089045.1.g35954		NC_089045.1.g36783			2	1	
OG0036855	NC_089045.1.g36428				NC_089045.1.g36461			NC_089045.1.g36406	2	1	
OG0036856	NC_089045.1.g36435		NC_089045.1.g36211			NC_089040.1.g21683			2	1	
OG0036857	NC_089045.1.g36537			NC_089041.1.g24867		NC_089041.1.g25351			2	1	
OG0036858	NC_089045.1.g36602			NC_089045.1.g36123		NC_089045.1.g36960			2	1	
OG0036859	NC_089045.1.g36654	NC_089045.1.g36501					NC_089045.1.g36398		2	1	
OG0036860	NC_089045.1.g36782			NC_089045.1.g36291		NC_089045.1.g37131			2	1	
OG0036862	NC_089045.1.g36804			NC_089045.1.g36312		NC_089045.1.g37154			2	1	
OG0036863	NC_089045.1.g36820					NC_089045.1.g37170	NC_089045.1.g36565		2	1	
OG0036864	NC_089045.1.g36862				NC_089045.1.g36899		NC_089045.1.g36610		2	1	
OG0036865	NC_089045.1.g36947	NC_089045.1.g36798					NC_089045.1.g36700		2	1	
OG0036866	NC_089045.1.g37063						NC_089045.1.g36807	NC_089045.1.g37018	2	1	
OG0036867	NC_089045.1.g37079				NC_089045.1.g37100		NC_089045.1.g36823		2	1	
OG0036868	NC_089045.1.g37090	NC_089045.1.g36928	NC_089045.1.g36854						2	1	
OG0036870	NC_089045.1.g37190		NC_089045.1.g36950					NC_089045.1.g37135	2	1	
OG0036871	NC_089045.1.g37195	NC_089045.1.g37032	NC_089045.1.g36957						2	1	
OG0036872	NC_089046.1.g37317			NC_089046.1.g36780		NC_089046.1.g37675			2	1	
OG0036873	NC_089046.1.g37353		NC_089046.1.g37113		NC_089046.1.g37360				2	1	
OG0036874	NC_089046.1.g37356			NC_089046.1.g36818		NC_089046.1.g37712			2	1	
OG0036875	NC_089046.1.g37413			NC_089046.1.g36877		NC_089046.1.g37770			2	1	
OG0036876	NC_089046.1.g37420			NC_089046.1.g36883		NC_089046.1.g37777			2	1	
OG0036877	NC_089046.1.g37463					NC_089046.1.g37821	NC_089046.1.g37193		2	1	
OG0036878	NC_089046.1.g37538			NC_089046.1.g37003		NC_089046.1.g37897			2	1	
OG0036879	NC_089046.1.g37558			NC_089046.1.g37021		NC_089046.1.g37915			2	1	
OG0036880	NC_089046.1.g37565			NC_089046.1.g37028		NC_089046.1.g37921			2	1	
OG0036881	NC_089046.1.g37615			NC_089046.1.g37078		NC_089046.1.g37971			2	1	
OG0036882	NC_089046.1.g37621			NC_089046.1.g37084		NC_089046.1.g37977			2	1	
OG0036883	NC_089046.1.g37675			NC_089046.1.g37137		NC_089046.1.g38031			2	1	
OG0036884	NC_089046.1.g37714				NC_089046.1.g37732			NC_089046.1.g37661	2	1	
OG0036885	NC_089046.1.g37748			NC_089046.1.g37215		NC_089046.1.g38116			2	1	
OG0036886	NC_089046.1.g37778		NC_089044.1.g33306			NC_089046.1.g38145			2	1	
OG0036887	NC_089046.1.g37886				NC_089046.1.g37912	NC_089046.1.g38257			2	1	
OG0036888	NC_089046.1.g37911			NC_089046.1.g37371		NC_089046.1.g38281			2	1	
OG0036889	NC_089046.1.g37923			NC_089046.1.g37383		NC_089046.1.g38295			2	1	
OG0036890	NC_089046.1.g37954			NC_089046.1.g37413	NC_089040.1.g22323				2	1	
OG0036891	NC_089046.1.g37978					NC_089046.1.g38346	NC_089046.1.g37834		2	1	
OG0036892	NC_089046.1.g38048					NC_089046.1.g38416	NC_089046.1.g37779		2	1	
OG0036893	NC_089046.1.g38098		NC_089046.1.g37864			NC_089046.1.g38478			2	1	
OG0036894	NC_089046.1.g38138			NC_089046.1.g37601		NC_089046.1.g38513			2	1	
OG0036895	NC_089046.1.g38151			NC_089046.1.g37614		NC_089046.1.g38528			2	1	
OG0036896	NC_089046.1.g38159			NC_089046.1.g37622		NC_089046.1.g38538			2	1	
OG0036897	NC_089046.1.g38179		NC_089046.1.g37945				NC_089046.1.g37911		2	1	
OG0036898	NC_089046.1.g38183			NC_089046.1.g37644		NC_089046.1.g38562			2	1	
OG0036899	NC_089046.1.g38213		NC_089046.1.g37976				NC_089046.1.g37942		2	1	
OG0036900	NC_089046.1.g38237		NC_089046.1.g38000			NC_089046.1.g38613			2	1	
OG0036901	NC_089046.1.g38251			NC_089046.1.g37711				NC_089046.1.g38194	2	1	
OG0036902	NC_089046.1.g38316			NC_089046.1.g37774		NC_089046.1.g38691			2	1	
OG0036903	NC_089046.1.g38363	NC_089046.1.g38212				NC_089046.1.g38741			2	1	
OG0036904	NC_089046.1.g38400				NC_089046.1.g38428		NC_089046.1.g38126		2	1	
OG0036905	NC_089046.1.g38403		NC_089046.1.g38168			NC_089046.1.g38784			2	1	
OG0036906	NC_089046.1.g38421			NC_089046.1.g37881		NC_089046.1.g38804			2	1	
OG0036907	NC_089046.1.g38529			NC_089046.1.g37981				NC_089046.1.g38455	2	1	
OG0036908	NC_089046.1.g38547			NC_089046.1.g38000		NC_089046.1.g38921			2	1	
OG0036909	NC_089046.1.g38564						NC_089046.1.g38273	NC_089046.1.g38488	2	1	
OG0036910	NC_089046.1.g38568	NC_089046.1.g38417				NC_089046.1.g38942			2	1	
OG0036911	NC_089046.1.g38622						NC_089046.1.g38328	NC_089046.1.g38553	2	1	
OG0036912	NC_089046.1.g38664		NC_089046.1.g38422	NC_089046.1.g38126					2	1	
OG0036913	NC_089046.1.g38672	NC_089046.1.g38523			NC_089046.1.g38718				2	1	
OG0036914	NC_089046.1.g38720	NC_089046.1.g38572						NC_089046.1.g38658	2	1	
OG0036915	NC_089046.1.g38739		NC_089046.1.g38509					NC_089046.1.g38683	2	1	
OG0036916	NC_089046.1.g38782				NC_089046.1.g38830			NC_089046.1.g38729	2	1	
OG0036917	NC_089046.1.g38791			NC_089046.1.g38260		NC_089046.1.g39195			2	1	
OG0036918	NC_089046.1.g38816					NC_089046.1.g39222	NC_089046.1.g38536		2	1	
OG0036919	NC_089046.1.g38881			NC_089046.1.g38346		NC_089046.1.g39286			2	1	
OG0036920	NC_089046.1.g38882			NC_089046.1.g38347		NC_089046.1.g39287			2	1	
OG0036921	NC_089046.1.g38911			NC_089046.1.g38374		NC_089046.1.g39319			2	1	
OG0036922	NC_089046.1.g38913			NC_089046.1.g38376		NC_089046.1.g39321			2	1	
OG0036923	NC_089046.1.g38945			NC_089046.1.g38407		NC_089046.1.g39355			2	1	
OG0036924	NC_089046.1.g38976	NC_089046.1.g38845						NC_089046.1.g38925	2	1	
OG0036925	NC_089046.1.g39002	NC_089046.1.g38874				NC_089046.1.g39418			2	1	
OG0036926	NC_089046.1.g39123			NC_089046.1.g38573		NC_089046.1.g39535			2	1	
OG0036927	NC_089046.1.g39262			NC_089046.1.g38714		NC_089046.1.g39677			2	1	
OG0036928	NC_089046.1.g39312			NC_089046.1.g38770		NC_089046.1.g39734			2	1	
OG0036929	NC_089046.1.g39333						NC_089046.1.g39059	NC_089046.1.g39283	2	1	
OG0036930	NC_089046.1.g39363			NC_089046.1.g38818		NC_089046.1.g39783			2	1	
OG0036931	NC_089046.1.g39376			NC_089046.1.g38830			NC_089046.1.g39101		2	1	
OG0036932	NC_089046.1.g39423			NC_089046.1.g38878		NC_089046.1.g39845			2	1	
OG0036933	NC_089046.1.g39425	NC_089046.1.g39297			NC_089046.1.g39483				2	1	
OG0036934	NC_089046.1.g39473					NC_089046.1.g39895		NC_089046.1.g39423	2	1	
OG0036935	NC_089046.1.g39513			NC_089046.1.g38966		NC_089046.1.g39935			2	1	
OG0036936	NC_089046.1.g39541			NC_089046.1.g38992		NC_089046.1.g39959			2	1	
OG0036937	NC_089046.1.g39690			NC_089046.1.g39135		NC_089046.1.g40104			2	1	
OG0036938	NC_011033.1.g39731		NC_011033.1.g39491					NC_011033.1.g39675	2	1	
OG0036939		NC_089035.1.g108		NC_089035.1.g105		NC_089035.1.g115			3	0	
OG0036940		NC_089035.1.g139		NC_089035.1.g142		NC_089035.1.g144			3	0	
OG0036941		NC_089035.1.g209					NC_089035.1.g211	NC_089035.1.g208	3	0	
OG0036942		NC_089035.1.g262	NC_089035.1.g256				NC_089035.1.g263		3	0	
OG0036943		NC_089035.1.g392		NC_089035.1.g393		NC_089035.1.g400			3	0	
OG0036944		NC_089035.1.g442		NC_089035.1.g443		NC_089035.1.g451			3	0	
OG0036945		NC_089035.1.g452		NC_089035.1.g453		NC_089035.1.g461			3	0	
OG0036946		NC_089035.1.g459		NC_089035.1.g456		NC_089035.1.g466			3	0	
OG0036947		NC_089035.1.g535		NC_089035.1.g535		NC_089035.1.g549			3	0	
OG0036948		NC_089035.1.g687			NC_089043.1.g30136		NC_089043.1.g29967		3	0	
OG0036949		NC_089035.1.g699	NC_089035.1.g671	NC_089035.1.g696					3	0	
OG0036950		NC_089035.1.g736	NC_089035.1.g707		NC_089035.1.g708				3	0	
OG0036951		NC_089035.1.g836	NC_089035.1.g807					NC_089035.1.g818	3	0	
OG0036952		NC_089035.1.g885		NC_089035.1.g883	NC_089035.1.g856				3	0	
OG0036953		NC_089035.1.g1019, NC_089043.1.g30915			NC_089043.1.g31016				2	0	
OG0036954		NC_089035.1.g1020			NC_089035.1.g995		NC_089035.1.g991		3	0	
OG0036955		NC_089035.1.g1053			NC_089035.1.g1030		NC_089035.1.g1027		3	0	
OG0036956		NC_089035.1.g1090	NC_089035.1.g1060			NC_089035.1.g1102			3	0	
OG0036957		NC_089035.1.g1392			NC_089035.1.g1369			NC_089035.1.g1366	3	0	
OG0036958		NC_089035.1.g1438					NC_089035.1.g1405	NC_089035.1.g1415	3	0	
OG0036959		NC_089035.1.g1559	NC_089035.1.g1531	NC_089035.1.g1547					3	0	
OG0036960		NC_089035.1.g1571				NC_089035.1.g1586	NC_089035.1.g1538		3	0	
OG0036961		NC_089035.1.g1611			NC_089035.1.g1590			NC_089035.1.g1582	3	0	
OG0036962		NC_089035.1.g1772, NC_089040.1.g21563						NC_089035.1.g1752	2	0	
OG0036963		NC_089035.1.g1801	NC_089035.1.g1783					NC_089035.1.g1781	3	0	
OG0036964		NC_089035.1.g1811	NC_089035.1.g1792		NC_089035.1.g1792				3	0	
OG0036965		NC_089035.1.g1842	NC_089035.1.g1828		NC_089035.1.g1832				3	0	
OG0036966		NC_089035.1.g1846				NC_089035.1.g1874		NC_089035.1.g1829	3	0	
OG0036967		NC_089035.1.g2001			NC_089035.1.g1993		NC_089035.1.g1974		3	0	
OG0036968		NC_089035.1.g2013	NC_089035.1.g1993					NC_089035.1.g1994	3	0	
OG0036969		NC_089035.1.g2111		NC_089035.1.g2092	NC_089035.1.g2100				3	0	
OG0036971		NC_089035.1.g2308			NC_089035.1.g2309		NC_089035.1.g2298		3	0	
OG0036972		NC_089035.1.g2414			NC_089035.1.g2408			NC_089035.1.g2395	3	0	
OG0036973		NC_089035.1.g2475			NC_089035.1.g2470		NC_089035.1.g2479		3	0	
OG0036974		NC_089035.1.g2492		NC_089035.1.g2481		NC_089035.1.g2538			3	0	
OG0036975		NC_089035.1.g2509			NC_089035.1.g2504			NC_089035.1.g2487	3	0	
OG0036976		NC_089035.1.g2533		NC_089035.1.g2524			NC_089035.1.g2535		3	0	
OG0036977		NC_089035.1.g2582	NC_089035.1.g2584		NC_089035.1.g2575				3	0	
OG0036978		NC_089035.1.g2585	NC_089035.1.g2587				NC_089035.1.g2580		3	0	
OG0036979		NC_089035.1.g2588			NC_089035.1.g2580			NC_089035.1.g2561	3	0	
OG0036980		NC_089035.1.g2597	NC_089035.1.g2599		NC_089035.1.g2589				3	0	
OG0036981		NC_089035.1.g2603	NC_089035.1.g2605		NC_089035.1.g2595				3	0	
OG0036982		NC_089035.1.g2630			NC_089035.1.g2623			NC_089035.1.g2603	3	0	
OG0036983		NC_089035.1.g2687		NC_089035.1.g2662		NC_089035.1.g2723			3	0	
OG0036984		NC_089035.1.g2721			NC_089035.1.g2716			NC_089035.1.g2697	3	0	
OG0036985		NC_089035.1.g2940			NC_089035.1.g2938			NC_089035.1.g2913	3	0	
OG0036986		NC_089035.1.g2941			NC_089037.1.g11745			NC_089035.1.g2914	3	0	
OG0036987		NC_089035.1.g3004			NC_089035.1.g2999			NC_089035.1.g2976	3	0	
OG0036988		NC_089035.1.g3248		NC_089035.1.g3197			NC_089035.1.g3229		3	0	
OG0036989		NC_089035.1.g3258					NC_089035.1.g3238	NC_089035.1.g3229	3	0	
OG0036990		NC_089035.1.g3308	NC_089035.1.g3305					NC_089035.1.g3279	3	0	
OG0036991		NC_089035.1.g3311, NC_089040.1.g22101				NC_089040.1.g22428			2	0	
OG0036992		NC_089035.1.g3428		NC_089035.1.g3372				NC_089035.1.g3400	3	0	
OG0036993		NC_089035.1.g3512	NC_089035.1.g3511					NC_089035.1.g3486	3	0	
OG0036994		NC_089035.1.g3604	NC_089035.1.g3603					NC_089035.1.g3580	3	0	
OG0036995		NC_089035.1.g3605	NC_089035.1.g3604					NC_089035.1.g3581	3	0	
OG0036996		NC_089035.1.g3626			NC_089035.1.g3617			NC_089035.1.g3601	3	0	
OG0036997		NC_089035.1.g4096			NC_089035.1.g4090		NC_089035.1.g4064		3	0	
OG0036998		NC_089035.1.g4274		NC_089035.1.g4225		NC_089035.1.g4335			3	0	
OG0036999		NC_089035.1.g4361					NC_089035.1.g4325	NC_089035.1.g4335	3	0	
OG0037000		NC_089035.1.g4396				NC_089035.1.g4450		NC_089035.1.g4372	3	0	
OG0037001		NC_089035.1.g4488					NC_089035.1.g4452	NC_089035.1.g4463	3	0	
OG0037002		NC_089035.1.g4502					NC_089035.1.g4467	NC_089035.1.g4475	3	0	
OG0037003		NC_089035.1.g4512					NC_089035.1.g4479	NC_089035.1.g4486	3	0	
OG0037004		NC_089035.1.g4514					NC_089035.1.g4481	NC_089035.1.g4488	3	0	
OG0037005		NC_089035.1.g4527					NC_089035.1.g4494	NC_089035.1.g4501	3	0	
OG0037006		NC_089035.1.g4567					NC_089035.1.g4536	NC_089035.1.g4544	3	0	
OG0037007		NC_089035.1.g4625					NC_089035.1.g4597	NC_089035.1.g4603	3	0	
OG0037008		NC_089035.1.g4635	NC_089035.1.g4645		NC_089035.1.g4629				3	0	
OG0037009		NC_089035.1.g4645		NC_089037.1.g11471				NC_089036.1.g5847	3	0	
OG0037010		NC_089035.1.g4712			NC_089035.1.g4706			NC_089035.1.g4686	3	0	
OG0037011		NC_089035.1.g5210			NC_089035.1.g5211			NC_089035.1.g5187	3	0	
OG0037012		NC_089036.1.g6111					NC_089036.1.g6075	NC_089036.1.g6123	3	0	
OG0037013		NC_089036.1.g6226		NC_089036.1.g6176				NC_089036.1.g6239	3	0	
OG0037014		NC_089036.1.g6287					NC_089036.1.g6258	NC_089036.1.g6303	3	0	
OG0037015		NC_089036.1.g6294					NC_089036.1.g6265	NC_089036.1.g6310	3	0	
OG0037016		NC_089036.1.g6303					NC_089036.1.g6275	NC_089036.1.g6319	3	0	
OG0037017		NC_089036.1.g6308					NC_089036.1.g6281	NC_089036.1.g6324	3	0	
OG0037018		NC_089036.1.g6483			NC_089036.1.g6496		NC_089036.1.g6465		3	0	
OG0037019		NC_089036.1.g6643	NC_089036.1.g6655					NC_089036.1.g6676	3	0	
OG0037020		NC_089036.1.g6688		NC_089036.1.g6650		NC_089036.1.g6806			3	0	
OG0037021		NC_089036.1.g6689			NC_089041.1.g24974			NC_089036.1.g6728	3	0	
OG0037022		NC_089036.1.g6696			NC_089036.1.g6712		NC_089036.1.g6681		3	0	
OG0037023		NC_089036.1.g6728	NC_089036.1.g6740				NC_089036.1.g6711		3	0	
OG0037024		NC_089036.1.g6758	NC_089036.1.g6769					NC_089036.1.g6796	3	0	
OG0037025		NC_089036.1.g6761	NC_089036.1.g6772			NC_089036.1.g6878			3	0	
OG0037026		NC_089036.1.g6826	NC_089036.1.g6839	NC_089036.1.g6778					3	0	
OG0037027		NC_089036.1.g6834	NC_089036.1.g6848				NC_089036.1.g6811		3	0	
OG0037028		NC_089036.1.g6863	NC_089036.1.g6874					NC_089036.1.g6899	3	0	
OG0037029		NC_089036.1.g6866			NC_089036.1.g6881			NC_089036.1.g6902	3	0	
OG0037030		NC_089036.1.g6870			NC_089036.1.g6885			NC_089036.1.g6906	3	0	
OG0037031		NC_089036.1.g6884	NC_089036.1.g6892				NC_089036.1.g6862		3	0	
OG0037032		NC_089036.1.g6892			NC_089040.1.g22347			NC_089037.1.g11897	3	0	
OG0037033		NC_089036.1.g6903			NC_089036.1.g6917		NC_089036.1.g6879		3	0	
OG0037034		NC_089036.1.g6955	NC_089036.1.g6954		NC_089036.1.g6969				3	0	
OG0037035		NC_089036.1.g7063	NC_089036.1.g7054		NC_089036.1.g7072				3	0	
OG0037036		NC_089036.1.g7084		NC_089036.1.g7032		NC_089036.1.g7187			3	0	
OG0037037		NC_089036.1.g7088	NC_089036.1.g7083				NC_089036.1.g7067		3	0	
OG0037038		NC_089036.1.g7135					NC_089036.1.g7118	NC_089036.1.g7170	3	0	
OG0037039		NC_089036.1.g7192		NC_089036.1.g7139		NC_089036.1.g7293			3	0	
OG0037040		NC_089036.1.g7208	NC_089036.1.g7201				NC_089036.1.g7190		3	0	
OG0037041		NC_089036.1.g7249					NC_089036.1.g7245	NC_089036.1.g7286	3	0	
OG0037042		NC_089036.1.g7298	NC_089036.1.g7299				NC_089036.1.g7296		3	0	
OG0037043		NC_089036.1.g7299	NC_089036.1.g7300				NC_089036.1.g7297		3	0	
OG0037044		NC_089036.1.g7315	NC_089036.1.g7316				NC_089036.1.g7313		3	0	
OG0037045		NC_089036.1.g7360			NC_089036.1.g7376		NC_089036.1.g7356		3	0	
OG0037046		NC_089036.1.g7386	NC_089045.1.g35599		NC_089036.1.g7398				3	0	
OG0037047		NC_089036.1.g7393			NC_089036.1.g7405			NC_089036.1.g7421	3	0	
OG0037048		NC_089036.1.g7395		NC_089036.1.g7341		NC_089036.1.g7495			3	0	
OG0037049		NC_089036.1.g7536	NC_089036.1.g7528			NC_089036.1.g7636			3	0	
OG0037050		NC_089036.1.g7550					NC_089036.1.g7551	NC_089036.1.g7585	3	0	
OG0037051		NC_089036.1.g7559		NC_089036.1.g7510		NC_089036.1.g7659			3	0	
OG0037052		NC_089036.1.g7651	NC_089036.1.g7645				NC_089036.1.g7651		3	0	
OG0037053		NC_089036.1.g7684	NC_089036.1.g7673					NC_089036.1.g7720	3	0	
OG0037054		NC_089036.1.g7758	NC_089036.1.g7752					NC_089036.1.g7797	3	0	
OG0037055		NC_089036.1.g7915					NC_089036.1.g7921	NC_089036.1.g7943	3	0	
OG0037056		NC_089036.1.g7983		NC_089036.1.g7927	NC_089036.1.g7986				3	0	
OG0037057		NC_089036.1.g8072			NC_089036.1.g8077			NC_089036.1.g8103	3	0	
OG0037058		NC_089036.1.g8076	NC_089036.1.g8066					NC_089036.1.g8107	3	0	
OG0037059		NC_089036.1.g8090	NC_089036.1.g8079		NC_089036.1.g8096				3	0	
OG0037060		NC_089036.1.g8283			NC_089036.1.g8290	NC_089036.1.g8389			3	0	
OG0037061		NC_089036.1.g8298, NC_089040.1.g22485	NC_089036.1.g8282						2	0	
OG0037062		NC_089036.1.g8374	NC_089036.1.g8364			NC_089036.1.g8481			3	0	
OG0037063		NC_089036.1.g8408	NC_089036.1.g8398				NC_089036.1.g8407		3	0	
OG0037064		NC_089036.1.g8419					NC_089036.1.g8419	NC_089036.1.g8438	3	0	
OG0037065		NC_089036.1.g8469	NC_089036.1.g8462					NC_089036.1.g8485	3	0	
OG0037066		NC_089036.1.g8683	NC_089036.1.g8666					NC_089036.1.g8699	3	0	
OG0037067		NC_089036.1.g8833			NC_089036.1.g8827			NC_089036.1.g8856	3	0	
OG0037068		NC_089036.1.g8879			NC_089036.1.g8871			NC_089036.1.g8899	3	0	
OG0037069		NC_089036.1.g8951		NC_089036.1.g8893			NC_089036.1.g8947		3	0	
OG0037070		NC_089036.1.g9145					NC_089038.1.g16514	NC_089036.1.g9162	3	0	
OG0037071		NC_089037.1.g9429		NC_089037.1.g9381				NC_089037.1.g9442	3	0	
OG0037072		NC_089037.1.g9450			NC_089037.1.g9445		NC_089037.1.g9437		3	0	
OG0037073		NC_089037.1.g9588		NC_089037.1.g9539		NC_089037.1.g9703			3	0	
OG0037074		NC_089037.1.g9740			NC_089037.1.g9736		NC_089037.1.g9731		3	0	
OG0037075		NC_089037.1.g9807	NC_089037.1.g9800, NC_089042.1.g27718						2	0	
OG0037076		NC_089037.1.g10077			NC_089037.1.g10086			NC_089037.1.g10110	3	0	
OG0037077		NC_089037.1.g10086	NC_089037.1.g10079				NC_089037.1.g10080		3	0	
OG0037078		NC_089037.1.g10250	NC_089037.1.g10248	NC_089037.1.g10201					3	0	
OG0037079		NC_089037.1.g10342					NC_089037.1.g10346	NC_089037.1.g10383	3	0	
OG0037080		NC_089037.1.g10393			NC_089037.1.g10400		NC_089037.1.g10399		3	0	
OG0037081		NC_089037.1.g10463		NC_089037.1.g10406		NC_089037.1.g10585			3	0	
OG0037082		NC_089037.1.g10553			NC_089037.1.g10563	NC_089045.1.g36432			3	0	
OG0037083		NC_089037.1.g10586	NC_089037.1.g10582					NC_089037.1.g10635	3	0	
OG0037084		NC_089037.1.g10601	NC_089037.1.g10595					NC_089037.1.g10648	3	0	
OG0037085		NC_089037.1.g10625	NC_089037.1.g10619		NC_089037.1.g10630				3	0	
OG0037086		NC_089037.1.g10670	NC_089037.1.g10665		NC_089037.1.g10676				3	0	
OG0037087		NC_089037.1.g11141		NC_089037.1.g11096			NC_089037.1.g11145		3	0	
OG0037088		NC_089037.1.g11240			NC_089037.1.g11261			NC_089037.1.g11301	3	0	
OG0037089		NC_089037.1.g11463		NC_089037.1.g11407			NC_089037.1.g11463		3	0	
OG0037090		NC_089037.1.g11465	NC_089037.1.g11473		NC_089037.1.g11483				3	0	
OG0037091		NC_089037.1.g11511			NC_089039.1.g17744		NC_089039.1.g17737		3	0	
OG0037092		NC_089037.1.g11559			NC_089037.1.g11574			NC_089037.1.g11618	3	0	
OG0037093		NC_089037.1.g11587	NC_089042.1.g28785					NC_089037.1.g11646	3	0	
OG0037094		NC_089037.1.g11616			NC_089037.1.g11630			NC_089037.1.g11676	3	0	
OG0037095		NC_089037.1.g11638			NC_089037.1.g11653			NC_089037.1.g11699	3	0	
OG0037096		NC_089037.1.g11672, NC_089037.1.g11739	NC_089037.1.g11746						2	0	
OG0037097		NC_089037.1.g11675					NC_089037.1.g11667	NC_089037.1.g11735	3	0	
OG0037098		NC_089037.1.g11803			NC_089037.1.g11822			NC_089037.1.g11864	3	0	
OG0037099		NC_089037.1.g11805					NC_089037.1.g11797	NC_089037.1.g11865	3	0	
OG0037100		NC_089037.1.g11936			NC_089037.1.g11965		NC_089037.1.g11931		3	0	
OG0037101		NC_089037.1.g11956					NC_089037.1.g11949	NC_089037.1.g12025	3	0	
OG0037102		NC_089037.1.g11969			NC_089037.1.g11998			NC_089037.1.g12038	3	0	
OG0037103		NC_089037.1.g12020					NC_089037.1.g12011	NC_089037.1.g12089	3	0	
OG0037104		NC_089037.1.g12073	NC_089037.1.g12101			NC_089037.1.g12238			3	0	
OG0037105		NC_089037.1.g12077			NC_089037.1.g12110			NC_089037.1.g12148	3	0	
OG0037106		NC_089037.1.g12115			NC_089037.1.g12153		NC_089037.1.g12110		3	0	
OG0037107		NC_089037.1.g12195			NC_089037.1.g12237		NC_089037.1.g12190		3	0	
OG0037108		NC_089037.1.g12223	NC_089037.1.g12255					NC_089037.1.g12292	3	0	
OG0037109		NC_089037.1.g12271	NC_089037.1.g12301		NC_089037.1.g12312				3	0	
OG0037110		NC_089037.1.g12298	NC_089037.1.g12327					NC_089037.1.g12365	3	0	
OG0037111		NC_089037.1.g12432			NC_089037.1.g12471	NC_089037.1.g12599			3	0	
OG0037112		NC_089037.1.g12453			NC_089037.1.g12492			NC_089037.1.g12523	3	0	
OG0037113		NC_089037.1.g12561			NC_089037.1.g12596			NC_089037.1.g12638	3	0	
OG0037114		NC_089037.1.g12603					NC_089037.1.g12620	NC_089037.1.g12683	3	0	
OG0037115		NC_089037.1.g12645, NC_089044.1.g33017			NC_089037.1.g12679				2	0	
OG0037116		NC_089037.1.g12888					NC_089037.1.g12911	NC_089037.1.g12968	3	0	
OG0037117		NC_089037.1.g13001			NC_089037.1.g13038		NC_089037.1.g13021		3	0	
OG0037118		NC_089037.1.g13011				NC_089040.1.g22775		NC_089037.1.g13090	3	0	
OG0037119		NC_089037.1.g13100		NC_089037.1.g13069			NC_089037.1.g13130		3	0	
OG0037120		NC_089037.1.g13496					NC_089037.1.g13525	NC_089037.1.g13584	3	0	
OG0037121		NC_089037.1.g13779, NC_089042.1.g29273	NC_089037.1.g13827						2	0	
OG0037122		NC_089038.1.g13975			NC_089038.1.g14011		NC_089038.1.g14018		3	0	
OG0037123		NC_089038.1.g14031	NC_089038.1.g14078					NC_089038.1.g14129	3	0	
OG0037124		NC_089038.1.g14097			NC_089038.1.g14137		NC_089038.1.g14139		3	0	
OG0037125		NC_089038.1.g14128	NC_089038.1.g14180					NC_089038.1.g14228	3	0	
OG0037126		NC_089038.1.g14181	NC_089038.1.g14219			NC_089038.1.g14382			3	0	
OG0037127		NC_089038.1.g14184	NC_089038.1.g14222					NC_089038.1.g14279	3	0	
OG0037128		NC_089038.1.g14266	NC_089038.1.g14298					NC_089038.1.g14358	3	0	
OG0037129		NC_089038.1.g14361					NC_089038.1.g14400	NC_089038.1.g14457	3	0	
OG0037130		NC_089038.1.g14365			NC_089038.1.g14403			NC_089038.1.g14464	3	0	
OG0037131		NC_089038.1.g14373					NC_089038.1.g14413	NC_089038.1.g14472	3	0	
OG0037132		NC_089038.1.g14377		NC_089038.1.g14348	NC_089038.1.g14414				3	0	
OG0037133		NC_089038.1.g14389		NC_089038.1.g14358				NC_089038.1.g14489	3	0	
OG0037134		NC_089038.1.g14465					NC_089038.1.g14498	NC_089038.1.g14556	3	0	
OG0037135		NC_089038.1.g14503	NC_089038.1.g14527					NC_089038.1.g14597	3	0	
OG0037136		NC_089038.1.g14510					NC_089038.1.g14544	NC_089038.1.g14604	3	0	
OG0037137		NC_089038.1.g14535			NC_089038.1.g14572		NC_089038.1.g14567		3	0	
OG0037138		NC_089038.1.g14572				NC_089038.1.g14779		NC_089038.1.g14666	3	0	
OG0037139		NC_089038.1.g14588		NC_089038.1.g14551			NC_089038.1.g14616		3	0	
OG0037140		NC_089038.1.g14750				NC_089038.1.g14970		NC_089038.1.g14846	3	0	
OG0037141		NC_089038.1.g14762		NC_089038.1.g14729		NC_089038.1.g14980			3	0	
OG0037142		NC_089038.1.g14764		NC_089038.1.g14731				NC_089038.1.g14859	3	0	
OG0037143		NC_089038.1.g14774			NC_089038.1.g14813			NC_089038.1.g14869	3	0	
OG0037144		NC_089038.1.g14787			NC_089038.1.g14828			NC_089038.1.g14884	3	0	
OG0037145		NC_089038.1.g14807	NC_089038.1.g14838					NC_089038.1.g14906	3	0	
OG0037146		NC_089038.1.g14843, NC_089045.1.g35461					NC_089045.1.g35372		2	0	
OG0037147		NC_089038.1.g14868	NC_089038.1.g14888					NC_089038.1.g14962	3	0	
OG0037148		NC_089038.1.g14963	NC_089037.1.g12370			NC_089037.1.g12513			3	0	
OG0037149		NC_089038.1.g15050		NC_089038.1.g15029		NC_089038.1.g15281			3	0	
OG0037150		NC_089038.1.g15063		NC_089038.1.g15042		NC_089038.1.g15296			3	0	
OG0037151		NC_089038.1.g15122		NC_089038.1.g15105				NC_089038.1.g15203	3	0	
OG0037152		NC_089038.1.g15138					NC_089038.1.g15191	NC_089038.1.g15217	3	0	
OG0037153		NC_089038.1.g15200					NC_089038.1.g15254	NC_089038.1.g15277	3	0	
OG0037154		NC_089038.1.g15280			NC_089038.1.g15334, NC_089039.1.g18134				2	0	
OG0037155		NC_089038.1.g15309			NC_089038.1.g15366			NC_089038.1.g15384	3	0	
OG0037156		NC_089038.1.g15405	NC_089038.1.g15417				NC_089038.1.g15451		3	0	
OG0037157		NC_089038.1.g15437					NC_089038.1.g15485	NC_089038.1.g15511	3	0	
OG0037158		NC_089038.1.g15626			NC_089038.1.g15694	NC_089041.1.g25540			3	0	
OG0037159		NC_089038.1.g15736			NC_089038.1.g15792		NC_089038.1.g15780		3	0	
OG0037160		NC_089038.1.g15745					NC_089038.1.g15789	NC_089038.1.g15807	3	0	
OG0037161		NC_089038.1.g15977, NC_089042.1.g27839					NC_089038.1.g16033		2	0	
OG0037162		NC_089038.1.g15991			NC_089038.1.g16046			NC_089038.1.g16054	3	0	
OG0037163		NC_089038.1.g16005					NC_089038.1.g16062	NC_089038.1.g16067	3	0	
OG0037164		NC_089038.1.g16120	NC_089038.1.g16132					NC_089038.1.g16185	3	0	
OG0037165		NC_089038.1.g16288				NC_089038.1.g16539	NC_089038.1.g16356		3	0	
OG0037166		NC_089038.1.g16429			NC_089038.1.g16501			NC_089038.1.g16508	3	0	
OG0037167		NC_089038.1.g16580	NC_089038.1.g16619				NC_089038.1.g16652		3	0	
OG0037168		NC_089038.1.g16823		NC_089038.1.g16819		NC_089038.1.g17102			3	0	
OG0037169		NC_089038.1.g17015		NC_089038.1.g17017		NC_089038.1.g17301			3	0	
OG0037170		NC_089038.1.g17330			NC_089038.1.g17428			NC_089038.1.g17441	3	0	
OG0037171		NC_089039.1.g17581			NC_089039.1.g17682		NC_089039.1.g17673		3	0	
OG0037172		NC_089039.1.g17938	NC_089039.1.g18011					NC_089039.1.g18047	3	0	
OG0037173		NC_089039.1.g17940				NC_089039.1.g18258		NC_089039.1.g18049	3	0	
OG0037174		NC_089039.1.g18027			NC_089039.1.g18133		NC_089039.1.g18116		3	0	
OG0037175		NC_089039.1.g18030			NC_089039.1.g18135		NC_089039.1.g18118		3	0	
OG0037176		NC_089039.1.g18064		NC_089039.1.g18066		NC_089039.1.g18373			3	0	
OG0037177		NC_089039.1.g18121	NC_089039.1.g18181				NC_089039.1.g18209		3	0	
OG0037178		NC_089039.1.g18134	NC_089039.1.g18193				NC_089039.1.g18223		3	0	
OG0037179		NC_089039.1.g18235	NC_089039.1.g18297		NC_089039.1.g18353				3	0	
OG0037180		NC_089039.1.g18270			NC_089039.1.g18392		NC_089039.1.g18368		3	0	
OG0037181		NC_089039.1.g18302	NC_089039.1.g18370					NC_089039.1.g18425	3	0	
OG0037182		NC_089039.1.g18450		NC_089039.1.g18454				NC_089039.1.g18582	3	0	
OG0037183		NC_089039.1.g18603			NC_089039.1.g18726			NC_089039.1.g18732	3	0	
OG0037184		NC_089039.1.g18678, NC_089040.1.g22637			NC_089040.1.g22771				2	0	
OG0037185		NC_089039.1.g18691			NC_089039.1.g18816		NC_089039.1.g18797		3	0	
OG0037186		NC_089039.1.g18693			NC_089039.1.g18818			NC_089039.1.g18819	3	0	
OG0037187		NC_089039.1.g18819	NC_089039.1.g18873		NC_089039.1.g18934				3	0	
OG0037188		NC_089039.1.g18834		NC_089039.1.g18826			NC_089039.1.g18928		3	0	
OG0037189		NC_089039.1.g18854, NC_089044.1.g33161						NC_089044.1.g33250	2	0	
OG0037190		NC_089039.1.g18959			NC_089039.1.g19068			NC_089039.1.g19061	3	0	
OG0037191		NC_089039.1.g19051					NC_089039.1.g19141	NC_089039.1.g19148	3	0	
OG0037192		NC_089039.1.g19090	NC_089039.1.g19146				NC_089039.1.g19183		3	0	
OG0037193		NC_089039.1.g19103, NC_089044.1.g32308	NC_089044.1.g32268						2	0	
OG0037194		NC_089039.1.g19173			NC_089039.1.g19279		NC_089039.1.g19259		3	0	
OG0037195		NC_089039.1.g19327	NC_089039.1.g19381					NC_089039.1.g19421	3	0	
OG0037196		NC_089039.1.g19383	NC_089039.1.g19438	NC_089039.1.g19362					3	0	
OG0037197		NC_089039.1.g19387	NC_089039.1.g19442				NC_089039.1.g19462		3	0	
OG0037198		NC_089039.1.g19388	NC_089039.1.g19443					NC_089039.1.g19482	3	0	
OG0037199		NC_089039.1.g19509			NC_089039.1.g19613		NC_089039.1.g19577		3	0	
OG0037200		NC_089039.1.g19530				NC_089039.1.g19857	NC_089039.1.g19600		3	0	
OG0037201		NC_089039.1.g19586	NC_089039.1.g19639		NC_089039.1.g19692				3	0	
OG0037202		NC_089039.1.g19666					NC_089039.1.g19734	NC_089039.1.g19756	3	0	
OG0037203		NC_089039.1.g19927			NC_089039.1.g20034			NC_089039.1.g20006	3	0	
OG0037204		NC_089039.1.g19986			NC_089039.1.g20094		NC_089039.1.g20036		3	0	
OG0037205		NC_089039.1.g20095	NC_089039.1.g20148					NC_089039.1.g20169	3	0	
OG0037206		NC_089039.1.g20100	NC_089039.1.g20153					NC_089039.1.g20174	3	0	
OG0037207		NC_089039.1.g20431			NC_089039.1.g20535		NC_089039.1.g20465		3	0	
OG0037208		NC_089040.1.g20792			NC_089040.1.g20915			NC_089040.1.g20859	3	0	
OG0037209		NC_089040.1.g20817	NC_089040.1.g20869					NC_089040.1.g20883	3	0	
OG0037210		NC_089040.1.g20979	NC_089040.1.g21028					NC_089040.1.g21044	3	0	
OG0037211		NC_089040.1.g21038	NC_089040.1.g21082					NC_089040.1.g21101	3	0	
OG0037212		NC_089040.1.g21092	NC_089040.1.g21137	NC_089040.1.g21053					3	0	
OG0037213		NC_089040.1.g21231	NC_089040.1.g21279					NC_089040.1.g21296	3	0	
OG0037214		NC_089040.1.g21242	NC_089040.1.g21291		NC_089040.1.g21357				3	0	
OG0037215		NC_089040.1.g21271	NC_089040.1.g21318					NC_089040.1.g21333	3	0	
OG0037216		NC_089040.1.g21317	NC_089040.1.g21360			NC_089040.1.g21626			3	0	
OG0037217		NC_089040.1.g21606		NC_089040.1.g21557		NC_089040.1.g21918			3	0	
OG0037218		NC_089040.1.g21631					NC_089038.1.g13989	NC_089041.1.g24952	3	0	
OG0037219		NC_089040.1.g21674	NC_089040.1.g21725			NC_089040.1.g21991			3	0	
OG0037220		NC_089040.1.g21783				NC_089040.1.g22105	NC_089040.1.g21811		3	0	
OG0037221		NC_089040.1.g21842			NC_089040.1.g21968	NC_089040.1.g22171			3	0	
OG0037222		NC_089040.1.g21885	NC_089035.1.g2096		NC_089040.1.g22015				3	0	
OG0037223		NC_089040.1.g22009		NC_089040.1.g21938				NC_089040.1.g22068	3	0	
OG0037224		NC_089040.1.g22057				NC_089040.1.g22387	NC_089040.1.g22080		3	0	
OG0037225		NC_089040.1.g22094				NC_089040.1.g22421		NC_089040.1.g22150	3	0	
OG0037226		NC_089040.1.g22104					NC_089040.1.g22125	NC_089040.1.g22161	3	0	
OG0037227		NC_089040.1.g22117	NC_089040.1.g22162		NC_089040.1.g22241				3	0	
OG0037228		NC_089040.1.g22119	NC_089040.1.g22164					NC_089040.1.g22176	3	0	
OG0037229		NC_089040.1.g22252					NC_089040.1.g22266	NC_089040.1.g22308	3	0	
OG0037230		NC_089040.1.g22282		NC_089040.1.g22175		NC_089040.1.g22603			3	0	
OG0037231		NC_089040.1.g22308		NC_089040.1.g22196			NC_089040.1.g22314		3	0	
OG0037232		NC_089040.1.g22332	NC_089040.1.g22371				NC_089040.1.g22342		3	0	
OG0037233		NC_089040.1.g22520	NC_089040.1.g22571					NC_089040.1.g22574	3	0	
OG0037234		NC_089040.1.g22572	NC_089040.1.g22627				NC_089040.1.g22584		3	0	
OG0037235		NC_089040.1.g22594			NC_089040.1.g22728		NC_089040.1.g22604		3	0	
OG0037236		NC_089040.1.g22633			NC_089040.1.g22767		NC_089040.1.g22643		3	0	
OG0037237		NC_089040.1.g22661			NC_089040.1.g22794		NC_089040.1.g22669		3	0	
OG0037238		NC_089040.1.g22778	NC_089040.1.g22830				NC_089040.1.g22788		3	0	
OG0037239		NC_089040.1.g22823		NC_089040.1.g22698			NC_089040.1.g22837		3	0	
OG0037240		NC_089040.1.g22869	NC_089040.1.g22926				NC_089040.1.g22886		3	0	
OG0037241		NC_089040.1.g22997			NC_089040.1.g23135		NC_089040.1.g23007		3	0	
OG0037242		NC_089040.1.g23009					NC_089040.1.g23019	NC_089040.1.g23064	3	0	
OG0037243		NC_089040.1.g23026			NC_089040.1.g23160, NC_089042.1.g27778				2	0	
OG0037244		NC_089040.1.g23036	NC_089040.1.g23080			NC_089040.1.g23376			3	0	
OG0037245		NC_089040.1.g23123	NC_089040.1.g23162				NC_089040.1.g23130		3	0	
OG0037246		NC_089040.1.g23182					NC_089040.1.g23186	NC_089040.1.g23228	3	0	
OG0037247		NC_089040.1.g23239		NC_089040.1.g23105		NC_089040.1.g23585			3	0	
OG0037248		NC_089040.1.g23404					NC_089040.1.g23417	NC_089040.1.g23458	3	0	
OG0037249		NC_089040.1.g23417			NC_089040.1.g23547		NC_089040.1.g23427		3	0	
OG0037250		NC_089040.1.g23698	NC_089040.1.g23745			NC_089040.1.g24040			3	0	
OG0037251		NC_089040.1.g23752		NC_089040.1.g23619, NC_089040.1.g23633					2	0	
OG0037252		NC_089040.1.g23823			NC_089040.1.g23937			NC_089040.1.g23863	3	0	
OG0037253		NC_089040.1.g23843	NC_089040.1.g23882		NC_089040.1.g23956				3	0	
OG0037254		NC_089041.1.g23913	NC_089041.1.g23956				NC_089041.1.g23907		3	0	
OG0037255		NC_089041.1.g23962	NC_089041.1.g24008		NC_089041.1.g24083				3	0	
OG0037256		NC_089041.1.g24004					NC_089041.1.g23998	NC_089041.1.g24043	3	0	
OG0037257		NC_089041.1.g24066			NC_089041.1.g24183		NC_089041.1.g24051		3	0	
OG0037258		NC_089041.1.g24120		NC_089041.1.g23966				NC_089041.1.g24164	3	0	
OG0037259		NC_089041.1.g24126			NC_089041.1.g24244		NC_089041.1.g24105		3	0	
OG0037260		NC_089041.1.g24442	NC_089041.1.g24470					NC_089041.1.g24480	3	0	
OG0037261		NC_089041.1.g24521		NC_089041.1.g24389		NC_089041.1.g24852			3	0	
OG0037262		NC_089041.1.g24563		NC_089041.1.g24428			NC_089041.1.g24554		3	0	
OG0037263		NC_089041.1.g24613	NC_089041.1.g24644		NC_089041.1.g24740				3	0	
OG0037264		NC_089041.1.g24702			NC_089041.1.g24827			NC_089041.1.g24736	3	0	
OG0037265		NC_089041.1.g24719					NC_089041.1.g24706	NC_089041.1.g24757	3	0	
OG0037266		NC_089041.1.g24756					NC_089041.1.g24740	NC_089041.1.g24791	3	0	
OG0037267		NC_089041.1.g24763		NC_089041.1.g24626	NC_089041.1.g24889				3	0	
OG0037268		NC_089041.1.g24908	NC_089041.1.g24918				NC_089041.1.g24884		3	0	
OG0037269		NC_089041.1.g24934	NC_089041.1.g24943		NC_089041.1.g25053				3	0	
OG0037270		NC_089041.1.g24960				NC_089041.1.g25288	NC_089041.1.g24937		3	0	
OG0037271		NC_089041.1.g24986	NC_089041.1.g24992		NC_089041.1.g25102				3	0	
OG0037272		NC_089041.1.g25049			NC_089041.1.g25162			NC_089041.1.g25073	3	0	
OG0037273		NC_089041.1.g25129		NC_089041.1.g24970	NC_089041.1.g25236				3	0	
OG0037274		NC_089041.1.g25285	NC_089041.1.g25284	NC_089041.1.g25126					3	0	
OG0037275		NC_089041.1.g25352	NC_089041.1.g25350				NC_089041.1.g25312		3	0	
OG0037276		NC_089041.1.g25386			NC_089041.1.g25499		NC_089041.1.g25346		3	0	
OG0037277		NC_089041.1.g25550					NC_089041.1.g25509	NC_089041.1.g25597	3	0	
OG0037278		NC_089041.1.g25709					NC_089041.1.g25670	NC_089041.1.g25758	3	0	
OG0037279		NC_089041.1.g25710					NC_089041.1.g25671	NC_089041.1.g25759	3	0	
OG0037280		NC_089041.1.g25718				NC_089041.1.g26042		NC_089041.1.g25767	3	0	
OG0037281		NC_089041.1.g25725	NC_089041.1.g25735				NC_089041.1.g25685		3	0	
OG0037282		NC_089041.1.g25775		NC_089042.1.g28692		NC_089042.1.g29298			3	0	
OG0037283		NC_089041.1.g25818			NC_089041.1.g25930			NC_089041.1.g25856	3	0	
OG0037284		NC_089041.1.g25819			NC_089041.1.g25931			NC_089041.1.g25857	3	0	
OG0037285		NC_089041.1.g25870		NC_089041.1.g25667	NC_089041.1.g25983				3	0	
OG0037286		NC_089041.1.g26048			NC_089041.1.g26156		NC_089041.1.g26010		3	0	
OG0037287		NC_089041.1.g26057	NC_089041.1.g26052					NC_089041.1.g26091	3	0	
OG0037288		NC_089041.1.g26074	NC_089041.1.g26067		NC_089041.1.g26182				3	0	
OG0037289		NC_089041.1.g26131	NC_089041.1.g26119		NC_089041.1.g26235				3	0	
OG0037290		NC_089041.1.g26140					NC_089041.1.g26096	NC_089041.1.g26166	3	0	
OG0037291		NC_089041.1.g26261			NC_089041.1.g26373		NC_089041.1.g26221		3	0	
OG0037292		NC_089041.1.g26329					NC_089041.1.g26289	NC_089041.1.g26369	3	0	
OG0037293		NC_089041.1.g26675				NC_089041.1.g27019		NC_089041.1.g26722	3	0	
OG0037294		NC_089041.1.g26774			NC_089041.1.g26873			NC_089041.1.g26816	3	0	
OG0037295		NC_089042.1.g27264				NC_089042.1.g27623	NC_089042.1.g27233		3	0	
OG0037296		NC_089042.1.g27296			NC_089042.1.g27404			NC_089042.1.g27357	3	0	
OG0037297		NC_089042.1.g27461					NC_089042.1.g27437	NC_089042.1.g27529	3	0	
OG0037298		NC_089042.1.g27508	NC_089042.1.g27520		NC_089042.1.g27615				3	0	
OG0037299		NC_089042.1.g27557		NC_089042.1.g27373	NC_089042.1.g27662				3	0	
OG0037300		NC_089042.1.g27615					NC_089042.1.g27607	NC_089042.1.g27686	3	0	
OG0037301		NC_089042.1.g27619					NC_089042.1.g27611	NC_089042.1.g27690	3	0	
OG0037302		NC_089042.1.g27647	NC_089042.1.g27668		NC_089042.1.g27764				3	0	
OG0037303		NC_089042.1.g27771	NC_089042.1.g27789					NC_089042.1.g27848	3	0	
OG0037304		NC_089042.1.g27794	NC_089042.1.g27819			NC_089042.1.g28167			3	0	
OG0037305		NC_089042.1.g27805				NC_089037.1.g13894	NC_089037.1.g13728		3	0	
OG0037306		NC_089042.1.g27861	NC_089042.1.g27886		NC_089042.1.g27983				3	0	
OG0037307		NC_089042.1.g27961		NC_089042.1.g27767			NC_089042.1.g27944		3	0	
OG0037308		NC_089042.1.g27986	NC_089041.1.g25424				NC_089042.1.g27975		3	0	
OG0037309		NC_089042.1.g28107			NC_089042.1.g28237		NC_089042.1.g28085		3	0	
OG0037310		NC_089042.1.g28204				NC_089042.1.g28560		NC_089042.1.g28283	3	0	
OG0037311		NC_089042.1.g28245		NC_089040.1.g22343	NC_089040.1.g22593				3	0	
OG0037312		NC_089042.1.g28367		NC_089042.1.g28130	NC_089042.1.g28488				3	0	
OG0037313		NC_089042.1.g28372, NC_089045.1.g35202		NC_089045.1.g34908					2	0	
OG0037314		NC_089042.1.g28385		NC_089042.1.g28150		NC_089042.1.g28738			3	0	
OG0037315		NC_089042.1.g28438	NC_089042.1.g28459					NC_089042.1.g28523	3	0	
OG0037316		NC_089042.1.g28443					NC_089042.1.g28407	NC_089042.1.g28529	3	0	
OG0037317		NC_089042.1.g28480		NC_089042.1.g28247		NC_089042.1.g28836			3	0	
OG0037318		NC_089042.1.g28635	NC_089042.1.g28647		NC_089042.1.g28739				3	0	
OG0037319		NC_089042.1.g28662	NC_089042.1.g28677					NC_089042.1.g28740	3	0	
OG0037320		NC_089042.1.g28700	NC_089042.1.g28711	NC_089042.1.g28444					3	0	
OG0037321		NC_089042.1.g28770			NC_089042.1.g28870		NC_089042.1.g28729		3	0	
OG0037322		NC_089042.1.g28792	NC_089042.1.g28807					NC_089042.1.g28871	3	0	
OG0037323		NC_089042.1.g29014			NC_089042.1.g29120			NC_089042.1.g29095	3	0	
OG0037324		NC_089042.1.g29062					NC_089042.1.g29013	NC_089042.1.g29142	3	0	
OG0037325		NC_089042.1.g29070	NC_089042.1.g29083				NC_089042.1.g29021		3	0	
OG0037326		NC_089042.1.g29113	NC_089042.1.g29130					NC_089042.1.g29193	3	0	
OG0037327		NC_089042.1.g29378	NC_089042.1.g29398					NC_089042.1.g29463	3	0	
OG0037328		NC_089042.1.g29390	NC_089042.1.g29408					NC_089042.1.g29470	3	0	
OG0037329		NC_089042.1.g29396		NC_089042.1.g29130		NC_089042.1.g29761			3	0	
OG0037330		NC_089042.1.g29517	NC_089042.1.g29541			NC_089042.1.g29884			3	0	
OG0037331		NC_089042.1.g29594	NC_089042.1.g29615					NC_089042.1.g29672	3	0	
OG0037332		NC_089042.1.g29600	NC_089042.1.g29621					NC_089042.1.g29678	3	0	
OG0037333		NC_089043.1.g29817			NC_089043.1.g29907			NC_089043.1.g29898	3	0	
OG0037334		NC_089043.1.g29901			NC_089043.1.g30005			NC_089043.1.g29994	3	0	
OG0037335		NC_089043.1.g29934			NC_089043.1.g30041			NC_089043.1.g30032	3	0	
OG0037336		NC_089043.1.g30069			NC_089043.1.g30167		NC_089043.1.g29995		3	0	
OG0037337		NC_089043.1.g30133			NC_089043.1.g30234		NC_089043.1.g30060		3	0	
OG0037338		NC_089043.1.g30147			NC_089043.1.g30245	NC_089043.1.g30534			3	0	
OG0037339		NC_089043.1.g30256					NC_089043.1.g30172	NC_089043.1.g30338	3	0	
OG0037340		NC_089043.1.g30294, NC_089045.1.g35637	NC_089036.1.g7922						2	0	
OG0037341		NC_089043.1.g30340			NC_089043.1.g30428			NC_089043.1.g30423	3	0	
OG0037342		NC_089043.1.g30481		NC_089043.1.g30212		NC_089043.1.g30886			3	0	
OG0037343		NC_089043.1.g30497				NC_089043.1.g30905		NC_089043.1.g30578	3	0	
OG0037344		NC_089043.1.g30520			NC_089043.1.g30611			NC_089043.1.g30609	3	0	
OG0037345		NC_089043.1.g30548				NC_089043.1.g30960	NC_089043.1.g30446		3	0	
OG0037346		NC_089043.1.g30553		NC_089043.1.g30282		NC_089043.1.g30964			3	0	
OG0037347		NC_089043.1.g30581			NC_089043.1.g30632, NC_089043.1.g30667				2	0	
OG0037348		NC_089043.1.g30582			NC_089043.1.g30668		NC_089043.1.g30474		3	0	
OG0037349		NC_089043.1.g30603	NC_089043.1.g30573					NC_089043.1.g30682	3	0	
OG0037350		NC_089043.1.g30759		NC_089043.1.g30476		NC_089043.1.g31160			3	0	
OG0037351		NC_089043.1.g30808	NC_089043.1.g30778		NC_089043.1.g30902				3	0	
OG0037352		NC_089043.1.g30859	NC_089043.1.g30826				NC_089043.1.g30752		3	0	
OG0037353		NC_089043.1.g30985					NC_089043.1.g30887	NC_089043.1.g31058	3	0	
OG0037354		NC_089043.1.g31146					NC_089043.1.g31054	NC_089043.1.g31221	3	0	
OG0037355		NC_089043.1.g31406	NC_089042.1.g28030	NC_089036.1.g8879					3	0	
OG0037356		NC_089043.1.g31424				NC_089042.1.g29377, NC_089044.1.g33663			2	0	
OG0037357		NC_089043.1.g31747			NC_089043.1.g31869			NC_089043.1.g31849	3	0	
OG0037358		NC_089043.1.g31993			NC_089043.1.g32123			NC_089043.1.g32108	3	0	
OG0037359		NC_089043.1.g32027					NC_089043.1.g31941	NC_089043.1.g32142	3	0	
OG0037360		NC_089044.1.g32098			NC_089044.1.g32228		NC_089044.1.g32007		3	0	
OG0037361		NC_089044.1.g32157				NC_089044.1.g32597		NC_089044.1.g32274	3	0	
OG0037362		NC_089044.1.g32171	NC_089044.1.g32146		NC_089044.1.g32301				3	0	
OG0037363		NC_089044.1.g32195	NC_089044.1.g32174		NC_089044.1.g32326				3	0	
OG0037364		NC_089044.1.g32202			NC_089044.1.g32333			NC_089044.1.g32317	3	0	
OG0037365		NC_089044.1.g32217	NC_089044.1.g32183				NC_089044.1.g32115		3	0	
OG0037366		NC_089044.1.g32253	NC_089044.1.g32218	NC_089044.1.g31978					3	0	
OG0037367		NC_089044.1.g32505				NC_089044.1.g32925	NC_089044.1.g32394		3	0	
OG0037368		NC_089044.1.g32526				NC_089044.1.g32949		NC_089044.1.g32611	3	0	
OG0037369		NC_089044.1.g32532				NC_089037.1.g13292	NC_089037.1.g13144		3	0	
OG0037370		NC_089044.1.g32547	NC_089044.1.g32495		NC_089044.1.g32671				3	0	
OG0037371		NC_089044.1.g32560	NC_089044.1.g32510					NC_089044.1.g32645	3	0	
OG0037372		NC_089044.1.g32579		NC_089044.1.g32260	NC_089044.1.g32706				3	0	
OG0037373		NC_089044.1.g32606		NC_089044.1.g32291	NC_089044.1.g32733				3	0	
OG0037374		NC_089044.1.g32698				NC_089044.1.g33133		NC_089044.1.g32781	3	0	
OG0037375		NC_089044.1.g32751			NC_089044.1.g32875		NC_089044.1.g32639		3	0	
OG0037376		NC_089044.1.g32795	NC_089044.1.g32742		NC_089044.1.g32914				3	0	
OG0037377		NC_089044.1.g32809	NC_089044.1.g32755	NC_089044.1.g32494					3	0	
OG0037378		NC_089044.1.g32857			NC_089044.1.g32973	NC_089044.1.g33294			3	0	
OG0037379		NC_089044.1.g32859			NC_089044.1.g32975			NC_089044.1.g32933	3	0	
OG0037380		NC_089044.1.g32881		NC_089044.1.g32565	NC_089044.1.g32998				3	0	
OG0037381		NC_089044.1.g32897	NC_089044.1.g32839		NC_089044.1.g33020				3	0	
OG0037382		NC_089044.1.g33024				NC_089044.1.g33453	NC_089044.1.g32899		3	0	
OG0037383		NC_089044.1.g33031		NC_089044.1.g32713			NC_089044.1.g32904		3	0	
OG0037384		NC_089044.1.g33183	NC_089044.1.g33119		NC_089044.1.g33319				3	0	
OG0037385		NC_089044.1.g33187		NC_089044.1.g32871		NC_089044.1.g33619			3	0	
OG0037386		NC_089044.1.g33397	NC_089044.1.g33330					NC_089044.1.g33500	3	0	
OG0037387		NC_089044.1.g33444				NC_089044.1.g33899		NC_089044.1.g33552	3	0	
OG0037388		NC_089044.1.g33483	NC_089044.1.g33412					NC_089044.1.g33601	3	0	
OG0037389		NC_089044.1.g33513		NC_089044.1.g33224		NC_089044.1.g33979			3	0	
OG0037390		NC_089044.1.g33602				NC_089044.1.g34063		NC_089044.1.g33714	3	0	
OG0037391		NC_089044.1.g33616	NC_089044.1.g33541					NC_089044.1.g33728	3	0	
OG0037392		NC_089044.1.g33632		NC_089044.1.g33333		NC_089044.1.g34094			3	0	
OG0037393		NC_089044.1.g33674			NC_089044.1.g32255		NC_089044.1.g33569		3	0	
OG0037394		NC_089044.1.g33830			NC_089044.1.g33991	NC_089044.1.g34307			3	0	
OG0037395		NC_089044.1.g33917			NC_089044.1.g34079		NC_089044.1.g33840		3	0	
OG0037396		NC_089044.1.g34070			NC_089044.1.g34231			NC_089044.1.g34201	3	0	
OG0037397		NC_089044.1.g34126			NC_089044.1.g34283			NC_089035.1.g1040	3	0	
OG0037398		NC_089044.1.g34150	NC_089044.1.g34065		NC_089044.1.g34305				3	0	
OG0037399		NC_089044.1.g34257	NC_089044.1.g34173				NC_089044.1.g34174		3	0	
OG0037400		NC_089045.1.g34352, NC_089046.1.g37133			NC_089045.1.g34506				2	0	
OG0037401		NC_089045.1.g34374					NC_089045.1.g34291	NC_089045.1.g34499	3	0	
OG0037402		NC_089045.1.g34403					NC_089045.1.g34321	NC_089045.1.g34528	3	0	
OG0037403		NC_089045.1.g34646					NC_089045.1.g34556	NC_089045.1.g34769	3	0	
OG0037404		NC_089045.1.g34804			NC_089045.1.g34956		NC_089045.1.g34707		3	0	
OG0037405		NC_089045.1.g34814			NC_089045.1.g34963			NC_089045.1.g34933	3	0	
OG0037406		NC_089045.1.g34869		NC_089045.1.g34564			NC_089045.1.g34770		3	0	
OG0037407		NC_089045.1.g34956			NC_089045.1.g35097			NC_089045.1.g35084	3	0	
OG0037408		NC_089045.1.g34979					NC_089045.1.g34889	NC_089045.1.g35107	3	0	
OG0037409		NC_089045.1.g34996			NC_089045.1.g35145		NC_089045.1.g34913		3	0	
OG0037410		NC_089045.1.g35009		NC_089045.1.g34716		NC_089045.1.g35483			3	0	
OG0037411		NC_089045.1.g35025		NC_089045.1.g34731				NC_089045.1.g35159	3	0	
OG0037412		NC_089045.1.g35029	NC_089045.1.g34953					NC_089045.1.g35163	3	0	
OG0037413		NC_089045.1.g35067			NC_089045.1.g35220		NC_089045.1.g34986		3	0	
OG0037414		NC_089045.1.g35100	NC_089045.1.g35006		NC_089045.1.g35255				3	0	
OG0037415		NC_089045.1.g35104			NC_089045.1.g35260		NC_089045.1.g35023		3	0	
OG0037416		NC_089045.1.g35126	NC_089045.1.g35031		NC_089045.1.g35285				3	0	
OG0037417		NC_089045.1.g35147					NC_089045.1.g35067	NC_089045.1.g35280	3	0	
OG0037418		NC_089045.1.g35177			NC_089045.1.g35338	NC_089045.1.g35654			3	0	
OG0037419		NC_089045.1.g35180		NC_089036.1.g9300	NC_089045.1.g35341				3	0	
OG0037420		NC_089045.1.g35210	NC_089045.1.g35125				NC_089045.1.g35130		3	0	
OG0037421		NC_089045.1.g35216		NC_089045.1.g34919			NC_089045.1.g35135		3	0	
OG0037422		NC_089045.1.g35351	NC_089045.1.g35279				NC_089045.1.g35265		3	0	
OG0037423		NC_089045.1.g35366	NC_089045.1.g35293				NC_089045.1.g35278		3	0	
OG0037424		NC_089045.1.g35369			NC_089045.1.g35527		NC_089045.1.g35281		3	0	
OG0037425		NC_089045.1.g35379				NC_089045.1.g35865	NC_089045.1.g35290		3	0	
OG0037426		NC_089045.1.g35381	NC_089045.1.g35309				NC_089045.1.g35292		3	0	
OG0037427		NC_089045.1.g35483	NC_089045.1.g35413		NC_089045.1.g35649				3	0	
OG0037428		NC_089045.1.g35782			NC_089045.1.g35949	NC_089045.1.g36289			3	0	
OG0037429		NC_089045.1.g35836					NC_089045.1.g35740	NC_089045.1.g35974	3	0	
OG0037430		NC_089045.1.g35853	NC_089035.1.g2185				NC_089041.1.g24743		3	0	
OG0037431		NC_089045.1.g35884	NC_089045.1.g35806					NC_089045.1.g36019	3	0	
OG0037432		NC_089045.1.g35949, NC_089045.1.g36443		NC_089045.1.g36117					2	0	
OG0037433		NC_089045.1.g36003		NC_089045.1.g35695				NC_089045.1.g36132	3	0	
OG0037434		NC_089045.1.g36053					NC_089045.1.g35940	NC_089045.1.g36176	3	0	
OG0037435		NC_089045.1.g36060				NC_089036.1.g8198	NC_089036.1.g8096		3	0	
OG0037436		NC_089045.1.g36098			NC_089045.1.g36270		NC_089045.1.g35983		3	0	
OG0037437		NC_089045.1.g36275	NC_089045.1.g36203		NC_089045.1.g36462				3	0	
OG0037438		NC_089045.1.g36285			NC_089045.1.g36474		NC_089045.1.g36179		3	0	
OG0037439		NC_089045.1.g36287	NC_089045.1.g36216		NC_089045.1.g36478				3	0	
OG0037440		NC_089045.1.g36290	NC_089045.1.g36218		NC_089045.1.g36481				3	0	
OG0037441		NC_089045.1.g36293	NC_089045.1.g36222		NC_089045.1.g36484				3	0	
OG0037442		NC_089045.1.g36310	NC_089045.1.g36235		NC_089045.1.g36498				3	0	
OG0037443		NC_089045.1.g36324			NC_089045.1.g36514		NC_089045.1.g36209		3	0	
OG0037444		NC_089045.1.g36345	NC_089045.1.g36273		NC_089045.1.g36537				3	0	
OG0037445		NC_089045.1.g36385	NC_089045.1.g36311		NC_089045.1.g36578				3	0	
OG0037446		NC_089045.1.g36488				NC_089045.1.g36999	NC_089045.1.g36381		3	0	
OG0037447		NC_089045.1.g36550			NC_089045.1.g36737		NC_089045.1.g36445		3	0	
OG0037448		NC_089045.1.g36556	NC_089045.1.g36483		NC_089045.1.g36742				3	0	
OG0037449		NC_089045.1.g36571	NC_089045.1.g36497		NC_089045.1.g36758				3	0	
OG0037450		NC_089045.1.g36573	NC_089045.1.g36500		NC_089045.1.g36761				3	0	
OG0037451		NC_089045.1.g36610			NC_089045.1.g36800		NC_089045.1.g36509		3	0	
OG0037452		NC_089045.1.g36631	NC_089045.1.g36556		NC_089045.1.g36819				3	0	
OG0037453		NC_089045.1.g36634	NC_089045.1.g36559		NC_089045.1.g36822				3	0	
OG0037454		NC_089045.1.g36648	NC_089045.1.g36571		NC_089045.1.g36835				3	0	
OG0037455		NC_089045.1.g36659	NC_089045.1.g36583		NC_089045.1.g36846				3	0	
OG0037456		NC_089045.1.g36668			NC_089045.1.g36856	NC_089045.1.g37174			3	0	
OG0037457		NC_089045.1.g36687			NC_089045.1.g36876		NC_089045.1.g36584		3	0	
OG0037458		NC_089045.1.g36694		NC_089045.1.g36352				NC_089045.1.g36806	3	0	
OG0037459		NC_089045.1.g36695	NC_089042.1.g27804		NC_089045.1.g36884				3	0	
OG0037460		NC_089045.1.g36709				NC_089045.1.g37220		NC_089045.1.g36825	3	0	
OG0037461		NC_089045.1.g36750	NC_089045.1.g36674			NC_089045.1.g37260			3	0	
OG0037462		NC_089045.1.g36807	NC_089045.1.g36730					NC_089045.1.g36911	3	0	
OG0037463		NC_089045.1.g36838		NC_089045.1.g36496		NC_089045.1.g37354			3	0	
OG0037464		NC_089045.1.g36890		NC_089045.1.g36547	NC_089045.1.g37067				3	0	
OG0037465		NC_089045.1.g36891	NC_089036.1.g6703		NC_089045.1.g37068				3	0	
OG0037466		NC_089045.1.g36910		NC_089045.1.g36563		NC_089045.1.g37430			3	0	
OG0037467		NC_089045.1.g36960			NC_089045.1.g37140		NC_089045.1.g36878		3	0	
OG0037468		NC_089045.1.g36965	NC_089045.1.g36897			NC_089045.1.g37493			3	0	
OG0037469		NC_089045.1.g37029	NC_089045.1.g36953		NC_089045.1.g37200				3	0	
OG0037470		NC_089046.1.g37323			NC_089046.1.g37505		NC_089046.1.g37225		3	0	
OG0037471		NC_089046.1.g37364	NC_089046.1.g37292		NC_089046.1.g37544				3	0	
OG0037472		NC_089046.1.g37465				NC_089046.1.g37990		NC_089046.1.g37574	3	0	
OG0037473		NC_089046.1.g37624	NC_089046.1.g37563					NC_089046.1.g37739	3	0	
OG0037474		NC_089046.1.g37706	NC_089046.1.g37645				NC_089046.1.g37611		3	0	
OG0037475		NC_089046.1.g37707	NC_089046.1.g37646				NC_089046.1.g37612		3	0	
OG0037476		NC_089046.1.g37800	NC_089046.1.g37735		NC_089046.1.g37994				3	0	
OG0037477		NC_089046.1.g37826			NC_089046.1.g38022			NC_089046.1.g37939	3	0	
OG0037478		NC_089046.1.g37829				NC_089046.1.g38366		NC_089046.1.g37942	3	0	
OG0037479		NC_089046.1.g37841	NC_089046.1.g37781		NC_089046.1.g38038				3	0	
OG0037480		NC_089046.1.g37860			NC_089046.1.g38059			NC_089046.1.g37978	3	0	
OG0037481		NC_089046.1.g37898					NC_089045.1.g36767, NC_089046.1.g37795		2	0	
OG0037482		NC_089046.1.g38031			NC_089046.1.g38218		NC_089046.1.g37920		3	0	
OG0037483		NC_089046.1.g38054		NC_089046.1.g37673			NC_089046.1.g37943		3	0	
OG0037484		NC_089046.1.g38109					NC_089046.1.g38002	NC_089046.1.g38209	3	0	
OG0037485		NC_089046.1.g38160	NC_089046.1.g38081		NC_089046.1.g38340				3	0	
OG0037486		NC_089046.1.g38223	NC_089046.1.g38141		NC_089046.1.g38400				3	0	
OG0037487		NC_089046.1.g38299	NC_089046.1.g38206		NC_089046.1.g38483				3	0	
OG0037488		NC_089046.1.g38310	NC_089046.1.g38217		NC_089046.1.g38494				3	0	
OG0037489		NC_089046.1.g38325	NC_089046.1.g38234		NC_089046.1.g38510				3	0	
OG0037490		NC_089046.1.g38335	NC_089046.1.g38243					NC_089046.1.g38416	3	0	
OG0037491		NC_089046.1.g38349				NC_089046.1.g38877	NC_089046.1.g38214		3	0	
OG0037492		NC_089046.1.g38390	NC_089046.1.g38291		NC_089046.1.g38579				3	0	
OG0037493		NC_089046.1.g38405			NC_089046.1.g38594	NC_089046.1.g38929			3	0	
OG0037494		NC_089046.1.g38438	NC_089046.1.g38340	NC_089046.1.g38045					3	0	
OG0037495		NC_089046.1.g38500	NC_089046.1.g38402			NC_089046.1.g39037			3	0	
OG0037496		NC_089046.1.g38529			NC_089046.1.g38723	NC_089046.1.g39071			3	0	
OG0037497		NC_089046.1.g38569	NC_089036.1.g6700					NC_089036.1.g6725	3	0	
OG0037498		NC_089046.1.g38651			NC_089046.1.g38841			NC_089046.1.g38740	3	0	
OG0037499		NC_089046.1.g38655			NC_089046.1.g38845			NC_089046.1.g38744	3	0	
OG0037500		NC_089046.1.g38725	NC_089046.1.g38632		NC_089046.1.g38916				3	0	
OG0037501		NC_089046.1.g38737	NC_089046.1.g38643		NC_089046.1.g38928				3	0	
OG0037502		NC_089046.1.g38812	NC_089046.1.g38717		NC_089046.1.g39003				3	0	
OG0037503		NC_089046.1.g38849		NC_089046.1.g38442				NC_089046.1.g38929	3	0	
OG0037504		NC_089046.1.g38867	NC_089046.1.g38768					NC_089046.1.g38947	3	0	
OG0037505		NC_089046.1.g38927				NC_089046.1.g39478	NC_089046.1.g38784		3	0	
OG0037506		NC_089046.1.g39032	NC_089046.1.g38929				NC_089046.1.g38891		3	0	
OG0037507		NC_089046.1.g39043	NC_089046.1.g38943					NC_089046.1.g39133	3	0	
OG0037508		NC_089046.1.g39107	NC_089046.1.g39006				NC_089046.1.g38966		3	0	
OG0037509		NC_089046.1.g39195			NC_089046.1.g39379			NC_089046.1.g39276	3	0	
OG0037510		NC_089046.1.g39201		NC_089046.1.g38788		NC_089046.1.g39752			3	0	
OG0037511		NC_089046.1.g39229					NC_089046.1.g39086	NC_089046.1.g39312	3	0	
OG0037512		NC_089046.1.g39354	NC_089046.1.g39249			NC_089046.1.g39905			3	0	
OG0037513		NC_089046.1.g39586	NC_089046.1.g39476				NC_089046.1.g39434		3	0	
OG0037514			NC_089035.1.g301				NC_089035.1.g309	NC_089035.1.g308	3	0	
OG0037515			NC_089035.1.g317				NC_089035.1.g324	NC_089035.1.g326	3	0	
OG0037516			NC_089035.1.g388		NC_089035.1.g390			NC_089035.1.g395	3	0	
OG0037517			NC_089035.1.g478	NC_089035.1.g500		NC_089035.1.g513			3	0	
OG0037518			NC_089035.1.g925		NC_089035.1.g929	NC_089035.1.g965			3	0	
OG0037519			NC_089035.1.g961	NC_089035.1.g986			NC_089035.1.g963		3	0	
OG0037520			NC_089035.1.g962				NC_089044.1.g32270	NC_089044.1.g32464	3	0	
OG0037521			NC_089035.1.g964		NC_089035.1.g967	NC_089041.1.g25752			3	0	
OG0037522			NC_089035.1.g1178	NC_089035.1.g1202		NC_089035.1.g1219			3	0	
OG0037523			NC_089035.1.g1376, NC_089037.1.g10577			NC_089037.1.g10711			2	0	
OG0037524			NC_089035.1.g1378				NC_089035.1.g1382	NC_089035.1.g1388	3	0	
OG0037525			NC_089035.1.g1476				NC_089035.1.g1471	NC_089035.1.g1481	3	0	
OG0037526			NC_089035.1.g1487	NC_089035.1.g1499		NC_089035.1.g1524			3	0	
OG0037527			NC_089035.1.g1517	NC_089035.1.g1530				NC_089035.1.g1519	3	0	
OG0037528			NC_089035.1.g1519	NC_089035.1.g1532		NC_089035.1.g1560			3	0	
OG0037529			NC_089035.1.g1604		NC_089035.1.g1609	NC_089035.1.g1647			3	0	
OG0037530			NC_089035.1.g1617	NC_089035.1.g1622		NC_089035.1.g1657			3	0	
OG0037531			NC_089035.1.g1621	NC_089035.1.g1625			NC_089035.1.g1610		3	0	
OG0037532			NC_089035.1.g1727				NC_089035.1.g1708	NC_089035.1.g1718	3	0	
OG0037533			NC_089035.1.g1872				NC_089035.1.g1858	NC_089035.1.g1875	3	0	
OG0037534			NC_089035.1.g2058				NC_089035.1.g2060	NC_089035.1.g2056	3	0	
OG0037535			NC_089035.1.g2059				NC_089035.1.g2061	NC_089035.1.g2057	3	0	
OG0037536			NC_089035.1.g2092				NC_089035.1.g2093	NC_089035.1.g2088	3	0	
OG0037537			NC_089035.1.g2093				NC_089035.1.g2094	NC_089035.1.g2089	3	0	
OG0037538			NC_089035.1.g2116	NC_089035.1.g2115				NC_089035.1.g2108	3	0	
OG0037539			NC_089035.1.g2200	NC_089035.1.g2195		NC_089035.1.g2245			3	0	
OG0037540			NC_089035.1.g2399	NC_089035.1.g2389			NC_089035.1.g2395		3	0	
OG0037541			NC_089035.1.g2592	NC_089035.1.g2568			NC_089035.1.g2585		3	0	
OG0037542			NC_089035.1.g2818		NC_089035.1.g2813			NC_089035.1.g2789	3	0	
OG0037543			NC_089035.1.g2821	NC_089035.1.g2787		NC_089035.1.g2852			3	0	
OG0037544			NC_089035.1.g3029				NC_089035.1.g3012	NC_089035.1.g3003	3	0	
OG0037545			NC_089035.1.g3152			NC_089035.1.g3182		NC_089035.1.g3121	3	0	
OG0037546			NC_089035.1.g3200			NC_089040.1.g21318	NC_089043.1.g31451		3	0	
OG0037547			NC_089035.1.g3231		NC_089035.1.g3222	NC_089035.1.g3259			3	0	
OG0037548			NC_089035.1.g3325	NC_089035.1.g3275		NC_089035.1.g3361			3	0	
OG0037549			NC_089035.1.g3553		NC_089035.1.g3547		NC_089035.1.g3531		3	0	
OG0037550			NC_089035.1.g3731	NC_089035.1.g3671		NC_089035.1.g3773			3	0	
OG0037551			NC_089035.1.g3995				NC_089035.1.g3950	NC_089035.1.g3964	3	0	
OG0037552			NC_089035.1.g4030					NC_089035.1.g3997, NC_089044.1.g32870	2	0	
OG0037553			NC_089035.1.g4450				NC_089035.1.g4407	NC_089035.1.g4419	3	0	
OG0037554			NC_089035.1.g4513				NC_089035.1.g4469	NC_089035.1.g4476	3	0	
OG0037555			NC_089035.1.g4514				NC_089035.1.g4470	NC_089035.1.g4477	3	0	
OG0037556			NC_089035.1.g4565		NC_089035.1.g4544			NC_089035.1.g4531	3	0	
OG0037557			NC_089035.1.g4836		NC_089035.1.g4821			NC_089035.1.g4803	3	0	
OG0037558			NC_089035.1.g5065		NC_089035.1.g5062	NC_089035.1.g5125			3	0	
OG0037559			NC_089036.1.g5315	NC_089036.1.g5248		NC_089036.1.g5372			3	0	
OG0037560			NC_089036.1.g5366		NC_089036.1.g5361		NC_089036.1.g5320		3	0	
OG0037561			NC_089036.1.g5504		NC_089036.1.g5502		NC_089036.1.g5463		3	0	
OG0037562			NC_089036.1.g5694		NC_089036.1.g5689			NC_089036.1.g5666	3	0	
OG0037563			NC_089036.1.g5741	NC_089036.1.g5678	NC_089036.1.g5732				3	0	
OG0037564			NC_089036.1.g6100				NC_089036.1.g6052	NC_089036.1.g6099	3	0	
OG0037565			NC_089036.1.g6211				NC_089036.1.g6159	NC_089036.1.g6207	3	0	
OG0037566			NC_089036.1.g6373				NC_089036.1.g6335	NC_089036.1.g6378	3	0	
OG0037567			NC_089036.1.g6562		NC_089036.1.g6557			NC_089036.1.g6576	3	0	
OG0037568			NC_089036.1.g6624			NC_089036.1.g6720		NC_089036.1.g6640	3	0	
OG0037569			NC_089036.1.g7035, NC_089044.1.g33359					NC_089044.1.g33528	2	0	
OG0037570			NC_089036.1.g7350		NC_089036.1.g7369			NC_089036.1.g7388	3	0	
OG0037571			NC_089036.1.g7384				NC_089036.1.g7388	NC_089036.1.g7422	3	0	
OG0037572			NC_089036.1.g7405	NC_089036.1.g7360		NC_089036.1.g7516			3	0	
OG0037573			NC_089036.1.g7441				NC_089036.1.g7443	NC_089036.1.g7479	3	0	
OG0037574			NC_089036.1.g7446	NC_089036.1.g7400		NC_089036.1.g7553			3	0	
OG0037575			NC_089036.1.g7461				NC_089036.1.g7464	NC_089036.1.g7499	3	0	
OG0037576			NC_089036.1.g7551		NC_089036.1.g7564		NC_089036.1.g7559		3	0	
OG0037577			NC_089036.1.g7869	NC_089036.1.g7831		NC_089036.1.g7984			3	0	
OG0037578			NC_089036.1.g8071		NC_089036.1.g8085		NC_089036.1.g8084		3	0	
OG0037579			NC_089036.1.g8187		NC_089036.1.g8206			NC_089036.1.g8226	3	0	
OG0037580			NC_089036.1.g8344		NC_089036.1.g8363			NC_089036.1.g8377	3	0	
OG0037581			NC_089036.1.g8592				NC_089036.1.g8607, NC_089042.1.g27971		2	0	
OG0037582			NC_089036.1.g8605		NC_089036.1.g8613			NC_089036.1.g8637	3	0	
OG0037583			NC_089036.1.g8748		NC_089036.1.g8755			NC_089036.1.g8781	3	0	
OG0037584			NC_089036.1.g8762				NC_089036.1.g8775	NC_089036.1.g8794	3	0	
OG0037585			NC_089036.1.g8898		NC_089035.1.g1239			NC_089036.1.g8932	3	0	
OG0037586			NC_089036.1.g9358		NC_089036.1.g9362		NC_089036.1.g9352		3	0	
OG0037587			NC_089037.1.g9419	NC_089037.1.g9383			NC_089037.1.g9413		3	0	
OG0037588			NC_089037.1.g9543		NC_089037.1.g9547		NC_089037.1.g9540		3	0	
OG0037589			NC_089037.1.g9545		NC_089037.1.g9549			NC_089037.1.g9570	3	0	
OG0037590			NC_089037.1.g9692		NC_089037.1.g9689			NC_089037.1.g9715	3	0	
OG0037591			NC_089037.1.g9774	NC_089037.1.g9733		NC_089037.1.g9900			3	0	
OG0037592			NC_089037.1.g9794		NC_089037.1.g9802			NC_089037.1.g9827	3	0	
OG0037593			NC_089037.1.g10047	NC_089037.1.g10007		NC_089037.1.g10181			3	0	
OG0037594			NC_089037.1.g10109				NC_089037.1.g10112	NC_089037.1.g10150	3	0	
OG0037595			NC_089037.1.g10149				NC_089037.1.g10155	NC_089037.1.g10191	3	0	
OG0037596			NC_089037.1.g10168		NC_089037.1.g10178			NC_089037.1.g10210	3	0	
OG0037597			NC_089037.1.g10300		NC_089037.1.g10310		NC_089037.1.g10305		3	0	
OG0037598			NC_089037.1.g10799		NC_089037.1.g10813			NC_089037.1.g10850	3	0	
OG0037599			NC_089037.1.g10879			NC_089037.1.g11006		NC_089037.1.g10927	3	0	
OG0037600			NC_089037.1.g11077	NC_089037.1.g11037		NC_089037.1.g11212			3	0	
OG0037601			NC_089037.1.g11193			NC_089036.1.g7960		NC_089037.1.g11255	3	0	
OG0037602			NC_089037.1.g11243				NC_089037.1.g11252	NC_089037.1.g11305	3	0	
OG0037603			NC_089037.1.g11428		NC_089037.1.g11438		NC_089037.1.g11419		3	0	
OG0037604			NC_089037.1.g11447, NC_089037.1.g12900		NC_089037.1.g12900				2	0	
OG0037605			NC_089037.1.g11475	NC_089037.1.g11410				NC_089037.1.g11527	3	0	
OG0037606			NC_089037.1.g11486		NC_089037.1.g11494			NC_089037.1.g11536	3	0	
OG0037607			NC_089037.1.g11556			NC_089037.1.g11680		NC_089037.1.g11614	3	0	
OG0037608			NC_089037.1.g11558				NC_089037.1.g11552	NC_089037.1.g11616	3	0	
OG0037609			NC_089037.1.g11589	NC_089037.1.g11527			NC_089037.1.g11583		3	0	
OG0037610			NC_089037.1.g11638	NC_089037.1.g11576		NC_089037.1.g11762			3	0	
OG0037611			NC_089037.1.g11697, NC_089045.1.g36372	NC_089037.1.g11639					2	0	
OG0037612			NC_089037.1.g11708		NC_089037.1.g11718			NC_089037.1.g11764	3	0	
OG0037613			NC_089037.1.g11753	NC_089037.1.g11690		NC_089037.1.g11878			3	0	
OG0037614			NC_089037.1.g11892	NC_089037.1.g11829		NC_089037.1.g12019			3	0	
OG0037615			NC_089037.1.g11968	NC_089037.1.g11905		NC_089037.1.g12098			3	0	
OG0037616			NC_089037.1.g11996		NC_089037.1.g11997	NC_089037.1.g12125			3	0	
OG0037617			NC_089037.1.g12116			NC_089037.1.g12252, NC_089044.1.g33273			2	0	
OG0037618			NC_089037.1.g12117, NC_089042.1.g28148			NC_089037.1.g12253			2	0	
OG0037619			NC_089037.1.g12175		NC_089037.1.g12181		NC_089037.1.g12138		3	0	
OG0037620			NC_089037.1.g12275		NC_089037.1.g12285		NC_089037.1.g12241		3	0	
OG0037621			NC_089037.1.g12340	NC_089037.1.g12274		NC_089037.1.g12482			3	0	
OG0037622			NC_089037.1.g12356		NC_089037.1.g12367, NC_089042.1.g28423				2	0	
OG0037623			NC_089037.1.g12416				NC_089037.1.g12388	NC_089037.1.g12452	3	0	
OG0037624			NC_089037.1.g12422				NC_089037.1.g12395	NC_089037.1.g12459	3	0	
OG0037625			NC_089037.1.g12423		NC_089037.1.g12431			NC_089037.1.g12460	3	0	
OG0037626			NC_089037.1.g12584		NC_089037.1.g12588		NC_089037.1.g12570		3	0	
OG0037627			NC_089037.1.g12598		NC_089037.1.g12602			NC_089037.1.g12644	3	0	
OG0037628			NC_089037.1.g12628				NC_089037.1.g12610	NC_089037.1.g12672	3	0	
OG0037629			NC_089037.1.g12634				NC_089037.1.g12617	NC_089044.1.g34353	3	0	
OG0037630			NC_089037.1.g12654					NC_089036.1.g5286, NC_089037.1.g12702	2	0	
OG0037631			NC_089037.1.g12655				NC_089037.1.g12639	NC_089037.1.g12703	3	0	
OG0037632			NC_089037.1.g12813	NC_089036.1.g7899	NC_089036.1.g7961				3	0	
OG0037633			NC_089037.1.g12871		NC_089037.1.g12871			NC_089037.1.g12914	3	0	
OG0037634			NC_089037.1.g13044		NC_089037.1.g13049		NC_089037.1.g13032		3	0	
OG0037635			NC_089037.1.g13158	NC_089037.1.g13089				NC_089037.1.g13202	3	0	
OG0037636			NC_089037.1.g13231	NC_089037.1.g13159		NC_089037.1.g13369			3	0	
OG0037637			NC_089037.1.g13234		NC_089037.1.g13235			NC_089037.1.g13274	3	0	
OG0037638			NC_089037.1.g13416		NC_089037.1.g13414		NC_089037.1.g13403		3	0	
OG0037639			NC_089037.1.g13435		NC_089037.1.g13433			NC_089037.1.g13477	3	0	
OG0037640			NC_089037.1.g13544		NC_089037.1.g13542	NC_089037.1.g13699			3	0	
OG0037641			NC_089037.1.g13686				NC_089037.1.g13673	NC_089037.1.g13730	3	0	
OG0037642			NC_089037.1.g13877		NC_089037.1.g13871		NC_089037.1.g13867		3	0	
OG0037643			NC_089038.1.g14103		NC_089038.1.g14089		NC_089038.1.g14098		3	0	
OG0037644			NC_089038.1.g14139			NC_089038.1.g14293		NC_089038.1.g14186	3	0	
OG0037645			NC_089038.1.g14142			NC_089038.1.g14296	NC_089038.1.g14129		3	0	
OG0037646			NC_089038.1.g14158	NC_089041.1.g24259				NC_089038.1.g14206	3	0	
OG0037647			NC_089038.1.g14324		NC_089038.1.g14328		NC_089038.1.g14330		3	0	
OG0037648			NC_089038.1.g14355	NC_089038.1.g14293	NC_089038.1.g14359				3	0	
OG0037649			NC_089038.1.g14469		NC_089038.1.g14473	NC_089038.1.g14638			3	0	
OG0037650			NC_089038.1.g14554		NC_089038.1.g14562	NC_089038.1.g14730			3	0	
OG0037651			NC_089038.1.g14593					NC_089038.1.g14656, NC_089045.1.g35169	2	0	
OG0037652			NC_089038.1.g14653	NC_089038.1.g14597		NC_089038.1.g14839			3	0	
OG0037653			NC_089038.1.g14721				NC_089038.1.g14717	NC_089038.1.g14779	3	0	
OG0037654			NC_089038.1.g14731		NC_089038.1.g14732			NC_089038.1.g14790	3	0	
OG0037655			NC_089038.1.g14733	NC_089038.1.g14669		NC_089038.1.g14919			3	0	
OG0037656			NC_089038.1.g14772, NC_089046.1.g37820		NC_089041.1.g26389				2	0	
OG0037657			NC_089038.1.g14936, NC_089045.1.g34979		NC_089038.1.g14963				2	0	
OG0037658			NC_089038.1.g14944			NC_089038.1.g15133	NC_089038.1.g14951		3	0	
OG0037659			NC_089038.1.g15066		NC_089038.1.g15099		NC_089038.1.g15101		3	0	
OG0037660			NC_089038.1.g15080		NC_089038.1.g15114			NC_089038.1.g15149	3	0	
OG0037661			NC_089038.1.g15085			NC_089038.1.g15291		NC_089038.1.g15153	3	0	
OG0037662			NC_089038.1.g15102				NC_089038.1.g15136	NC_089038.1.g15165	3	0	
OG0037663			NC_089038.1.g15217				NC_089038.1.g15248	NC_089038.1.g15274	3	0	
OG0037664			NC_089038.1.g15461		NC_089038.1.g15508		NC_089038.1.g15495		3	0	
OG0037665			NC_089038.1.g15507		NC_089038.1.g15551	NC_089038.1.g15721			3	0	
OG0037666			NC_089038.1.g15553				NC_089038.1.g15584	NC_089038.1.g15609	3	0	
OG0037667			NC_089038.1.g15839		NC_089038.1.g15882		NC_089038.1.g15883		3	0	
OG0037668			NC_089038.1.g16215		NC_089038.1.g16257			NC_089038.1.g16266	3	0	
OG0037669			NC_089038.1.g16281		NC_089038.1.g16324	NC_089038.1.g16507			3	0	
OG0037670			NC_089038.1.g16442	NC_089038.1.g16396		NC_089038.1.g16664			3	0	
OG0037671			NC_089038.1.g16683		NC_089038.1.g16714			NC_089038.1.g16721	3	0	
OG0037672			NC_089038.1.g16703			NC_089038.1.g16926	NC_089038.1.g16723		3	0	
OG0037673			NC_089038.1.g16745	NC_089038.1.g16683	NC_089038.1.g16773				3	0	
OG0037674			NC_089038.1.g16835	NC_089038.1.g16773	NC_089038.1.g16868				3	0	
OG0037675			NC_089038.1.g16906			NC_089038.1.g17132	NC_089038.1.g16926		3	0	
OG0037676			NC_089038.1.g17114		NC_089038.1.g17138		NC_089038.1.g17126		3	0	
OG0037677			NC_089038.1.g17128				NC_089038.1.g17143	NC_089038.1.g17166	3	0	
OG0037678			NC_089038.1.g17158			NC_089038.1.g17379	NC_089038.1.g17171		3	0	
OG0037679			NC_089038.1.g17202				NC_089038.1.g17214	NC_089038.1.g17240	3	0	
OG0037680			NC_089038.1.g17225, NC_089042.1.g27518	NC_089042.1.g27323					2	0	
OG0037681			NC_089038.1.g17285	NC_089038.1.g17219		NC_089038.1.g17506			3	0	
OG0037682			NC_089039.1.g17572			NC_089039.1.g17798		NC_089039.1.g17607	3	0	
OG0037683			NC_089039.1.g17730			NC_089039.1.g17967	NC_089039.1.g17749		3	0	
OG0037684			NC_089039.1.g17739		NC_089039.1.g17766			NC_089039.1.g17781	3	0	
OG0037685			NC_089039.1.g17893				NC_089039.1.g17913	NC_089039.1.g17940	3	0	
OG0037686			NC_089039.1.g18133				NC_089039.1.g18157	NC_089039.1.g18179	3	0	
OG0037687			NC_089039.1.g18284, NC_089039.1.g18504		NC_089039.1.g18338				2	0	
OG0037688			NC_089039.1.g18308		NC_089039.1.g18365		NC_089039.1.g18340		3	0	
OG0037689			NC_089039.1.g18351	NC_089045.1.g36467				NC_089039.1.g18406	3	0	
OG0037690			NC_089039.1.g18374		NC_089039.1.g18430			NC_089039.1.g18430	3	0	
OG0037691			NC_089039.1.g18648			NC_089039.1.g18915		NC_089039.1.g18715	3	0	
OG0037692			NC_089039.1.g18744	NC_089039.1.g18693		NC_089039.1.g19018			3	0	
OG0037693			NC_089039.1.g18757			NC_089039.1.g19031		NC_089039.1.g18822	3	0	
OG0037694			NC_089039.1.g18962		NC_089039.1.g19021		NC_089039.1.g19003		3	0	
OG0037695			NC_089039.1.g19027				NC_089039.1.g19069	NC_089039.1.g19078	3	0	
OG0037696			NC_089039.1.g19208			NC_089038.1.g17340, NC_089039.1.g19478			2	0	
OG0037697			NC_089039.1.g19219		NC_089039.1.g19271			NC_089039.1.g19264	3	0	
OG0037698			NC_089039.1.g19282		NC_089039.1.g19338		NC_089039.1.g19313		3	0	
OG0037699			NC_089039.1.g19310			NC_089039.1.g19574		NC_089039.1.g19350	3	0	
OG0037700			NC_089039.1.g19454		NC_089039.1.g19503		NC_089039.1.g19471		3	0	
OG0037701			NC_089039.1.g19713		NC_089039.1.g19767	NC_089039.1.g19992			3	0	
OG0037702			NC_089039.1.g20056				NC_089039.1.g20056	NC_089039.1.g20082	3	0	
OG0037703			NC_089039.1.g20110		NC_089039.1.g20166		NC_089039.1.g20119		3	0	
OG0037704			NC_089039.1.g20363	NC_089039.1.g20291	NC_089039.1.g20421				3	0	
OG0037705			NC_089039.1.g20406		NC_089039.1.g20464		NC_089039.1.g20395		3	0	
OG0037706			NC_089040.1.g20780				NC_089040.1.g20769	NC_089040.1.g20795	3	0	
OG0037707			NC_089040.1.g20843		NC_089040.1.g20910	NC_089040.1.g21110			3	0	
OG0037708			NC_089040.1.g21269	NC_089040.1.g21185			NC_089040.1.g21255		3	0	
OG0037709			NC_089040.1.g21437			NC_089040.1.g21704	NC_089040.1.g21429		3	0	
OG0037710			NC_089040.1.g21520		NC_089040.1.g21588	NC_089040.1.g21789			3	0	
OG0037711			NC_089040.1.g21521		NC_089040.1.g21589	NC_089040.1.g21790			3	0	
OG0037712			NC_089040.1.g21736			NC_089040.1.g22009		NC_089040.1.g21749	3	0	
OG0037713			NC_089040.1.g21743	NC_089040.1.g21635		NC_089040.1.g22016			3	0	
OG0037714			NC_089040.1.g21845			NC_089040.1.g22116		NC_089040.1.g21859	3	0	
OG0037715			NC_089040.1.g21896	NC_089040.1.g21774		NC_089040.1.g22168			3	0	
OG0037716			NC_089040.1.g21913			NC_089040.1.g22187		NC_089040.1.g21928	3	0	
OG0037717			NC_089040.1.g21935		NC_089040.1.g22007			NC_089040.1.g21951	3	0	
OG0037718			NC_089040.1.g22150			NC_089040.1.g22431		NC_089040.1.g22160	3	0	
OG0037719			NC_089040.1.g22159				NC_089040.1.g22135	NC_089040.1.g22171	3	0	
OG0037721			NC_089040.1.g22263		NC_089040.1.g22344	NC_089040.1.g22547			3	0	
OG0037722			NC_089040.1.g22280				NC_089040.1.g22251	NC_089040.1.g22292	3	0	
OG0037723			NC_089040.1.g22281				NC_089040.1.g22252	NC_089040.1.g22293	3	0	
OG0037724			NC_089040.1.g22345			NC_089040.1.g22629	NC_089040.1.g22313		3	0	
OG0037725			NC_089040.1.g22415	NC_089040.1.g22254		NC_089040.1.g22699			3	0	
OG0037726			NC_089040.1.g22470		NC_089040.1.g22560	NC_089040.1.g22759			3	0	
OG0037727			NC_089040.1.g22563				NC_089040.1.g22523	NC_089040.1.g22564	3	0	
OG0037728			NC_089040.1.g22574	NC_089040.1.g22409			NC_089040.1.g22532		3	0	
OG0037729			NC_089040.1.g22720				NC_089040.1.g22679	NC_089040.1.g22720	3	0	
OG0037730			NC_089040.1.g22751				NC_089040.1.g22714	NC_089040.1.g22752	3	0	
OG0037731			NC_089040.1.g22769	NC_089040.1.g22595				NC_089040.1.g22769	3	0	
OG0037732			NC_089040.1.g22843		NC_089040.1.g22917			NC_089040.1.g22843	3	0	
OG0037733			NC_089040.1.g22887	NC_089040.1.g22712	NC_089040.1.g22971				3	0	
OG0037734			NC_089040.1.g22970			NC_089040.1.g22662, NC_089040.1.g23259			2	0	
OG0037735			NC_089040.1.g23071	NC_089040.1.g22893	NC_089040.1.g23163				3	0	
OG0037736			NC_089040.1.g23079	NC_089040.1.g22899		NC_089040.1.g23375			3	0	
OG0037737			NC_089040.1.g23155			NC_089040.1.g23457		NC_089040.1.g23163	3	0	
OG0037738			NC_089040.1.g23321				NC_089040.1.g23290	NC_089040.1.g23328	3	0	
OG0037739			NC_089040.1.g23442	NC_089040.1.g23271			NC_089040.1.g23411		3	0	
OG0037740			NC_089040.1.g23478				NC_089040.1.g23447	NC_089040.1.g23488	3	0	
OG0037741			NC_089040.1.g23802		NC_089040.1.g23884	NC_089040.1.g24097			3	0	
OG0037742			NC_089040.1.g23844	NC_089040.1.g23671		NC_089040.1.g24133			3	0	
OG0037743			NC_089041.1.g23932		NC_089041.1.g24009		NC_089041.1.g23885		3	0	
OG0037744			NC_089041.1.g24043		NC_089041.1.g24119		NC_089041.1.g23993		3	0	
OG0037745			NC_089041.1.g24095				NC_089037.1.g10312, NC_089041.1.g24047		2	0	
OG0037746			NC_089041.1.g24179		NC_089041.1.g24269		NC_089041.1.g24132		3	0	
OG0037747			NC_089041.1.g24314				NC_089041.1.g24267	NC_089041.1.g24320	3	0	
OG0037748			NC_089041.1.g24395	NC_089041.1.g24225		NC_089041.1.g24695			3	0	
OG0037749			NC_089041.1.g24425	NC_089041.1.g24256			NC_089041.1.g24380		3	0	
OG0037750			NC_089041.1.g24571		NC_089041.1.g24670			NC_089041.1.g24586	3	0	
OG0037751			NC_089041.1.g24590		NC_089041.1.g24684			NC_089041.1.g24599	3	0	
OG0037752			NC_089041.1.g24659				NC_089041.1.g24620	NC_089041.1.g24669	3	0	
OG0037753			NC_089041.1.g24663	NC_089041.1.g24499	NC_089041.1.g24763				3	0	
OG0037754			NC_089041.1.g24709				NC_089041.1.g24672	NC_089041.1.g24721	3	0	
OG0037755			NC_089041.1.g24804		NC_089041.1.g24909			NC_089041.1.g24817	3	0	
OG0037756			NC_089041.1.g24891	NC_089041.1.g24730			NC_089041.1.g24854		3	0	
OG0037757			NC_089041.1.g24924		NC_089041.1.g25032			NC_089041.1.g24941	3	0	
OG0037758			NC_089041.1.g25076	NC_089041.1.g24919	NC_089041.1.g25187				3	0	
OG0037759			NC_089041.1.g25268		NC_089041.1.g25383		NC_089041.1.g25230		3	0	
OG0037760			NC_089041.1.g25420		NC_089041.1.g25529			NC_089041.1.g25451	3	0	
OG0037761			NC_089041.1.g25512		NC_089041.1.g25618		NC_089041.1.g25460		3	0	
OG0037762			NC_089041.1.g25547	NC_089038.1.g15148	NC_089036.1.g8187				3	0	
OG0037763			NC_089041.1.g25785		NC_089041.1.g25889			NC_089041.1.g25820	3	0	
OG0037764			NC_089041.1.g25860		NC_089041.1.g25974	NC_089041.1.g26179			3	0	
OG0037765			NC_089041.1.g26029	NC_089041.1.g25822		NC_089041.1.g26357			3	0	
OG0037766			NC_089041.1.g26237	NC_089041.1.g26040		NC_089041.1.g26578			3	0	
OG0037767			NC_089041.1.g26276	NC_089041.1.g26082				NC_089041.1.g26321	3	0	
OG0037768			NC_089041.1.g26291	NC_089041.1.g26096	NC_089041.1.g26409				3	0	
OG0037769			NC_089041.1.g26458		NC_089041.1.g26580			NC_089041.1.g26509	3	0	
OG0037770			NC_089041.1.g26515		NC_089041.1.g26636			NC_089041.1.g26566	3	0	
OG0037771			NC_089042.1.g27028		NC_089042.1.g27126			NC_089042.1.g27078	3	0	
OG0037772			NC_089042.1.g27057		NC_089042.1.g27153		NC_089042.1.g27017		3	0	
OG0037773			NC_089042.1.g27115	NC_089042.1.g26912		NC_089042.1.g27467			3	0	
OG0037774			NC_089042.1.g27193	NC_089042.1.g27000				NC_089042.1.g27248	3	0	
OG0037775			NC_089042.1.g27375	NC_089042.1.g27184		NC_089042.1.g27723			3	0	
OG0037776			NC_089042.1.g27434		NC_089042.1.g27533		NC_089042.1.g27396		3	0	
OG0037777			NC_089042.1.g27500		NC_089042.1.g27601			NC_089042.1.g27559	3	0	
OG0037778			NC_089042.1.g27692		NC_089042.1.g27789		NC_089042.1.g27666		3	0	
OG0037779			NC_089042.1.g27741				NC_089042.1.g27714	NC_089042.1.g27792	3	0	
OG0037780			NC_089042.1.g27750		NC_089042.1.g27844	NC_089042.1.g28096			3	0	
OG0037781			NC_089042.1.g27780	NC_089042.1.g27582		NC_089042.1.g28126			3	0	
OG0037782			NC_089042.1.g27803		NC_089042.1.g27901			NC_089042.1.g27861	3	0	
OG0037783			NC_089042.1.g27888	NC_089041.1.g25142		NC_089041.1.g25627			3	0	
OG0037784			NC_089042.1.g28029	NC_089042.1.g27812				NC_089042.1.g28083	3	0	
OG0037785			NC_089042.1.g28087		NC_089042.1.g28192			NC_089042.1.g28144	3	0	
OG0037786			NC_089042.1.g28191	NC_089042.1.g27961		NC_089042.1.g28534			3	0	
OG0037787			NC_089042.1.g28255			NC_089042.1.g28597	NC_089042.1.g28210		3	0	
OG0037788			NC_089042.1.g28277		NC_089042.1.g28393		NC_089042.1.g28232		3	0	
OG0037789			NC_089042.1.g28283	NC_089042.1.g28041		NC_089042.1.g28629			3	0	
OG0037790			NC_089042.1.g28297				NC_089042.1.g28248	NC_089042.1.g28362	3	0	
OG0037791			NC_089042.1.g28311			NC_089042.1.g28653		NC_089042.1.g28374	3	0	
OG0037792			NC_089042.1.g28478	NC_089035.1.g2423			NC_089042.1.g28420		3	0	
OG0037793			NC_089042.1.g28489		NC_089042.1.g28591			NC_089042.1.g28556	3	0	
OG0037794			NC_089042.1.g28559	NC_089042.1.g28302		NC_089042.1.g28899			3	0	
OG0037795			NC_089042.1.g28565		NC_089042.1.g28668			NC_089042.1.g28627	3	0	
OG0037796			NC_089042.1.g28591				NC_089042.1.g28536	NC_089042.1.g28656	3	0	
OG0037797			NC_089042.1.g28593			NC_089042.1.g28937	NC_089042.1.g28538		3	0	
OG0037798			NC_089042.1.g28624			NC_089042.1.g28962		NC_089042.1.g28689	3	0	
OG0037799			NC_089042.1.g28739		NC_089042.1.g28826	NC_089042.1.g29076			3	0	
OG0037800			NC_089042.1.g28929		NC_089035.1.g3881, NC_089042.1.g29017				2	0	
OG0037801			NC_089042.1.g28955		NC_089042.1.g29044			NC_089042.1.g29024	3	0	
OG0037802			NC_089042.1.g28957				NC_089042.1.g28895	NC_089042.1.g29026	3	0	
OG0037803			NC_089042.1.g28958		NC_089042.1.g29047	NC_089042.1.g29289			3	0	
OG0037804			NC_089042.1.g29179	NC_089042.1.g28897			NC_089042.1.g29112		3	0	
OG0037805			NC_089042.1.g29590		NC_089042.1.g29675		NC_089042.1.g29514		3	0	
OG0037806			NC_089043.1.g29836	NC_089043.1.g29551			NC_089043.1.g29753		3	0	
OG0037807			NC_089043.1.g29859		NC_089043.1.g29941		NC_089043.1.g29772		3	0	
OG0037808			NC_089043.1.g30009			NC_089043.1.g30393		NC_089043.1.g30102	3	0	
OG0037809			NC_089043.1.g30143	NC_089043.1.g29875				NC_089043.1.g30241	3	0	
OG0037810			NC_089043.1.g30257		NC_089043.1.g30360		NC_089043.1.g30190		3	0	
OG0037811			NC_089043.1.g30315		NC_089043.1.g30421		NC_089043.1.g30250		3	0	
OG0037812			NC_089043.1.g30328	NC_089037.1.g11975		NC_089037.1.g12169			3	0	
OG0037813			NC_089043.1.g30364	NC_089043.1.g30113	NC_089043.1.g30476				3	0	
OG0037814			NC_089043.1.g30394	NC_089043.1.g30143		NC_089043.1.g30816			3	0	
OG0037815			NC_089043.1.g30416		NC_089043.1.g30530	NC_089043.1.g30839			3	0	
OG0037816			NC_089043.1.g30417		NC_089043.1.g30531	NC_089043.1.g30840			3	0	
OG0037817			NC_089043.1.g30418		NC_089043.1.g30532	NC_089043.1.g30841			3	0	
OG0037818			NC_089043.1.g30435			NC_089043.1.g30865		NC_089043.1.g30539	3	0	
OG0037819			NC_089043.1.g30529		NC_089043.1.g30641		NC_089043.1.g30449		3	0	
OG0037820			NC_089043.1.g30851				NC_089043.1.g30785	NC_089043.1.g30962	3	0	
OG0037821			NC_089043.1.g30869	NC_089043.1.g30622		NC_089043.1.g31326			3	0	
OG0037822			NC_089043.1.g30897				NC_089043.1.g30834	NC_089043.1.g31005	3	0	
OG0037823			NC_089043.1.g30963				NC_089043.1.g30903	NC_089043.1.g31074	3	0	
OG0037824			NC_089043.1.g31068		NC_089043.1.g31204		NC_089043.1.g31004		3	0	
OG0037825			NC_089043.1.g31431		NC_089043.1.g31563			NC_089043.1.g31544	3	0	
OG0037826			NC_089043.1.g31642	NC_089043.1.g31391		NC_089043.1.g32102			3	0	
OG0037827			NC_089043.1.g31645				NC_089043.1.g31585	NC_089043.1.g31760	3	0	
OG0037828			NC_089043.1.g31704		NC_089043.1.g31839		NC_089043.1.g31645		3	0	
OG0037829			NC_089043.1.g31800				NC_089043.1.g31740	NC_089043.1.g31917	3	0	
OG0037830			NC_089043.1.g31933		NC_089043.1.g32084			NC_089043.1.g32070	3	0	
OG0037831			NC_089044.1.g32208	NC_089044.1.g31967		NC_089044.1.g32669			3	0	
OG0037832			NC_089044.1.g32374	NC_089044.1.g32110		NC_089044.1.g32838			3	0	
OG0037833			NC_089044.1.g32470		NC_089044.1.g32645		NC_089044.1.g32412		3	0	
OG0037834			NC_089044.1.g32487		NC_089044.1.g32664		NC_089044.1.g32427		3	0	
OG0037835			NC_089044.1.g32489	NC_089044.1.g32220		NC_089044.1.g32965			3	0	
OG0037836			NC_089044.1.g32550				NC_089044.1.g32496	NC_089044.1.g32687	3	0	
OG0037837			NC_089044.1.g32723			NC_089044.1.g33211	NC_089044.1.g32663		3	0	
OG0037838			NC_089044.1.g32738	NC_089044.1.g32475	NC_089044.1.g32911				3	0	
OG0037839			NC_089044.1.g32785, NC_089046.1.g38584			NC_089046.1.g39223			2	0	
OG0037840			NC_089044.1.g32790		NC_089044.1.g32962	NC_089044.1.g33282			3	0	
OG0037841			NC_089044.1.g32831			NC_089044.1.g33318		NC_089044.1.g32969	3	0	
OG0037842			NC_089044.1.g32861		NC_089044.1.g33046	NC_089044.1.g33351			3	0	
OG0037843			NC_089044.1.g32938		NC_089044.1.g33130			NC_089044.1.g33082	3	0	
OG0037844			NC_089044.1.g33034		NC_089044.1.g33226			NC_089044.1.g33181	3	0	
OG0037845			NC_089044.1.g33134		NC_089044.1.g33332			NC_089044.1.g33286	3	0	
OG0037846			NC_089044.1.g33137	NC_089044.1.g32884				NC_089044.1.g33289	3	0	
OG0037847			NC_089044.1.g33252			NC_089044.1.g33765	NC_089044.1.g33210		3	0	
OG0037848			NC_089044.1.g33288		NC_089044.1.g33488			NC_089044.1.g33459	3	0	
OG0037849			NC_089044.1.g33311				NC_089044.1.g33270	NC_089044.1.g33482	3	0	
OG0037850			NC_089044.1.g33332		NC_089044.1.g33534		NC_089044.1.g33289		3	0	
OG0037851			NC_089044.1.g33363	NC_089044.1.g33119			NC_089044.1.g33319		3	0	
OG0037852			NC_089044.1.g33710			NC_089044.1.g34262		NC_089044.1.g33913	3	0	
OG0037853			NC_089044.1.g33883		NC_089044.1.g34124			NC_089044.1.g34090	3	0	
OG0037854			NC_089045.1.g34355			NC_089045.1.g34918	NC_089045.1.g34353		3	0	
OG0037855			NC_089045.1.g34744		NC_089045.1.g34982		NC_089045.1.g34736		3	0	
OG0037856			NC_089045.1.g34781		NC_089045.1.g35018			NC_089045.1.g34989	3	0	
OG0037857			NC_089045.1.g34791			NC_089045.1.g35356		NC_089045.1.g34998	3	0	
OG0037858			NC_089045.1.g34898			NC_089045.1.g35451	NC_089045.1.g34887		3	0	
OG0037859			NC_089045.1.g34977			NC_089045.1.g35537, NC_089045.1.g36227			2	0	
OG0037860			NC_089045.1.g35002		NC_089039.1.g18935, NC_089045.1.g35252				2	0	
OG0037861			NC_089045.1.g35211		NC_089045.1.g35444			NC_089045.1.g35423	3	0	
OG0037862			NC_089045.1.g35314		NC_089045.1.g35543	NC_089045.1.g35870			3	0	
OG0037863			NC_089045.1.g35367		NC_089045.1.g35604		NC_089045.1.g35350		3	0	
OG0037864			NC_089045.1.g35373				NC_089045.1.g35352	NC_089045.1.g35584	3	0	
OG0037865			NC_089045.1.g35381		NC_089045.1.g35614		NC_089045.1.g35360		3	0	
OG0037866			NC_089045.1.g35402		NC_089045.1.g35635			NC_089045.1.g35613	3	0	
OG0037867			NC_089045.1.g35451		NC_089045.1.g35691		NC_089045.1.g35427		3	0	
OG0037868			NC_089045.1.g35477		NC_089045.1.g35715		NC_089045.1.g35454		3	0	
OG0037869			NC_089045.1.g35502		NC_089045.1.g35743		NC_089045.1.g35475		3	0	
OG0037870			NC_089045.1.g35585		NC_089045.1.g35830		NC_089045.1.g35565		3	0	
OG0037871			NC_089045.1.g35666		NC_089045.1.g35907			NC_089045.1.g35879	3	0	
OG0037872			NC_089045.1.g35667		NC_089045.1.g35908			NC_089045.1.g35880	3	0	
OG0037873			NC_089045.1.g35679	NC_089045.1.g35455	NC_089045.1.g35921				3	0	
OG0037874			NC_089045.1.g35695		NC_089045.1.g35939		NC_089045.1.g35677		3	0	
OG0037875			NC_089045.1.g35736		NC_089045.1.g35982		NC_089045.1.g35714		3	0	
OG0037876			NC_089045.1.g35742				NC_089045.1.g35720	NC_089045.1.g35952	3	0	
OG0037877			NC_089045.1.g35773				NC_089045.1.g35753	NC_089045.1.g35986	3	0	
OG0037878			NC_089045.1.g35793				NC_089045.1.g35774	NC_089045.1.g36006	3	0	
OG0037879			NC_089045.1.g35819				NC_089045.1.g35797	NC_089045.1.g36032	3	0	
OG0037880			NC_089045.1.g35857			NC_089045.1.g36451		NC_089045.1.g36072	3	0	
OG0037881			NC_089045.1.g35880			NC_089045.1.g36472	NC_089045.1.g35857		3	0	
OG0037882			NC_089045.1.g36003		NC_089045.1.g36264		NC_089045.1.g35977		3	0	
OG0037883			NC_089045.1.g36081	NC_089036.1.g6805, NC_089043.1.g30007					2	0	
OG0037884			NC_089045.1.g36189				NC_089045.1.g36161	NC_089045.1.g36397	3	0	
OG0037885			NC_089045.1.g36295		NC_089045.1.g36562	NC_089045.1.g36883			3	0	
OG0037886			NC_089045.1.g36462	NC_089045.1.g36202		NC_089045.1.g37038			3	0	
OG0037887			NC_089045.1.g36514			NC_089045.1.g37094	NC_089045.1.g36482		3	0	
OG0037888			NC_089045.1.g36619	NC_089045.1.g36354		NC_089045.1.g37205			3	0	
OG0037889			NC_089045.1.g36623		NC_089045.1.g36889			NC_089045.1.g36812	3	0	
OG0037890			NC_089045.1.g36755			NC_089045.1.g37343		NC_089045.1.g36935	3	0	
OG0037891			NC_089045.1.g36963		NC_089045.1.g37210	NC_089045.1.g37561			3	0	
OG0037892			NC_089045.1.g36974		NC_089045.1.g37221	NC_089045.1.g37574			3	0	
OG0037893			NC_089045.1.g36980		NC_089045.1.g37227	NC_089045.1.g37580			3	0	
OG0037894			NC_089046.1.g37441				NC_089046.1.g37408	NC_089046.1.g37620	3	0	
OG0037895			NC_089046.1.g37606		NC_089046.1.g37855			NC_089046.1.g37779	3	0	
OG0037896			NC_089046.1.g37649	NC_089046.1.g37340		NC_089046.1.g38247			3	0	
OG0037897			NC_089046.1.g37664		NC_089046.1.g37917		NC_089046.1.g37632		3	0	
OG0037898			NC_089046.1.g37768		NC_089046.1.g38025			NC_089046.1.g37943	3	0	
OG0037899			NC_089046.1.g37810				NC_089038.1.g14915	NC_089046.1.g37986	3	0	
OG0037900			NC_089046.1.g37884				NC_089046.1.g37851	NC_089046.1.g38064	3	0	
OG0037901			NC_089046.1.g37928	NC_089046.1.g37624		NC_089046.1.g38540			3	0	
OG0037902			NC_089046.1.g37929	NC_089046.1.g37625		NC_089046.1.g38541			3	0	
OG0037903			NC_089046.1.g38263				NC_089046.1.g38221	NC_089046.1.g38437	3	0	
OG0037904			NC_089046.1.g38321	NC_089046.1.g38023		NC_089046.1.g38945			3	0	
OG0037905			NC_089046.1.g38328		NC_089046.1.g38617			NC_089046.1.g38506	3	0	
OG0037906			NC_089046.1.g38339	NC_089046.1.g38044				NC_089046.1.g38518	3	0	
OG0037907			NC_089046.1.g38381	NC_089046.1.g38084		NC_089046.1.g39013			3	0	
OG0037908			NC_089046.1.g38469				NC_089046.1.g38418	NC_089046.1.g38641	3	0	
OG0037909			NC_089046.1.g38477			NC_089046.1.g39114		NC_089046.1.g38650	3	0	
OG0037910			NC_089046.1.g38483				NC_089046.1.g38431	NC_089046.1.g38656	3	0	
OG0037911			NC_089046.1.g38497				NC_089046.1.g38444	NC_089046.1.g38671	3	0	
OG0037912			NC_089046.1.g38504				NC_089046.1.g38452	NC_089046.1.g38678	3	0	
OG0037913			NC_089046.1.g38686		NC_089046.1.g38971		NC_089046.1.g38640		3	0	
OG0037914			NC_089046.1.g38824				NC_089046.1.g38786	NC_089046.1.g39013	3	0	
OG0037915			NC_089046.1.g38866	NC_089046.1.g38564		NC_089046.1.g39521			3	0	
OG0037916			NC_089046.1.g38930	NC_089046.1.g38622			NC_089046.1.g38892		3	0	
OG0037917			NC_089046.1.g38938			NC_089046.1.g39592		NC_089046.1.g39127	3	0	
OG0037918			NC_089046.1.g39096	NC_089035.1.g759		NC_089035.1.g769			3	0	
OG0037919			NC_089046.1.g39166			NC_089046.1.g39821	NC_089046.1.g39126		3	0	
OG0037920			NC_089046.1.g39210	NC_089046.1.g38898				NC_089046.1.g39394	3	0	
OG0037921			NC_089046.1.g39315		NC_089046.1.g39607			NC_089046.1.g39497	3	0	
OG0037922			NC_089046.1.g39352		NC_089046.1.g39644		NC_089046.1.g39311		3	0	
OG0037923				NC_089035.1.g912			NC_089040.1.g21597	NC_089035.1.g894	3	0	
OG0037924				NC_089035.1.g937	NC_089035.1.g914	NC_089035.1.g951			3	0	
OG0037925				NC_089035.1.g1403, NC_089041.1.g24749			NC_089041.1.g24875		2	0	
OG0037926				NC_089035.1.g1645		NC_089035.1.g1683		NC_089035.1.g1633	3	0	
OG0037927				NC_089035.1.g1703			NC_089035.1.g1683	NC_089035.1.g1694	3	0	
OG0037928				NC_089035.1.g1870	NC_089035.1.g1874	NC_089035.1.g1918			3	0	
OG0037929				NC_089035.1.g1910		NC_089035.1.g1958	NC_089035.1.g1893		3	0	
OG0037930				NC_089035.1.g2140, NC_089040.1.g22143		NC_089035.1.g2194			2	0	
OG0037931				NC_089035.1.g2185, NC_089038.1.g14154			NC_089038.1.g14570		2	0	
OG0037932				NC_089035.1.g2254		NC_089035.1.g2300	NC_089035.1.g2247		3	0	
OG0037933				NC_089035.1.g2364		NC_089035.1.g2419	NC_089035.1.g2370		3	0	
OG0037934				NC_089035.1.g2447	NC_089035.1.g2450		NC_089035.1.g2459		3	0	
OG0037935				NC_089035.1.g2541	NC_089035.1.g2548	NC_089035.1.g2598			3	0	
OG0037936				NC_089035.1.g2625	NC_089035.1.g2644	NC_089035.1.g2686			3	0	
OG0037937				NC_089035.1.g2723		NC_089035.1.g2786		NC_089035.1.g2726	3	0	
OG0037938				NC_089035.1.g2732			NC_089035.1.g2751	NC_089035.1.g2737	3	0	
OG0037939				NC_089035.1.g2807	NC_089035.1.g2835			NC_089035.1.g2813	3	0	
OG0037940				NC_089035.1.g2882		NC_089035.1.g2949		NC_089035.1.g2888	3	0	
OG0037942				NC_089035.1.g3637	NC_089035.1.g3688	NC_089035.1.g3738			3	0	
OG0037943				NC_089035.1.g3835, NC_089036.1.g7484		NC_089035.1.g3937			2	0	
OG0037944				NC_089035.1.g4109, NC_089040.1.g22576		NC_089035.1.g4215			2	0	
OG0037945				NC_089035.1.g4196	NC_089035.1.g4244	NC_089035.1.g4305			3	0	
OG0037946				NC_089035.1.g4504	NC_089035.1.g4559	NC_089035.1.g4618			3	0	
OG0037947				NC_089035.1.g5055		NC_089035.1.g5179	NC_089035.1.g5081		3	0	
OG0037948				NC_089035.1.g5156, NC_089042.1.g28195			NC_089035.1.g5182		2	0	
OG0037949				NC_089036.1.g5640	NC_089036.1.g5702		NC_089036.1.g5669		3	0	
OG0037950				NC_089036.1.g6260	NC_089036.1.g6308	NC_089036.1.g6388			3	0	
OG0037951				NC_089036.1.g6406	NC_089036.1.g6455	NC_089036.1.g6549			3	0	
OG0037952				NC_089036.1.g6588			NC_089036.1.g6609	NC_089036.1.g6660	3	0	
OG0037953				NC_089036.1.g6670	NC_089045.1.g35309			NC_089036.1.g6747	3	0	
OG0037954				NC_089036.1.g7014		NC_089036.1.g7168		NC_089036.1.g7100	3	0	
OG0037955				NC_089036.1.g7167		NC_089036.1.g7322	NC_089036.1.g7202		3	0	
OG0037956				NC_089036.1.g7200	NC_089036.1.g7268		NC_089036.1.g7240		3	0	
OG0037957				NC_089036.1.g7684	NC_089036.1.g7738	NC_089036.1.g7839			3	0	
OG0037958				NC_089036.1.g7703	NC_089036.1.g7756			NC_089044.1.g32823	3	0	
OG0037959				NC_089036.1.g7932	NC_089036.1.g7991			NC_089036.1.g8020	3	0	
OG0037960				NC_089036.1.g7958		NC_089036.1.g8112	NC_089036.1.g8018		3	0	
OG0037961				NC_089036.1.g8092		NC_089036.1.g8251, NC_089046.1.g39373			2	0	
OG0037962				NC_089036.1.g8373	NC_089036.1.g8431	NC_089036.1.g8536			3	0	
OG0037963				NC_089036.1.g8744, NC_089041.1.g24718		NC_089041.1.g25187			2	0	
OG0037964				NC_089036.1.g9064	NC_089036.1.g9116	NC_089036.1.g9230			3	0	
OG0037965				NC_089037.1.g10431		NC_089037.1.g10610	NC_089037.1.g10493		3	0	
OG0037966				NC_089037.1.g10453		NC_089037.1.g10632	NC_089037.1.g10515		3	0	
OG0037967				NC_089037.1.g11113		NC_089037.1.g11288, NC_089039.1.g17685			2	0	
OG0037968				NC_089037.1.g11205	NC_089039.1.g18020		NC_089045.1.g35542		3	0	
OG0037969				NC_089037.1.g11755	NC_089037.1.g11829		NC_089037.1.g11803		3	0	
OG0037970				NC_089037.1.g11920		NC_089037.1.g12111	NC_089035.1.g1660		3	0	
OG0037971				NC_089037.1.g12144	NC_089045.1.g36212	NC_089045.1.g36555			3	0	
OG0037972				NC_089037.1.g12904	NC_089037.1.g12972		NC_089037.1.g12959		3	0	
OG0037973				NC_089037.1.g13787		NC_089037.1.g14008	NC_089037.1.g13843		3	0	
OG0037974				NC_089038.1.g13995	NC_089038.1.g14047			NC_089038.1.g14109	3	0	
OG0037975				NC_089038.1.g14066	NC_089038.1.g14117, NC_089041.1.g25767				2	0	
OG0037976				NC_089038.1.g14216	NC_089038.1.g14283		NC_089038.1.g14287		3	0	
OG0037977				NC_089038.1.g14237	NC_089038.1.g14303	NC_089038.1.g14472			3	0	
OG0037978				NC_089038.1.g14332	NC_089038.1.g14397			NC_089038.1.g14458	3	0	
OG0037979				NC_089038.1.g14450		NC_089038.1.g14695		NC_089038.1.g14585	3	0	
OG0037980				NC_089038.1.g14675		NC_089038.1.g14925	NC_089038.1.g14733		3	0	
OG0037981				NC_089038.1.g14758			NC_089038.1.g14827	NC_089038.1.g14886	3	0	
OG0037982				NC_089038.1.g14901		NC_089038.1.g15150	NC_089038.1.g14971		3	0	
OG0037983				NC_089038.1.g14902		NC_089038.1.g15151	NC_089038.1.g14972		3	0	
OG0037984				NC_089038.1.g15030	NC_089038.1.g15108	NC_089038.1.g15282			3	0	
OG0037985				NC_089038.1.g15162			NC_089037.1.g12708	NC_089038.1.g15258	3	0	
OG0037986				NC_089038.1.g15269, NC_089039.1.g18848		NC_089039.1.g19183			2	0	
OG0037987				NC_089038.1.g15273		NC_089038.1.g15521		NC_089038.1.g15370	3	0	
OG0037988				NC_089038.1.g15493	NC_089038.1.g15579	NC_089038.1.g15749			3	0	
OG0037989				NC_089038.1.g15631	NC_089038.1.g15715			NC_089038.1.g15719	3	0	
OG0037990				NC_089038.1.g16026		NC_089038.1.g16293	NC_089038.1.g16116		3	0	
OG0037991				NC_089038.1.g16072	NC_089035.1.g4153	NC_089038.1.g14835			3	0	
OG0037992				NC_089038.1.g16432	NC_089038.1.g16518			NC_089038.1.g16525	3	0	
OG0037993				NC_089038.1.g17080	NC_089038.1.g17173	NC_089038.1.g17366			3	0	
OG0037994				NC_089038.1.g17208		NC_089038.1.g17496		NC_089038.1.g17308	3	0	
OG0037995				NC_089039.1.g17526	NC_089039.1.g17610		NC_089039.1.g17602		3	0	
OG0037996				NC_089039.1.g17582		NC_089039.1.g17873, NC_089040.1.g22075			2	0	
OG0037997				NC_089039.1.g17601		NC_089039.1.g17892		NC_089039.1.g17698	3	0	
OG0037998				NC_089039.1.g17703	NC_089039.1.g17790		NC_089039.1.g17780		3	0	
OG0037999				NC_089039.1.g18109		NC_089039.1.g18417	NC_089039.1.g18192		3	0	
OG0038000				NC_089039.1.g18282			NC_089039.1.g18382	NC_089039.1.g18403	3	0	
OG0038001				NC_089039.1.g18306	NC_089039.1.g18429	NC_089039.1.g18625			3	0	
OG0038002				NC_089039.1.g18436		NC_089039.1.g18754		NC_089039.1.g18562	3	0	
OG0038003				NC_089039.1.g18760	NC_089039.1.g18881		NC_089039.1.g18859		3	0	
OG0038004				NC_089039.1.g18811		NC_089039.1.g19142	NC_089039.1.g18912		3	0	
OG0038005				NC_089039.1.g18842			NC_089039.1.g18944	NC_089039.1.g18956	3	0	
OG0038006				NC_089039.1.g18859			NC_089039.1.g18959	NC_089039.1.g18971	3	0	
OG0038007				NC_089039.1.g18864	NC_089039.1.g18986		NC_089039.1.g18966		3	0	
OG0038008				NC_089039.1.g19125		NC_089039.1.g19471		NC_089039.1.g19247	3	0	
OG0038009				NC_089039.1.g19126		NC_089039.1.g19472		NC_089039.1.g19248	3	0	
OG0038010				NC_089039.1.g19227	NC_089039.1.g19363		NC_089039.1.g19336		3	0	
OG0038011				NC_089039.1.g19380		NC_089039.1.g19724		NC_089039.1.g19491	3	0	
OG0038012				NC_089039.1.g19461	NC_089039.1.g19577	NC_089037.1.g12732			3	0	
OG0038013				NC_089039.1.g19636	NC_089039.1.g19758	NC_089039.1.g19983			3	0	
OG0038014				NC_089040.1.g20604		NC_089040.1.g20951		NC_089040.1.g20703	3	0	
OG0038015				NC_089040.1.g20695	NC_089040.1.g20840	NC_089040.1.g21037			3	0	
OG0038016				NC_089040.1.g21663, NC_089042.1.g27629		NC_089040.1.g22045			2	0	
OG0038017				NC_089040.1.g21698		NC_089040.1.g22080		NC_089040.1.g21822	3	0	
OG0038018				NC_089040.1.g21715		NC_089040.1.g22097		NC_089040.1.g21839	3	0	
OG0038019				NC_089040.1.g21728		NC_089040.1.g22111		NC_089040.1.g21853	3	0	
OG0038020				NC_089040.1.g21737, NC_089045.1.g36102			NC_089040.1.g21831		2	0	
OG0038021				NC_089040.1.g21771, NC_089040.1.g22164				NC_089041.1.g25301	2	0	
OG0038022				NC_089040.1.g21958	NC_089040.1.g22158	NC_089040.1.g22359			3	0	
OG0038023				NC_089040.1.g22118	NC_089040.1.g22331	NC_089040.1.g22536			3	0	
OG0038024				NC_089040.1.g22325		NC_089040.1.g22780	NC_089040.1.g22459		3	0	
OG0038025				NC_089040.1.g22356		NC_089038.1.g14341, NC_089038.1.g15277			2	0	
OG0038026				NC_089040.1.g22402	NC_089040.1.g22648	NC_089040.1.g22851			3	0	
OG0038027				NC_089040.1.g22705			NC_089040.1.g22849	NC_089040.1.g22885	3	0	
OG0038028				NC_089040.1.g22707	NC_089040.1.g22962	NC_089040.1.g23175			3	0	
OG0038029				NC_089040.1.g22717	NC_089040.1.g22978		NC_089040.1.g22860		3	0	
OG0038030				NC_089040.1.g22724	NC_089040.1.g22987			NC_089040.1.g22910	3	0	
OG0038031				NC_089040.1.g22789	NC_089040.1.g23052	NC_089040.1.g23262			3	0	
OG0038032				NC_089040.1.g22849	NC_089040.1.g23117	NC_089040.1.g23329			3	0	
OG0038033				NC_089041.1.g23796		NC_089041.1.g24254		NC_089041.1.g23965	3	0	
OG0038034				NC_089041.1.g24069		NC_089041.1.g24539	NC_089041.1.g24194		3	0	
OG0038035				NC_089041.1.g24320		NC_089041.1.g24788	NC_089042.1.g28564		3	0	
OG0038036				NC_089041.1.g24534	NC_089041.1.g24800		NC_089041.1.g24660		3	0	
OG0038037				NC_089041.1.g25368		NC_089041.1.g25876	NC_089041.1.g25492		3	0	
OG0038038				NC_089041.1.g25371	NC_089045.1.g37042			NC_089041.1.g25581	3	0	
OG0038039				NC_089041.1.g25651	NC_089044.1.g32905	NC_089044.1.g33222			3	0	
OG0038040				NC_089041.1.g25672	NC_089041.1.g25991		NC_089041.1.g25830		3	0	
OG0038041				NC_089041.1.g25772		NC_089041.1.g26308		NC_089041.1.g26016	3	0	
OG0038042				NC_089041.1.g25938	NC_089040.1.g22387			NC_089041.1.g26182	3	0	
OG0038043				NC_089041.1.g26477	NC_089041.1.g26794		NC_089041.1.g26645		3	0	
OG0038044				NC_089041.1.g26488		NC_089041.1.g27041	NC_089041.1.g26660		3	0	
OG0038045				NC_089042.1.g26961	NC_089042.1.g27262	NC_089042.1.g27516			3	0	
OG0038046				NC_089042.1.g26969		NC_089042.1.g27525	NC_089042.1.g27130		3	0	
OG0038047				NC_089042.1.g27283	NC_089042.1.g27570	NC_089042.1.g27820			3	0	
OG0038048				NC_089042.1.g27299		NC_089042.1.g27835		NC_089042.1.g27546	3	0	
OG0038049				NC_089042.1.g27857	NC_089042.1.g28189			NC_089042.1.g28141	3	0	
OG0038050				NC_089042.1.g27864	NC_089042.1.g28198			NC_089042.1.g28149	3	0	
OG0038051				NC_089042.1.g27956	NC_089042.1.g28300		NC_089042.1.g28142		3	0	
OG0038052				NC_089042.1.g28070	NC_089042.1.g28428	NC_089042.1.g28659			3	0	
OG0038053				NC_089042.1.g28127	NC_089042.1.g28484	NC_089042.1.g28716			3	0	
OG0038054				NC_089042.1.g28261	NC_089042.1.g28620			NC_089042.1.g28583	3	0	
OG0038055				NC_089042.1.g28637			NC_089042.1.g28856	NC_089042.1.g28981	3	0	
OG0038056				NC_089042.1.g28649		NC_089042.1.g29257		NC_089042.1.g28993	3	0	
OG0038057				NC_089042.1.g28926	NC_089042.1.g29300	NC_089042.1.g29550			3	0	
OG0038058				NC_089043.1.g29592	NC_089043.1.g29964			NC_089043.1.g29952	3	0	
OG0038059				NC_089043.1.g29711		NC_089039.1.g18870, NC_089043.1.g30361			2	0	
OG0038060				NC_089043.1.g29761	NC_089043.1.g30131		NC_089043.1.g29962		3	0	
OG0038061				NC_089043.1.g29870		NC_089036.1.g5353	NC_089043.1.g30065		3	0	
OG0038062				NC_089043.1.g30078		NC_089043.1.g30746	NC_089043.1.g30269		3	0	
OG0038063				NC_089043.1.g30581		NC_089035.1.g4375	NC_089043.1.g30756		3	0	
OG0038064				NC_089043.1.g30807		NC_089043.1.g31514	NC_089043.1.g30993		3	0	
OG0038065				NC_089043.1.g30810		NC_089043.1.g31517	NC_089043.1.g30996		3	0	
OG0038066				NC_089043.1.g30828		NC_089043.1.g31534	NC_089043.1.g31015		3	0	
OG0038067				NC_089043.1.g31398	NC_089043.1.g31783	NC_089043.1.g32108			3	0	
OG0038068				NC_089043.1.g31489	NC_089043.1.g31876		NC_089043.1.g31679		3	0	
OG0038069				NC_089043.1.g31582		NC_089043.1.g32290	NC_089043.1.g31759		3	0	
OG0038070				NC_089044.1.g31972		NC_089044.1.g32673		NC_089044.1.g32350	3	0	
OG0038071				NC_089044.1.g32144, NC_089044.1.g32146	NC_089044.1.g32578				2	0	
OG0038072				NC_089044.1.g32250	NC_089044.1.g32695		NC_089044.1.g32460		3	0	
OG0038073				NC_089044.1.g32330	NC_089044.1.g32775	NC_089044.1.g33073			3	0	
OG0038074				NC_089044.1.g32395		NC_089044.1.g33141	NC_089044.1.g32592		3	0	
OG0038075				NC_089044.1.g32428		NC_089044.1.g33173		NC_089044.1.g32824	3	0	
OG0038076				NC_089044.1.g32493	NC_089044.1.g32927	NC_089044.1.g33241			3	0	
OG0038077				NC_089044.1.g32526	NC_089044.1.g32957		NC_089044.1.g32721		3	0	
OG0038078				NC_089044.1.g32636, NC_089046.1.g37957		NC_089044.1.g33383			2	0	
OG0038079				NC_089044.1.g32699			NC_089044.1.g32886	NC_089046.1.g38866	3	0	
OG0038080				NC_089044.1.g32951	NC_089041.1.g24848, NC_089046.1.g38267				2	0	
OG0038081				NC_089044.1.g32953	NC_089044.1.g33401		NC_089044.1.g33142		3	0	
OG0038082				NC_089044.1.g32977			NC_089044.1.g33173	NC_089044.1.g33384	3	0	
OG0038083				NC_089044.1.g33148, NC_089044.1.g33149		NC_089044.1.g33909			2	0	
OG0038084				NC_089044.1.g33192	NC_089044.1.g33633	NC_089044.1.g33946			3	0	
OG0038085				NC_089044.1.g33846		NC_089044.1.g34626	NC_089044.1.g34070		3	0	
OG0038086				NC_089045.1.g34307		NC_089045.1.g35091, NC_089045.1.g35092			2	0	
OG0038087				NC_089045.1.g34671	NC_089045.1.g35113	NC_089045.1.g35444			3	0	
OG0038088				NC_089045.1.g34676		NC_089045.1.g35449	NC_089044.1.g32544		3	0	
OG0038089				NC_089045.1.g34811		NC_089035.1.g2104		NC_089044.1.g33955	3	0	
OG0038090				NC_089045.1.g34837		NC_089045.1.g35605		NC_089045.1.g35269	3	0	
OG0038091				NC_089045.1.g34840		NC_089045.1.g35608		NC_089045.1.g35272	3	0	
OG0038092				NC_089045.1.g34915		NC_089045.1.g35687	NC_089045.1.g35131		3	0	
OG0038093				NC_089045.1.g35085		NC_089045.1.g35878		NC_089045.1.g35531	3	0	
OG0038094				NC_089045.1.g35086		NC_089045.1.g35879		NC_089045.1.g35532	3	0	
OG0038095				NC_089045.1.g35173	NC_089045.1.g35650		NC_089045.1.g35390		3	0	
OG0038096				NC_089045.1.g35178		NC_089045.1.g35980		NC_089044.1.g33228	3	0	
OG0038097				NC_089045.1.g35216	NC_089046.1.g37929			NC_089045.1.g35665	3	0	
OG0038098				NC_089045.1.g35218		NC_089045.1.g36017		NC_089045.1.g35666	3	0	
OG0038099				NC_089045.1.g35234	NC_089045.1.g35705	NC_089045.1.g36031			3	0	
OG0038100				NC_089045.1.g35390		NC_089045.1.g36197		NC_089045.1.g35833	3	0	
OG0038101				NC_089045.1.g35439	NC_089045.1.g35905			NC_089045.1.g35878	3	0	
OG0038102				NC_089045.1.g35569	NC_089045.1.g36032	NC_089045.1.g36376			3	0	
OG0038103				NC_089045.1.g35691		NC_089045.1.g36512		NC_089045.1.g36129	3	0	
OG0038104				NC_089045.1.g35693	NC_089045.1.g36172	NC_089045.1.g36514			3	0	
OG0038105				NC_089045.1.g35716	NC_089045.1.g36193	NC_089045.1.g36536			3	0	
OG0038106				NC_089045.1.g35858		NC_089045.1.g36688		NC_089045.1.g36297	3	0	
OG0038107				NC_089045.1.g35868	NC_089045.1.g36350			NC_089045.1.g36305	3	0	
OG0038108				NC_089045.1.g36490	NC_089045.1.g37011		NC_089045.1.g36730		3	0	
OG0038109				NC_089045.1.g36509		NC_089042.1.g28885, NC_089045.1.g37369			2	0	
OG0038110				NC_089045.1.g36528	NC_089045.1.g37047			NC_089045.1.g36980	3	0	
OG0038111				NC_089045.1.g36619	NC_089045.1.g37148		NC_089045.1.g36886		3	0	
OG0038112				NC_089046.1.g36826		NC_089046.1.g37720		NC_089046.1.g37301	3	0	
OG0038113				NC_089046.1.g37439	NC_089046.1.g38010		NC_089046.1.g37718		3	0	
OG0038114				NC_089046.1.g37478		NC_089046.1.g38394	NC_089046.1.g37760		3	0	
OG0038115				NC_089046.1.g37515	NC_089046.1.g38082	NC_089046.1.g38430			3	0	
OG0038116				NC_089046.1.g37815			NC_089046.1.g38085	NC_089046.1.g38289	3	0	
OG0038117				NC_089046.1.g37978		NC_089046.1.g38902	NC_089046.1.g38237		3	0	
OG0038118				NC_089046.1.g38025		NC_089046.1.g38947		NC_089046.1.g38498	3	0	
OG0038119				NC_089046.1.g38113	NC_089046.1.g38701	NC_089046.1.g39046			3	0	
OG0038120				NC_089046.1.g38122		NC_089046.1.g39054		NC_089046.1.g38592	3	0	
OG0038121				NC_089046.1.g38274	NC_089046.1.g38853	NC_089046.1.g39210			3	0	
OG0038122				NC_089046.1.g38661		NC_089046.1.g39623	NC_089046.1.g38930		3	0	
OG0038123					NC_089035.1.g180		NC_089035.1.g181	NC_089035.1.g179	3	0	
OG0038124					NC_089035.1.g356	NC_089035.1.g369	NC_089035.1.g358		3	0	
OG0038125					NC_089035.1.g1200	NC_089035.1.g1232		NC_089035.1.g1197	3	0	
OG0038126					NC_089035.1.g3155, NC_089037.1.g9967	NC_089037.1.g10088			2	0	
OG0038127					NC_089035.1.g3195		NC_089035.1.g3182	NC_089035.1.g3171	3	0	
OG0038128					NC_089035.1.g5009		NC_089035.1.g4981	NC_089035.1.g4988	3	0	
OG0038129					NC_089035.1.g5046	NC_089035.1.g5110		NC_089035.1.g5026	3	0	
OG0038130					NC_089036.1.g5322		NC_089036.1.g5283	NC_089036.1.g5296	3	0	
OG0038131					NC_089036.1.g5353		NC_089036.1.g5310	NC_089036.1.g5327	3	0	
OG0038132					NC_089036.1.g5964		NC_089036.1.g5928	NC_089036.1.g5976	3	0	
OG0038133					NC_089036.1.g6117, NC_089036.1.g6118			NC_089036.1.g6130	2	0	
OG0038134					NC_089036.1.g6605			NC_089041.1.g27047, NC_089043.1.g32159	2	0	
OG0038135					NC_089036.1.g6905		NC_089036.1.g6867	NC_089036.1.g6925	3	0	
OG0038136					NC_089036.1.g7126	NC_089036.1.g7214		NC_089036.1.g7147	3	0	
OG0038137					NC_089036.1.g7204		NC_089036.1.g7989	NC_089036.1.g7219	3	0	
OG0038138					NC_089036.1.g7246			NC_089036.1.g7259, NC_089036.1.g8854	2	0	
OG0038139					NC_089036.1.g7260	NC_089036.1.g7346	NC_089039.1.g19626		3	0	
OG0038140					NC_089036.1.g7676	NC_089036.1.g7780	NC_089036.1.g7676		3	0	
OG0038141					NC_089036.1.g7734	NC_089036.1.g7835		NC_089036.1.g7767	3	0	
OG0038142					NC_089036.1.g8015, NC_089041.1.g26020		NC_089035.1.g4529		2	0	
OG0038143					NC_089036.1.g8848	NC_089036.1.g8961		NC_089036.1.g8875	3	0	
OG0038144					NC_089036.1.g9138			NC_089036.1.g9158, NC_089036.1.g9159	2	0	
OG0038145					NC_089037.1.g9433		NC_089037.1.g9424	NC_089037.1.g9454	3	0	
OG0038146					NC_089037.1.g10590		NC_089037.1.g10589	NC_089037.1.g10629	3	0	
OG0038147					NC_089037.1.g11107		NC_089037.1.g11100	NC_089037.1.g11145	3	0	
OG0038148					NC_089037.1.g11174		NC_089037.1.g11165	NC_089037.1.g11214	3	0	
OG0038149					NC_089037.1.g11546		NC_089037.1.g11526	NC_089037.1.g11591	3	0	
OG0038150					NC_089037.1.g11636		NC_089037.1.g11615	NC_089037.1.g11683	3	0	
OG0038151					NC_089037.1.g11790		NC_089037.1.g11761	NC_089037.1.g11835	3	0	
OG0038152					NC_089037.1.g11808	NC_089037.1.g11930		NC_089037.1.g11853	3	0	
OG0038153					NC_089037.1.g11879		NC_089037.1.g11848	NC_089037.1.g11920	3	0	
OG0038154					NC_089037.1.g11956		NC_089037.1.g11922	NC_089037.1.g11997	3	0	
OG0038155					NC_089037.1.g12096		NC_089037.1.g12056	NC_089037.1.g12134	3	0	
OG0038156					NC_089037.1.g12207		NC_089037.1.g12158	NC_089037.1.g12234	3	0	
OG0038157					NC_089037.1.g12410		NC_089037.1.g12371	NC_089037.1.g12436	3	0	
OG0038158					NC_089037.1.g12789		NC_089037.1.g12774	NC_089037.1.g12835	3	0	
OG0038159					NC_089037.1.g13010		NC_089037.1.g12996	NC_089037.1.g13055	3	0	
OG0038160					NC_089038.1.g14076		NC_089038.1.g14086	NC_089038.1.g14142	3	0	
OG0038161					NC_089038.1.g14210	NC_089036.1.g7641, NC_089038.1.g14373			2	0	
OG0038162					NC_089038.1.g14220	NC_089038.1.g14384	NC_089038.1.g14218		3	0	
OG0038163					NC_089038.1.g14254	NC_089038.1.g14415	NC_089038.1.g14254		3	0	
OG0038164					NC_089038.1.g14808		NC_089038.1.g14807	NC_089038.1.g14864	3	0	
OG0038167					NC_089038.1.g15884		NC_089038.1.g15885	NC_089038.1.g15893	3	0	
OG0038168					NC_089038.1.g15893	NC_089038.1.g16072	NC_089038.1.g15894		3	0	
OG0038169					NC_089038.1.g16378		NC_089038.1.g16377	NC_089038.1.g16389	3	0	
OG0038170					NC_089038.1.g16443		NC_089038.1.g16447	NC_089038.1.g16455	3	0	
OG0038171					NC_089038.1.g16572		NC_089038.1.g16568	NC_089038.1.g16578	3	0	
OG0038172					NC_089038.1.g16614		NC_089038.1.g16612	NC_089038.1.g16619	3	0	
OG0038173					NC_089038.1.g16952, NC_089040.1.g21363	NC_089035.1.g663			2	0	
OG0038174					NC_089039.1.g18931		NC_089039.1.g18909	NC_089039.1.g18925	3	0	
OG0038175					NC_089039.1.g18961	NC_089039.1.g19173		NC_089039.1.g18951	3	0	
OG0038176					NC_089039.1.g19066		NC_089039.1.g19050	NC_089039.1.g19059	3	0	
OG0038177					NC_089039.1.g19128	NC_089039.1.g19343	NC_089039.1.g19114		3	0	
OG0038178					NC_089039.1.g20272	NC_089039.1.g20483	NC_089039.1.g20209		3	0	
OG0038179					NC_089040.1.g20930		NC_089040.1.g20848	NC_089035.1.g3490	3	0	
OG0038180					NC_089040.1.g21834		NC_089040.1.g21747	NC_089040.1.g21774	3	0	
OG0038181					NC_089040.1.g21854	NC_089040.1.g22052	NC_089040.1.g21766		3	0	
OG0038182					NC_089040.1.g22282	NC_089040.1.g22489		NC_089040.1.g22214	3	0	
OG0038183					NC_089040.1.g22389, NC_089045.1.g36781			NC_089041.1.g25693	2	0	
OG0038184					NC_089040.1.g22430	NC_089046.1.g38856	NC_089040.1.g22318		3	0	
OG0038185					NC_089040.1.g22582		NC_089035.1.g4293, NC_089040.1.g22466		2	0	
OG0038186					NC_089040.1.g22605, NC_089040.1.g22610			NC_089040.1.g22523	2	0	
OG0038187					NC_089040.1.g23489		NC_089040.1.g23371	NC_089040.1.g23412	3	0	
OG0038188					NC_089041.1.g24687			NC_089041.1.g24602, NC_089046.1.g38323	2	0	
OG0038189					NC_089041.1.g25294		NC_089041.1.g25150	NC_089041.1.g25212	3	0	
OG0038190					NC_089041.1.g25423		NC_089041.1.g25273	NC_089041.1.g25341	3	0	
OG0038191					NC_089041.1.g25475	NC_089041.1.g25693		NC_089041.1.g25394	3	0	
OG0038192					NC_089041.1.g25989	NC_089046.1.g38090	NC_089046.1.g37455		3	0	
OG0038193					NC_089041.1.g27035		NC_089041.1.g26899	NC_089041.1.g26984	3	0	
OG0038194					NC_089041.1.g27086		NC_089041.1.g26951	NC_089041.1.g27036	3	0	
OG0038195					NC_089042.1.g27641	NC_089042.1.g27887		NC_089042.1.g27603	3	0	
OG0038196					NC_089042.1.g27914		NC_089042.1.g27786	NC_089042.1.g27878	3	0	
OG0038198					NC_089042.1.g28212		NC_089042.1.g28063	NC_089042.1.g28161	3	0	
OG0038199					NC_089042.1.g28418		NC_089042.1.g28255	NC_089042.1.g28369	3	0	
OG0038200					NC_089042.1.g28500		NC_089042.1.g28340	NC_089042.1.g28459	3	0	
OG0038201					NC_089042.1.g29080	NC_089042.1.g29322		NC_089042.1.g29056	3	0	
OG0038202					NC_089042.1.g29566		NC_089042.1.g29404	NC_089042.1.g29537	3	0	
OG0038203					NC_089043.1.g29937	NC_089043.1.g30218		NC_089043.1.g29928	3	0	
OG0038204					NC_089043.1.g29949		NC_089043.1.g29780	NC_089043.1.g29938	3	0	
OG0038205					NC_089043.1.g30168, NC_089043.1.g30274		NC_089043.1.g30096		2	0	
OG0038206					NC_089043.1.g31120		NC_089043.1.g30920	NC_089043.1.g31091	3	0	
OG0038207					NC_089043.1.g31272		NC_089043.1.g31075	NC_089043.1.g31240	3	0	
OG0038208					NC_089043.1.g31462	NC_089043.1.g31785		NC_089043.1.g31437	3	0	
OG0038209					NC_089044.1.g32495		NC_089044.1.g32271	NC_089044.1.g32465	3	0	
OG0038210					NC_089044.1.g32602	NC_089044.1.g32900		NC_089044.1.g32565	3	0	
OG0038211					NC_089044.1.g32694		NC_089044.1.g32459	NC_089044.1.g32657	3	0	
OG0038212					NC_089044.1.g33039	NC_089044.1.g33347	NC_089044.1.g32790		3	0	
OG0038213					NC_089044.1.g33278		NC_089044.1.g33024	NC_089044.1.g33234	3	0	
OG0038214					NC_089044.1.g33586		NC_089044.1.g33339	NC_089044.1.g33553	3	0	
OG0038215					NC_089044.1.g33882		NC_089044.1.g33639	NC_089044.1.g33850	3	0	
OG0038216					NC_089044.1.g33916	NC_089044.1.g34235	NC_089044.1.g33673		3	0	
OG0038217					NC_089044.1.g34190	NC_089044.1.g34511		NC_089044.1.g34161	3	0	
OG0038218					NC_089044.1.g34211		NC_089044.1.g33973	NC_089044.1.g34182	3	0	
OG0038219					NC_089045.1.g34815		NC_089045.1.g34566	NC_089039.1.g19238	3	0	
OG0038220					NC_089045.1.g35059			NC_089040.1.g21556, NC_089045.1.g35048	2	0	
OG0038221					NC_089045.1.g35210	NC_089045.1.g35529	NC_089045.1.g34975		3	0	
OG0038222					NC_089045.1.g35523	NC_089045.1.g35850	NC_089045.1.g35276		3	0	
OG0038223					NC_089045.1.g35563	NC_089045.1.g35888		NC_089045.1.g35541	3	0	
OG0038224					NC_089045.1.g35647		NC_089045.1.g35389	NC_089045.1.g35624	3	0	
OG0038225					NC_089045.1.g36082	NC_089045.1.g36427	NC_089045.1.g35812		3	0	
OG0038226					NC_089045.1.g36315		NC_089045.1.g36032	NC_089045.1.g36271	3	0	
OG0038227					NC_089045.1.g36387	NC_089045.1.g36731		NC_089045.1.g36338	3	0	
OG0038228					NC_089045.1.g36950	NC_089042.1.g29314, NC_089045.1.g37275			2	0	
OG0038229					NC_089046.1.g37804	NC_089037.1.g11420, NC_089046.1.g38154			2	0	
OG0038230					NC_089046.1.g38429	NC_089046.1.g38781	NC_089046.1.g38127		3	0	
OG0038231					NC_089046.1.g38556		NC_089046.1.g38230	NC_089046.1.g38446	3	0	
OG0038232					NC_089046.1.g38584	NC_089037.1.g11599		NC_089046.1.g38469	3	0	
OG0038233					NC_089046.1.g38754	NC_089046.1.g39112		NC_089046.1.g38648	3	0	
OG0038234					NC_089046.1.g39118	NC_089046.1.g39477		NC_089046.1.g39011	3	0	
OG0038235					NC_089046.1.g39144	NC_089046.1.g39508	NC_089046.1.g38815		3	0	
OG0038236					NC_089046.1.g39352	NC_089046.1.g39717		NC_089046.1.g39249	3	0	
OG0038237					NC_089046.1.g39366		NC_089046.1.g39038	NC_089046.1.g39263	3	0	
OG0038238					NC_089046.1.g39504	NC_089046.1.g39866	NC_089046.1.g39170		3	0	
OG0038239					NC_089046.1.g39643	NC_089046.1.g40004	NC_089046.1.g39310		3	0	
OG0038240						NC_089035.1.g2388, NC_089035.1.g68	NC_089035.1.g64		2	0	
OG0038241						NC_089035.1.g760, NC_089040.1.g21407	NC_089040.1.g21125		2	0	
OG0038243						NC_089035.1.g3895	NC_089035.1.g3814	NC_089035.1.g3824	3	0	
OG0038244						NC_089036.1.g8257, NC_089042.1.g30142		NC_089042.1.g29851	2	0	
OG0038245						NC_089037.1.g11310	NC_089037.1.g11184	NC_089037.1.g11234	3	0	
OG0038247						NC_089037.1.g12495	NC_089037.1.g12324	NC_089037.1.g12391	3	0	
OG0038248						NC_089037.1.g13409, NC_089044.1.g33230		NC_089035.1.g3909	2	0	
OG0038249						NC_089038.1.g14604	NC_089038.1.g14437	NC_089038.1.g14499	3	0	
OG0038250						NC_089038.1.g14806	NC_089038.1.g14622	NC_089038.1.g14689	3	0	
OG0038252						NC_089038.1.g16070	NC_089038.1.g15892	NC_089037.1.g11473	3	0	
OG0038253						NC_089039.1.g18505	NC_089039.1.g18287	NC_089039.1.g18306	3	0	
OG0038254						NC_089039.1.g18608	NC_089039.1.g18391	NC_089039.1.g18412	3	0	
OG0038255						NC_089039.1.g19035	NC_089039.1.g18805	NC_089039.1.g18826	3	0	
OG0038256						NC_089039.1.g19113	NC_089039.1.g18883	NC_089039.1.g18901	3	0	
OG0038257						NC_089039.1.g19938, NC_089039.1.g19940		NC_089035.1.g3535	2	0	
OG0038258						NC_089040.1.g22817	NC_089040.1.g22490	NC_089040.1.g22528	3	0	
OG0038259						NC_089040.1.g23061	NC_089040.1.g22728	NC_089040.1.g22765	3	0	
OG0038260						NC_089040.1.g23624	NC_089035.1.g1804	NC_089040.1.g23323	3	0	
OG0038261						NC_089041.1.g27039	NC_089041.1.g26656	NC_089041.1.g26742	3	0	
OG0038262						NC_089042.1.g28061	NC_089042.1.g27686	NC_089042.1.g27761	3	0	
OG0038263						NC_089042.1.g29048		NC_089035.1.g2609, NC_089042.1.g28776	2	0	
OG0038264						NC_089043.1.g30223	NC_089036.1.g6838, NC_089043.1.g29773		2	0	
OG0038265						NC_089043.1.g30297	NC_089043.1.g29842	NC_089043.1.g30008	3	0	
OG0038266						NC_089043.1.g31588	NC_089043.1.g31067	NC_089043.1.g31232	3	0	
OG0038267						NC_089044.1.g33174	NC_089044.1.g32627	NC_089044.1.g32825	3	0	
OG0038268						NC_089044.1.g33413	NC_089044.1.g32854	NC_089044.1.g33061	3	0	
OG0038269						NC_089045.1.g35897		NC_089043.1.g30533, NC_089045.1.g35549	2	0	
OG0038270						NC_089045.1.g36136		NC_089037.1.g11948, NC_089042.1.g27843	2	0	
OG0038271						NC_089045.1.g36621	NC_089045.1.g35993	NC_089045.1.g36227	3	0	
OG0038272						NC_089045.1.g36659	NC_089045.1.g36028	NC_089045.1.g36267	3	0	
OG0038273						NC_089046.1.g38786	NC_089046.1.g38130	NC_089046.1.g38334	3	0	
OG0038274						NC_089046.1.g39795	NC_089046.1.g39100	NC_089046.1.g39326	3	0	
OG0038275							NC_089036.1.g5897	NC_089036.1.g5940, NC_089038.1.g17005	2	0	
OG0038276							NC_089037.1.g12269, NC_089037.1.g12567	NC_089037.1.g12337	2	0	
OG0038277							NC_089038.1.g15528, NC_089044.1.g33166	NC_089044.1.g33377	2	0	
OG0038278							NC_089038.1.g16400	NC_089038.1.g14362, NC_089038.1.g16411	2	0	
OG0038281							NC_089041.1.g24285	NC_089036.1.g6289, NC_089041.1.g24339	2	0	
OG0038283							NC_089044.1.g33182	NC_089044.1.g33392, NC_089044.1.g33393	2	0	
OG0038284							NC_089045.1.g34272, NC_089046.1.g37037	NC_089046.1.g37243	2	0	
OG0038928		NC_089035.1.g58						NC_089035.1.g58	2	0	
OG0038929		NC_089035.1.g123					NC_089035.1.g120		2	0	
OG0038930		NC_089035.1.g224	NC_089035.1.g219						2	0	
OG0038931		NC_089035.1.g256	NC_089035.1.g250						2	0	
OG0038932		NC_089035.1.g367	NC_089035.1.g361						2	0	
OG0038933		NC_089035.1.g508						NC_089035.1.g495	2	0	
OG0038934		NC_089035.1.g520	NC_089035.1.g499						2	0	
OG0038935		NC_089035.1.g606						NC_089035.1.g590	2	0	
OG0038936		NC_089035.1.g991						NC_089035.1.g968	2	0	
OG0038937		NC_089035.1.g994			NC_089035.1.g970				2	0	
OG0038938		NC_089035.1.g1080			NC_089035.1.g1058				2	0	
OG0038939		NC_089035.1.g1239						NC_089035.1.g1210	2	0	
OG0038940		NC_089035.1.g1370	NC_089035.1.g1333						2	0	
OG0038942		NC_089035.1.g1638			NC_089035.1.g1617				2	0	
OG0038943		NC_089035.1.g1653	NC_089035.1.g1631						2	0	
OG0038944		NC_089035.1.g1686						NC_089035.1.g1661	2	0	
OG0038945		NC_089035.1.g1745					NC_089035.1.g1713		2	0	
OG0038946		NC_089035.1.g1768						NC_089035.1.g1748	2	0	
OG0038947		NC_089035.1.g1777						NC_089035.1.g1759	2	0	
OG0038948		NC_089035.1.g1785			NC_089035.1.g1764				2	0	
OG0038949		NC_089035.1.g1794						NC_089035.1.g1774	2	0	
OG0038950		NC_089035.1.g1827						NC_089035.1.g1811	2	0	
OG0038951		NC_089035.1.g1829						NC_089035.1.g1813	2	0	
OG0038952		NC_089035.1.g1881						NC_089035.1.g1865	2	0	
OG0038953		NC_089035.1.g1882						NC_089035.1.g1866	2	0	
OG0038954		NC_089035.1.g1956			NC_089035.1.g1945				2	0	
OG0038955		NC_089035.1.g1987	NC_089035.1.g1965						2	0	
OG0038956		NC_089035.1.g2071			NC_089035.1.g2065				2	0	
OG0038957		NC_089035.1.g2133					NC_089035.1.g2115		2	0	
OG0038958		NC_089035.1.g2215			NC_089035.1.g2206				2	0	
OG0038959		NC_089035.1.g2365						NC_089035.1.g2340	2	0	
OG0038960		NC_089035.1.g2522						NC_089035.1.g2503	2	0	
OG0038961		NC_089035.1.g2526	NC_089035.1.g2530						2	0	
OG0038962		NC_089035.1.g2562					NC_089035.1.g2558		2	0	
OG0038963		NC_089035.1.g2620						NC_089035.1.g2593	2	0	
OG0038964		NC_089035.1.g2678						NC_089035.1.g2652	2	0	
OG0038965		NC_089035.1.g2780						NC_089035.1.g2756	2	0	
OG0038966		NC_089035.1.g3234					NC_089035.1.g3216		2	0	
OG0038967		NC_089035.1.g3521				NC_089035.1.g3559			2	0	
OG0038968		NC_089035.1.g3581						NC_089035.1.g3555	2	0	
OG0038969		NC_089035.1.g3803			NC_089035.1.g3788				2	0	
OG0038970		NC_089035.1.g3853	NC_089035.1.g3857						2	0	
OG0038971		NC_089035.1.g3876		NC_089041.1.g25386					2	0	
OG0038972		NC_089035.1.g3935			NC_089035.1.g3923				2	0	
OG0038973		NC_089035.1.g4131						NC_089035.1.g4112	2	0	
OG0038974		NC_089035.1.g4142			NC_089037.1.g11377				2	0	
OG0038975		NC_089035.1.g4316					NC_089035.1.g4281		2	0	
OG0038976		NC_089035.1.g4453			NC_089040.1.g22829				2	0	
OG0038977		NC_089035.1.g4617					NC_089035.1.g4589		2	0	
OG0038978		NC_089035.1.g4634	NC_089035.1.g4644						2	0	
OG0038979		NC_089035.1.g4653	NC_089035.1.g4664						2	0	
OG0038980		NC_089035.1.g5265			NC_089035.1.g5263				2	0	
OG0038981		NC_089036.1.g5667		NC_089036.1.g5607					2	0	
OG0038982		NC_089036.1.g5734						NC_089036.1.g5740	2	0	
OG0038983		NC_089036.1.g5937			NC_089036.1.g5935				2	0	
OG0038984		NC_089036.1.g5983	NC_089036.1.g5997						2	0	
OG0038985		NC_089036.1.g6069						NC_089036.1.g6083	2	0	
OG0038986		NC_089036.1.g6087						NC_089036.1.g6102	2	0	
OG0038987		NC_089036.1.g6127			NC_089036.1.g6128				2	0	
OG0038988		NC_089036.1.g6293					NC_089036.1.g6264		2	0	
OG0038989		NC_089036.1.g6317					NC_089036.1.g6290		2	0	
OG0038990		NC_089036.1.g6325	NC_089036.1.g6338						2	0	
OG0038991		NC_089036.1.g6382						NC_089036.1.g6397	2	0	
OG0038992		NC_089036.1.g6504						NC_089036.1.g6536	2	0	
OG0038993		NC_089036.1.g6536					NC_089036.1.g6520		2	0	
OG0038994		NC_089036.1.g6560		NC_089036.1.g6520					2	0	
OG0038995		NC_089036.1.g6561		NC_089036.1.g6521					2	0	
OG0038996		NC_089036.1.g6567		NC_089036.1.g6527					2	0	
OG0038997		NC_089036.1.g6594						NC_089036.1.g6625	2	0	
OG0038998		NC_089036.1.g6672	NC_089036.1.g6686						2	0	
OG0038999		NC_089036.1.g6791						NC_089036.1.g6831	2	0	
OG0039000		NC_089036.1.g6811	NC_089036.1.g6823						2	0	
OG0039001		NC_089036.1.g6835					NC_089036.1.g6812		2	0	
OG0039002		NC_089036.1.g6842						NC_089036.1.g6878	2	0	
OG0039003		NC_089036.1.g6963			NC_089036.1.g6976				2	0	
OG0039004		NC_089036.1.g7127			NC_089036.1.g7144				2	0	
OG0039005		NC_089036.1.g7349			NC_089036.1.g7364				2	0	
OG0039006		NC_089036.1.g7554						NC_089036.1.g7589	2	0	
OG0039007		NC_089036.1.g7572					NC_089036.1.g7573		2	0	
OG0039008		NC_089036.1.g7602				NC_089036.1.g7703			2	0	
OG0039009		NC_089036.1.g7685	NC_089036.1.g7674						2	0	
OG0039010		NC_089036.1.g7707					NC_089036.1.g7705		2	0	
OG0039011		NC_089036.1.g7824					NC_089036.1.g7828		2	0	
OG0039012		NC_089036.1.g7942			NC_089036.1.g7947				2	0	
OG0039013		NC_089036.1.g8000	NC_089036.1.g7988						2	0	
OG0039014		NC_089036.1.g8379					NC_089036.1.g8379		2	0	
OG0039015		NC_089036.1.g8463					NC_089036.1.g8464		2	0	
OG0039016		NC_089036.1.g8649						NC_089036.1.g8665	2	0	
OG0039017		NC_089036.1.g8933	NC_089036.1.g8922						2	0	
OG0039018		NC_089036.1.g9129			NC_089036.1.g9118				2	0	
OG0039019		NC_089036.1.g9141					NC_089036.1.g9131		2	0	
OG0039020		NC_089037.1.g9482						NC_089037.1.g9498	2	0	
OG0039021		NC_089037.1.g9658				NC_089037.1.g9774			2	0	
OG0039022		NC_089037.1.g9819				NC_089037.1.g9941			2	0	
OG0039023		NC_089037.1.g10090					NC_089037.1.g10084		2	0	
OG0039024		NC_089037.1.g10188						NC_089037.1.g10230	2	0	
OG0039025		NC_089037.1.g10204		NC_089037.1.g10156					2	0	
OG0039026		NC_089037.1.g10703			NC_089037.1.g10715				2	0	
OG0039027		NC_089037.1.g10755					NC_089037.1.g10770		2	0	
OG0039028		NC_089037.1.g10756					NC_089037.1.g10771		2	0	
OG0039029		NC_089037.1.g10780					NC_089037.1.g10793		2	0	
OG0039031		NC_089037.1.g10797	NC_089045.1.g36061						2	0	
OG0039032		NC_089037.1.g11002					NC_089037.1.g11010		2	0	
OG0039033		NC_089037.1.g11049			NC_089037.1.g11061				2	0	
OG0039034		NC_089037.1.g11058						NC_089037.1.g11107	2	0	
OG0039035		NC_089037.1.g11071					NC_089037.1.g11078		2	0	
OG0039036		NC_089037.1.g11393			NC_089037.1.g11410				2	0	
OG0039037		NC_089037.1.g11499				NC_089037.1.g11624			2	0	
OG0039038		NC_089037.1.g11603			NC_089037.1.g11617				2	0	
OG0039039		NC_089037.1.g11684					NC_089037.1.g11676		2	0	
OG0039040		NC_089037.1.g11780		NC_089037.1.g11730					2	0	
OG0039041		NC_089037.1.g11804			NC_089037.1.g11823				2	0	
OG0039042		NC_089037.1.g11843						NC_089037.1.g11908	2	0	
OG0039043		NC_089037.1.g11952					NC_089037.1.g11945		2	0	
OG0039044		NC_089037.1.g11967						NC_089037.1.g12036	2	0	
OG0039045		NC_089037.1.g12017			NC_089037.1.g12049				2	0	
OG0039046		NC_089037.1.g12035				NC_089037.1.g12191			2	0	
OG0039047		NC_089037.1.g12118						NC_089037.1.g12192	2	0	
OG0039048		NC_089037.1.g12142					NC_089037.1.g12140		2	0	
OG0039049		NC_089037.1.g12189	NC_089037.1.g12222						2	0	
OG0039050		NC_089037.1.g12224				NC_089037.1.g12395			2	0	
OG0039051		NC_089037.1.g12295			NC_089037.1.g12335				2	0	
OG0039052		NC_089037.1.g12390					NC_089037.1.g12396		2	0	
OG0039053		NC_089037.1.g12393		NC_089037.1.g12351					2	0	
OG0039054		NC_089037.1.g12750						NC_089037.1.g12836	2	0	
OG0039055		NC_089037.1.g12882	NC_089037.1.g12919						2	0	
OG0039056		NC_089037.1.g12953				NC_089037.1.g13124			2	0	
OG0039057		NC_089037.1.g13000			NC_089037.1.g13036				2	0	
OG0039058		NC_089037.1.g13495						NC_089037.1.g13583	2	0	
OG0039059		NC_089037.1.g13604					NC_089037.1.g13641		2	0	
OG0039060		NC_089037.1.g13777			NC_089037.1.g13819				2	0	
OG0039061		NC_089037.1.g13935						NC_089037.1.g14032	2	0	
OG0039062		NC_089038.1.g13949						NC_089038.1.g14045	2	0	
OG0039063		NC_089038.1.g13958	NC_089038.1.g14004						2	0	
OG0039064		NC_089038.1.g14010						NC_089038.1.g14105	2	0	
OG0039065		NC_089038.1.g14018	NC_089038.1.g14064						2	0	
OG0039066		NC_089038.1.g14025						NC_089038.1.g14122	2	0	
OG0039067		NC_089038.1.g14110	NC_089038.1.g14162						2	0	
OG0039068		NC_089038.1.g14172	NC_089038.1.g14214						2	0	
OG0039069		NC_089038.1.g14208	NC_089038.1.g14236						2	0	
OG0039070		NC_089038.1.g14319						NC_089038.1.g14416	2	0	
OG0039071		NC_089038.1.g14358		NC_089038.1.g14329					2	0	
OG0039072		NC_089038.1.g14391			NC_089038.1.g14428				2	0	
OG0039073		NC_089038.1.g14408						NC_089038.1.g14507	2	0	
OG0039074		NC_089038.1.g14409	NC_089038.1.g14442						2	0	
OG0039075		NC_089038.1.g14445				NC_089038.1.g14647			2	0	
OG0039076		NC_089038.1.g14547					NC_089038.1.g14577		2	0	
OG0039077		NC_089038.1.g14550						NC_089038.1.g14644	2	0	
OG0039078		NC_089038.1.g14596					NC_089038.1.g14625		2	0	
OG0039080		NC_089038.1.g14615					NC_089038.1.g14647		2	0	
OG0039081		NC_089038.1.g14616			NC_089038.1.g14652				2	0	
OG0039082		NC_089038.1.g14631						NC_089038.1.g14728	2	0	
OG0039083		NC_089038.1.g14681						NC_089035.1.g3037	2	0	
OG0039084		NC_089038.1.g14703					NC_089038.1.g14736		2	0	
OG0039085		NC_089038.1.g14728						NC_089038.1.g14825	2	0	
OG0039086		NC_089038.1.g14745						NC_089038.1.g14842	2	0	
OG0039087		NC_089038.1.g14792						NC_089038.1.g14891	2	0	
OG0039088		NC_089038.1.g14804						NC_089038.1.g14904	2	0	
OG0039089		NC_089038.1.g14828		NC_089038.1.g14792					2	0	
OG0039090		NC_089038.1.g14955				NC_089038.1.g15175			2	0	
OG0039091		NC_089038.1.g14984					NC_089038.1.g15036		2	0	
OG0039092		NC_089038.1.g14994			NC_089038.1.g15044				2	0	
OG0039093		NC_089038.1.g15045						NC_089038.1.g15141	2	0	
OG0039094		NC_089038.1.g15126			NC_089038.1.g15183				2	0	
OG0039096		NC_089038.1.g15206			NC_089038.1.g15261				2	0	
OG0039097		NC_089038.1.g15308			NC_089038.1.g15365				2	0	
OG0039098		NC_089038.1.g15367			NC_089038.1.g15425				2	0	
OG0039099		NC_089038.1.g15584					NC_089038.1.g15632		2	0	
OG0039100		NC_089038.1.g15817	NC_089038.1.g15827						2	0	
OG0039101		NC_089038.1.g15868	NC_089038.1.g15881						2	0	
OG0039102		NC_089038.1.g15883	NC_089038.1.g15896						2	0	
OG0039103		NC_089038.1.g16150	NC_089038.1.g16165						2	0	
OG0039104		NC_089038.1.g16152	NC_089038.1.g16166						2	0	
OG0039106		NC_089038.1.g16837					NC_089038.1.g16914		2	0	
OG0039107		NC_089038.1.g16897	NC_089038.1.g16957						2	0	
OG0039108		NC_089038.1.g16917			NC_089038.1.g17008				2	0	
OG0039109		NC_089038.1.g17346	NC_089038.1.g17423						2	0	
OG0039110		NC_089039.1.g17391						NC_089039.1.g17502	2	0	
OG0039111		NC_089039.1.g17481	NC_089039.1.g17556						2	0	
OG0039112		NC_089039.1.g17538				NC_089039.1.g17841			2	0	
OG0039113		NC_089039.1.g17818			NC_089039.1.g17923				2	0	
OG0039114		NC_089039.1.g17829			NC_089039.1.g17934				2	0	
OG0039115		NC_089039.1.g18110					NC_089039.1.g18197		2	0	
OG0039116		NC_089039.1.g18183				NC_089039.1.g18490			2	0	
OG0039117		NC_089039.1.g18282				NC_089039.1.g18597			2	0	
OG0039118		NC_089039.1.g18401	NC_089039.1.g18468						2	0	
OG0039119		NC_089039.1.g18457	NC_089039.1.g18525						2	0	
OG0039120		NC_089039.1.g18493			NC_089039.1.g18618				2	0	
OG0039121		NC_089039.1.g18496			NC_089039.1.g18621				2	0	
OG0039122		NC_089039.1.g18531		NC_089039.1.g18535					2	0	
OG0039123		NC_089039.1.g18554			NC_089039.1.g18677				2	0	
OG0039124		NC_089039.1.g18597					NC_089039.1.g18698		2	0	
OG0039125		NC_089039.1.g18625					NC_089039.1.g18724		2	0	
OG0039126		NC_089039.1.g18637				NC_089039.1.g18970			2	0	
OG0039127		NC_089039.1.g18774	NC_089039.1.g18830						2	0	
OG0039128		NC_089039.1.g18779		NC_089039.1.g18773					2	0	
OG0039129		NC_089039.1.g18795					NC_089039.1.g18890		2	0	
OG0039130		NC_089039.1.g18926					NC_089039.1.g19021		2	0	
OG0039131		NC_089039.1.g18980	NC_089039.1.g19034						2	0	
OG0039132		NC_089039.1.g18987	NC_089039.1.g19041						2	0	
OG0039133		NC_089039.1.g19021	NC_089039.1.g19074						2	0	
OG0039134		NC_089039.1.g19022	NC_089039.1.g19075						2	0	
OG0039135		NC_089039.1.g19250						NC_089039.1.g19347	2	0	
OG0039136		NC_089039.1.g19267			NC_089039.1.g19378				2	0	
OG0039137		NC_089039.1.g19304			NC_089039.1.g19415				2	0	
OG0039138		NC_089039.1.g19363						NC_089039.1.g19458	2	0	
OG0039139		NC_089039.1.g19366						NC_089039.1.g19461	2	0	
OG0039140		NC_089039.1.g19368						NC_089039.1.g19463	2	0	
OG0039141		NC_089039.1.g19370						NC_089039.1.g19465	2	0	
OG0039142		NC_089039.1.g19419			NC_089039.1.g19524				2	0	
OG0039143		NC_089039.1.g19542				NC_089039.1.g19867			2	0	
OG0039144		NC_089039.1.g19591					NC_089039.1.g19663		2	0	
OG0039145		NC_089039.1.g19634						NC_089039.1.g19722	2	0	
OG0039146		NC_089039.1.g19847					NC_089039.1.g19900		2	0	
OG0039147		NC_089039.1.g19952					NC_089039.1.g20002		2	0	
OG0039148		NC_089039.1.g20279		NC_089039.1.g20251					2	0	
OG0039149		NC_089039.1.g20280		NC_089039.1.g20252					2	0	
OG0039150		NC_089040.1.g20572					NC_089040.1.g20603		2	0	
OG0039151		NC_089040.1.g20612					NC_089040.1.g20645		2	0	
OG0039152		NC_089040.1.g20794						NC_089040.1.g20861	2	0	
OG0039153		NC_089040.1.g20795						NC_089040.1.g20862	2	0	
OG0039154		NC_089040.1.g20833	NC_089040.1.g20886						2	0	
OG0039155		NC_089040.1.g21068						NC_089040.1.g21133	2	0	
OG0039156		NC_089040.1.g21239				NC_089039.1.g19412			2	0	
OG0039157		NC_089040.1.g21507					NC_089040.1.g21550		2	0	
OG0039158		NC_089040.1.g21538			NC_089040.1.g21652				2	0	
OG0039159		NC_089040.1.g21541	NC_089040.1.g21589						2	0	
OG0039160		NC_089040.1.g21770			NC_089040.1.g21890				2	0	
OG0039161		NC_089040.1.g21883			NC_089040.1.g22012				2	0	
OG0039162		NC_089040.1.g21934					NC_089040.1.g21950		2	0	
OG0039163		NC_089040.1.g22112						NC_089041.1.g25458	2	0	
OG0039164		NC_089040.1.g22170	NC_089040.1.g22214						2	0	
OG0039165		NC_089040.1.g22205						NC_089040.1.g22258	2	0	
OG0039166		NC_089040.1.g22260					NC_089039.1.g17766		2	0	
OG0039167		NC_089040.1.g22263		NC_089040.1.g22160					2	0	
OG0039168		NC_089040.1.g22266					NC_089040.1.g22280		2	0	
OG0039169		NC_089040.1.g22314					NC_089040.1.g22323		2	0	
OG0039170		NC_089040.1.g22333		NC_089046.1.g38180					2	0	
OG0039171		NC_089040.1.g22340			NC_089040.1.g22461				2	0	
OG0039172		NC_089040.1.g22461				NC_089043.1.g30743			2	0	
OG0039173		NC_089040.1.g22563					NC_089040.1.g22576		2	0	
OG0039174		NC_089040.1.g22621			NC_089040.1.g22755				2	0	
OG0039175		NC_089040.1.g22651						NC_089040.1.g22701	2	0	
OG0039176		NC_089040.1.g22667	NC_089040.1.g22715						2	0	
OG0039177		NC_089040.1.g22756			NC_089040.1.g22882				2	0	
OG0039178		NC_089040.1.g22757			NC_089040.1.g22883				2	0	
OG0039179		NC_089040.1.g22761			NC_089040.1.g22889				2	0	
OG0039180		NC_089040.1.g22768			NC_089040.1.g22895				2	0	
OG0039181		NC_089040.1.g22843	NC_089040.1.g22892						2	0	
OG0039182		NC_089040.1.g22851	NC_089040.1.g22907						2	0	
OG0039183		NC_089040.1.g22887				NC_089042.1.g29358			2	0	
OG0039184		NC_089040.1.g22897				NC_089040.1.g23244			2	0	
OG0039185		NC_089040.1.g22976						NC_089040.1.g23033	2	0	
OG0039186		NC_089040.1.g22984					NC_089040.1.g22994		2	0	
OG0039187		NC_089040.1.g23012						NC_089040.1.g23066	2	0	
OG0039188		NC_089040.1.g23034	NC_089040.1.g23078						2	0	
OG0039189		NC_089040.1.g23050	NC_089040.1.g23095						2	0	
OG0039190		NC_089040.1.g23056					NC_089040.1.g23059		2	0	
OG0039191		NC_089040.1.g23103						NC_089040.1.g23149	2	0	
OG0039192		NC_089040.1.g23118					NC_089040.1.g23121		2	0	
OG0039193		NC_089040.1.g23125	NC_089040.1.g23164						2	0	
OG0039194		NC_089040.1.g23228					NC_089040.1.g23235		2	0	
OG0039195		NC_089040.1.g23414						NC_089040.1.g23467	2	0	
OG0039196		NC_089040.1.g23415			NC_089039.1.g20558				2	0	
OG0039197		NC_089040.1.g23464						NC_089040.1.g23515	2	0	
OG0039198		NC_089040.1.g23523						NC_089040.1.g23574	2	0	
OG0039199		NC_089040.1.g23573		NC_089040.1.g23441					2	0	
OG0039200		NC_089041.1.g23986				NC_089041.1.g24319			2	0	
OG0039201		NC_089041.1.g24097					NC_089041.1.g24078		2	0	
OG0039202		NC_089041.1.g24159		NC_089041.1.g24008					2	0	
OG0039203		NC_089041.1.g24196					NC_089041.1.g24171		2	0	
OG0039204		NC_089041.1.g24269			NC_089041.1.g24395				2	0	
OG0039205		NC_089041.1.g24336					NC_089041.1.g24317		2	0	
OG0039206		NC_089041.1.g24500						NC_089041.1.g24545	2	0	
OG0039207		NC_089041.1.g24596						NC_089041.1.g24637	2	0	
OG0039208		NC_089041.1.g24630	NC_089041.1.g24658						2	0	
OG0039209		NC_089041.1.g24675	NC_089041.1.g24698						2	0	
OG0039210		NC_089041.1.g24704				NC_089041.1.g25028			2	0	
OG0039211		NC_089041.1.g24730					NC_089041.1.g24718		2	0	
OG0039212		NC_089041.1.g24772					NC_089041.1.g24755		2	0	
OG0039213		NC_089041.1.g24806	NC_089041.1.g24825						2	0	
OG0039214		NC_089041.1.g24880			NC_089041.1.g25001				2	0	
OG0039215		NC_089041.1.g24968		NC_089041.1.g24817					2	0	
OG0039216		NC_089041.1.g24990					NC_089041.1.g24965		2	0	
OG0039217		NC_089041.1.g25029				NC_089041.1.g25354			2	0	
OG0039218		NC_089041.1.g25095	NC_089041.1.g25093						2	0	
OG0039219		NC_089041.1.g25097				NC_089038.1.g15038			2	0	
OG0039220		NC_089041.1.g25139	NC_089041.1.g25134						2	0	
OG0039221		NC_089041.1.g25149						NC_089041.1.g25171	2	0	
OG0039222		NC_089041.1.g25153						NC_089041.1.g25175	2	0	
OG0039223		NC_089041.1.g25193						NC_089041.1.g25216	2	0	
OG0039224		NC_089041.1.g25242	NC_089041.1.g25234						2	0	
OG0039225		NC_089041.1.g25313	NC_089041.1.g25310						2	0	
OG0039226		NC_089041.1.g25340						NC_089041.1.g25369	2	0	
OG0039227		NC_089041.1.g25501						NC_089041.1.g25547	2	0	
OG0039228		NC_089041.1.g25514	NC_089041.1.g25525						2	0	
OG0039229		NC_089041.1.g25620			NC_089041.1.g25737				2	0	
OG0039230		NC_089041.1.g25692						NC_089041.1.g25742	2	0	
OG0039232		NC_089041.1.g25857	NC_089041.1.g25855						2	0	
OG0039233		NC_089041.1.g25935	NC_089041.1.g25927						2	0	
OG0039234		NC_089041.1.g25965			NC_089041.1.g26073				2	0	
OG0039235		NC_089041.1.g26099						NC_089041.1.g26126	2	0	
OG0039236		NC_089041.1.g26114	NC_089041.1.g26104						2	0	
OG0039237		NC_089041.1.g26233						NC_089041.1.g26268	2	0	
OG0039238		NC_089041.1.g26282					NC_089041.1.g26243		2	0	
OG0039239		NC_089041.1.g26434				NC_089041.1.g26777			2	0	
OG0039240		NC_089041.1.g26453			NC_089041.1.g26565				2	0	
OG0039241		NC_089041.1.g26468					NC_089041.1.g26426		2	0	
OG0039242		NC_089041.1.g26551		NC_089041.1.g26345					2	0	
OG0039243		NC_089041.1.g26681						NC_089041.1.g26728	2	0	
OG0039244		NC_089041.1.g26695			NC_089041.1.g26800				2	0	
OG0039245		NC_089041.1.g26698	NC_089041.1.g26697						2	0	
OG0039246		NC_089041.1.g26699	NC_089041.1.g26698						2	0	
OG0039247		NC_089041.1.g26711	NC_089041.1.g26711						2	0	
OG0039248		NC_089041.1.g26995	NC_089041.1.g26998						2	0	
OG0039249		NC_089042.1.g27045					NC_089042.1.g27012		2	0	
OG0039250		NC_089042.1.g27322					NC_089042.1.g27284		2	0	
OG0039251		NC_089042.1.g27327						NC_089042.1.g27391	2	0	
OG0039252		NC_089042.1.g27455			NC_089042.1.g27564				2	0	
OG0039253		NC_089042.1.g27477	NC_089042.1.g27488						2	0	
OG0039254		NC_089042.1.g27483						NC_089042.1.g27551	2	0	
OG0039255		NC_089042.1.g27484						NC_089042.1.g27552	2	0	
OG0039256		NC_089042.1.g27530					NC_089042.1.g27510		2	0	
OG0039257		NC_089042.1.g27677						NC_089042.1.g27746	2	0	
OG0039258		NC_089042.1.g27695						NC_089042.1.g27766	2	0	
OG0039259		NC_089042.1.g27728	NC_089042.1.g27754						2	0	
OG0039260		NC_089042.1.g27736	NC_089042.1.g27760						2	0	
OG0039261		NC_089042.1.g27813				NC_089042.1.g28188			2	0	
OG0039262		NC_089042.1.g27965					NC_089038.1.g14793		2	0	
OG0039263		NC_089042.1.g27977					NC_089042.1.g27962		2	0	
OG0039264		NC_089042.1.g28026			NC_089042.1.g28149				2	0	
OG0039265		NC_089042.1.g28163			NC_089042.1.g28290				2	0	
OG0039266		NC_089042.1.g28259						NC_089042.1.g28336	2	0	
OG0039267		NC_089042.1.g28271			NC_089042.1.g28398				2	0	
OG0039268		NC_089042.1.g28374		NC_089042.1.g28140					2	0	
OG0039269		NC_089042.1.g28378				NC_089042.1.g28731			2	0	
OG0039270		NC_089042.1.g28425				NC_089042.1.g28779			2	0	
OG0039271		NC_089042.1.g28453			NC_089042.1.g28577				2	0	
OG0039272		NC_089042.1.g28458		NC_089042.1.g28224					2	0	
OG0039273		NC_089042.1.g28468					NC_089042.1.g28431		2	0	
OG0039274		NC_089042.1.g28511				NC_089042.1.g28866			2	0	
OG0039275		NC_089042.1.g28527			NC_089042.1.g28648				2	0	
OG0039276		NC_089042.1.g28549					NC_089042.1.g28506		2	0	
OG0039277		NC_089042.1.g28550					NC_089042.1.g28507		2	0	
OG0039278		NC_089042.1.g28572						NC_089042.1.g28648	2	0	
OG0039279		NC_089042.1.g28576			NC_089042.1.g28692				2	0	
OG0039280		NC_089042.1.g28648					NC_089042.1.g28610		2	0	
OG0039282		NC_089042.1.g28836					NC_089042.1.g28793		2	0	
OG0039283		NC_089042.1.g28846		NC_089042.1.g28589					2	0	
OG0039284		NC_089042.1.g28858			NC_089042.1.g28962				2	0	
OG0039285		NC_089042.1.g28901	NC_089042.1.g28916						2	0	
OG0039286		NC_089042.1.g28941			NC_089042.1.g29046				2	0	
OG0039287		NC_089042.1.g28984					NC_089042.1.g28936		2	0	
OG0039288		NC_089042.1.g29139					NC_089042.1.g29087		2	0	
OG0039289		NC_089042.1.g29416				NC_089042.1.g29781			2	0	
OG0039290		NC_089042.1.g29772						NC_089042.1.g29853	2	0	
OG0039291		NC_089043.1.g29903			NC_089043.1.g30008				2	0	
OG0039292		NC_089043.1.g29958						NC_089043.1.g30055	2	0	
OG0039293		NC_089043.1.g29980					NC_089043.1.g29912		2	0	
OG0039294		NC_089043.1.g30034						NC_089043.1.g30133	2	0	
OG0039295		NC_089043.1.g30051						NC_089043.1.g30148	2	0	
OG0039296		NC_089043.1.g30222						NC_089043.1.g30306	2	0	
OG0039297		NC_089043.1.g30226						NC_089043.1.g30309	2	0	
OG0039298		NC_089043.1.g30240						NC_089043.1.g30320	2	0	
OG0039299		NC_089043.1.g30279						NC_089043.1.g30361	2	0	
OG0039300		NC_089043.1.g30281		NC_089046.1.g38751					2	0	
OG0039301		NC_089043.1.g30282						NC_089043.1.g30362	2	0	
OG0039302		NC_089043.1.g30386		NC_089043.1.g30111					2	0	
OG0039303		NC_089043.1.g30425			NC_089043.1.g30514				2	0	
OG0039304		NC_089043.1.g30488				NC_089043.1.g30897			2	0	
OG0039305		NC_089043.1.g30560	NC_089043.1.g30538						2	0	
OG0039306		NC_089043.1.g30563						NC_089043.1.g30647	2	0	
OG0039307		NC_089043.1.g30594			NC_089043.1.g30681				2	0	
OG0039308		NC_089043.1.g30653				NC_089043.1.g31059			2	0	
OG0039309		NC_089043.1.g30658		NC_089043.1.g30378					2	0	
OG0039310		NC_089043.1.g30697					NC_089043.1.g30583		2	0	
OG0039311		NC_089043.1.g30842				NC_089043.1.g31245			2	0	
OG0039312		NC_089043.1.g30882			NC_089043.1.g30980				2	0	
OG0039313		NC_089043.1.g31157					NC_089043.1.g31065		2	0	
OG0039314		NC_089043.1.g31329					NC_089043.1.g31240		2	0	
OG0039315		NC_089043.1.g31713						NC_089043.1.g31809	2	0	
OG0039316		NC_089043.1.g31750						NC_089043.1.g31852	2	0	
OG0039317		NC_089043.1.g31790						NC_089043.1.g31892	2	0	
OG0039318		NC_089043.1.g31952					NC_089043.1.g31869		2	0	
OG0039319		NC_089043.1.g31954					NC_089043.1.g31871		2	0	
OG0039320		NC_089043.1.g32025						NC_089043.1.g32140	2	0	
OG0039321		NC_089044.1.g32082						NC_089044.1.g32196	2	0	
OG0039323		NC_089044.1.g32218					NC_089044.1.g32116		2	0	
OG0039324		NC_089044.1.g32219				NC_089044.1.g32643			2	0	
OG0039325		NC_089044.1.g32418				NC_089044.1.g32843			2	0	
OG0039326		NC_089044.1.g32440			NC_089044.1.g32565				2	0	
OG0039327		NC_089044.1.g32463			NC_089044.1.g32589				2	0	
OG0039328		NC_089044.1.g32478		NC_089044.1.g32168					2	0	
OG0039329		NC_089044.1.g32481	NC_089044.1.g32434						2	0	
OG0039330		NC_089044.1.g32491		NC_089044.1.g32181					2	0	
OG0039331		NC_089044.1.g32537					NC_089044.1.g32426		2	0	
OG0039332		NC_089044.1.g32544						NC_089044.1.g32628	2	0	
OG0039333		NC_089044.1.g32565						NC_089044.1.g32650	2	0	
OG0039334		NC_089044.1.g32601			NC_089044.1.g32729				2	0	
OG0039335		NC_089044.1.g32632			NC_089044.1.g32760				2	0	
OG0039336		NC_089044.1.g32633			NC_089044.1.g32761				2	0	
OG0039337		NC_089044.1.g32720			NC_089035.1.g1639				2	0	
OG0039338		NC_089044.1.g32731	NC_089044.1.g32674						2	0	
OG0039339		NC_089044.1.g32759	NC_089044.1.g32707						2	0	
OG0039340		NC_089044.1.g32793	NC_089044.1.g32740						2	0	
OG0039341		NC_089044.1.g32805					NC_089042.1.g28721		2	0	
OG0039342		NC_089044.1.g32852		NC_089044.1.g32537					2	0	
OG0039343		NC_089044.1.g32902			NC_089044.1.g33025				2	0	
OG0039344		NC_089044.1.g32909						NC_089044.1.g32990	2	0	
OG0039345		NC_089044.1.g33098			NC_089044.1.g33228				2	0	
OG0039346		NC_089044.1.g33102			NC_089044.1.g33232				2	0	
OG0039347		NC_089044.1.g33180			NC_089044.1.g33315				2	0	
OG0039348		NC_089044.1.g33391					NC_089044.1.g33284		2	0	
OG0039349		NC_089044.1.g33393						NC_089044.1.g33497	2	0	
OG0039350		NC_089044.1.g33442	NC_089044.1.g33371						2	0	
OG0039351		NC_089044.1.g33658				NC_089044.1.g34120			2	0	
OG0039352		NC_089044.1.g33660		NC_089044.1.g33359					2	0	
OG0039353		NC_089044.1.g33661						NC_089044.1.g33773	2	0	
OG0039354		NC_089044.1.g33801					NC_089044.1.g33720		2	0	
OG0039355		NC_089044.1.g33948					NC_089044.1.g33868		2	0	
OG0039356		NC_089044.1.g34165			NC_089044.1.g34320				2	0	
OG0039357		NC_089044.1.g34170			NC_089044.1.g34325				2	0	
OG0039358		NC_089044.1.g34259				NC_089044.1.g34736			2	0	
OG0039359		NC_089044.1.g34285						NC_089044.1.g34412	2	0	
OG0039360		NC_089045.1.g34364						NC_089045.1.g34490	2	0	
OG0039361		NC_089045.1.g34449	NC_089045.1.g34366						2	0	
OG0039362		NC_089045.1.g34805					NC_089045.1.g34709		2	0	
OG0039363		NC_089045.1.g35375					NC_089045.1.g35286		2	0	
OG0039364		NC_089045.1.g35382					NC_089045.1.g35293		2	0	
OG0039365		NC_089045.1.g35537						NC_089045.1.g35683	2	0	
OG0039366		NC_089045.1.g35584	NC_089045.1.g35517						2	0	
OG0039367		NC_089045.1.g35618			NC_089045.1.g35791				2	0	
OG0039368		NC_089045.1.g35645			NC_089045.1.g35818				2	0	
OG0039369		NC_089045.1.g35652			NC_089045.1.g35826				2	0	
OG0039370		NC_089045.1.g35657						NC_089045.1.g35796	2	0	
OG0039371		NC_089045.1.g35684						NC_089045.1.g35826	2	0	
OG0039372		NC_089045.1.g35685			NC_089045.1.g35855				2	0	
OG0039373		NC_089045.1.g35691						NC_089045.1.g35831	2	0	
OG0039374		NC_089045.1.g35761					NC_089045.1.g35663		2	0	
OG0039375		NC_089045.1.g35789						NC_089045.1.g35922	2	0	
OG0039376		NC_089045.1.g35811						NC_089045.1.g35946	2	0	
OG0039377		NC_089045.1.g35850	NC_089045.1.g35776						2	0	
OG0039378		NC_089045.1.g35928			NC_089045.1.g36097				2	0	
OG0039379		NC_089045.1.g36119						NC_089045.1.g36249	2	0	
OG0039380		NC_089045.1.g36150					NC_089045.1.g36049		2	0	
OG0039381		NC_089045.1.g36164			NC_089045.1.g36347				2	0	
OG0039382		NC_089045.1.g36198			NC_089045.1.g36384				2	0	
OG0039383		NC_089045.1.g36240	NC_089045.1.g36162						2	0	
OG0039384		NC_089045.1.g36413						NC_089045.1.g36529	2	0	
OG0039385		NC_089045.1.g36433						NC_089045.1.g36547	2	0	
OG0039386		NC_089045.1.g36664			NC_089035.1.g3244				2	0	
OG0039387		NC_089045.1.g36671					NC_089045.1.g36570		2	0	
OG0039388		NC_089045.1.g36681			NC_089045.1.g36869				2	0	
OG0039389		NC_089045.1.g36795				NC_089045.1.g37307			2	0	
OG0039390		NC_089045.1.g36952	NC_089045.1.g36882						2	0	
OG0039391		NC_089045.1.g36975				NC_089045.1.g37504			2	0	
OG0039392		NC_089045.1.g37026				NC_089045.1.g37552			2	0	
OG0039393		NC_089045.1.g37092						NC_089045.1.g37196	2	0	
OG0039394		NC_089046.1.g37368	NC_089046.1.g37296						2	0	
OG0039395		NC_089046.1.g37581						NC_089046.1.g37693	2	0	
OG0039396		NC_089046.1.g37589			NC_089046.1.g37772				2	0	
OG0039397		NC_089046.1.g37721						NC_089046.1.g37835	2	0	
OG0039398		NC_089046.1.g37722						NC_089046.1.g37836	2	0	
OG0039399		NC_089046.1.g37726			NC_089046.1.g37916				2	0	
OG0039400		NC_089046.1.g37727			NC_089046.1.g37918				2	0	
OG0039401		NC_089046.1.g37854			NC_089046.1.g38051				2	0	
OG0039402		NC_089046.1.g37863			NC_089046.1.g38062				2	0	
OG0039403		NC_089046.1.g37871	NC_089046.1.g37811						2	0	
OG0039404		NC_089046.1.g37879			NC_089046.1.g38076				2	0	
OG0039405		NC_089046.1.g37962	NC_089046.1.g37891						2	0	
OG0039406		NC_089046.1.g38068					NC_089046.1.g37959		2	0	
OG0039407		NC_089046.1.g38085					NC_089046.1.g37976		2	0	
OG0039408		NC_089046.1.g38146			NC_089046.1.g38333				2	0	
OG0039409		NC_089046.1.g38163		NC_089046.1.g37776					2	0	
OG0039410		NC_089046.1.g38170	NC_089046.1.g38087						2	0	
OG0039411		NC_089046.1.g38183			NC_089046.1.g38359				2	0	
OG0039412		NC_089046.1.g38198			NC_089046.1.g38373				2	0	
OG0039413		NC_089046.1.g38252	NC_089046.1.g38164						2	0	
OG0039414		NC_089046.1.g38256			NC_089046.1.g38432				2	0	
OG0039415		NC_089046.1.g38466			NC_089046.1.g38661				2	0	
OG0039416		NC_089046.1.g38567			NC_089046.1.g38759				2	0	
OG0039417		NC_089046.1.g38663					NC_089046.1.g38526		2	0	
OG0039418		NC_089046.1.g38736			NC_089046.1.g38927				2	0	
OG0039419		NC_089046.1.g38738	NC_089046.1.g38644						2	0	
OG0039420		NC_089046.1.g38782						NC_089046.1.g38863	2	0	
OG0039421		NC_089046.1.g38783						NC_089046.1.g38864	2	0	
OG0039422		NC_089046.1.g38805		NC_089046.1.g38406					2	0	
OG0039423		NC_089046.1.g38829				NC_089046.1.g39379			2	0	
OG0039424		NC_089046.1.g38836						NC_089046.1.g38921	2	0	
OG0039425		NC_089046.1.g38914			NC_089046.1.g39105				2	0	
OG0039426		NC_089046.1.g38916			NC_089046.1.g39107				2	0	
OG0039427		NC_089046.1.g39022	NC_089046.1.g38920						2	0	
OG0039428		NC_089046.1.g39028	NC_089046.1.g38925						2	0	
OG0039429		NC_089046.1.g39065	NC_089046.1.g38965						2	0	
OG0039430		NC_089046.1.g39080					NC_089046.1.g38941		2	0	
OG0039431		NC_089046.1.g39099	NC_089046.1.g38997						2	0	
OG0039432		NC_089046.1.g39136						NC_089046.1.g39220	2	0	
OG0039433		NC_089046.1.g39150	NC_089046.1.g39047						2	0	
OG0039434		NC_089046.1.g39226			NC_089046.1.g39415				2	0	
OG0039435		NC_089046.1.g39233					NC_089046.1.g39090		2	0	
OG0039436		NC_089046.1.g39251				NC_089046.1.g39801			2	0	
OG0039437		NC_089046.1.g39395			NC_089046.1.g39582				2	0	
OG0039438			NC_089035.1.g314				NC_089035.1.g321		2	0	
OG0039439			NC_089035.1.g397			NC_089035.1.g414			2	0	
OG0039441			NC_089035.1.g471					NC_089035.1.g478	2	0	
OG0039442			NC_089035.1.g656					NC_089035.1.g665	2	0	
OG0039443			NC_089035.1.g774		NC_089035.1.g778				2	0	
OG0039444			NC_089035.1.g855			NC_089035.1.g896			2	0	
OG0039445			NC_089035.1.g857			NC_089035.1.g898			2	0	
OG0039446			NC_089035.1.g1365		NC_089035.1.g1380				2	0	
OG0039447			NC_089035.1.g1382		NC_089035.1.g1395				2	0	
OG0039448			NC_089035.1.g1403		NC_089035.1.g1417				2	0	
OG0039449			NC_089035.1.g1422		NC_089035.1.g1434				2	0	
OG0039450			NC_089035.1.g1447	NC_089035.1.g1460					2	0	
OG0039451			NC_089035.1.g1457				NC_089035.1.g1454		2	0	
OG0039452			NC_089035.1.g1493					NC_089035.1.g1498	2	0	
OG0039453			NC_089035.1.g1635				NC_089035.1.g1624		2	0	
OG0039454			NC_089035.1.g1685			NC_089035.1.g1724			2	0	
OG0039455			NC_089035.1.g1762					NC_089035.1.g1756	2	0	
OG0039456			NC_089035.1.g1798					NC_089035.1.g1801	2	0	
OG0039457			NC_089035.1.g1836		NC_089035.1.g1840				2	0	
OG0039458			NC_089035.1.g1841			NC_089040.1.g21743			2	0	
OG0039459			NC_089035.1.g1958					NC_089035.1.g1964	2	0	
OG0039460			NC_089035.1.g2034				NC_089035.1.g2032		2	0	
OG0039461			NC_089035.1.g2067				NC_089035.1.g2071		2	0	
OG0039462			NC_089035.1.g2078				NC_089035.1.g2081		2	0	
OG0039463			NC_089035.1.g2110					NC_089035.1.g2099	2	0	
OG0039464			NC_089035.1.g2162	NC_089035.1.g2160					2	0	
OG0039465			NC_089035.1.g2171		NC_089035.1.g2174				2	0	
OG0039466			NC_089035.1.g2314				NC_089035.1.g2309		2	0	
OG0039467			NC_089035.1.g2340				NC_089035.1.g2336		2	0	
OG0039468			NC_089035.1.g2357				NC_089035.1.g2352		2	0	
OG0039469			NC_089035.1.g2359				NC_089035.1.g2354		2	0	
OG0039470			NC_089035.1.g2412				NC_089035.1.g2406		2	0	
OG0039471			NC_089035.1.g2415				NC_089035.1.g2411		2	0	
OG0039472			NC_089035.1.g2429				NC_089035.1.g2427		2	0	
OG0039473			NC_089035.1.g2437				NC_089035.1.g2435		2	0	
OG0039474			NC_089035.1.g2534	NC_089035.1.g2520					2	0	
OG0039475			NC_089035.1.g2606				NC_089035.1.g2595		2	0	
OG0039476			NC_089035.1.g2607				NC_089035.1.g2596		2	0	
OG0039477			NC_089035.1.g3002				NC_089035.1.g2988		2	0	
OG0039478			NC_089035.1.g3251		NC_089035.1.g3245				2	0	
OG0039479			NC_089035.1.g3419	NC_089035.1.g3369					2	0	
OG0039480			NC_089035.1.g3507		NC_089035.1.g3498				2	0	
OG0039481			NC_089035.1.g3536		NC_089035.1.g3530				2	0	
OG0039482			NC_089035.1.g3538		NC_089035.1.g3532				2	0	
OG0039483			NC_089035.1.g3563		NC_089035.1.g3558				2	0	
OG0039484			NC_089035.1.g3779				NC_089035.1.g3747		2	0	
OG0039485			NC_089035.1.g5144	NC_089035.1.g5081					2	0	
OG0039486			NC_089036.1.g5596		NC_089036.1.g5588				2	0	
OG0039487			NC_089036.1.g5706					NC_089036.1.g5677	2	0	
OG0039488			NC_089036.1.g5708		NC_089036.1.g5699				2	0	
OG0039489			NC_089036.1.g5719		NC_089036.1.g5711				2	0	
OG0039490			NC_089036.1.g5722		NC_089036.1.g5714				2	0	
OG0039491			NC_089036.1.g5733		NC_089036.1.g5724				2	0	
OG0039492			NC_089036.1.g5734		NC_089036.1.g5725				2	0	
OG0039493			NC_089036.1.g5742		NC_089035.1.g660				2	0	
OG0039494			NC_089036.1.g5909					NC_089036.1.g5905	2	0	
OG0039495			NC_089036.1.g5974					NC_089036.1.g5975	2	0	
OG0039496			NC_089036.1.g6134		NC_089036.1.g6119				2	0	
OG0039497			NC_089036.1.g6140					NC_089036.1.g6138	2	0	
OG0039498			NC_089036.1.g6320	NC_089045.1.g36659					2	0	
OG0039499			NC_089036.1.g6395			NC_089036.1.g6473			2	0	
OG0039500			NC_089036.1.g6438			NC_089036.1.g6519			2	0	
OG0039501			NC_089036.1.g6634					NC_089036.1.g6651	2	0	
OG0039502			NC_089036.1.g6659					NC_089036.1.g6680	2	0	
OG0039503			NC_089036.1.g6681			NC_089036.1.g6783			2	0	
OG0039504			NC_089036.1.g6742			NC_089036.1.g6847			2	0	
OG0039505			NC_089036.1.g6812		NC_089036.1.g6813				2	0	
OG0039506			NC_089036.1.g6837			NC_089036.1.g6937			2	0	
OG0039507			NC_089036.1.g6845					NC_089036.1.g6870	2	0	
OG0039508			NC_089036.1.g6966				NC_089036.1.g6944		2	0	
OG0039509			NC_089036.1.g6977				NC_089036.1.g6957		2	0	
OG0039510			NC_089036.1.g7021					NC_089036.1.g7059	2	0	
OG0039511			NC_089036.1.g7031		NC_089036.1.g7047				2	0	
OG0039512			NC_089036.1.g7278					NC_089036.1.g7315	2	0	
OG0039513			NC_089036.1.g7391				NC_089036.1.g7395		2	0	
OG0039514			NC_089036.1.g7407				NC_089036.1.g7411		2	0	
OG0039515			NC_089036.1.g7529					NC_089036.1.g7571	2	0	
OG0039516			NC_089036.1.g7555					NC_089036.1.g7597	2	0	
OG0039517			NC_089036.1.g7594					NC_089036.1.g7635	2	0	
OG0039518			NC_089036.1.g7696		NC_089036.1.g7706				2	0	
OG0039519			NC_089036.1.g7698		NC_089036.1.g7708				2	0	
OG0039520			NC_089036.1.g7862					NC_089036.1.g7903	2	0	
OG0039521			NC_089036.1.g7941					NC_089036.1.g7984	2	0	
OG0039522			NC_089036.1.g7959					NC_089036.1.g8005	2	0	
OG0039523			NC_089036.1.g8245		NC_089036.1.g8264				2	0	
OG0039524			NC_089036.1.g8286			NC_089036.1.g8405			2	0	
OG0039525			NC_089036.1.g8311		NC_089045.1.g36851				2	0	
OG0039526			NC_089036.1.g8400				NC_089036.1.g8410		2	0	
OG0039527			NC_089036.1.g8418				NC_089036.1.g8427		2	0	
OG0039528			NC_089036.1.g8852			NC_089036.1.g8973			2	0	
OG0039529			NC_089036.1.g8866				NC_089036.1.g8877		2	0	
OG0039530			NC_089037.1.g9729		NC_089037.1.g9729				2	0	
OG0039531			NC_089037.1.g9917			NC_089037.1.g10051			2	0	
OG0039532			NC_089037.1.g10494				NC_089037.1.g10508		2	0	
OG0039533			NC_089037.1.g10566				NC_089037.1.g10580		2	0	
OG0039534			NC_089037.1.g10592				NC_089037.1.g10606		2	0	
OG0039535			NC_089037.1.g10785		NC_089037.1.g10801				2	0	
OG0039536			NC_089037.1.g10984			NC_089037.1.g11115			2	0	
OG0039537			NC_089037.1.g11145					NC_089037.1.g11201	2	0	
OG0039538			NC_089037.1.g11169		NC_089037.1.g11186				2	0	
OG0039539			NC_089037.1.g11395				NC_089037.1.g11387		2	0	
OG0039540			NC_089037.1.g11459			NC_089037.1.g11577			2	0	
OG0039541			NC_089037.1.g11700			NC_089037.1.g11825			2	0	
OG0039542			NC_089037.1.g11704	NC_089037.1.g11644					2	0	
OG0039543			NC_089037.1.g11799			NC_089037.1.g11926			2	0	
OG0039545			NC_089037.1.g11976			NC_089037.1.g12104			2	0	
OG0039546			NC_089037.1.g11983		NC_089037.1.g11986				2	0	
OG0039547			NC_089037.1.g12141				NC_089037.1.g12101		2	0	
OG0039548			NC_089037.1.g12165				NC_089037.1.g12128		2	0	
OG0039549			NC_089037.1.g12171		NC_089037.1.g12176				2	0	
OG0039550			NC_089037.1.g12199				NC_089037.1.g12163		2	0	
OG0039551			NC_089037.1.g12229					NC_089037.1.g12266	2	0	
OG0039552			NC_089037.1.g12369			NC_089037.1.g12512			2	0	
OG0039553			NC_089037.1.g12396					NC_089037.1.g12431	2	0	
OG0039554			NC_089037.1.g12631					NC_089037.1.g12678	2	0	
OG0039555			NC_089037.1.g12708					NC_089037.1.g12753	2	0	
OG0039556			NC_089037.1.g12786				NC_089037.1.g12771		2	0	
OG0039557			NC_089037.1.g12894					NC_089037.1.g12937	2	0	
OG0039558			NC_089037.1.g13118		NC_089037.1.g13124				2	0	
OG0039559			NC_089037.1.g13146		NC_089037.1.g13152				2	0	
OG0039560			NC_089037.1.g13154		NC_089037.1.g13160				2	0	
OG0039561			NC_089037.1.g13375		NC_089037.1.g13372				2	0	
OG0039562			NC_089037.1.g13567	NC_089037.1.g13502					2	0	
OG0039563			NC_089037.1.g13894		NC_089037.1.g13891				2	0	
OG0039564			NC_089038.1.g14133	NC_089038.1.g14070					2	0	
OG0039565			NC_089038.1.g14151					NC_089038.1.g14197	2	0	
OG0039566			NC_089038.1.g14185				NC_089043.1.g30204		2	0	
OG0039567			NC_089038.1.g14241			NC_089038.1.g14404			2	0	
OG0039568			NC_089038.1.g14287					NC_089038.1.g14347	2	0	
OG0039569			NC_089038.1.g14305					NC_089038.1.g14367	2	0	
OG0039570			NC_089038.1.g14411	NC_089038.1.g16279					2	0	
OG0039571			NC_089038.1.g14441		NC_089038.1.g14443				2	0	
OG0039572			NC_089038.1.g14448	NC_089038.1.g14382					2	0	
OG0039573			NC_089038.1.g14493			NC_089038.1.g14668			2	0	
OG0039574			NC_089038.1.g14534				NC_089036.1.g7954		2	0	
OG0039575			NC_089038.1.g14785		NC_089038.1.g14791				2	0	
OG0039576			NC_089038.1.g14796			NC_089038.1.g14983			2	0	
OG0039577			NC_089038.1.g14834		NC_089038.1.g14844				2	0	
OG0039578			NC_089038.1.g14860		NC_089038.1.g14879				2	0	
OG0039579			NC_089038.1.g14874		NC_089038.1.g14892				2	0	
OG0039580			NC_089038.1.g14886		NC_089038.1.g14909				2	0	
OG0039581			NC_089038.1.g14977				NC_089038.1.g14998		2	0	
OG0039582			NC_089038.1.g15009					NC_089038.1.g15086	2	0	
OG0039583			NC_089038.1.g15062		NC_089038.1.g15095				2	0	
OG0039584			NC_089038.1.g15113			NC_089038.1.g15316			2	0	
OG0039585			NC_089038.1.g15130				NC_089038.1.g15158		2	0	
OG0039586			NC_089038.1.g15194				NC_089038.1.g15224		2	0	
OG0039587			NC_089038.1.g15358					NC_089038.1.g15419	2	0	
OG0039588			NC_089038.1.g15381					NC_089038.1.g15443	2	0	
OG0039589			NC_089038.1.g15776				NC_089038.1.g15815		2	0	
OG0039590			NC_089038.1.g15829				NC_089038.1.g15872		2	0	
OG0039591			NC_089038.1.g16114				NC_089038.1.g16165		2	0	
OG0039592			NC_089038.1.g16200			NC_089038.1.g16426			2	0	
OG0039593			NC_089038.1.g16305	NC_089038.1.g16252					2	0	
OG0039594			NC_089038.1.g16399	NC_089038.1.g16348					2	0	
OG0039595			NC_089038.1.g16697					NC_089038.1.g16734	2	0	
OG0039596			NC_089038.1.g17095			NC_089038.1.g17316			2	0	
OG0039597			NC_089038.1.g17102				NC_089038.1.g17115		2	0	
OG0039598			NC_089038.1.g17239			NC_089038.1.g17460			2	0	
OG0039599			NC_089039.1.g17703		NC_089039.1.g17730				2	0	
OG0039600			NC_089039.1.g18028			NC_089039.1.g18274			2	0	
OG0039601			NC_089039.1.g18047	NC_089039.1.g17993					2	0	
OG0039602			NC_089039.1.g18259					NC_089039.1.g18311	2	0	
OG0039603			NC_089039.1.g18344					NC_089039.1.g18398	2	0	
OG0039604			NC_089039.1.g18346					NC_089039.1.g18400	2	0	
OG0039605			NC_089039.1.g18357					NC_089039.1.g18413	2	0	
OG0039606			NC_089039.1.g18359					NC_089039.1.g18415	2	0	
OG0039607			NC_089039.1.g18397					NC_089039.1.g18453	2	0	
OG0039608			NC_089039.1.g18417				NC_089039.1.g18453		2	0	
OG0039609			NC_089039.1.g18446					NC_089039.1.g18501	2	0	
OG0039610			NC_089039.1.g18461			NC_089039.1.g18713			2	0	
OG0039611			NC_089039.1.g18746		NC_089039.1.g18811				2	0	
OG0039612			NC_089039.1.g18779			NC_089039.1.g19050			2	0	
OG0039614			NC_089039.1.g18858	NC_089039.1.g18796					2	0	
OG0039615			NC_089039.1.g19207			NC_089039.1.g19477			2	0	
OG0039616			NC_089039.1.g19214		NC_089039.1.g19265				2	0	
OG0039617			NC_089039.1.g19215					NC_089039.1.g19260	2	0	
OG0039618			NC_089039.1.g19338		NC_089039.1.g19394				2	0	
OG0039619			NC_089039.1.g19348			NC_089036.1.g5744			2	0	
OG0039620			NC_089039.1.g19407				NC_089039.1.g19430		2	0	
OG0039621			NC_089039.1.g19471			NC_089039.1.g19739			2	0	
OG0039622			NC_089039.1.g19647		NC_089039.1.g19700				2	0	
OG0039623			NC_089039.1.g19705	NC_089039.1.g19637					2	0	
OG0039624			NC_089039.1.g20003		NC_089039.1.g20059				2	0	
OG0039625			NC_089039.1.g20230	NC_089039.1.g20152					2	0	
OG0039626			NC_089039.1.g20343		NC_089039.1.g20403				2	0	
OG0039627			NC_089040.1.g20740				NC_089040.1.g20729		2	0	
OG0039628			NC_089040.1.g21010		NC_089040.1.g21080				2	0	
OG0039629			NC_089040.1.g21011				NC_089040.1.g20998		2	0	
OG0039630			NC_089040.1.g21103					NC_089040.1.g21124	2	0	
OG0039631			NC_089040.1.g21162		NC_089040.1.g21228				2	0	
OG0039632			NC_089040.1.g21563		NC_089040.1.g21630				2	0	
OG0039633			NC_089040.1.g21603					NC_089040.1.g21614	2	0	
OG0039634			NC_089040.1.g21636		NC_089040.1.g21700				2	0	
OG0039635			NC_089040.1.g21660			NC_089040.1.g21921			2	0	
OG0039636			NC_089040.1.g21674				NC_089040.1.g21659		2	0	
OG0039637			NC_089040.1.g21859					NC_089040.1.g21871	2	0	
OG0039638			NC_089040.1.g21897			NC_089040.1.g22169			2	0	
OG0039639			NC_089040.1.g21908					NC_089040.1.g21923	2	0	
OG0039640			NC_089040.1.g21915					NC_089040.1.g21930	2	0	
OG0039641			NC_089040.1.g21985					NC_089040.1.g21994	2	0	
OG0039642			NC_089040.1.g21989	NC_089040.1.g21868					2	0	
OG0039643			NC_089040.1.g22212			NC_089040.1.g22496			2	0	
OG0039644			NC_089040.1.g22380		NC_089040.1.g22463				2	0	
OG0039645			NC_089040.1.g22395					NC_089040.1.g22403	2	0	
OG0039646			NC_089040.1.g22409	NC_089040.1.g22248					2	0	
OG0039647			NC_089040.1.g22533					NC_089040.1.g22534	2	0	
OG0039648			NC_089040.1.g22552		NC_089040.1.g22632				2	0	
OG0039649			NC_089040.1.g22628			NC_089040.1.g22915			2	0	
OG0039650			NC_089040.1.g22632					NC_089040.1.g22632	2	0	
OG0039651			NC_089040.1.g22667					NC_089040.1.g22666	2	0	
OG0039652			NC_089040.1.g22820			NC_089040.1.g23112			2	0	
OG0039653			NC_089040.1.g22904				NC_089038.1.g15635		2	0	
OG0039654			NC_089040.1.g22925				NC_089040.1.g22885		2	0	
OG0039655			NC_089040.1.g22949	NC_089036.1.g9178					2	0	
OG0039656			NC_089040.1.g23156			NC_089040.1.g23459			2	0	
OG0039657			NC_089040.1.g23216					NC_089040.1.g23224	2	0	
OG0039658			NC_089040.1.g23324				NC_089040.1.g23294		2	0	
OG0039659			NC_089040.1.g23459	NC_089040.1.g23286					2	0	
OG0039660			NC_089040.1.g23563				NC_089040.1.g23533		2	0	
OG0039661			NC_089040.1.g23640				NC_089040.1.g23606		2	0	
OG0039662			NC_089040.1.g23665					NC_089040.1.g23675	2	0	
OG0039663			NC_089040.1.g23846	NC_089040.1.g23673					2	0	
OG0039664			NC_089040.1.g23863				NC_089040.1.g23817		2	0	
OG0039665			NC_089041.1.g24130					NC_089041.1.g24144	2	0	
OG0039666			NC_089041.1.g24131					NC_089041.1.g24145	2	0	
OG0039667			NC_089041.1.g24210	NC_089041.1.g24032					2	0	
OG0039668			NC_089041.1.g24217		NC_089035.1.g737				2	0	
OG0039669			NC_089041.1.g24438				NC_089041.1.g24394		2	0	
OG0039670			NC_089041.1.g24501				NC_089041.1.g24461		2	0	
OG0039671			NC_089041.1.g24595					NC_089041.1.g24605	2	0	
OG0039672			NC_089041.1.g24602		NC_089041.1.g24699				2	0	
OG0039673			NC_089041.1.g24815				NC_089041.1.g24776		2	0	
OG0039674			NC_089041.1.g24890		NC_089041.1.g24999				2	0	
OG0039675			NC_089041.1.g24966					NC_089036.1.g8458	2	0	
OG0039676			NC_089041.1.g24988		NC_089041.1.g25098				2	0	
OG0039677			NC_089041.1.g25025					NC_089041.1.g25046	2	0	
OG0039678			NC_089041.1.g25027			NC_089041.1.g25350			2	0	
OG0039679			NC_089041.1.g25050	NC_089041.1.g24888					2	0	
OG0039680			NC_089041.1.g25247					NC_089041.1.g25272	2	0	
OG0039681			NC_089041.1.g25385					NC_089041.1.g25419	2	0	
OG0039682			NC_089041.1.g25407					NC_089041.1.g25440	2	0	
OG0039683			NC_089041.1.g25570					NC_089041.1.g25604	2	0	
OG0039684			NC_089041.1.g25779	NC_089041.1.g25576					2	0	
OG0039685			NC_089041.1.g25793			NC_089041.1.g26108			2	0	
OG0039686			NC_089041.1.g25823				NC_089041.1.g25774		2	0	
OG0039687			NC_089041.1.g26222			NC_089041.1.g26562			2	0	
OG0039688			NC_089041.1.g26254				NC_089041.1.g26220		2	0	
OG0039689			NC_089041.1.g26346			NC_089041.1.g26696			2	0	
OG0039690			NC_089041.1.g26793		NC_089041.1.g26890				2	0	
OG0039691			NC_089041.1.g26794	NC_089041.1.g26584					2	0	
OG0039692			NC_089041.1.g26966					NC_089041.1.g27012	2	0	
OG0039693			NC_089042.1.g27049		NC_089042.1.g27145				2	0	
OG0039694			NC_089042.1.g27212		NC_089042.1.g27313				2	0	
OG0039695			NC_089042.1.g27423			NC_089042.1.g27771			2	0	
OG0039696			NC_089042.1.g27812					NC_089042.1.g27869	2	0	
OG0039697			NC_089042.1.g27820		NC_089042.1.g27915				2	0	
OG0039698			NC_089042.1.g27876					NC_089042.1.g27928	2	0	
OG0039699			NC_089042.1.g27951					NC_089042.1.g28006	2	0	
OG0039700			NC_089042.1.g27970					NC_089042.1.g28026	2	0	
OG0039701			NC_089042.1.g27976					NC_089042.1.g28031	2	0	
OG0039702			NC_089042.1.g27990	NC_089042.1.g27774					2	0	
OG0039703			NC_089042.1.g28104					NC_089042.1.g28163	2	0	
OG0039704			NC_089042.1.g28149			NC_089042.1.g28491			2	0	
OG0039705			NC_089042.1.g28151				NC_089042.1.g28111		2	0	
OG0039706			NC_089042.1.g28306	NC_089042.1.g28062					2	0	
OG0039707			NC_089042.1.g28373				NC_089042.1.g28322		2	0	
OG0039708			NC_089042.1.g28384					NC_089042.1.g28449	2	0	
OG0039709			NC_089042.1.g28595				NC_089042.1.g28541		2	0	
OG0039710			NC_089042.1.g28632	NC_089042.1.g28372					2	0	
OG0039711			NC_089042.1.g28635	NC_089042.1.g28375					2	0	
OG0039712			NC_089042.1.g28822					NC_089042.1.g28886	2	0	
OG0039713			NC_089042.1.g28845				NC_089042.1.g28786		2	0	
OG0039714			NC_089042.1.g28938					NC_089042.1.g29006	2	0	
OG0039715			NC_089042.1.g29075		NC_089042.1.g29171				2	0	
OG0039716			NC_089042.1.g29097				NC_089042.1.g29034		2	0	
OG0039717			NC_089042.1.g29267					NC_089042.1.g29327	2	0	
OG0039718			NC_089042.1.g29269					NC_089042.1.g29329	2	0	
OG0039719			NC_089042.1.g29273					NC_089042.1.g29333	2	0	
OG0039720			NC_089042.1.g29280					NC_089042.1.g29340	2	0	
OG0039721			NC_089042.1.g29288					NC_089042.1.g29348	2	0	
OG0039722			NC_089042.1.g29429					NC_089042.1.g29488	2	0	
OG0039723			NC_089043.1.g29857		NC_089043.1.g29939				2	0	
OG0039724			NC_089043.1.g29910				NC_089043.1.g29825		2	0	
OG0039725			NC_089043.1.g29964					NC_089043.1.g30051	2	0	
OG0039726			NC_089043.1.g30052			NC_089043.1.g30437			2	0	
OG0039727			NC_089043.1.g30152				NC_089043.1.g30076		2	0	
OG0039728			NC_089043.1.g30189				NC_089043.1.g30116		2	0	
OG0039729			NC_089043.1.g30198				NC_089043.1.g30124		2	0	
OG0039730			NC_089043.1.g30204				NC_089043.1.g30131		2	0	
OG0039731			NC_089043.1.g30361			NC_089043.1.g30782			2	0	
OG0039732			NC_089043.1.g30494				NC_089043.1.g30415		2	0	
OG0039733			NC_089043.1.g30532				NC_089043.1.g30453		2	0	
OG0039734			NC_089043.1.g30878				NC_089043.1.g30811		2	0	
OG0039735			NC_089043.1.g30920					NC_089043.1.g31029	2	0	
OG0039736			NC_089043.1.g31417			NC_089043.1.g31874			2	0	
OG0039737			NC_089043.1.g31449		NC_089043.1.g31580				2	0	
OG0039738			NC_089043.1.g31977				NC_089043.1.g31912		2	0	
OG0039739			NC_089044.1.g32089					NC_089044.1.g32229	2	0	
OG0039740			NC_089044.1.g32204			NC_089044.1.g32665			2	0	
OG0039741			NC_089044.1.g32317	NC_089044.1.g32063					2	0	
OG0039742			NC_089044.1.g32485		NC_089044.1.g32662				2	0	
OG0039743			NC_089044.1.g32537	NC_089044.1.g32271					2	0	
OG0039744			NC_089044.1.g32554					NC_089044.1.g32691	2	0	
OG0039745			NC_089044.1.g32573				NC_089044.1.g32520		2	0	
OG0039746			NC_089044.1.g32686		NC_089044.1.g32866				2	0	
OG0039747			NC_089044.1.g32788			NC_089044.1.g33277			2	0	
OG0039748			NC_089044.1.g32821					NC_089044.1.g32958	2	0	
OG0039749			NC_089044.1.g32822					NC_089044.1.g32959	2	0	
OG0039750			NC_089044.1.g32869			NC_089044.1.g33358			2	0	
OG0039751			NC_089044.1.g32880		NC_089044.1.g33063				2	0	
OG0039752			NC_089044.1.g32942	NC_089044.1.g32690					2	0	
OG0039753			NC_089044.1.g33085	NC_089044.1.g32831					2	0	
OG0039754			NC_089044.1.g33115				NC_089044.1.g33061		2	0	
OG0039755			NC_089044.1.g33116		NC_089044.1.g33316				2	0	
OG0039756			NC_089044.1.g33193					NC_089044.1.g33344	2	0	
OG0039757			NC_089044.1.g33348					NC_089044.1.g33516	2	0	
OG0039758			NC_089044.1.g33490					NC_089044.1.g33676	2	0	
OG0039759			NC_089044.1.g34032	NC_089044.1.g33812					2	0	
OG0039760			NC_089044.1.g34115		NC_089044.1.g34354				2	0	
OG0039761			NC_089044.1.g34191				NC_089044.1.g34191		2	0	
OG0039762			NC_089045.1.g34283	NC_089045.1.g34060					2	0	
OG0039763			NC_089045.1.g34383				NC_089045.1.g34380		2	0	
OG0039765			NC_089045.1.g35076					NC_089045.1.g35305	2	0	
OG0039766			NC_089045.1.g35088	NC_089045.1.g34884					2	0	
OG0039767			NC_089045.1.g35164					NC_089045.1.g35379	2	0	
OG0039768			NC_089045.1.g35234		NC_089045.1.g35467				2	0	
OG0039769			NC_089045.1.g35256				NC_089045.1.g35249		2	0	
OG0039770			NC_089045.1.g35317		NC_089045.1.g35546				2	0	
OG0039771			NC_089045.1.g35323		NC_089045.1.g35553				2	0	
OG0039772			NC_089045.1.g35365				NC_089045.1.g35348		2	0	
OG0039773			NC_089045.1.g35393					NC_089045.1.g35605	2	0	
OG0039774			NC_089045.1.g35450		NC_089045.1.g35690				2	0	
OG0039775			NC_089045.1.g35482				NC_089045.1.g35460		2	0	
OG0039776			NC_089045.1.g35525				NC_089045.1.g35504		2	0	
OG0039777			NC_089045.1.g35623			NC_089045.1.g36203			2	0	
OG0039778			NC_089045.1.g35644			NC_089045.1.g36224			2	0	
OG0039779			NC_089045.1.g35655				NC_089045.1.g35633		2	0	
OG0039780			NC_089045.1.g35816					NC_089045.1.g36029	2	0	
OG0039781			NC_089045.1.g35825				NC_089045.1.g35803		2	0	
OG0039782			NC_089045.1.g35887					NC_089045.1.g36100	2	0	
OG0039783			NC_089045.1.g35891		NC_089045.1.g36143				2	0	
OG0039784			NC_089045.1.g35935				NC_089045.1.g35911		2	0	
OG0039785			NC_089045.1.g35945				NC_089045.1.g35922		2	0	
OG0039786			NC_089045.1.g35972				NC_089045.1.g35947		2	0	
OG0039787			NC_089045.1.g35973		NC_089045.1.g36234				2	0	
OG0039788			NC_089045.1.g35983				NC_089045.1.g35957		2	0	
OG0039789			NC_089045.1.g36073		NC_089045.1.g36335				2	0	
OG0039790			NC_089045.1.g36130		NC_089045.1.g36393				2	0	
OG0039791			NC_089045.1.g36201				NC_089045.1.g36169		2	0	
OG0039792			NC_089045.1.g36237					NC_089045.1.g36429	2	0	
OG0039793			NC_089045.1.g36276			NC_089045.1.g36860			2	0	
OG0039794			NC_089045.1.g36294			NC_089045.1.g36882			2	0	
OG0039795			NC_089045.1.g36339				NC_089045.1.g36299		2	0	
OG0039796			NC_089045.1.g36398				NC_089045.1.g36358		2	0	
OG0039797			NC_089045.1.g36403				NC_089045.1.g36363		2	0	
OG0039798			NC_089045.1.g36429		NC_089045.1.g36684				2	0	
OG0039799			NC_089045.1.g36495		NC_089045.1.g36756				2	0	
OG0039800			NC_089045.1.g36868				NC_089045.1.g36848		2	0	
OG0039801			NC_089046.1.g37173		NC_089046.1.g37421				2	0	
OG0039802			NC_089046.1.g37301		NC_089046.1.g37552				2	0	
OG0039803			NC_089046.1.g37326				NC_089046.1.g37296		2	0	
OG0039804			NC_089046.1.g37371				NC_089046.1.g37341		2	0	
OG0039805			NC_089046.1.g37373			NC_089046.1.g37967			2	0	
OG0039806			NC_089046.1.g37421				NC_089046.1.g37388		2	0	
OG0039807			NC_089046.1.g37478		NC_089046.1.g37724				2	0	
OG0039808			NC_089046.1.g37522				NC_089046.1.g37486		2	0	
OG0039809			NC_089046.1.g37748	NC_089046.1.g37433					2	0	
OG0039810			NC_089046.1.g37802		NC_089046.1.g38060				2	0	
OG0039811			NC_089046.1.g37847	NC_089046.1.g37548					2	0	
OG0039812			NC_089046.1.g37898				NC_089046.1.g37863		2	0	
OG0039813			NC_089046.1.g37990			NC_089046.1.g38605			2	0	
OG0039814			NC_089046.1.g38128		NC_089046.1.g38388				2	0	
OG0039815			NC_089046.1.g38231	NC_089046.1.g37932					2	0	
OG0039816			NC_089046.1.g38245		NC_089046.1.g38525				2	0	
OG0039817			NC_089046.1.g38278					NC_089046.1.g38448	2	0	
OG0039818			NC_089046.1.g38367	NC_089046.1.g38072					2	0	
OG0039819			NC_089046.1.g38495					NC_089046.1.g38669	2	0	
OG0039820			NC_089046.1.g38693				NC_089046.1.g38647		2	0	
OG0039821			NC_089046.1.g38701				NC_089046.1.g38656		2	0	
OG0039822			NC_089046.1.g38780	NC_089046.1.g38476					2	0	
OG0039823			NC_089046.1.g38853					NC_089046.1.g39039	2	0	
OG0039824			NC_089046.1.g38872				NC_089046.1.g38832		2	0	
OG0039825			NC_089046.1.g38875		NC_089046.1.g39163				2	0	
OG0039826			NC_089046.1.g38884	NC_089037.1.g12848					2	0	
OG0039827			NC_089046.1.g39358				NC_089046.1.g39317		2	0	
OG0039828				NC_089035.1.g60		NC_089035.1.g65			2	0	
OG0039829				NC_089035.1.g106		NC_089035.1.g116			2	0	
OG0039830				NC_089035.1.g286		NC_089035.1.g290			2	0	
OG0039831				NC_089035.1.g290		NC_089035.1.g294			2	0	
OG0039832				NC_089035.1.g292		NC_089035.1.g296			2	0	
OG0039833				NC_089035.1.g337		NC_089035.1.g342			2	0	
OG0039834				NC_089035.1.g461		NC_089035.1.g471			2	0	
OG0039835				NC_089035.1.g469		NC_089035.1.g480			2	0	
OG0039836				NC_089035.1.g653		NC_089035.1.g666			2	0	
OG0039837				NC_089035.1.g667		NC_089035.1.g680			2	0	
OG0039838				NC_089035.1.g760		NC_089035.1.g770			2	0	
OG0039839				NC_089035.1.g872				NC_089035.1.g856	2	0	
OG0039840				NC_089035.1.g909		NC_089035.1.g921			2	0	
OG0039841				NC_089035.1.g925	NC_089035.1.g900				2	0	
OG0039842				NC_089035.1.g964		NC_089035.1.g978			2	0	
OG0039843				NC_089035.1.g1004		NC_089035.1.g1020			2	0	
OG0039844				NC_089035.1.g1068		NC_089035.1.g1086			2	0	
OG0039845				NC_089035.1.g1369		NC_089035.1.g1392			2	0	
OG0039846				NC_089035.1.g1599		NC_089035.1.g1633			2	0	
OG0039847				NC_089035.1.g1732		NC_089035.1.g1773			2	0	
OG0039848				NC_089035.1.g1735		NC_089035.1.g1776			2	0	
OG0039849				NC_089035.1.g1805		NC_089035.1.g1844			2	0	
OG0039850				NC_089035.1.g1960		NC_089035.1.g2007			2	0	
OG0039851				NC_089035.1.g1982				NC_089035.1.g1978	2	0	
OG0039852				NC_089035.1.g2033		NC_089035.1.g2080			2	0	
OG0039853				NC_089035.1.g2076		NC_089035.1.g2128			2	0	
OG0039854				NC_089035.1.g2196		NC_089035.1.g2246			2	0	
OG0039855				NC_089035.1.g2256		NC_089035.1.g2302			2	0	
OG0039856				NC_089035.1.g2638	NC_089035.1.g2657				2	0	
OG0039857				NC_089035.1.g2677		NC_089035.1.g2738			2	0	
OG0039858				NC_089035.1.g2846		NC_089035.1.g2912			2	0	
OG0039859				NC_089035.1.g2944		NC_089035.1.g3016			2	0	
OG0039860				NC_089035.1.g3031		NC_089035.1.g3107			2	0	
OG0039861				NC_089035.1.g3111		NC_089035.1.g3189			2	0	
OG0039862				NC_089035.1.g3121	NC_089035.1.g3163				2	0	
OG0039863				NC_089035.1.g3142		NC_089035.1.g3220			2	0	
OG0039864				NC_089035.1.g3299		NC_089046.1.g39032			2	0	
OG0039865				NC_089035.1.g3497		NC_089035.1.g3592			2	0	
OG0039866				NC_089035.1.g3596				NC_089035.1.g3631	2	0	
OG0039867				NC_089035.1.g3643		NC_089035.1.g3744			2	0	
OG0039868				NC_089035.1.g3744		NC_089035.1.g3849			2	0	
OG0039869				NC_089035.1.g3843		NC_089035.1.g3944			2	0	
OG0039870				NC_089035.1.g3902		NC_089035.1.g4007			2	0	
OG0039871				NC_089035.1.g4348	NC_089035.1.g4405				2	0	
OG0039872				NC_089035.1.g4349	NC_089035.1.g4406				2	0	
OG0039873				NC_089035.1.g4405		NC_089035.1.g4523			2	0	
OG0039874				NC_089035.1.g4826		NC_089035.1.g4946			2	0	
OG0039875				NC_089035.1.g5154		NC_089035.1.g5277			2	0	
OG0039876				NC_089036.1.g5537		NC_089036.1.g5667			2	0	
OG0039877				NC_089036.1.g5580		NC_089036.1.g5702			2	0	
OG0039878				NC_089036.1.g5864		NC_089036.1.g5982			2	0	
OG0039880				NC_089036.1.g6053		NC_089036.1.g6174			2	0	
OG0039881				NC_089036.1.g6142		NC_089036.1.g6267			2	0	
OG0039882				NC_089036.1.g6179		NC_089036.1.g6303			2	0	
OG0039883				NC_089036.1.g6199		NC_089036.1.g6325			2	0	
OG0039884				NC_089036.1.g6272	NC_089036.1.g6319				2	0	
OG0039885				NC_089036.1.g6289	NC_089036.1.g6335				2	0	
OG0039886				NC_089036.1.g6468		NC_089036.1.g6618			2	0	
OG0039887				NC_089036.1.g6512	NC_089036.1.g6565				2	0	
OG0039888				NC_089036.1.g6591	NC_089036.1.g6643				2	0	
OG0039889				NC_089036.1.g6784			NC_089036.1.g6808		2	0	
OG0039890				NC_089036.1.g6810		NC_089036.1.g6967			2	0	
OG0039892				NC_089036.1.g6870		NC_089036.1.g7022			2	0	
OG0039893				NC_089036.1.g7210		NC_089036.1.g7359			2	0	
OG0039894				NC_089036.1.g7212		NC_089036.1.g7361			2	0	
OG0039895				NC_089036.1.g7284		NC_089036.1.g7436			2	0	
OG0039896				NC_089036.1.g7332		NC_089036.1.g7486			2	0	
OG0039897				NC_089036.1.g7340		NC_089036.1.g7494			2	0	
OG0039898				NC_089036.1.g7501		NC_089036.1.g7651			2	0	
OG0039899				NC_089036.1.g7505		NC_089036.1.g7655			2	0	
OG0039900				NC_089036.1.g7597		NC_089036.1.g7751			2	0	
OG0039901				NC_089036.1.g7767		NC_089036.1.g7917			2	0	
OG0039902				NC_089036.1.g7774		NC_089036.1.g7923			2	0	
OG0039903				NC_089036.1.g7903				NC_089036.1.g7991	2	0	
OG0039904				NC_089036.1.g7917		NC_089036.1.g8076			2	0	
OG0039905				NC_089036.1.g7933		NC_089036.1.g8090			2	0	
OG0039906				NC_089036.1.g7937		NC_089036.1.g8093			2	0	
OG0039907				NC_089036.1.g7982		NC_089036.1.g8135			2	0	
OG0039908				NC_089036.1.g8025		NC_089036.1.g8177			2	0	
OG0039909				NC_089036.1.g8200		NC_089036.1.g8365			2	0	
OG0039910				NC_089036.1.g8353		NC_089036.1.g8517			2	0	
OG0039911				NC_089036.1.g8418		NC_089036.1.g8580			2	0	
OG0039912				NC_089036.1.g8559		NC_089037.1.g11899			2	0	
OG0039913				NC_089036.1.g8711		NC_089036.1.g8875			2	0	
OG0039914				NC_089036.1.g8873	NC_089042.1.g28178				2	0	
OG0039915				NC_089036.1.g8981			NC_089036.1.g9035		2	0	
OG0039916				NC_089037.1.g9500		NC_089037.1.g9662			2	0	
OG0039917				NC_089037.1.g9688		NC_089037.1.g9851			2	0	
OG0039918				NC_089037.1.g10522		NC_089037.1.g10701			2	0	
OG0039919				NC_089037.1.g10544		NC_089037.1.g10724			2	0	
OG0039920				NC_089037.1.g10648				NC_089037.1.g10741	2	0	
OG0039921				NC_089037.1.g10770		NC_089037.1.g10941			2	0	
OG0039922				NC_089037.1.g10869		NC_089037.1.g11042			2	0	
OG0039923				NC_089037.1.g10875		NC_089037.1.g11048			2	0	
OG0039924				NC_089037.1.g10998		NC_089037.1.g11170			2	0	
OG0039925				NC_089037.1.g11145	NC_089037.1.g11207				2	0	
OG0039926				NC_089037.1.g11512			NC_089039.1.g18794		2	0	
OG0039927				NC_089037.1.g11709		NC_089036.1.g8724			2	0	
OG0039928				NC_089037.1.g11721		NC_089037.1.g11911			2	0	
OG0039929				NC_089037.1.g11763		NC_089037.1.g11960			2	0	
OG0039930				NC_089037.1.g11909		NC_089037.1.g12101			2	0	
OG0039931				NC_089037.1.g11998				NC_089037.1.g12102	2	0	
OG0039932				NC_089037.1.g12177		NC_089037.1.g12381			2	0	
OG0039933				NC_089037.1.g12223		NC_089037.1.g12429			2	0	
OG0039934				NC_089037.1.g12257		NC_089037.1.g12464			2	0	
OG0039935				NC_089037.1.g12289		NC_089037.1.g12500			2	0	
OG0039936				NC_089037.1.g12307		NC_089037.1.g12518			2	0	
OG0039937				NC_089037.1.g12480	NC_089037.1.g12560				2	0	
OG0039938				NC_089037.1.g12530		NC_089037.1.g12739			2	0	
OG0039939				NC_089037.1.g12534		NC_089037.1.g12742			2	0	
OG0039940				NC_089037.1.g12582		NC_089037.1.g12789			2	0	
OG0039941				NC_089037.1.g12740	NC_089037.1.g12814				2	0	
OG0039942				NC_089037.1.g12741		NC_089037.1.g12945			2	0	
OG0039943				NC_089037.1.g12962		NC_089037.1.g13169			2	0	
OG0039944				NC_089037.1.g12992			NC_089037.1.g13052		2	0	
OG0039945				NC_089037.1.g13047		NC_089037.1.g13255			2	0	
OG0039946				NC_089037.1.g13184		NC_089037.1.g13395			2	0	
OG0039947				NC_089037.1.g13201		NC_089037.1.g13413			2	0	
OG0039949				NC_089037.1.g13807			NC_089037.1.g13863		2	0	
OG0039950				NC_089038.1.g14016				NC_089040.1.g22412	2	0	
OG0039951				NC_089038.1.g14061		NC_089038.1.g14281			2	0	
OG0039953				NC_089038.1.g14233		NC_089038.1.g14468			2	0	
OG0039954				NC_089038.1.g14244		NC_089038.1.g14479			2	0	
OG0039955				NC_089038.1.g14269		NC_089038.1.g14505			2	0	
OG0039956				NC_089038.1.g14311		NC_089038.1.g14548			2	0	
OG0039957				NC_089038.1.g14400		NC_089038.1.g14636			2	0	
OG0039958				NC_089038.1.g14496		NC_089038.1.g14741			2	0	
OG0039959				NC_089038.1.g14535		NC_089038.1.g14781			2	0	
OG0039960				NC_089038.1.g14562				NC_089038.1.g14695	2	0	
OG0039961				NC_089038.1.g14586		NC_089038.1.g14832			2	0	
OG0039962				NC_089038.1.g14588		NC_089038.1.g14833			2	0	
OG0039963				NC_089038.1.g14590		NC_089038.1.g14834			2	0	
OG0039964				NC_089038.1.g14592		NC_089038.1.g14836			2	0	
OG0039965				NC_089038.1.g14593		NC_089038.1.g14837			2	0	
OG0039966				NC_089038.1.g14644		NC_089038.1.g14894			2	0	
OG0039967				NC_089038.1.g14733			NC_089038.1.g14802		2	0	
OG0039968				NC_089038.1.g14829		NC_089038.1.g15079			2	0	
OG0039969				NC_089038.1.g14832		NC_089038.1.g15118			2	0	
OG0039970				NC_089038.1.g14918		NC_089038.1.g15166			2	0	
OG0039971				NC_089038.1.g14920		NC_089038.1.g15167			2	0	
OG0039973				NC_089038.1.g15111		NC_089038.1.g15358			2	0	
OG0039974				NC_089038.1.g15292		NC_089038.1.g15541			2	0	
OG0039975				NC_089038.1.g15319			NC_089038.1.g15391		2	0	
OG0039976				NC_089038.1.g15322	NC_089038.1.g15405				2	0	
OG0039977				NC_089038.1.g15371		NC_089038.1.g15619			2	0	
OG0039978				NC_089038.1.g15394		NC_089038.1.g15646			2	0	
OG0039979				NC_089038.1.g15501	NC_089038.1.g15587				2	0	
OG0039980				NC_089038.1.g15564		NC_089038.1.g15818			2	0	
OG0039981				NC_089038.1.g15913		NC_089038.1.g16176			2	0	
OG0039982				NC_089038.1.g15972				NC_089038.1.g14788	2	0	
OG0039983				NC_089038.1.g16236			NC_089038.1.g16332		2	0	
OG0039984				NC_089038.1.g16450				NC_089038.1.g16542	2	0	
OG0039985				NC_089038.1.g16503		NC_089038.1.g16777			2	0	
OG0039986				NC_089038.1.g16600	NC_089038.1.g16691				2	0	
OG0039987				NC_089038.1.g16825		NC_089038.1.g17109			2	0	
OG0039988				NC_089038.1.g16836				NC_089038.1.g16932	2	0	
OG0039989				NC_089038.1.g16922	NC_089038.1.g17016				2	0	
OG0039990				NC_089038.1.g17167		NC_089038.1.g17454			2	0	
OG0039991				NC_089038.1.g17331		NC_089038.1.g17616			2	0	
OG0039992				NC_089039.1.g17466		NC_089039.1.g17753			2	0	
OG0039993				NC_089039.1.g17472		NC_089039.1.g17760			2	0	
OG0039995				NC_089039.1.g17656			NC_089039.1.g17731		2	0	
OG0039996				NC_089039.1.g17698		NC_089039.1.g17995			2	0	
OG0039997				NC_089039.1.g17856		NC_089039.1.g18152			2	0	
OG0039999				NC_089039.1.g17927			NC_089039.1.g18010		2	0	
OG0040000				NC_089039.1.g17975	NC_089039.1.g18071				2	0	
OG0040001				NC_089039.1.g18027		NC_089039.1.g18333			2	0	
OG0040002				NC_089039.1.g18053		NC_089039.1.g18358			2	0	
OG0040003				NC_089039.1.g18088		NC_089039.1.g18395			2	0	
OG0040004				NC_089039.1.g18095		NC_089039.1.g18403			2	0	
OG0040005				NC_089039.1.g18100		NC_089039.1.g18408			2	0	
OG0040006				NC_089039.1.g18131			NC_089039.1.g18215		2	0	
OG0040007				NC_089039.1.g18190	NC_089039.1.g18298				2	0	
OG0040008				NC_089039.1.g18307		NC_089039.1.g18626			2	0	
OG0040009				NC_089039.1.g18308		NC_089039.1.g18627			2	0	
OG0040010				NC_089039.1.g18363			NC_089039.1.g18462		2	0	
OG0040011				NC_089039.1.g18635		NC_089039.1.g18960			2	0	
OG0040012				NC_089039.1.g18908		NC_089039.1.g19244			2	0	
OG0040013				NC_089039.1.g18930		NC_089039.1.g19265			2	0	
OG0040014				NC_089039.1.g18975		NC_089039.1.g19308			2	0	
OG0040015				NC_089039.1.g18992				NC_089039.1.g19104	2	0	
OG0040016				NC_089039.1.g19033		NC_089039.1.g19372			2	0	
OG0040017				NC_089039.1.g19035		NC_089039.1.g19374			2	0	
OG0040018				NC_089039.1.g19118		NC_089039.1.g19464			2	0	
OG0040019				NC_089039.1.g19155		NC_089039.1.g19502			2	0	
OG0040020				NC_089039.1.g19158		NC_089039.1.g19505			2	0	
OG0040021				NC_089039.1.g19292		NC_089039.1.g19635			2	0	
OG0040023				NC_089039.1.g19505		NC_089039.1.g19846			2	0	
OG0040024				NC_089039.1.g19727				NC_089039.1.g19826	2	0	
OG0040025				NC_089039.1.g19842				NC_089039.1.g19941	2	0	
OG0040026				NC_089039.1.g19985		NC_089039.1.g20332			2	0	
OG0040027				NC_089039.1.g20118		NC_089039.1.g20468			2	0	
OG0040028				NC_089039.1.g20317		NC_089039.1.g20660			2	0	
OG0040029				NC_089040.1.g20540	NC_089040.1.g20682				2	0	
OG0040030				NC_089040.1.g20586		NC_089040.1.g20933			2	0	
OG0040031				NC_089040.1.g20598			NC_089036.1.g7353		2	0	
OG0040032				NC_089040.1.g20718		NC_089040.1.g21060			2	0	
OG0040033				NC_089040.1.g21194		NC_089040.1.g21548			2	0	
OG0040034				NC_089040.1.g21279		NC_089040.1.g21637			2	0	
OG0040035				NC_089040.1.g21406		NC_089040.1.g21764			2	0	
OG0040036				NC_089040.1.g21409		NC_089040.1.g21767			2	0	
OG0040037				NC_089040.1.g21514		NC_089040.1.g21876			2	0	
OG0040038				NC_089040.1.g21515		NC_089040.1.g21877			2	0	
OG0040039				NC_089040.1.g21605			NC_089040.1.g21700		2	0	
OG0040040				NC_089040.1.g21669		NC_089040.1.g22050			2	0	
OG0040041				NC_089040.1.g21826	NC_089040.1.g22026				2	0	
OG0040042				NC_089040.1.g21909		NC_089040.1.g22305			2	0	
OG0040043				NC_089040.1.g21910		NC_089040.1.g22306			2	0	
OG0040044				NC_089040.1.g21957		NC_089040.1.g22358			2	0	
OG0040045				NC_089040.1.g22048		NC_089040.1.g22468			2	0	
OG0040046				NC_089040.1.g22168	NC_089040.1.g22397				2	0	
OG0040047				NC_089040.1.g22172				NC_089040.1.g22331	2	0	
OG0040048				NC_089040.1.g22230		NC_089040.1.g22675			2	0	
OG0040049				NC_089040.1.g22315		NC_089040.1.g22767			2	0	
OG0040050				NC_089040.1.g22331		NC_089040.1.g22787			2	0	
OG0040051				NC_089040.1.g22440	NC_089040.1.g22690				2	0	
OG0040052				NC_089040.1.g22572		NC_089040.1.g23040			2	0	
OG0040053				NC_089040.1.g22752		NC_089040.1.g23224			2	0	
OG0040054				NC_089040.1.g22783	NC_089040.1.g23046				2	0	
OG0040055				NC_089040.1.g22967	NC_089040.1.g23231				2	0	
OG0040056				NC_089040.1.g22989		NC_089040.1.g23468			2	0	
OG0040057				NC_089040.1.g23403		NC_089040.1.g23876			2	0	
OG0040058				NC_089041.1.g23789		NC_089041.1.g24247			2	0	
OG0040059				NC_089041.1.g23874				NC_089041.1.g24049	2	0	
OG0040060				NC_089041.1.g23902		NC_089041.1.g24369			2	0	
OG0040061				NC_089041.1.g24341		NC_089041.1.g24808			2	0	
OG0040062				NC_089041.1.g24521	NC_089046.1.g39386				2	0	
OG0040063				NC_089041.1.g24628	NC_089041.1.g24891				2	0	
OG0040064				NC_089041.1.g24754		NC_089041.1.g25230			2	0	
OG0040065				NC_089041.1.g24787		NC_089041.1.g25264			2	0	
OG0040066				NC_089041.1.g24790		NC_089041.1.g25267			2	0	
OG0040068				NC_089041.1.g24846		NC_089041.1.g25326			2	0	
OG0040069				NC_089041.1.g24891		NC_089041.1.g25374			2	0	
OG0040070				NC_089041.1.g24910		NC_089041.1.g25390			2	0	
OG0040071				NC_089041.1.g24946		NC_089041.1.g25426			2	0	
OG0040072				NC_089041.1.g24963		NC_089041.1.g25443			2	0	
OG0040073				NC_089041.1.g24975		NC_089041.1.g25457			2	0	
OG0040074				NC_089041.1.g24981			NC_089037.1.g11418		2	0	
OG0040075				NC_089041.1.g24991		NC_089041.1.g25475			2	0	
OG0040076				NC_089041.1.g25082		NC_089041.1.g25568			2	0	
OG0040077				NC_089041.1.g25106		NC_089041.1.g25590			2	0	
OG0040078				NC_089041.1.g25147		NC_089041.1.g25632			2	0	
OG0040079				NC_089041.1.g25178		NC_089041.1.g25667			2	0	
OG0040080				NC_089041.1.g25197			NC_089035.1.g1998		2	0	
OG0040081				NC_089041.1.g25369			NC_089041.1.g25493		2	0	
OG0040082				NC_089041.1.g25565		NC_089041.1.g26076			2	0	
OG0040083				NC_089041.1.g25577		NC_089041.1.g26091			2	0	
OG0040084				NC_089041.1.g25585		NC_089041.1.g26100			2	0	
OG0040085				NC_089041.1.g25591		NC_089041.1.g26106			2	0	
OG0040086				NC_089041.1.g25955		NC_089041.1.g26493			2	0	
OG0040087				NC_089041.1.g25977		NC_089041.1.g26514			2	0	
OG0040088				NC_089041.1.g26024		NC_089041.1.g26560			2	0	
OG0040089				NC_089041.1.g26028		NC_089041.1.g26565			2	0	
OG0040090				NC_089041.1.g26058		NC_089041.1.g26597			2	0	
OG0040091				NC_089041.1.g26079		NC_089041.1.g26617			2	0	
OG0040092				NC_089041.1.g26097	NC_089041.1.g26410				2	0	
OG0040093				NC_089041.1.g26102		NC_089041.1.g26637			2	0	
OG0040094				NC_089041.1.g26103		NC_089041.1.g26638			2	0	
OG0040095				NC_089041.1.g26221				NC_089041.1.g26466	2	0	
OG0040096				NC_089041.1.g26236		NC_089041.1.g26782			2	0	
OG0040097				NC_089041.1.g26666		NC_089041.1.g27221			2	0	
OG0040098				NC_089042.1.g27214		NC_089042.1.g27754			2	0	
OG0040099				NC_089042.1.g27270			NC_089042.1.g27427		2	0	
OG0040100				NC_089042.1.g27280			NC_089042.1.g27436		2	0	
OG0040101				NC_089042.1.g27281		NC_089042.1.g27818			2	0	
OG0040102				NC_089042.1.g27284		NC_089042.1.g27821			2	0	
OG0040103				NC_089042.1.g27304		NC_089042.1.g27840			2	0	
OG0040104				NC_089042.1.g27462		NC_089042.1.g28007			2	0	
OG0040105				NC_089042.1.g27593		NC_089042.1.g28138			2	0	
OG0040106				NC_089042.1.g27666			NC_089042.1.g27838		2	0	
OG0040108				NC_089042.1.g27966			NC_089042.1.g28153		2	0	
OG0040109				NC_089042.1.g27984			NC_089042.1.g28172		2	0	
OG0040110				NC_089042.1.g28032	NC_089042.1.g28386				2	0	
OG0040111				NC_089042.1.g28094		NC_089042.1.g28683			2	0	
OG0040112				NC_089042.1.g28151			NC_089042.1.g28345		2	0	
OG0040113				NC_089042.1.g28167	NC_089042.1.g28522				2	0	
OG0040114				NC_089042.1.g28291	NC_089042.1.g28652				2	0	
OG0040115				NC_089042.1.g28352				NC_089042.1.g28677	2	0	
OG0040116				NC_089042.1.g28358		NC_089042.1.g28955			2	0	
OG0040117				NC_089042.1.g28512		NC_089042.1.g29118			2	0	
OG0040118				NC_089042.1.g28524		NC_089042.1.g29128			2	0	
OG0040119				NC_089042.1.g28683			NC_089041.1.g24560		2	0	
OG0040120				NC_089042.1.g28728		NC_089042.1.g29335			2	0	
OG0040121				NC_089042.1.g28750		NC_089042.1.g29360			2	0	
OG0040122				NC_089042.1.g28791		NC_089044.1.g33257			2	0	
OG0040123				NC_089042.1.g29029				NC_089042.1.g29380	2	0	
OG0040124				NC_089042.1.g29062		NC_089042.1.g29695			2	0	
OG0040125				NC_089042.1.g29128		NC_089042.1.g29759			2	0	
OG0040126				NC_089042.1.g29292		NC_089042.1.g29932			2	0	
OG0040127				NC_089042.1.g29316		NC_089042.1.g29956			2	0	
OG0040128				NC_089042.1.g29479		NC_089042.1.g30122			2	0	
OG0040130				NC_089043.1.g29622	NC_089043.1.g29996				2	0	
OG0040131				NC_089043.1.g29627		NC_089043.1.g30279			2	0	
OG0040132				NC_089043.1.g29644		NC_089043.1.g30296			2	0	
OG0040133				NC_089043.1.g29649		NC_089043.1.g30303			2	0	
OG0040134				NC_089043.1.g29652		NC_089043.1.g30305			2	0	
OG0040135				NC_089043.1.g29683		NC_089043.1.g30336			2	0	
OG0040136				NC_089043.1.g29817		NC_089043.1.g30473			2	0	
OG0040137				NC_089043.1.g29822		NC_089043.1.g30478			2	0	
OG0040138				NC_089043.1.g29841		NC_089043.1.g30499			2	0	
OG0040139				NC_089043.1.g29850	NC_089043.1.g30219				2	0	
OG0040140				NC_089043.1.g29891		NC_089043.1.g30554			2	0	
OG0040141				NC_089043.1.g29959		NC_089043.1.g30622			2	0	
OG0040142				NC_089043.1.g30082		NC_089043.1.g30751			2	0	
OG0040143				NC_089043.1.g30179		NC_089043.1.g30856			2	0	
OG0040144				NC_089043.1.g30184				NC_089043.1.g30538	2	0	
OG0040145				NC_089043.1.g30214		NC_089043.1.g30888			2	0	
OG0040146				NC_089043.1.g30215		NC_089043.1.g30889			2	0	
OG0040147				NC_089043.1.g30221				NC_089043.1.g30569	2	0	
OG0040148				NC_089043.1.g30223		NC_089043.1.g30899			2	0	
OG0040149				NC_089043.1.g30224		NC_089043.1.g30901			2	0	
OG0040150				NC_089043.1.g30251	NC_089043.1.g30612				2	0	
OG0040151				NC_089043.1.g30278	NC_089043.1.g30638				2	0	
OG0040152				NC_089043.1.g30383		NC_089043.1.g31068			2	0	
OG0040153				NC_089043.1.g30384		NC_089043.1.g31069			2	0	
OG0040154				NC_089043.1.g30491		NC_089043.1.g31175			2	0	
OG0040155				NC_089043.1.g30596		NC_089043.1.g31299			2	0	
OG0040156				NC_089043.1.g30705	NC_089043.1.g31089				2	0	
OG0040157				NC_089043.1.g30886		NC_089043.1.g31596			2	0	
OG0040158				NC_089043.1.g31044	NC_089043.1.g31426				2	0	
OG0040159				NC_089043.1.g31126		NC_089043.1.g31830			2	0	
OG0040160				NC_089043.1.g31308		NC_089043.1.g32017			2	0	
OG0040161				NC_089043.1.g31595		NC_089043.1.g32303			2	0	
OG0040162				NC_089044.1.g31814		NC_089044.1.g32522			2	0	
OG0040163				NC_089044.1.g32158			NC_089044.1.g32359		2	0	
OG0040164				NC_089044.1.g32189			NC_089044.1.g32390		2	0	
OG0040165				NC_089044.1.g32222			NC_089044.1.g32432		2	0	
OG0040166				NC_089044.1.g32324			NC_089044.1.g32532		2	0	
OG0040167				NC_089044.1.g32353		NC_089044.1.g33101			2	0	
OG0040168				NC_089044.1.g32507			NC_089037.1.g12069		2	0	
OG0040169				NC_089044.1.g32684		NC_089044.1.g33431			2	0	
OG0040170				NC_089044.1.g32719	NC_089044.1.g33165				2	0	
OG0040171				NC_089044.1.g32835			NC_089044.1.g33031		2	0	
OG0040172				NC_089044.1.g32924		NC_089044.1.g33675			2	0	
OG0040173				NC_089044.1.g33043		NC_089044.1.g33806			2	0	
OG0040174				NC_089044.1.g33084		NC_089044.1.g33844			2	0	
OG0040175				NC_089044.1.g33085		NC_089044.1.g33845			2	0	
OG0040176				NC_089044.1.g33087		NC_089044.1.g33847			2	0	
OG0040177				NC_089044.1.g33118		NC_089044.1.g33881			2	0	
OG0040178				NC_089044.1.g33124		NC_089044.1.g33886			2	0	
OG0040179				NC_089044.1.g33136		NC_089044.1.g33896			2	0	
OG0040180				NC_089044.1.g33196		NC_089044.1.g33950			2	0	
OG0040181				NC_089044.1.g33197		NC_089044.1.g33951			2	0	
OG0040182				NC_089044.1.g33207		NC_089044.1.g33962			2	0	
OG0040183				NC_089044.1.g33303				NC_089044.1.g33715	2	0	
OG0040184				NC_089044.1.g33585		NC_089044.1.g34358			2	0	
OG0040185				NC_089044.1.g33770		NC_089044.1.g34552			2	0	
OG0040186				NC_089044.1.g33947		NC_089044.1.g34733			2	0	
OG0040187				NC_089045.1.g34091			NC_089045.1.g34313		2	0	
OG0040188				NC_089045.1.g34321		NC_089045.1.g35106			2	0	
OG0040189				NC_089045.1.g34431		NC_089045.1.g35212			2	0	
OG0040190				NC_089045.1.g34443		NC_089045.1.g35225			2	0	
OG0040191				NC_089045.1.g34637		NC_089045.1.g35408			2	0	
OG0040192				NC_089045.1.g34770		NC_089045.1.g35540			2	0	
OG0040193				NC_089045.1.g34831	NC_089045.1.g35289				2	0	
OG0040194				NC_089045.1.g34897			NC_089045.1.g35113		2	0	
OG0040195				NC_089045.1.g35040				NC_089045.1.g35482	2	0	
OG0040196				NC_089045.1.g35058	NC_089045.1.g35521				2	0	
OG0040197				NC_089045.1.g35136		NC_089045.1.g35934			2	0	
OG0040198				NC_089045.1.g35179		NC_089045.1.g35981			2	0	
OG0040199				NC_089045.1.g35213				NC_089045.1.g35663	2	0	
OG0040200				NC_089045.1.g35298		NC_089045.1.g36104			2	0	
OG0040201				NC_089045.1.g35415		NC_089045.1.g36225			2	0	
OG0040202				NC_089045.1.g35431		NC_089045.1.g36241			2	0	
OG0040203				NC_089045.1.g35462			NC_089045.1.g35662		2	0	
OG0040204				NC_089045.1.g35624				NC_089037.1.g11208	2	0	
OG0040205				NC_089045.1.g35639				NC_089045.1.g36076	2	0	
OG0040206				NC_089045.1.g35656		NC_089045.1.g36476			2	0	
OG0040207				NC_089045.1.g35663	NC_089045.1.g36141				2	0	
OG0040208				NC_089045.1.g35766		NC_089045.1.g36587			2	0	
OG0040209				NC_089045.1.g35864		NC_089045.1.g36694			2	0	
OG0040210				NC_089045.1.g35865		NC_089045.1.g36695			2	0	
OG0040211				NC_089045.1.g35936		NC_089045.1.g36764			2	0	
OG0040212				NC_089045.1.g36012		NC_089045.1.g36843			2	0	
OG0040213				NC_089045.1.g36052		NC_089045.1.g36887			2	0	
OG0040214				NC_089045.1.g36087		NC_089045.1.g36924			2	0	
OG0040215				NC_089045.1.g36107		NC_089045.1.g36944			2	0	
OG0040216				NC_089045.1.g36116		NC_089045.1.g36954			2	0	
OG0040217				NC_089045.1.g36134		NC_089045.1.g36970			2	0	
OG0040218				NC_089045.1.g36173		NC_089045.1.g37011			2	0	
OG0040219				NC_089045.1.g36390		NC_089045.1.g37247			2	0	
OG0040220				NC_089045.1.g36565	NC_089045.1.g37087				2	0	
OG0040221				NC_089045.1.g36666			NC_089045.1.g36939		2	0	
OG0040222				NC_089046.1.g36782		NC_089046.1.g37677			2	0	
OG0040223				NC_089046.1.g37063		NC_089046.1.g37958			2	0	
OG0040224				NC_089046.1.g37086				NC_089046.1.g37560	2	0	
OG0040225				NC_089046.1.g37135		NC_089046.1.g38029			2	0	
OG0040226				NC_089046.1.g37453		NC_089046.1.g38367			2	0	
OG0040227				NC_089046.1.g37576		NC_089046.1.g38490			2	0	
OG0040228				NC_089046.1.g37603		NC_089046.1.g38515			2	0	
OG0040229				NC_089046.1.g37619		NC_089046.1.g38535			2	0	
OG0040230				NC_089046.1.g37994		NC_089046.1.g38917			2	0	
OG0040231				NC_089046.1.g38033		NC_089046.1.g38957			2	0	
OG0040232				NC_089046.1.g38038				NC_089046.1.g38513	2	0	
OG0040233				NC_089046.1.g38107		NC_089046.1.g39039			2	0	
OG0040234				NC_089046.1.g38118		NC_089046.1.g39050			2	0	
OG0040235				NC_089046.1.g38263		NC_089046.1.g39198			2	0	
OG0040236				NC_089046.1.g38569				NC_089046.1.g39058	2	0	
OG0040237				NC_089046.1.g38705		NC_089046.1.g39669			2	0	
OG0040238				NC_089046.1.g38706	NC_089046.1.g39306				2	0	
OG0040239				NC_089046.1.g38768		NC_089046.1.g39732			2	0	
OG0040240				NC_089046.1.g39128			NC_089046.1.g39400		2	0	
OG0040241					NC_089035.1.g316			NC_089035.1.g323	2	0	
OG0040242					NC_089035.1.g349	NC_089035.1.g363			2	0	
OG0040243					NC_089035.1.g733	NC_089035.1.g768			2	0	
OG0040244					NC_089035.1.g942			NC_089035.1.g942	2	0	
OG0040245					NC_089035.1.g1336			NC_089035.1.g1333	2	0	
OG0040246					NC_089035.1.g1459			NC_089035.1.g1458	2	0	
OG0040247					NC_089035.1.g1462			NC_089035.1.g1461	2	0	
OG0040248					NC_089035.1.g1638	NC_089035.1.g1676			2	0	
OG0040249					NC_089035.1.g1789		NC_089045.1.g35311		2	0	
OG0040250					NC_089035.1.g1900	NC_089043.1.g31449			2	0	
OG0040251					NC_089035.1.g1970		NC_089035.1.g1950		2	0	
OG0040252					NC_089035.1.g2038		NC_089035.1.g2021		2	0	
OG0040253					NC_089035.1.g2073	NC_089035.1.g2118			2	0	
OG0040255					NC_089035.1.g2307		NC_089035.1.g2296		2	0	
OG0040256					NC_089035.1.g2544	NC_089035.1.g2592			2	0	
OG0040257					NC_089035.1.g2549	NC_089035.1.g2599			2	0	
OG0040258					NC_089035.1.g2590		NC_089035.1.g2591		2	0	
OG0040259					NC_089035.1.g2598			NC_089035.1.g2577	2	0	
OG0040260					NC_089035.1.g2599			NC_089035.1.g2578	2	0	
OG0040261					NC_089035.1.g2757	NC_089035.1.g2795			2	0	
OG0040262					NC_089035.1.g2866			NC_089035.1.g2844	2	0	
OG0040263					NC_089035.1.g3435		NC_089035.1.g3423		2	0	
OG0040264					NC_089035.1.g3673	NC_089035.1.g3724			2	0	
OG0040266					NC_089035.1.g5032			NC_089035.1.g5013	2	0	
OG0040267					NC_089035.1.g5138		NC_089035.1.g5104		2	0	
OG0040268					NC_089035.1.g5146		NC_089036.1.g7460		2	0	
OG0040269					NC_089036.1.g5321		NC_089036.1.g5282		2	0	
OG0040270					NC_089036.1.g5343			NC_089036.1.g5316	2	0	
OG0040271					NC_089036.1.g5937			NC_089036.1.g5946	2	0	
OG0040272					NC_089036.1.g5951		NC_089036.1.g5916		2	0	
OG0040273					NC_089036.1.g6109	NC_089036.1.g6180			2	0	
OG0040274					NC_089036.1.g6153		NC_089036.1.g6114		2	0	
OG0040275					NC_089036.1.g6472	NC_089036.1.g6567			2	0	
OG0040276					NC_089036.1.g6613			NC_089036.1.g6631	2	0	
OG0040277					NC_089036.1.g6646			NC_089036.1.g6667	2	0	
OG0040278					NC_089036.1.g6704		NC_089036.1.g6674		2	0	
OG0040279					NC_089036.1.g6753			NC_089036.1.g6774	2	0	
OG0040280					NC_089036.1.g6805			NC_089036.1.g6828	2	0	
OG0040281					NC_089036.1.g6841	NC_089036.1.g8357			2	0	
OG0040282					NC_089036.1.g7113			NC_089036.1.g7135	2	0	
OG0040283					NC_089036.1.g7197			NC_089036.1.g7213	2	0	
OG0040284					NC_089036.1.g7338			NC_089036.1.g7355	2	0	
OG0040285					NC_089036.1.g7407			NC_089036.1.g7423	2	0	
OG0040286					NC_089036.1.g7422		NC_089036.1.g7406		2	0	
OG0040287					NC_089036.1.g8022		NC_089036.1.g8024		2	0	
OG0040288					NC_089036.1.g8114		NC_089036.1.g8110		2	0	
OG0040289					NC_089036.1.g9155		NC_089036.1.g9144		2	0	
OG0040290					NC_089037.1.g10458		NC_089037.1.g10458		2	0	
OG0040291					NC_089037.1.g10472			NC_089037.1.g10507	2	0	
OG0040292					NC_089037.1.g10755			NC_089037.1.g10792	2	0	
OG0040293					NC_089037.1.g11085		NC_089037.1.g11080		2	0	
OG0040294					NC_089037.1.g11197	NC_089037.1.g11314			2	0	
OG0040295					NC_089037.1.g11416			NC_089037.1.g11458	2	0	
OG0040296					NC_089037.1.g11495		NC_089037.1.g11474		2	0	
OG0040297					NC_089037.1.g11525		NC_089037.1.g11504		2	0	
OG0040298					NC_089037.1.g11806		NC_089037.1.g11777		2	0	
OG0040299					NC_089037.1.g11816	NC_089035.1.g477			2	0	
OG0040300					NC_089037.1.g11873			NC_089037.1.g11915	2	0	
OG0040301					NC_089037.1.g12225		NC_089037.1.g12177		2	0	
OG0040302					NC_089037.1.g12244		NC_089037.1.g12198		2	0	
OG0040303					NC_089037.1.g12553			NC_089037.1.g12595	2	0	
OG0040304					NC_089037.1.g12689		NC_089037.1.g12672		2	0	
OG0040305					NC_089037.1.g12699		NC_089037.1.g12681		2	0	
OG0040306					NC_089037.1.g12704		NC_089037.1.g12686		2	0	
OG0040307					NC_089037.1.g12706		NC_089037.1.g12688		2	0	
OG0040308					NC_089037.1.g12725		NC_089037.1.g12707		2	0	
OG0040309					NC_089037.1.g12796		NC_089037.1.g12781		2	0	
OG0040310					NC_089037.1.g13415		NC_089037.1.g13404		2	0	
OG0040311					NC_089037.1.g13498		NC_089037.1.g13484		2	0	
OG0040312					NC_089037.1.g13829		NC_089037.1.g13823		2	0	
OG0040313					NC_089038.1.g14064	NC_089038.1.g14232			2	0	
OG0040314					NC_089038.1.g14085			NC_089038.1.g14151	2	0	
OG0040315					NC_089038.1.g14191	NC_089038.1.g14358			2	0	
OG0040316					NC_089038.1.g14239		NC_089038.1.g14236		2	0	
OG0040317					NC_089038.1.g14240		NC_089038.1.g14237		2	0	
OG0040318					NC_089038.1.g14308		NC_089038.1.g14312		2	0	
OG0040319					NC_089038.1.g14319		NC_089038.1.g14321		2	0	
OG0040320					NC_089038.1.g14320		NC_089038.1.g14322		2	0	
OG0040321					NC_089038.1.g14422			NC_089038.1.g14485	2	0	
OG0040322					NC_089038.1.g14555		NC_089038.1.g14553		2	0	
OG0040323					NC_089038.1.g14653			NC_089038.1.g14713	2	0	
OG0040324					NC_089038.1.g14693		NC_089038.1.g14690		2	0	
OG0040325					NC_089038.1.g14699		NC_089038.1.g14696		2	0	
OG0040326					NC_089038.1.g14797			NC_089038.1.g14852	2	0	
OG0040327					NC_089038.1.g14837	NC_089043.1.g31367			2	0	
OG0040328					NC_089038.1.g15060		NC_089038.1.g15065		2	0	
OG0040329					NC_089038.1.g15106		NC_089038.1.g15109		2	0	
OG0040330					NC_089038.1.g15110		NC_089038.1.g15111		2	0	
OG0040331					NC_089038.1.g15304		NC_089038.1.g15302		2	0	
OG0040332					NC_089038.1.g15540			NC_089038.1.g15553	2	0	
OG0040333					NC_089038.1.g15620	NC_089038.1.g15788			2	0	
OG0040334					NC_089038.1.g15727			NC_089038.1.g15731	2	0	
OG0040335					NC_089038.1.g15743			NC_089038.1.g15747	2	0	
OG0040337					NC_089038.1.g16461			NC_089038.1.g16472	2	0	
OG0040338					NC_089038.1.g16917		NC_089038.1.g16905		2	0	
OG0040339					NC_089038.1.g16988			NC_089038.1.g16990	2	0	
OG0040340					NC_089038.1.g17424			NC_089038.1.g17436	2	0	
OG0040341					NC_089039.1.g17606		NC_089039.1.g17598		2	0	
OG0040342					NC_089039.1.g17616		NC_089039.1.g17608		2	0	
OG0040343					NC_089039.1.g17775	NC_089039.1.g17984			2	0	
OG0040344					NC_089039.1.g17776			NC_089039.1.g17791	2	0	
OG0040345					NC_089039.1.g18013	NC_089039.1.g18226			2	0	
OG0040346					NC_089039.1.g18015	NC_089039.1.g18228			2	0	
OG0040347					NC_089039.1.g18022	NC_089039.1.g18235			2	0	
OG0040348					NC_089039.1.g18342			NC_089039.1.g18340	2	0	
OG0040349					NC_089039.1.g18507		NC_089039.1.g18490		2	0	
OG0040350					NC_089039.1.g18780		NC_089039.1.g18758		2	0	
OG0040351					NC_089039.1.g18827		NC_089039.1.g18809		2	0	
OG0040352					NC_089039.1.g18866		NC_089039.1.g18843		2	0	
OG0040353					NC_089039.1.g18901		NC_089039.1.g18880		2	0	
OG0040354					NC_089039.1.g18947	NC_089039.1.g19157			2	0	
OG0040355					NC_089039.1.g19030			NC_089039.1.g19023	2	0	
OG0040356					NC_089039.1.g19094		NC_089039.1.g19081		2	0	
OG0040357					NC_089039.1.g19320			NC_089039.1.g19307	2	0	
OG0040358					NC_089039.1.g19569		NC_089039.1.g19536		2	0	
OG0040360					NC_089039.1.g19689			NC_089039.1.g19673	2	0	
OG0040361					NC_089039.1.g20534		NC_089039.1.g20464		2	0	
OG0040362					NC_089040.1.g21128	NC_089040.1.g21327			2	0	
OG0040363					NC_089040.1.g21305	NC_089040.1.g21510			2	0	
OG0040364					NC_089040.1.g21342		NC_089040.1.g21262		2	0	
OG0040365					NC_089040.1.g21437			NC_089040.1.g21384	2	0	
OG0040366					NC_089040.1.g21581			NC_089040.1.g21526	2	0	
OG0040367					NC_089040.1.g21655	NC_089040.1.g21856			2	0	
OG0040368					NC_089040.1.g21669			NC_089040.1.g21613	2	0	
OG0040369					NC_089040.1.g21808		NC_089040.1.g21722		2	0	
OG0040370					NC_089040.1.g21924		NC_089040.1.g21830		2	0	
OG0040371					NC_089040.1.g21981	NC_089040.1.g22184			2	0	
OG0040372					NC_089040.1.g22014	NC_089040.1.g22214			2	0	
OG0040373					NC_089040.1.g22047	NC_089040.1.g22243			2	0	
OG0040374					NC_089040.1.g22085	NC_089040.1.g22287			2	0	
OG0040375					NC_089040.1.g22089	NC_089040.1.g22290			2	0	
OG0040376					NC_089040.1.g22244		NC_089040.1.g22139		2	0	
OG0040377					NC_089040.1.g22269			NC_089035.1.g4595	2	0	
OG0040378					NC_089040.1.g22447	NC_089040.1.g22652			2	0	
OG0040379					NC_089040.1.g22457			NC_089040.1.g22385	2	0	
OG0040380					NC_089040.1.g22513			NC_089040.1.g22436	2	0	
OG0040381					NC_089040.1.g22765			NC_089040.1.g22685	2	0	
OG0040382					NC_089040.1.g22772		NC_089040.1.g22647		2	0	
OG0040383					NC_089040.1.g22799		NC_089040.1.g22674		2	0	
OG0040384					NC_089040.1.g22828	NC_089040.1.g23039			2	0	
OG0040385					NC_089040.1.g22933			NC_089040.1.g22856	2	0	
OG0040386					NC_089040.1.g22948		NC_089040.1.g22833		2	0	
OG0040387					NC_089040.1.g22967	NC_089040.1.g23180			2	0	
OG0040388					NC_089040.1.g22977	NC_089040.1.g23185			2	0	
OG0040389					NC_089040.1.g23073	NC_089040.1.g23284			2	0	
OG0040390					NC_089040.1.g23087	NC_089040.1.g23300			2	0	
OG0040391					NC_089040.1.g23250			NC_089040.1.g23169	2	0	
OG0040392					NC_089040.1.g23310	NC_089040.1.g23526			2	0	
OG0040393					NC_089040.1.g23531			NC_089040.1.g23452	2	0	
OG0040394					NC_089040.1.g23686		NC_089040.1.g23566		2	0	
OG0040395					NC_089040.1.g23928			NC_089040.1.g23854	2	0	
OG0040396					NC_089041.1.g24049		NC_089041.1.g23922		2	0	
OG0040397					NC_089041.1.g24092			NC_089041.1.g24009	2	0	
OG0040398					NC_089041.1.g24702			NC_089041.1.g24614	2	0	
OG0040399					NC_089041.1.g25025		NC_089041.1.g24881		2	0	
OG0040400					NC_089041.1.g25084		NC_089041.1.g24943		2	0	
OG0040401					NC_089041.1.g25086	NC_089041.1.g25295			2	0	
OG0040402					NC_089041.1.g25107			NC_089041.1.g25016	2	0	
OG0040403					NC_089041.1.g25136		NC_089041.1.g24998		2	0	
OG0040404					NC_089041.1.g25169			NC_089041.1.g25082	2	0	
OG0040405					NC_089041.1.g25179			NC_089041.1.g25093	2	0	
OG0040406					NC_089041.1.g25193			NC_089041.1.g25106	2	0	
OG0040407					NC_089041.1.g25247	NC_089041.1.g25462			2	0	
OG0040408					NC_089041.1.g25538			NC_089041.1.g25461	2	0	
OG0040409					NC_089041.1.g25999	NC_089041.1.g26203			2	0	
OG0040410					NC_089041.1.g26259			NC_089041.1.g26179	2	0	
OG0040411					NC_089041.1.g26488			NC_089041.1.g26418	2	0	
OG0040412					NC_089041.1.g26602			NC_089041.1.g26531	2	0	
OG0040413					NC_089041.1.g26779		NC_089041.1.g26624		2	0	
OG0040414					NC_089041.1.g26973			NC_089043.1.g30376	2	0	
OG0040415					NC_089042.1.g27699			NC_089042.1.g27660	2	0	
OG0040416					NC_089042.1.g27903			NC_089042.1.g27863	2	0	
OG0040417					NC_089042.1.g27919		NC_089042.1.g27790		2	0	
OG0040418					NC_089042.1.g27970	NC_089042.1.g28224			2	0	
OG0040419					NC_089042.1.g28006			NC_089042.1.g27954	2	0	
OG0040420					NC_089042.1.g28046			NC_089042.1.g27994	2	0	
OG0040421					NC_089042.1.g28068	NC_089042.1.g28314			2	0	
OG0040422					NC_089042.1.g28109	NC_089042.1.g28354			2	0	
OG0040423					NC_089042.1.g28229			NC_089042.1.g28178	2	0	
OG0040424					NC_089042.1.g28254		NC_089042.1.g28102		2	0	
OG0040425					NC_089042.1.g28313	NC_089042.1.g28541			2	0	
OG0040426					NC_089042.1.g28338	NC_089042.1.g28567			2	0	
OG0040427					NC_089042.1.g28369		NC_089042.1.g28208		2	0	
OG0040428					NC_089042.1.g28544		NC_089042.1.g28383		2	0	
OG0040429					NC_089042.1.g28894		NC_089042.1.g28751		2	0	
OG0040430					NC_089042.1.g28947			NC_089042.1.g28925	2	0	
OG0040431					NC_089042.1.g29004		NC_089042.1.g28858		2	0	
OG0040432					NC_089042.1.g29384			NC_089042.1.g29357	2	0	
OG0040433					NC_089042.1.g29793	NC_089042.1.g30075			2	0	
OG0040434					NC_089042.1.g29881		NC_089042.1.g29722		2	0	
OG0040435					NC_089043.1.g29914		NC_089043.1.g29751		2	0	
OG0040436					NC_089043.1.g29959	NC_089043.1.g30239			2	0	
OG0040438					NC_089043.1.g30023		NC_089043.1.g29846		2	0	
OG0040439					NC_089043.1.g30114			NC_089043.1.g30112	2	0	
OG0040440					NC_089043.1.g30157		NC_089043.1.g29986		2	0	
OG0040441					NC_089043.1.g30211	NC_089043.1.g30502			2	0	
OG0040442					NC_089043.1.g30320	NC_089043.1.g30625			2	0	
OG0040443					NC_089043.1.g30403			NC_089043.1.g30400	2	0	
OG0040444					NC_089043.1.g30460			NC_089043.1.g30454	2	0	
OG0040445					NC_089043.1.g30646			NC_089043.1.g30641	2	0	
OG0040446					NC_089043.1.g30987		NC_089043.1.g30790		2	0	
OG0040447					NC_089043.1.g31163			NC_089043.1.g31135	2	0	
OG0040448					NC_089043.1.g31711			NC_089043.1.g31691	2	0	
OG0040449					NC_089043.1.g32019		NC_089043.1.g31802		2	0	
OG0040450					NC_089044.1.g32331		NC_089044.1.g32102		2	0	
OG0040452					NC_089044.1.g32471			NC_089044.1.g32435	2	0	
OG0040454					NC_089044.1.g32872			NC_089044.1.g32833	2	0	
OG0040455					NC_089044.1.g32906	NC_089044.1.g33223			2	0	
OG0040456					NC_089044.1.g32993			NC_089044.1.g32953	2	0	
OG0040457					NC_089044.1.g33041			NC_089044.1.g32999	2	0	
OG0040458					NC_089044.1.g33075		NC_089044.1.g32823		2	0	
OG0040459					NC_089044.1.g33088			NC_089044.1.g33041	2	0	
OG0040460					NC_089044.1.g33098			NC_089044.1.g33050	2	0	
OG0040461					NC_089044.1.g33172		NC_089044.1.g32917		2	0	
OG0040462					NC_089044.1.g33184	NC_089044.1.g33482			2	0	
OG0040463					NC_089044.1.g33498			NC_089044.1.g33469	2	0	
OG0040464					NC_089044.1.g33690		NC_089044.1.g33445		2	0	
OG0040465					NC_089044.1.g33708		NC_089044.1.g33462		2	0	
OG0040466					NC_089044.1.g33803		NC_089044.1.g33557		2	0	
OG0040467					NC_089044.1.g33856			NC_089044.1.g33824	2	0	
OG0040468					NC_089044.1.g33857			NC_089044.1.g33825	2	0	
OG0040469					NC_089044.1.g33909		NC_089044.1.g33666		2	0	
OG0040470					NC_089044.1.g34340		NC_089044.1.g34104		2	0	
OG0040471					NC_089045.1.g35019		NC_089045.1.g34772		2	0	
OG0040472					NC_089045.1.g35175		NC_089045.1.g34942		2	0	
OG0040473					NC_089045.1.g35176		NC_089045.1.g34943		2	0	
OG0040474					NC_089045.1.g35177		NC_089045.1.g34944		2	0	
OG0040475					NC_089045.1.g35358		NC_089046.1.g38883		2	0	
OG0040476					NC_089045.1.g35548		NC_089037.1.g12658		2	0	
OG0040477					NC_089045.1.g35593	NC_089045.1.g35919			2	0	
OG0040478					NC_089045.1.g35683			NC_089045.1.g35655	2	0	
OG0040479					NC_089045.1.g35901	NC_089045.1.g36245			2	0	
OG0040480					NC_089045.1.g36023	NC_089045.1.g36366			2	0	
OG0040481					NC_089045.1.g36067	NC_089045.1.g36412			2	0	
OG0040482					NC_089045.1.g36094		NC_089036.1.g5437		2	0	
OG0040483					NC_089045.1.g36140		NC_089045.1.g35866		2	0	
OG0040484					NC_089045.1.g36181	NC_089045.1.g36524			2	0	
OG0040485					NC_089045.1.g36190	NC_089045.1.g36533			2	0	
OG0040486					NC_089045.1.g36290			NC_089045.1.g36242	2	0	
OG0040487					NC_089045.1.g36534		NC_089045.1.g36228		2	0	
OG0040488					NC_089045.1.g36977		NC_089045.1.g36691		2	0	
OG0040489					NC_089045.1.g37158	NC_089045.1.g37507			2	0	
OG0040490					NC_089046.1.g37399			NC_089046.1.g37328	2	0	
OG0040491					NC_089046.1.g37737			NC_089046.1.g37666	2	0	
OG0040492					NC_089046.1.g37767		NC_089046.1.g37484		2	0	
OG0040493					NC_089046.1.g37785		NC_089046.1.g37502		2	0	
OG0040494					NC_089046.1.g37787		NC_089046.1.g37504		2	0	
OG0040495					NC_089046.1.g37796		NC_089046.1.g37513		2	0	
OG0040496					NC_089046.1.g37836		NC_089046.1.g37553		2	0	
OG0040497					NC_089046.1.g37968		NC_089046.1.g37676		2	0	
OG0040498					NC_089046.1.g38029			NC_089046.1.g37947	2	0	
OG0040499					NC_089046.1.g38077	NC_089042.1.g30085			2	0	
OG0040500					NC_089046.1.g38123		NC_089046.1.g37835		2	0	
OG0040501					NC_089046.1.g38195		NC_089046.1.g37898		2	0	
OG0040502					NC_089046.1.g38301	NC_089039.1.g19764			2	0	
OG0040503					NC_089046.1.g38312			NC_089046.1.g38222	2	0	
OG0040504					NC_089046.1.g38325			NC_089046.1.g38236	2	0	
OG0040505					NC_089046.1.g38458			NC_089046.1.g38359	2	0	
OG0040506					NC_089046.1.g38475			NC_089046.1.g38372	2	0	
OG0040507					NC_089046.1.g38516			NC_089046.1.g38411	2	0	
OG0040508					NC_089046.1.g38616			NC_089046.1.g38505	2	0	
OG0040509					NC_089046.1.g38660	NC_089035.1.g1833			2	0	
OG0040510					NC_089046.1.g38699	NC_089046.1.g39043			2	0	
OG0040511					NC_089046.1.g38806			NC_089046.1.g38702	2	0	
OG0040512					NC_089046.1.g38912			NC_089046.1.g38809	2	0	
OG0040513					NC_089046.1.g38958		NC_089037.1.g10618		2	0	
OG0040514					NC_089046.1.g38981		NC_089046.1.g38650		2	0	
OG0040515					NC_089046.1.g39079	NC_089046.1.g39439			2	0	
OG0040516					NC_089046.1.g39216			NC_089046.1.g39112	2	0	
OG0040517					NC_089046.1.g39218			NC_089046.1.g39114	2	0	
OG0040518					NC_089046.1.g39305		NC_089046.1.g38976		2	0	
OG0040519					NC_089046.1.g39363		NC_089046.1.g39034		2	0	
OG0040520					NC_089046.1.g39402			NC_089046.1.g39298	2	0	
OG0040521					NC_089046.1.g39490		NC_089046.1.g39157		2	0	
OG0040522						NC_089035.1.g307		NC_089035.1.g293	2	0	
OG0040523						NC_089035.1.g842		NC_089035.1.g812	2	0	
OG0040525						NC_089035.1.g2129		NC_089035.1.g2068	2	0	
OG0040526						NC_089035.1.g3160	NC_089035.1.g3109		2	0	
OG0040527						NC_089035.1.g3253	NC_089035.1.g3204		2	0	
OG0040529						NC_089035.1.g4299		NC_089035.1.g4219	2	0	
OG0040530						NC_089035.1.g4653	NC_089035.1.g4573		2	0	
OG0040532						NC_089036.1.g6070	NC_089036.1.g5972		2	0	
OG0040534						NC_089036.1.g6894		NC_089036.1.g6815	2	0	
OG0040535						NC_089036.1.g7216	NC_089036.1.g7097		2	0	
OG0040536						NC_089036.1.g7924	NC_089036.1.g7824		2	0	
OG0040537						NC_089036.1.g8017		NC_089036.1.g7944	2	0	
OG0040538						NC_089036.1.g9459		NC_089036.1.g9358	2	0	
OG0040539						NC_089037.1.g9826		NC_089036.1.g7976	2	0	
OG0040540						NC_089037.1.g10054	NC_089037.1.g9921		2	0	
OG0040541						NC_089037.1.g11355	NC_089037.1.g11227		2	0	
OG0040542						NC_089037.1.g11710		NC_089042.1.g28850	2	0	
OG0040543						NC_089037.1.g11831		NC_089037.1.g11763	2	0	
OG0040545						NC_089037.1.g12991	NC_089037.1.g12842		2	0	
OG0040546						NC_089037.1.g13003	NC_089037.1.g12854		2	0	
OG0040547						NC_089037.1.g13436		NC_089037.1.g13336	2	0	
OG0040548						NC_089037.1.g13906	NC_089037.1.g13742		2	0	
OG0040550						NC_089038.1.g14165		NC_089038.1.g14054	2	0	
OG0040551						NC_089038.1.g14265		NC_089038.1.g14160	2	0	
OG0040552						NC_089038.1.g14318	NC_089038.1.g14154		2	0	
OG0040553						NC_089038.1.g14617		NC_089038.1.g14513	2	0	
OG0040554						NC_089038.1.g14658	NC_089038.1.g14488		2	0	
OG0040555						NC_089038.1.g16430	NC_089038.1.g16251		2	0	
OG0040557						NC_089038.1.g16727		NC_089037.1.g12646	2	0	
OG0040558						NC_089039.1.g17926		NC_089039.1.g17728	2	0	
OG0040559						NC_089039.1.g18705		NC_089039.1.g18512	2	0	
OG0040560						NC_089039.1.g18891		NC_089039.1.g18691	2	0	
OG0040561						NC_089039.1.g19413	NC_089039.1.g19182		2	0	
OG0040562						NC_089039.1.g20128		NC_089039.1.g19885	2	0	
OG0040566						NC_089040.1.g22088		NC_089040.1.g21830	2	0	
OG0040568						NC_089040.1.g22645		NC_089040.1.g22370	2	0	
OG0040569						NC_089040.1.g22781	NC_089040.1.g22460		2	0	
OG0040570						NC_089040.1.g23447		NC_089040.1.g23156	2	0	
OG0040571						NC_089040.1.g23727	NC_089040.1.g23393		2	0	
OG0040572						NC_089040.1.g23945	NC_089040.1.g23610		2	0	
OG0040573						NC_089041.1.g25204	NC_089041.1.g24858		2	0	
OG0040574						NC_089041.1.g25818		NC_089041.1.g25527	2	0	
OG0040575						NC_089041.1.g25898	NC_089041.1.g25517		2	0	
OG0040576						NC_089041.1.g26247		NC_089041.1.g25961	2	0	
OG0040577						NC_089042.1.g28447		NC_089042.1.g28166	2	0	
OG0040578						NC_089042.1.g28889	NC_089042.1.g28490		2	0	
OG0040579						NC_089042.1.g29837		NC_089042.1.g29550	2	0	
OG0040580						NC_089043.1.g30220	NC_089043.1.g29771		2	0	
OG0040581						NC_089043.1.g30323		NC_089036.1.g8877	2	0	
OG0040582						NC_089043.1.g30626	NC_089039.1.g18770		2	0	
OG0040583						NC_089044.1.g32676	NC_089044.1.g32156		2	0	
OG0040584						NC_089044.1.g32780		NC_089044.1.g32451	2	0	
OG0040585						NC_089044.1.g32921		NC_089044.1.g32589	2	0	
OG0040586						NC_089044.1.g32974	NC_089044.1.g32436		2	0	
OG0040587						NC_089044.1.g33024		NC_089044.1.g32680	2	0	
OG0040589						NC_089044.1.g33386	NC_089044.1.g32827		2	0	
OG0040590						NC_089044.1.g33398		NC_089044.1.g33044	2	0	
OG0040591						NC_089044.1.g34347		NC_089044.1.g33996	2	0	
OG0040592						NC_089044.1.g34813	NC_089044.1.g34250		2	0	
OG0040593						NC_089045.1.g35196	NC_089045.1.g34623		2	0	
OG0040594						NC_089045.1.g35406		NC_089035.1.g1246	2	0	
OG0040595						NC_089045.1.g35466	NC_089045.1.g34906		2	0	
OG0040596						NC_089045.1.g35587		NC_089045.1.g35252	2	0	
OG0040597						NC_089045.1.g35603		NC_089045.1.g35267	2	0	
OG0040598						NC_089045.1.g35838		NC_089045.1.g35489	2	0	
OG0040599						NC_089045.1.g36637		NC_089045.1.g36247	2	0	
OG0040600						NC_089045.1.g37079	NC_089045.1.g36467		2	0	
OG0040601						NC_089045.1.g37378	NC_089045.1.g36753		2	0	
OG0040602						NC_089045.1.g37513	NC_089045.1.g36905		2	0	
OG0040603						NC_089046.1.g38265		NC_089046.1.g37844	2	0	
OG0040604						NC_089046.1.g38372	NC_089046.1.g37736		2	0	
OG0040605						NC_089046.1.g38650	NC_089046.1.g38010		2	0	
OG0040606						NC_089046.1.g38896	NC_089046.1.g38231		2	0	
OG0040607						NC_089046.1.g38905	NC_089046.1.g38240		2	0	
OG0040608						NC_089046.1.g39000		NC_089046.1.g38545	2	0	
OG0040609						NC_089046.1.g39018		NC_089046.1.g38564	2	0	
OG0040610						NC_089046.1.g39364		NC_089046.1.g38899	2	0	
OG0040611						NC_089046.1.g39420		NC_089046.1.g38955	2	0	
OG0040612						NC_089046.1.g39442		NC_089046.1.g38975	2	0	
OG0040613							NC_089035.1.g839	NC_089035.1.g848	2	0	
OG0040614							NC_089035.1.g908	NC_089035.1.g910	2	0	
OG0040615							NC_089035.1.g909	NC_089035.1.g911	2	0	
OG0040616							NC_089035.1.g1206	NC_089035.1.g1208	2	0	
OG0040617							NC_089035.1.g1212	NC_089035.1.g1214	2	0	
OG0040619							NC_089035.1.g1772	NC_089035.1.g1789	2	0	
OG0040620							NC_089035.1.g1908	NC_089035.1.g1923	2	0	
OG0040621							NC_089035.1.g2151	NC_089035.1.g2146	2	0	
OG0040622							NC_089035.1.g2159	NC_089035.1.g2152	2	0	
OG0040623							NC_089035.1.g3073	NC_089035.1.g3063	2	0	
OG0040624							NC_089035.1.g3224	NC_089035.1.g3217	2	0	
OG0040626							NC_089035.1.g3296	NC_089035.1.g3288	2	0	
OG0040628							NC_089035.1.g3899	NC_089035.1.g3913	2	0	
OG0040629							NC_089035.1.g4102	NC_089035.1.g4113	2	0	
OG0040631							NC_089036.1.g6660	NC_089036.1.g6713	2	0	
OG0040632							NC_089036.1.g6917	NC_089036.1.g6979	2	0	
OG0040633							NC_089036.1.g7640	NC_089036.1.g7675	2	0	
OG0040634							NC_089036.1.g7784	NC_089036.1.g7817	2	0	
OG0040636							NC_089036.1.g8005	NC_089036.1.g8031	2	0	
OG0040638							NC_089036.1.g8439	NC_089036.1.g8453	2	0	
OG0040639							NC_089036.1.g9106	NC_089036.1.g9132	2	0	
OG0040640							NC_089037.1.g9878	NC_089037.1.g9916	2	0	
OG0040641							NC_089037.1.g10767	NC_089037.1.g10807	2	0	
OG0040642							NC_089037.1.g11179	NC_089037.1.g11228	2	0	
OG0040643							NC_089037.1.g11188	NC_089037.1.g11238	2	0	
OG0040644							NC_089037.1.g11207	NC_089037.1.g11257	2	0	
OG0040645							NC_089037.1.g11739	NC_089037.1.g11809	2	0	
OG0040646							NC_089037.1.g11812	NC_089037.1.g11879	2	0	
OG0040648							NC_089037.1.g12007	NC_089037.1.g12086	2	0	
OG0040649							NC_089037.1.g12086	NC_089037.1.g12165	2	0	
OG0040650							NC_089037.1.g12104	NC_089037.1.g12184	2	0	
OG0040651							NC_089037.1.g12390	NC_089037.1.g12454	2	0	
OG0040652							NC_089037.1.g12476	NC_089037.1.g12538	2	0	
OG0040653							NC_089037.1.g12478	NC_089037.1.g12540	2	0	
OG0040654							NC_089037.1.g12506	NC_089037.1.g12570	2	0	
OG0040655							NC_089037.1.g12508	NC_089037.1.g12572	2	0	
OG0040656							NC_089037.1.g12522	NC_089037.1.g12586	2	0	
OG0040657							NC_089037.1.g12895	NC_089037.1.g12952	2	0	
OG0040658							NC_089037.1.g13109	NC_089037.1.g13163	2	0	
OG0040659							NC_089037.1.g13325	NC_089037.1.g13381	2	0	
OG0040660							NC_089038.1.g14055	NC_089038.1.g14110	2	0	
OG0040661							NC_089038.1.g14642	NC_089038.1.g14707	2	0	
OG0040662							NC_089038.1.g14781	NC_089038.1.g14843	2	0	
OG0040663							NC_089038.1.g14865	NC_089038.1.g14926	2	0	
OG0040664							NC_089038.1.g14900	NC_089038.1.g14961	2	0	
OG0040666							NC_089038.1.g16246	NC_089038.1.g16251	2	0	
OG0040667							NC_089038.1.g16574	NC_089038.1.g16584	2	0	
OG0040668							NC_089039.1.g17575	NC_089039.1.g17595	2	0	
OG0040669							NC_089039.1.g17758	NC_089039.1.g17782	2	0	
OG0040671							NC_089039.1.g18090	NC_089039.1.g18107	2	0	
OG0040673							NC_089039.1.g19070	NC_089039.1.g19079	2	0	
OG0040675							NC_089040.1.g21842	NC_089040.1.g21881	2	0	
OG0040676							NC_089040.1.g22882	NC_089040.1.g22927	2	0	
OG0040677							NC_089040.1.g23264	NC_089040.1.g23302	2	0	
OG0040678							NC_089041.1.g23913	NC_089041.1.g23958	2	0	
OG0040679							NC_089041.1.g24413	NC_089041.1.g24465	2	0	
OG0040680							NC_089041.1.g24465	NC_089041.1.g24516	2	0	
OG0040681							NC_089041.1.g24960	NC_089041.1.g25009	2	0	
OG0040682							NC_089041.1.g25244	NC_089041.1.g25311	2	0	
OG0040683							NC_089041.1.g25249	NC_089041.1.g25316	2	0	
OG0040684							NC_089041.1.g25541	NC_089041.1.g25629	2	0	
OG0040685							NC_089041.1.g25940	NC_089041.1.g26013	2	0	
OG0040686							NC_089041.1.g26090	NC_089041.1.g26161	2	0	
OG0040688							NC_089042.1.g27296	NC_089042.1.g27394	2	0	
OG0040689							NC_089042.1.g27584	NC_089042.1.g27674	2	0	
OG0040690							NC_089042.1.g27953	NC_089042.1.g28045	2	0	
OG0040691							NC_089042.1.g28381	NC_089042.1.g28503	2	0	
OG0040692							NC_089042.1.g28426	NC_089042.1.g28551	2	0	
OG0040693							NC_089042.1.g28544	NC_089042.1.g28662	2	0	
OG0040694							NC_089042.1.g29277	NC_089042.1.g29416	2	0	
OG0040695							NC_089042.1.g29579	NC_089042.1.g29712	2	0	
OG0040696							NC_089043.1.g29792	NC_089043.1.g29955	2	0	
OG0040697							NC_089043.1.g29915	NC_089043.1.g30084	2	0	
OG0040698							NC_089043.1.g30491	NC_089043.1.g30678	2	0	
OG0040699							NC_089043.1.g31551	NC_089043.1.g31725	2	0	
OG0040700							NC_089044.1.g32306	NC_089044.1.g32501	2	0	
OG0040701							NC_089044.1.g32689	NC_089044.1.g32885	2	0	
OG0040702							NC_089044.1.g32806	NC_089044.1.g33016	2	0	
OG0040703							NC_089044.1.g32897	NC_089044.1.g33104	2	0	
OG0040704							NC_089044.1.g32907	NC_089044.1.g33115	2	0	
OG0040705							NC_089044.1.g32978	NC_089044.1.g33187	2	0	
OG0040706							NC_089044.1.g32993	NC_089044.1.g33202	2	0	
OG0040707							NC_089044.1.g33125	NC_089044.1.g33335	2	0	
OG0040708							NC_089044.1.g33160	NC_089044.1.g33372	2	0	
OG0040709							NC_089044.1.g33165	NC_089044.1.g33376	2	0	
OG0040710							NC_089044.1.g33167	NC_089044.1.g33378	2	0	
OG0040711							NC_089044.1.g33171	NC_089044.1.g33382	2	0	
OG0040712							NC_089044.1.g33178	NC_089044.1.g33389	2	0	
OG0040713							NC_089044.1.g33183	NC_089044.1.g33394	2	0	
OG0040714							NC_089044.1.g33185	NC_089044.1.g33396	2	0	
OG0040715							NC_089045.1.g34988	NC_089045.1.g35205	2	0	
OG0040716							NC_089045.1.g35717	NC_089045.1.g35948	2	0	
OG0040717							NC_089045.1.g35755	NC_089045.1.g35988	2	0	
OG0040718							NC_089045.1.g36393	NC_089045.1.g36611	2	0	
OG0040719							NC_089045.1.g36493	NC_089045.1.g36699	2	0	
OG0040720							NC_089045.1.g36504	NC_089045.1.g36711	2	0	
OG0040721							NC_089045.1.g36592	NC_089045.1.g36805	2	0	
OG0040722							NC_089046.1.g37038	NC_089046.1.g37244	2	0	
OG0040723							NC_089046.1.g37133	NC_089046.1.g37340	2	0	
OG0040724							NC_089046.1.g37661	NC_089046.1.g37874	2	0	
OG0040725							NC_089046.1.g37869	NC_089046.1.g38084	2	0	
OG0040726							NC_089046.1.g38107	NC_089046.1.g38313	2	0	
OG0040727							NC_089046.1.g38279	NC_089046.1.g38496	2	0	
OG0040728							NC_089046.1.g38324	NC_089046.1.g38549	2	0	
OG0040729							NC_089046.1.g38569	NC_089046.1.g38793	2	0	
OG0040730							NC_089046.1.g39386	NC_089046.1.g39614	2	0	
OG0040731							NC_089046.1.g39390	NC_089046.1.g39619	2	0	
