Orthogroup	AGIS1.0	BSM	CI	GJ	IN	KM	MPE	PP	cultivar_occupancy	reference_present	private_cultivar
OG0000013	NC_089035.1.g968, NC_089035.1.g970, NC_089036.1.g7191, NC_089040.1.g21959, NC_089041.1.g24235, NC_089044.1.g32828, NC_089045.1.g35245, NC_089045.1.g37200, NC_089045.1.g37202, NC_089045.1.g37203, NC_089045.1.g37212, NC_089045.1.g37214, NC_089045.1.g37215, NC_089045.1.g37216, NC_089045.1.g37217	NC_089035.1.g3228, NC_089035.1.g969, NC_089036.1.g7154, NC_089040.1.g21795, NC_089044.1.g32705, NC_089045.1.g37037, NC_089045.1.g37038, NC_089045.1.g37040, NC_089045.1.g37041, NC_089045.1.g37050, NC_089045.1.g37052, NC_089045.1.g37053, NC_089045.1.g37054, NC_089045.1.g37055	NC_089035.1.g941, NC_089036.1.g7148, NC_089038.1.g14553, NC_089040.1.g21846, NC_089041.1.g24100, NC_089044.1.g32648, NC_089045.1.g35001, NC_089045.1.g36965, NC_089045.1.g36966, NC_089045.1.g36975, NC_089045.1.g36978, NC_089045.1.g36979, NC_089045.1.g36982		NC_089035.1.g946, NC_089036.1.g7170, NC_089038.1.g14531, NC_089040.1.g21917, NC_089041.1.g24182, NC_089044.1.g32832, NC_089045.1.g37212, NC_089045.1.g37213, NC_089045.1.g37222, NC_089045.1.g37225, NC_089045.1.g37226, NC_089045.1.g37229	NC_089035.1.g983, NC_089035.1.g984, NC_089036.1.g7254, NC_089040.1.g22117, NC_089041.1.g24383, NC_089044.1.g33140, NC_089045.1.g37563, NC_089045.1.g37564, NC_089045.1.g37575, NC_089045.1.g37578, NC_089045.1.g37579	NC_089045.1.g34775	NC_089035.1.g3203, NC_089035.1.g946, NC_089036.1.g7187, NC_089041.1.g24108, NC_089044.1.g32788, NC_089045.1.g35231, NC_089045.1.g37144, NC_089045.1.g37146, NC_089045.1.g37147, NC_089045.1.g37154, NC_089045.1.g37156, NC_089045.1.g37157, NC_089045.1.g37158	6	1	
OG0000017	NC_089035.1.g3623, NC_089035.1.g4326, NC_089037.1.g13748, NC_089037.1.g13894, NC_089039.1.g18640, NC_089039.1.g20087, NC_089039.1.g20443, NC_089040.1.g22822, NC_089041.1.g26713, NC_089043.1.g30319, NC_089044.1.g33119	NC_089035.1.g3615, NC_089035.1.g4309, NC_089037.1.g13649, NC_089037.1.g13797, NC_089039.1.g18468, NC_089039.1.g19941, NC_089039.1.g20298, NC_089040.1.g22658, NC_089041.1.g26564, NC_089043.1.g30182, NC_089043.1.g30417, NC_089044.1.g33010		NC_089035.1.g3556, NC_089035.1.g4256, NC_089037.1.g13632, NC_089039.1.g18472, NC_089039.1.g19916, NC_089039.1.g20270, NC_089040.1.g22535, NC_089041.1.g26358, NC_089043.1.g29910, NC_089044.1.g32698	NC_089035.1.g3608, NC_089035.1.g4306, NC_089037.1.g13693, NC_089039.1.g18593, NC_089039.1.g20048, NC_089039.1.g20401, NC_089040.1.g22791, NC_089041.1.g26678, NC_089043.1.g30280, NC_089044.1.g33141	NC_089035.1.g3653, NC_089035.1.g4368, NC_089037.1.g13853, NC_089037.1.g13997, NC_089039.1.g18789, NC_089039.1.g20259, NC_089039.1.g20614, NC_089040.1.g23002, NC_089041.1.g26904, NC_089043.1.g30572, NC_089044.1.g33442	NC_089035.1.g3589, NC_089035.1.g4274, NC_089037.1.g13687, NC_089039.1.g18571, NC_089039.1.g19991, NC_089039.1.g20337, NC_089040.1.g22666, NC_089041.1.g26522, NC_089043.1.g30101, NC_089044.1.g32885	NC_089035.1.g3591, NC_089035.1.g4285, NC_089037.1.g13744, NC_089037.1.g13889, NC_089039.1.g18600, NC_089039.1.g20020, NC_089039.1.g20366, NC_089040.1.g22708, NC_089041.1.g26610, NC_089043.1.g30271, NC_089044.1.g33093	6	1	
OG0000022	NC_089035.1.g2148, NC_089036.1.g6646, NC_089037.1.g11984, NC_089037.1.g11985, NC_089039.1.g19579, NC_089040.1.g21963, NC_089042.1.g27982, NC_089042.1.g28196, NC_089043.1.g30474, NC_089044.1.g34110, NC_089046.1.g38385, NC_089046.1.g38386	NC_089035.1.g2129, NC_089037.1.g11911, NC_089037.1.g11912, NC_089039.1.g19415, NC_089040.1.g21798, NC_089042.1.g27812, NC_089043.1.g30328, NC_089044.1.g33972, NC_089046.1.g38235, NC_089046.1.g38236		NC_089035.1.g2111, NC_089037.1.g11874, NC_089037.1.g11875, NC_089039.1.g19400, NC_089040.1.g21733, NC_089042.1.g27636, NC_089043.1.g30051, NC_089044.1.g33672, NC_089046.1.g37841, NC_089046.1.g37842	NC_089035.1.g2118, NC_089037.1.g11939, NC_089037.1.g11940, NC_089039.1.g19520, NC_089040.1.g21920, NC_089042.1.g27935, NC_089042.1.g28141, NC_089043.1.g30414, NC_089044.1.g34132, NC_089046.1.g38411, NC_089046.1.g38412	NC_089035.1.g2164, NC_089037.1.g12067, NC_089037.1.g12068, NC_089039.1.g19744, NC_089040.1.g22120, NC_089042.1.g28187, NC_089042.1.g28386, NC_089042.1.g28973, NC_089043.1.g30720, NC_089044.1.g34448, NC_089046.1.g38763, NC_089046.1.g38764	NC_089035.1.g2110, NC_089037.1.g11905, NC_089040.1.g21825, NC_089043.1.g30242, NC_089046.1.g38108	NC_089035.1.g2105, NC_089037.1.g11979, NC_089037.1.g11980, NC_089039.1.g19510, NC_089040.1.g21862, NC_089042.1.g27896, NC_089042.1.g28096, NC_089043.1.g30410, NC_089044.1.g34098, NC_089046.1.g38314, NC_089046.1.g38315	6	1	
OG0000028	NC_089042.1.g29827, NC_089042.1.g29832, NC_089042.1.g29833, NC_089042.1.g29834, NC_089042.1.g29835, NC_089042.1.g29837, NC_089042.1.g29838, NC_089042.1.g29839, NC_089042.1.g29844, NC_089042.1.g29845, NC_089042.1.g29846, NC_089042.1.g29847, NC_089042.1.g29852	NC_089042.1.g29679, NC_089042.1.g29685, NC_089042.1.g29686, NC_089042.1.g29687, NC_089042.1.g29688, NC_089042.1.g29690, NC_089042.1.g29691, NC_089042.1.g29692, NC_089042.1.g29697, NC_089042.1.g29698, NC_089042.1.g29699, NC_089042.1.g29700, NC_089042.1.g29704	NC_089042.1.g29700, NC_089042.1.g29709	NC_089042.1.g29404, NC_089042.1.g29409, NC_089042.1.g29410, NC_089042.1.g29411, NC_089042.1.g29412, NC_089042.1.g29414, NC_089042.1.g29415, NC_089042.1.g29416, NC_089042.1.g29421, NC_089042.1.g29422, NC_089042.1.g29423, NC_089042.1.g29424, NC_089042.1.g29429	NC_089042.1.g29787	NC_089042.1.g30044, NC_089042.1.g30049, NC_089042.1.g30050, NC_089042.1.g30051, NC_089042.1.g30052, NC_089042.1.g30054, NC_089042.1.g30055, NC_089042.1.g30056, NC_089042.1.g30061, NC_089042.1.g30062, NC_089042.1.g30063, NC_089042.1.g30064, NC_089042.1.g30069		NC_089042.1.g29759, NC_089042.1.g29765, NC_089042.1.g29766, NC_089042.1.g29767, NC_089042.1.g29768, NC_089042.1.g29770, NC_089042.1.g29771, NC_089042.1.g29772, NC_089042.1.g29777, NC_089042.1.g29778, NC_089042.1.g29779, NC_089042.1.g29780, NC_089042.1.g29784	6	1	
OG0000054	NC_089041.1.g25424, NC_089041.1.g25896, NC_089041.1.g25897, NC_089041.1.g25898, NC_089041.1.g25900, NC_089041.1.g25902, NC_089041.1.g25904, NC_089041.1.g25906, NC_089041.1.g25908	NC_089041.1.g25272, NC_089041.1.g25742, NC_089041.1.g25743, NC_089041.1.g25744, NC_089041.1.g25746, NC_089041.1.g25750, NC_089041.1.g25752, NC_089041.1.g25756, NC_089041.1.g25758	NC_089041.1.g25749, NC_089041.1.g25750, NC_089041.1.g25751, NC_089041.1.g25753, NC_089041.1.g25756, NC_089041.1.g25758, NC_089041.1.g25761, NC_089041.1.g25763	NC_089041.1.g25111, NC_089041.1.g25547, NC_089041.1.g25548, NC_089041.1.g25549, NC_089041.1.g25551, NC_089041.1.g25555, NC_089041.1.g25559	NC_089041.1.g25851, NC_089041.1.g25852, NC_089041.1.g25853, NC_089041.1.g25855, NC_089041.1.g25858, NC_089041.1.g25860, NC_089041.1.g25863, NC_089041.1.g25865		NC_089041.1.g25700, NC_089041.1.g25701, NC_089041.1.g25702, NC_089041.1.g25705, NC_089041.1.g25707, NC_089041.1.g25711	NC_089041.1.g25295, NC_089041.1.g25787, NC_089041.1.g25788, NC_089041.1.g25789, NC_089041.1.g25792, NC_089041.1.g25793, NC_089041.1.g25796	6	1	
OG0000082		NC_089042.1.g27053, NC_089046.1.g38130, NC_089046.1.g39151	NC_089035.1.g1440, NC_089036.1.g6535, NC_089037.1.g10224, NC_089038.1.g14212, NC_089038.1.g14463, NC_089038.1.g15269, NC_089039.1.g19965, NC_089042.1.g27061, NC_089042.1.g28215, NC_089046.1.g38056, NC_089046.1.g39048	NC_089036.1.g6477, NC_089037.1.g10176, NC_089038.1.g14080, NC_089039.1.g19890, NC_089042.1.g26856, NC_089042.1.g27980, NC_089046.1.g37754	NC_089035.1.g1453, NC_089035.1.g1454, NC_089035.1.g4126, NC_089036.1.g6531, NC_089036.1.g7549, NC_089037.1.g10233, NC_089038.1.g14466, NC_089039.1.g18347, NC_089039.1.g20019, NC_089042.1.g27159, NC_089042.1.g28325, NC_089046.1.g38318	NC_089036.1.g6628, NC_089037.1.g10164, NC_089037.1.g10357, NC_089038.1.g15475, NC_089039.1.g20233, NC_089042.1.g27411, NC_089042.1.g28556, NC_089042.1.g30163, NC_089046.1.g38666	NC_089036.1.g6501, NC_089037.1.g10229, NC_089038.1.g14467, NC_089038.1.g14474, NC_089042.1.g27023, NC_089046.1.g38026		6	0	
OG0000085	NC_089040.1.g20989, NC_089040.1.g20992	NC_089040.1.g20840, NC_089040.1.g20843	NC_089037.1.g10188, NC_089039.1.g20129, NC_089040.1.g20892, NC_089040.1.g20894, NC_089040.1.g20919, NC_089042.1.g29706, NC_089043.1.g31466, NC_089043.1.g31484, NC_089043.1.g31487, NC_089043.1.g31488, NC_089043.1.g31493, NC_089043.1.g31511, NC_089045.1.g36000	NC_089040.1.g20813, NC_089040.1.g20816	NC_089037.1.g10198, NC_089039.1.g20187, NC_089040.1.g20961, NC_089040.1.g20964, NC_089040.1.g20991, NC_089042.1.g29786, NC_089043.1.g31597, NC_089043.1.g31616, NC_089043.1.g31619, NC_089043.1.g31620, NC_089043.1.g31625, NC_089043.1.g31643, NC_089045.1.g36262		NC_089037.1.g10193, NC_089039.1.g20137, NC_089040.1.g20878, NC_089040.1.g20881, NC_089040.1.g20907, NC_089042.1.g29628, NC_089043.1.g31404, NC_089043.1.g31422, NC_089043.1.g31425, NC_089043.1.g31426, NC_089043.1.g31431, NC_089043.1.g31449, NC_089045.1.g35974	NC_089040.1.g20906, NC_089040.1.g20908	6	1	
OG0000088	NC_089038.1.g15538, NC_089039.1.g19157, NC_089039.1.g20687, NC_089040.1.g23191, NC_089041.1.g26833, NC_089041.1.g27053, NC_089043.1.g30628, NC_089044.1.g33289, NC_089044.1.g33290, NC_089045.1.g34637, NC_089045.1.g36164, NC_089045.1.g36438, NC_089046.1.g37448	NC_089038.1.g15431, NC_089039.1.g18993, NC_089046.1.g37278	NC_089035.1.g2178, NC_089037.1.g11842, NC_089038.1.g15442, NC_089039.1.g18335, NC_089039.1.g19047, NC_089039.1.g20594, NC_089040.1.g22060, NC_089040.1.g22066, NC_089040.1.g23073, NC_089041.1.g25400, NC_089041.1.g25401, NC_089041.1.g25413, NC_089041.1.g26898, NC_089042.1.g29353, NC_089043.1.g30466, NC_089044.1.g32756, NC_089044.1.g33910, NC_089045.1.g34406, NC_089045.1.g35926, NC_089045.1.g36214, NC_089046.1.g37210, NC_089046.1.g38374, NC_089046.1.g38375	NC_089046.1.g36912	NC_089045.1.g36184	NC_089038.1.g15657, NC_089044.1.g32970, NC_089045.1.g36527, NC_089046.1.g37806		NC_089045.1.g34612	6	1	
OG0000089	NC_089035.1.g1203, NC_089041.1.g26327	NC_089035.1.g1198, NC_089035.1.g2334, NC_089038.1.g16499, NC_089041.1.g24978, NC_089041.1.g26166	NC_089035.1.g1165, NC_089035.1.g2328, NC_089038.1.g16533, NC_089040.1.g21151, NC_089040.1.g21586, NC_089041.1.g24984, NC_089041.1.g26157, NC_089043.1.g29946	NC_089035.1.g1189, NC_089035.1.g2318, NC_089035.1.g3751, NC_089038.1.g16486, NC_089040.1.g21064, NC_089040.1.g21493, NC_089041.1.g24827, NC_089041.1.g25953, NC_089042.1.g27883, NC_089043.1.g29670		NC_089035.1.g1206, NC_089038.1.g16760, NC_089040.1.g21853, NC_089041.1.g25305, NC_089041.1.g26491, NC_089043.1.g30324	NC_089035.1.g1170, NC_089035.1.g2323, NC_089038.1.g16566, NC_089040.1.g21579, NC_089043.1.g29866	NC_089035.1.g1172, NC_089035.1.g2309, NC_089035.1.g309, NC_089038.1.g16576, NC_089040.1.g21169, NC_089040.1.g21597, NC_089041.1.g25002, NC_089041.1.g26197, NC_089043.1.g30031	6	1	
OG0000090	NC_089039.1.g19829, NC_089039.1.g19833, NC_089039.1.g19834, NC_089039.1.g19839, NC_089039.1.g19840, NC_089039.1.g19841, NC_089039.1.g19842, NC_089039.1.g19843, NC_089039.1.g19844	NC_089039.1.g19674, NC_089039.1.g19678, NC_089039.1.g19679, NC_089039.1.g19684, NC_089039.1.g19685, NC_089039.1.g19686, NC_089039.1.g19687, NC_089039.1.g19688, NC_089039.1.g19689, NC_089039.1.g19690	NC_089039.1.g19726, NC_089039.1.g19730, NC_089039.1.g19735, NC_089039.1.g19736, NC_089039.1.g19737, NC_089039.1.g19739	NC_089039.1.g19659, NC_089039.1.g19662, NC_089039.1.g19668, NC_089039.1.g19669, NC_089039.1.g19670, NC_089039.1.g19671, NC_089039.1.g19672	NC_089039.1.g19781, NC_089039.1.g19785, NC_089039.1.g19786, NC_089039.1.g19791, NC_089039.1.g19792, NC_089039.1.g19793, NC_089039.1.g19794, NC_089039.1.g19795, NC_089039.1.g19796	NC_089039.1.g20005, NC_089039.1.g20008, NC_089039.1.g20012	NC_089039.1.g19745		6	1	
OG0000092	NC_089036.1.g6877, NC_089039.1.g18561, NC_089040.1.g22973, NC_089044.1.g32664		NC_089037.1.g11246, NC_089037.1.g11251, NC_089037.1.g11253, NC_089037.1.g11256, NC_089039.1.g17989, NC_089039.1.g18459, NC_089040.1.g22515, NC_089040.1.g22517, NC_089045.1.g35486	NC_089035.1.g1955, NC_089035.1.g2186, NC_089037.1.g11789, NC_089038.1.g14181, NC_089039.1.g17929, NC_089039.1.g18394, NC_089040.1.g22357, NC_089042.1.g26988, NC_089044.1.g32367, NC_089044.1.g32371, NC_089045.1.g35329, NC_089046.1.g37996	NC_089036.1.g6816, NC_089045.1.g35407, NC_089045.1.g35727, NC_089046.1.g38583	NC_089038.1.g14346, NC_089038.1.g14912	NC_089037.1.g13613, NC_089038.1.g14177, NC_089039.1.g18013, NC_089046.1.g38254	NC_089035.1.g2235, NC_089036.1.g7778, NC_089037.1.g11313, NC_089037.1.g11314, NC_089037.1.g11896, NC_089040.1.g22893, NC_089042.1.g27835, NC_089043.1.g30588, NC_089046.1.g38468	6	1	
OG0000103	NC_089035.1.g1719, NC_089035.1.g786, NC_089036.1.g8194, NC_089037.1.g10466, NC_089037.1.g11482, NC_089037.1.g11708, NC_089037.1.g13779, NC_089040.1.g22932, NC_089040.1.g23499, NC_089042.1.g29103, NC_089044.1.g34044, NC_089046.1.g38541	NC_089035.1.g788, NC_089037.1.g11661, NC_089044.1.g33900	NC_089035.1.g758, NC_089037.1.g11665, NC_089037.1.g9812, NC_089044.1.g33822		NC_089035.1.g1685, NC_089035.1.g763, NC_089037.1.g10446, NC_089037.1.g11677, NC_089037.1.g9750, NC_089038.1.g14639, NC_089038.1.g14766, NC_089038.1.g16536, NC_089040.1.g23458, NC_089041.1.g24819, NC_089044.1.g34062, NC_089045.1.g35940, NC_089046.1.g38578	NC_089035.1.g798, NC_089037.1.g11789, NC_089044.1.g34379	NC_089035.1.g762, NC_089037.1.g11656, NC_089040.1.g23342, NC_089044.1.g33823	NC_089040.1.g22816, NC_089040.1.g23381	6	1	
OG0000105	NC_089035.1.g1396, NC_089038.1.g16875, NC_089043.1.g30969	NC_089035.1.g1844, NC_089035.1.g4857, NC_089037.1.g11360, NC_089038.1.g16103, NC_089038.1.g16726, NC_089039.1.g18894, NC_089039.1.g20477, NC_089040.1.g20914, NC_089040.1.g21943, NC_089043.1.g30210, NC_089043.1.g30551	NC_089035.1.g1489, NC_089037.1.g11306, NC_089037.1.g11365, NC_089039.1.g18800, NC_089039.1.g19638, NC_089040.1.g20964, NC_089041.1.g24968, NC_089043.1.g30798, NC_089045.1.g35628	NC_089036.1.g6815, NC_089038.1.g16719, NC_089041.1.g24808, NC_089044.1.g32177, NC_089045.1.g36185	NC_089035.1.g1899, NC_089037.1.g11571, NC_089039.1.g19698, NC_089041.1.g25077	NC_089041.1.g25286, NC_089042.1.g28598, NC_089043.1.g31232, NC_089043.1.g31448		NC_089036.1.g8616, NC_089036.1.g9049, NC_089037.1.g11364, NC_089040.1.g20978, NC_089041.1.g24987	6	1	
OG0000135	NC_089036.1.g8294, NC_089038.1.g14823, NC_089040.1.g22623, NC_089046.1.g38444	NC_089035.1.g5176, NC_089036.1.g8135, NC_089042.1.g27282, NC_089044.1.g34286, NC_089045.1.g36199, NC_089045.1.g36599, NC_089045.1.g36652, NC_089046.1.g38528, NC_089046.1.g39104	NC_089041.1.g26533, NC_089042.1.g27791	NC_089036.1.g8310, NC_089038.1.g15032, NC_089041.1.g26334, NC_089042.1.g27101	NC_089036.1.g6815, NC_089038.1.g14661, NC_089041.1.g26654, NC_089042.1.g27391, NC_089043.1.g30963, NC_089044.1.g32522, NC_089044.1.g33410, NC_089045.1.g35729, NC_089046.1.g38474	NC_089036.1.g8375, NC_089039.1.g19708, NC_089041.1.g25518, NC_089041.1.g26880, NC_089042.1.g27641, NC_089045.1.g36053, NC_089046.1.g39068, NC_089046.1.g39069		NC_089035.1.g3536, NC_089038.1.g14722, NC_089046.1.g38371	6	1	
OG0000143	NC_089040.1.g23241, NC_089040.1.g23242, NC_089040.1.g23244, NC_089041.1.g26044, NC_089041.1.g26046, NC_089041.1.g26049, NC_089041.1.g26050	NC_089040.1.g23080, NC_089040.1.g23081, NC_089040.1.g23083, NC_089041.1.g25894, NC_089041.1.g25897, NC_089041.1.g25900, NC_089041.1.g25901		NC_089041.1.g25690	NC_089040.1.g23208, NC_089040.1.g23209, NC_089040.1.g23211, NC_089041.1.g26006, NC_089041.1.g26008, NC_089041.1.g26011, NC_089041.1.g26012	NC_089040.1.g23419, NC_089040.1.g23420, NC_089040.1.g23422, NC_089041.1.g26211, NC_089041.1.g26215, NC_089041.1.g26219, NC_089041.1.g26221	NC_089040.1.g23083, NC_089040.1.g23084, NC_089040.1.g23086, NC_089041.1.g25847, NC_089041.1.g25849, NC_089041.1.g25852, NC_089041.1.g25854	NC_089040.1.g23128, NC_089041.1.g25933	6	1	
OG0000159	NC_089037.1.g9792, NC_089037.1.g9793, NC_089038.1.g15410, NC_089045.1.g35539, NC_089046.1.g39617, NC_089046.1.g39626	NC_089037.1.g9758, NC_089038.1.g15304, NC_089045.1.g35403, NC_089046.1.g39488, NC_089046.1.g39497, NC_089046.1.g39498		NC_089037.1.g9712, NC_089045.1.g35096	NC_089037.1.g9758, NC_089038.1.g15361, NC_089045.1.g35565, NC_089046.1.g39673, NC_089046.1.g39682	NC_089037.1.g9876, NC_089037.1.g9877, NC_089038.1.g15530, NC_089045.1.g35891, NC_089046.1.g40033, NC_089046.1.g40042	NC_089037.1.g9752, NC_089038.1.g15354, NC_089045.1.g35313, NC_089046.1.g39338, NC_089046.1.g39347	NC_089037.1.g9782, NC_089038.1.g15379, NC_089045.1.g35544, NC_089046.1.g39563, NC_089046.1.g39573	6	1	
OG0000161	NC_089038.1.g16102, NC_089038.1.g16920, NC_089038.1.g16921, NC_089041.1.g26199, NC_089041.1.g26200	NC_089038.1.g16001, NC_089038.1.g16774, NC_089038.1.g16775, NC_089041.1.g26038, NC_089041.1.g26039	NC_089038.1.g16011, NC_089038.1.g16823, NC_089038.1.g16824, NC_089041.1.g26034, NC_089041.1.g26035		NC_089038.1.g16056, NC_089038.1.g16854, NC_089038.1.g16855, NC_089041.1.g26145, NC_089041.1.g26146	NC_089038.1.g16237, NC_089038.1.g17048, NC_089038.1.g17049, NC_089041.1.g26362, NC_089041.1.g26363	NC_089038.1.g16058, NC_089038.1.g16846, NC_089038.1.g16847, NC_089041.1.g25999, NC_089041.1.g26000	NC_089038.1.g16064, NC_089038.1.g16863, NC_089038.1.g16864, NC_089041.1.g26073, NC_089041.1.g26074	6	1	
OG0000167	NC_089042.1.g29239, NC_089042.1.g29360, NC_089042.1.g29546, NC_089043.1.g30383, NC_089046.1.g38249	NC_089042.1.g29195, NC_089042.1.g29387, NC_089043.1.g30236	NC_089042.1.g29086, NC_089042.1.g29212, NC_089042.1.g29407, NC_089043.1.g30224, NC_089046.1.g38017	NC_089042.1.g28808, NC_089042.1.g28930, NC_089042.1.g29119, NC_089043.1.g29969, NC_089046.1.g37709	NC_089042.1.g29181, NC_089042.1.g29303, NC_089042.1.g29495, NC_089043.1.g30326, NC_089046.1.g38282	NC_089042.1.g29425, NC_089042.1.g29554, NC_089042.1.g29555, NC_089042.1.g29751, NC_089043.1.g30631, NC_089046.1.g38626	NC_089042.1.g29024, NC_089042.1.g29142, NC_089042.1.g29332, NC_089043.1.g30154, NC_089046.1.g37982		6	1	
OG0000170	NC_089036.1.g6492, NC_089036.1.g6493, NC_089036.1.g6495, NC_089036.1.g6498, NC_089036.1.g6500	NC_089036.1.g6467, NC_089036.1.g6468, NC_089036.1.g6469, NC_089036.1.g6471, NC_089036.1.g6473	NC_089036.1.g6482, NC_089036.1.g6483, NC_089036.1.g6484, NC_089036.1.g6486, NC_089036.1.g6488		NC_089036.1.g6476, NC_089036.1.g6479, NC_089036.1.g6481, NC_089036.1.g6484	NC_089036.1.g6572, NC_089036.1.g6573, NC_089036.1.g6576, NC_089036.1.g6578	NC_089036.1.g6442, NC_089036.1.g6444, NC_089036.1.g6447, NC_089036.1.g6451, NC_089036.1.g6453	NC_089036.1.g6494, NC_089036.1.g6496, NC_089036.1.g6497, NC_089036.1.g6500, NC_089036.1.g6501	6	1	
OG0000177	NC_089045.1.g35432, NC_089045.1.g37108, NC_089045.1.g37110, NC_089045.1.g37113, NC_089045.1.g37115, NC_089045.1.g37117, NC_089045.1.g37119, NC_089045.1.g37124, NC_089045.1.g37125	NC_089042.1.g27954, NC_089045.1.g35298, NC_089045.1.g36946, NC_089045.1.g36948	NC_089042.1.g27974, NC_089045.1.g35222, NC_089045.1.g36875, NC_089045.1.g36877, NC_089045.1.g36885	NC_089045.1.g34993		NC_089042.1.g28328, NC_089045.1.g35777, NC_089045.1.g37472, NC_089045.1.g37476	NC_089045.1.g35217, NC_089045.1.g36855, NC_089045.1.g36858, NC_089045.1.g36860, NC_089045.1.g36861, NC_089045.1.g36862, NC_089045.1.g36864, NC_089045.1.g36870, NC_089045.1.g36871	NC_089045.1.g35433	6	1	
OG0000235	NC_089035.1.g1672, NC_089035.1.g2228, NC_089037.1.g11308, NC_089038.1.g14220, NC_089038.1.g14822, NC_089039.1.g18080, NC_089039.1.g18560, NC_089039.1.g18877, NC_089040.1.g22637, NC_089040.1.g22638, NC_089040.1.g22974, NC_089040.1.g23004, NC_089041.1.g25137, NC_089041.1.g25138, NC_089044.1.g34420, NC_089045.1.g35359		NC_089037.1.g11254, NC_089037.1.g11255, NC_089039.1.g17990, NC_089039.1.g18458, NC_089040.1.g22514, NC_089044.1.g32358	NC_089038.1.g15033	NC_089037.1.g11269, NC_089045.1.g35406	NC_089045.1.g36052	NC_089039.1.g18014, NC_089045.1.g36693	NC_089035.1.g2153, NC_089038.1.g15145, NC_089043.1.g30586	6	1	
OG0000240	NC_089037.1.g11913, NC_089038.1.g14721, NC_089040.1.g22617, NC_089043.1.g30637, NC_089043.1.g30922, NC_089044.1.g33443	NC_089037.1.g11849, NC_089038.1.g14621, NC_089039.1.g18502, NC_089043.1.g30496, NC_089043.1.g30573, NC_089043.1.g30787, NC_089046.1.g38059	NC_089037.1.g11873, NC_089038.1.g14114, NC_089038.1.g14141, NC_089038.1.g14652, NC_089039.1.g18564, NC_089040.1.g22078, NC_089040.1.g22306, NC_089043.1.g30479, NC_089043.1.g30756, NC_089044.1.g33267, NC_089046.1.g37981		NC_089037.1.g11874	NC_089037.1.g11999, NC_089038.1.g14212, NC_089041.1.g25191	NC_089037.1.g11844, NC_089043.1.g30678	NC_089043.1.g30577	6	1	
OG0000250	NC_089035.1.g1422, NC_089035.1.g4092, NC_089036.1.g5977, NC_089038.1.g14044, NC_089040.1.g22079, NC_089044.1.g32587, NC_089044.1.g32588	NC_089035.1.g1416, NC_089038.1.g13942, NC_089040.1.g21912, NC_089044.1.g32447	NC_089044.1.g32408		NC_089044.1.g32574	NC_089035.1.g1428, NC_089035.1.g4137, NC_089038.1.g14151, NC_089038.1.g14495, NC_089040.1.g22234, NC_089044.1.g32872, NC_089044.1.g32873	NC_089035.1.g1386, NC_089038.1.g13987, NC_089040.1.g21932, NC_089044.1.g32346	NC_089035.1.g1392, NC_089035.1.g4054, NC_089038.1.g14038, NC_089040.1.g21973, NC_089044.1.g32536, NC_089044.1.g32537	6	1	
OG0000274		NC_089035.1.g1957, NC_089035.1.g4503, NC_089035.1.g4723, NC_089036.1.g5712, NC_089037.1.g11477, NC_089038.1.g16904, NC_089039.1.g18801, NC_089042.1.g27968, NC_089044.1.g32143, NC_089044.1.g32223, NC_089044.1.g33146, NC_089044.1.g34034, NC_089045.1.g36449, NC_089045.1.g36553, NC_089046.1.g37534	NC_089035.1.g4511, NC_089036.1.g5723, NC_089038.1.g14484, NC_089038.1.g16964, NC_089039.1.g18854, NC_089044.1.g33083	NC_089035.1.g3448	NC_089039.1.g18167, NC_089040.1.g20810, NC_089042.1.g28094, NC_089044.1.g33280, NC_089046.1.g37460	NC_089035.1.g3537		NC_089036.1.g5595	6	0	
OG0000279	NC_089035.1.g2045, NC_089037.1.g12805, NC_089037.1.g12806, NC_089041.1.g26869	NC_089035.1.g2018, NC_089037.1.g12729, NC_089037.1.g12730, NC_089041.1.g26721	NC_089035.1.g1998, NC_089037.1.g12767, NC_089037.1.g12768, NC_089041.1.g26725		NC_089035.1.g2012, NC_089037.1.g12768, NC_089037.1.g12769, NC_089041.1.g26818	NC_089035.1.g2057, NC_089037.1.g12894, NC_089037.1.g12895, NC_089041.1.g27065	NC_089035.1.g1992, NC_089037.1.g12752, NC_089037.1.g12753, NC_089041.1.g26683	NC_089035.1.g1998, NC_089037.1.g12813, NC_089037.1.g12814, NC_089041.1.g26765	6	1	
OG0000280	NC_089035.1.g2175, NC_089040.1.g23274, NC_089044.1.g32912, NC_089044.1.g32958	NC_089035.1.g2155, NC_089040.1.g23114, NC_089044.1.g32791, NC_089044.1.g32841	NC_089035.1.g2138, NC_089040.1.g23150, NC_089044.1.g32737, NC_089044.1.g32786		NC_089035.1.g2145, NC_089040.1.g23240, NC_089044.1.g32910, NC_089044.1.g32958	NC_089035.1.g2189, NC_089040.1.g23449, NC_089044.1.g33227, NC_089044.1.g33274	NC_089035.1.g2136, NC_089040.1.g23115, NC_089044.1.g32676, NC_089044.1.g32722	NC_089035.1.g2131, NC_089040.1.g23158, NC_089044.1.g32871, NC_089044.1.g32916	6	1	
OG0000283	NC_089036.1.g7771, NC_089036.1.g7776, NC_089036.1.g7782, NC_089038.1.g17239		NC_089036.1.g7730, NC_089036.1.g7735, NC_089036.1.g7740, NC_089038.1.g17150	NC_089036.1.g7690, NC_089036.1.g7694, NC_089036.1.g7700, NC_089038.1.g17085	NC_089036.1.g7742, NC_089036.1.g7745, NC_089036.1.g7751, NC_089038.1.g17178	NC_089036.1.g7843, NC_089036.1.g7845, NC_089036.1.g7848, NC_089038.1.g17371	NC_089036.1.g7739, NC_089036.1.g7744, NC_089036.1.g7752, NC_089038.1.g17163	NC_089036.1.g7775, NC_089036.1.g7780, NC_089036.1.g7785, NC_089038.1.g17190	6	1	
OG0000285	NC_089036.1.g8755, NC_089037.1.g13749, NC_089042.1.g28893, NC_089043.1.g30877	NC_089036.1.g8731, NC_089037.1.g13650, NC_089042.1.g28734, NC_089043.1.g30746	NC_089036.1.g8713, NC_089037.1.g13700, NC_089042.1.g28743, NC_089043.1.g30708		NC_089036.1.g8719, NC_089037.1.g13694, NC_089042.1.g28830, NC_089043.1.g30835	NC_089036.1.g8837, NC_089037.1.g13854, NC_089042.1.g29080, NC_089043.1.g31147	NC_089036.1.g8728, NC_089037.1.g13688, NC_089042.1.g28693, NC_089043.1.g30634	NC_089036.1.g8746, NC_089037.1.g13745, NC_089042.1.g28806, NC_089043.1.g30819	6	1	
OG0000294	NC_089044.1.g32967, NC_089045.1.g35483, NC_089045.1.g35484, NC_089045.1.g35488, NC_089045.1.g35494	NC_089045.1.g35346, NC_089045.1.g35347, NC_089045.1.g35352, NC_089045.1.g35357	NC_089045.1.g35275, NC_089045.1.g35280, NC_089045.1.g35286	NC_089045.1.g35041, NC_089045.1.g35042, NC_089045.1.g35046, NC_089045.1.g35052	NC_089045.1.g35506, NC_089045.1.g35507, NC_089045.1.g35512, NC_089045.1.g35517	NC_089045.1.g35832, NC_089045.1.g35834, NC_089045.1.g35837, NC_089045.1.g35844		NC_089045.1.g35483, NC_089045.1.g35484, NC_089045.1.g35488, NC_089045.1.g35496	6	1	
OG0000296	NC_089045.1.g36588, NC_089045.1.g36589, NC_089045.1.g36590, NC_089045.1.g36595, NC_089045.1.g36598	NC_089045.1.g36437, NC_089045.1.g36438, NC_089045.1.g36439, NC_089045.1.g36447	NC_089045.1.g36366, NC_089045.1.g36367, NC_089045.1.g36368, NC_089045.1.g36375	NC_089041.1.g24882, NC_089045.1.g36120		NC_089045.1.g36957	NC_089043.1.g30470, NC_089045.1.g36326, NC_089045.1.g36327, NC_089045.1.g36328, NC_089045.1.g36329, NC_089045.1.g36330, NC_089045.1.g36333, NC_089045.1.g36335, NC_089045.1.g36338	NC_089045.1.g36551, NC_089045.1.g36552, NC_089045.1.g36559	6	1	
OG0000299		NC_089035.1.g2469, NC_089035.1.g2471, NC_089035.1.g2473, NC_089035.1.g2550, NC_089035.1.g2551, NC_089039.1.g18878	NC_089035.1.g2471, NC_089035.1.g2473, NC_089035.1.g2474, NC_089035.1.g2476, NC_089035.1.g2554, NC_089035.1.g2555, NC_089039.1.g18933		NC_089035.1.g2545	NC_089035.1.g2516, NC_089035.1.g2518, NC_089035.1.g2520, NC_089035.1.g2591, NC_089035.1.g2593, NC_089039.1.g19205, NC_089040.1.g23458	NC_089035.1.g2473, NC_089035.1.g2475, NC_089035.1.g2477, NC_089035.1.g2551, NC_089035.1.g2552, NC_089039.1.g18973	NC_089035.1.g2532	6	0	
OG0000304	NC_089036.1.g9167	NC_089036.1.g9143	NC_089036.1.g9127, NC_089036.1.g9128, NC_089036.1.g9134, NC_089036.1.g9135, NC_089036.1.g9136, NC_089036.1.g9140	NC_089036.1.g9078, NC_089036.1.g9079, NC_089036.1.g9083, NC_089036.1.g9087, NC_089036.1.g9088, NC_089036.1.g9089, NC_089036.1.g9093	NC_089036.1.g9132, NC_089036.1.g9133, NC_089036.1.g9139, NC_089036.1.g9140, NC_089036.1.g9144	NC_089036.1.g9244, NC_089036.1.g9245, NC_089036.1.g9251, NC_089036.1.g9252, NC_089036.1.g9253, NC_089036.1.g9257	NC_089036.1.g9132		6	1	
OG0000309		NC_089038.1.g15062, NC_089038.1.g15066, NC_089038.1.g15075, NC_089038.1.g15080, NC_089038.1.g15081	NC_089038.1.g15100, NC_089038.1.g15108, NC_089038.1.g15109	NC_089038.1.g15046, NC_089038.1.g15055, NC_089038.1.g15060, NC_089038.1.g15061	NC_089038.1.g15121, NC_089038.1.g15124, NC_089038.1.g15132, NC_089038.1.g15139, NC_089038.1.g15140	NC_089038.1.g15295, NC_089038.1.g15300, NC_089038.1.g15307, NC_089038.1.g15313, NC_089038.1.g15314	NC_089038.1.g15124, NC_089038.1.g15127, NC_089038.1.g15134, NC_089038.1.g15140, NC_089038.1.g15141		6	0	
OG0000312	NC_089035.1.g46, NC_089036.1.g6212, NC_089036.1.g7350, NC_089038.1.g16798	NC_089035.1.g45, NC_089036.1.g6205, NC_089036.1.g7310	NC_089035.1.g47, NC_089036.1.g6222, NC_089036.1.g7310, NC_089038.1.g16707	NC_089035.1.g43, NC_089036.1.g6154, NC_089036.1.g7263, NC_089038.1.g16644		NC_089035.1.g48, NC_089036.1.g6279, NC_089036.1.g7413, NC_089038.1.g16930	NC_089035.1.g45, NC_089036.1.g6170, NC_089036.1.g7308	NC_089035.1.g46, NC_089036.1.g6218, NC_089036.1.g7346, NC_089038.1.g16743	6	1	
OG0000329		NC_089036.1.g6247	NC_089036.1.g5355, NC_089036.1.g6125, NC_089036.1.g6130, NC_089036.1.g6132, NC_089036.1.g6133, NC_089040.1.g22903	NC_089036.1.g5288, NC_089036.1.g6065, NC_089040.1.g22697, NC_089045.1.g36341	NC_089036.1.g5350, NC_089036.1.g6114, NC_089040.1.g22951	NC_089036.1.g5411, NC_089036.1.g6185, NC_089036.1.g6188, NC_089036.1.g6190, NC_089036.1.g6191, NC_089036.1.g6324, NC_089040.1.g23164		NC_089036.1.g5324, NC_089036.1.g6128, NC_089036.1.g6131, NC_089036.1.g6132, NC_089040.1.g22876	6	0	
OG0000334	NC_089035.1.g2816, NC_089046.1.g38323	NC_089035.1.g2805, NC_089046.1.g38172	NC_089035.1.g2810, NC_089036.1.g8427, NC_089046.1.g38089	NC_089035.1.g2776, NC_089036.1.g8377, NC_089039.1.g18558, NC_089043.1.g29833, NC_089045.1.g34911, NC_089046.1.g37783	NC_089035.1.g2805, NC_089046.1.g38349	NC_089035.1.g2841, NC_089036.1.g8540, NC_089041.1.g25192, NC_089041.1.g25544, NC_089043.1.g30490, NC_089046.1.g38701, NC_089046.1.g38966	NC_089035.1.g2796, NC_089036.1.g8435, NC_089046.1.g38055		6	1	
OG0000337	NC_089036.1.g7007, NC_089038.1.g14083, NC_089046.1.g38004	NC_089036.1.g6733, NC_089036.1.g6971, NC_089038.1.g13982, NC_089038.1.g13983, NC_089046.1.g37836	NC_089038.1.g14029	NC_089036.1.g6922, NC_089038.1.g13965, NC_089046.1.g37460		NC_089036.1.g6850, NC_089036.1.g7079, NC_089038.1.g14188, NC_089038.1.g14189, NC_089046.1.g38375	NC_089036.1.g6716, NC_089036.1.g6948, NC_089038.1.g14025, NC_089046.1.g37739	NC_089036.1.g6770, NC_089036.1.g7009, NC_089038.1.g14079, NC_089046.1.g37951	6	1	
OG0000340	NC_089038.1.g14888, NC_089038.1.g14889, NC_089038.1.g14890		NC_089038.1.g14816, NC_089038.1.g14817, NC_089038.1.g14818, NC_089038.1.g14819	NC_089038.1.g14753, NC_089038.1.g14754, NC_089038.1.g14755, NC_089038.1.g14756	NC_089038.1.g14824, NC_089038.1.g14825, NC_089038.1.g14826, NC_089038.1.g14827	NC_089038.1.g15004, NC_089038.1.g15005, NC_089038.1.g15006	NC_089038.1.g14822, NC_089038.1.g14823, NC_089038.1.g14824, NC_089038.1.g14825	NC_089038.1.g14880, NC_089038.1.g14881, NC_089038.1.g14883	6	1	
OG0000345	NC_089040.1.g22771	NC_089040.1.g22581, NC_089040.1.g22582, NC_089040.1.g22598, NC_089040.1.g22599	NC_089040.1.g22635, NC_089040.1.g22637, NC_089040.1.g22651, NC_089040.1.g22652		NC_089040.1.g22716, NC_089040.1.g22717, NC_089040.1.g22732, NC_089040.1.g22733	NC_089040.1.g22925, NC_089040.1.g22926, NC_089040.1.g22942, NC_089040.1.g22943	NC_089040.1.g22591, NC_089040.1.g22592, NC_089040.1.g22608, NC_089040.1.g22609	NC_089040.1.g22635, NC_089040.1.g22636, NC_089040.1.g22650, NC_089040.1.g22651	6	1	
OG0000405	NC_089036.1.g7385, NC_089038.1.g16057, NC_089039.1.g20288, NC_089041.1.g24614, NC_089042.1.g29389, NC_089042.1.g29499	NC_089035.1.g4972, NC_089035.1.g5174, NC_089035.1.g5177, NC_089036.1.g7383, NC_089042.1.g28568	NC_089040.1.g23852, NC_089042.1.g29118	NC_089037.1.g13281, NC_089039.1.g18969, NC_089045.1.g35452	NC_089044.1.g33973	NC_089037.1.g13493, NC_089037.1.g9818, NC_089038.1.g16946, NC_089039.1.g20464, NC_089042.1.g29419, NC_089045.1.g35385		NC_089037.1.g13293	6	1	
OG0000436	NC_089037.1.g12668, NC_089040.1.g22542, NC_089040.1.g23324, NC_089045.1.g37111	NC_089037.1.g12595, NC_089039.1.g19483, NC_089042.1.g27460, NC_089042.1.g27734, NC_089044.1.g33240, NC_089045.1.g36465	NC_089042.1.g27469, NC_089045.1.g36395, NC_089046.1.g37711	NC_089035.1.g2365, NC_089040.1.g22262, NC_089042.1.g27279, NC_089045.1.g34682	NC_089037.1.g12630, NC_089040.1.g23289, NC_089042.1.g27852, NC_089045.1.g36653		NC_089037.1.g12612, NC_089045.1.g36856	NC_089045.1.g36578	6	1	
OG0000460	NC_089040.1.g22419, NC_089040.1.g22470, NC_089044.1.g33141, NC_089046.1.g38392	NC_089044.1.g33035	NC_089040.1.g22301, NC_089040.1.g22349, NC_089044.1.g32968, NC_089046.1.g38158	NC_089040.1.g22159, NC_089044.1.g32718, NC_089046.1.g37848		NC_089040.1.g22584, NC_089040.1.g22633, NC_089044.1.g33462, NC_089046.1.g38771	NC_089040.1.g22274, NC_089040.1.g22319, NC_089044.1.g32908, NC_089046.1.g38116	NC_089040.1.g22315, NC_089040.1.g22359, NC_089044.1.g33116, NC_089046.1.g38322	6	1	
OG0000484	NC_089043.1.g30058, NC_089043.1.g30166, NC_089045.1.g35777	NC_089043.1.g29900, NC_089043.1.g29997, NC_089043.1.g30011, NC_089045.1.g35634	NC_089043.1.g29913		NC_089043.1.g30003, NC_089043.1.g30097, NC_089043.1.g30112, NC_089045.1.g35804	NC_089039.1.g18714, NC_089043.1.g30282, NC_089043.1.g30401, NC_089045.1.g36134	NC_089043.1.g29829, NC_089043.1.g29930, NC_089043.1.g29945, NC_089045.1.g35545	NC_089043.1.g29992, NC_089043.1.g30096, NC_089043.1.g30110, NC_089045.1.g35775	6	1	
OG0000516	NC_089035.1.g4737, NC_089039.1.g18967		NC_089035.1.g4732, NC_089044.1.g32188, NC_089044.1.g33953	NC_089035.1.g4658, NC_089036.1.g5661, NC_089039.1.g18792, NC_089041.1.g25325, NC_089044.1.g31943, NC_089044.1.g33734	NC_089035.1.g4718	NC_089035.1.g4774, NC_089036.1.g5774, NC_089044.1.g32647, NC_089044.1.g34513	NC_089035.1.g4691, NC_089036.1.g5682	NC_089035.1.g4697, NC_089036.1.g5706, NC_089039.1.g18912, NC_089044.1.g32327, NC_089044.1.g34164	6	1	
OG0000524	NC_089037.1.g11893, NC_089037.1.g11894, NC_089038.1.g14116, NC_089038.1.g14171, NC_089038.1.g15063, NC_089041.1.g24829, NC_089041.1.g24830, NC_089044.1.g32859, NC_089046.1.g38218	NC_089046.1.g38152	NC_089038.1.g14060, NC_089039.1.g18633, NC_089039.1.g18634	NC_089038.1.g13997, NC_089044.1.g32434, NC_089045.1.g35423	NC_089038.1.g14049, NC_089041.1.g24779		NC_089038.1.g14057, NC_089041.1.g24788, NC_089045.1.g35391	NC_089038.1.g14478, NC_089038.1.g14479	6	1	
OG0000539	NC_089045.1.g37058, NC_089046.1.g38066	NC_089036.1.g8578, NC_089036.1.g9070, NC_089045.1.g36906, NC_089046.1.g37911	NC_089045.1.g36826, NC_089046.1.g37836	NC_089045.1.g36560, NC_089046.1.g37536		NC_089036.1.g8683, NC_089036.1.g9173, NC_089045.1.g37426, NC_089046.1.g38450	NC_089036.1.g8575, NC_089036.1.g9064, NC_089045.1.g36801, NC_089046.1.g37805, NC_089046.1.g37806	NC_089036.1.g8592, NC_089036.1.g9088, NC_089045.1.g37013, NC_089046.1.g38013	6	1	
OG0000543		NC_089044.1.g32360, NC_089044.1.g32362, NC_089044.1.g32363, NC_089044.1.g32364	NC_089044.1.g32324, NC_089044.1.g32325, NC_089044.1.g32326, NC_089044.1.g32327	NC_089044.1.g32068, NC_089044.1.g32069, NC_089044.1.g32070		NC_089044.1.g32784, NC_089044.1.g32785, NC_089044.1.g32786, NC_089044.1.g32787	NC_089044.1.g32260, NC_089044.1.g32262, NC_089044.1.g32263, NC_089044.1.g32264	NC_089044.1.g32455, NC_089044.1.g32456, NC_089044.1.g32457, NC_089044.1.g32458	6	0	
OG0000554	NC_089035.1.g4487, NC_089035.1.g4489, NC_089035.1.g4493	NC_089035.1.g4473, NC_089035.1.g4474, NC_089035.1.g4477	NC_089035.1.g4481, NC_089035.1.g4482, NC_089035.1.g4486	NC_089035.1.g2845, NC_089035.1.g4411, NC_089035.1.g4412, NC_089035.1.g4417, NC_089035.1.g4557, NC_089035.1.g4558, NC_089038.1.g15382	NC_089035.1.g4469, NC_089035.1.g4470, NC_089035.1.g4473	NC_089035.1.g4529		NC_089035.1.g4448, NC_089035.1.g4449	6	1	
OG0000568	NC_089037.1.g11876, NC_089038.1.g15540, NC_089040.1.g22179, NC_089040.1.g22181	NC_089037.1.g11822, NC_089038.1.g15432, NC_089040.1.g22017	NC_089037.1.g11839, NC_089038.1.g15445, NC_089040.1.g22063, NC_089040.1.g22069	NC_089037.1.g11769, NC_089040.1.g21946	NC_089037.1.g11844, NC_089038.1.g15492, NC_089040.1.g22149	NC_089037.1.g11966, NC_089040.1.g22346, NC_089040.1.g22351	NC_089037.1.g11815, NC_089038.1.g15479, NC_089040.1.g22042		6	1	
OG0000569	NC_089037.1.g12333, NC_089038.1.g14958, NC_089043.1.g30378, NC_089043.1.g30947	NC_089038.1.g14860, NC_089043.1.g30231, NC_089043.1.g30811	NC_089038.1.g14882, NC_089043.1.g30221, NC_089043.1.g30780	NC_089038.1.g14822, NC_089043.1.g29964, NC_089043.1.g30528	NC_089037.1.g12300, NC_089038.1.g14904, NC_089043.1.g30321, NC_089043.1.g30905		NC_089037.1.g12258, NC_089043.1.g30149, NC_089043.1.g30704	NC_089038.1.g14953, NC_089043.1.g30890	6	1	
OG0000586	NC_089045.1.g35611, NC_089046.1.g38106, NC_089046.1.g38146	NC_089045.1.g35469, NC_089046.1.g37945, NC_089046.1.g37983	NC_089045.1.g35399, NC_089046.1.g37871, NC_089046.1.g37911	NC_089045.1.g35159, NC_089046.1.g37573, NC_089046.1.g37610	NC_089045.1.g35632, NC_089046.1.g38130, NC_089046.1.g38170	NC_089045.1.g35960, NC_089046.1.g38484, NC_089046.1.g38523		NC_089044.1.g32340, NC_089045.1.g35610, NC_089046.1.g38051, NC_089046.1.g38092	6	1	
OG0000588			NC_089036.1.g6519, NC_089037.1.g12207, NC_089043.1.g29908, NC_089043.1.g30084, NC_089045.1.g36027, NC_089045.1.g36641	NC_089036.1.g6461, NC_089037.1.g12143, NC_089043.1.g29625, NC_089043.1.g29816, NC_089045.1.g35803	NC_089036.1.g6515, NC_089036.1.g6988	NC_089036.1.g6610, NC_089045.1.g36631	NC_089036.1.g6485, NC_089037.1.g12172, NC_089043.1.g29823, NC_089043.1.g30015, NC_089045.1.g36003, NC_089045.1.g36617	NC_089036.1.g6534	6	0	
OG0000593	NC_089035.1.g561, NC_089037.1.g10059, NC_089038.1.g16842	NC_089035.1.g567, NC_089037.1.g10026, NC_089038.1.g16697	NC_089035.1.g545, NC_089037.1.g10019, NC_089038.1.g16750	NC_089035.1.g567, NC_089037.1.g9981, NC_089038.1.g16689	NC_089035.1.g544, NC_089037.1.g10035, NC_089038.1.g16779	NC_089035.1.g580, NC_089037.1.g10154, NC_089038.1.g16972		NC_089035.1.g551, NC_089037.1.g10059, NC_089038.1.g16787	6	1	
OG0000606	NC_089036.1.g7768, NC_089036.1.g7773, NC_089036.1.g7778	NC_089036.1.g7737, NC_089036.1.g7740, NC_089036.1.g7744	NC_089036.1.g7729, NC_089036.1.g7732, NC_089036.1.g7737	NC_089036.1.g7687, NC_089036.1.g7691, NC_089036.1.g7695	NC_089036.1.g7741, NC_089036.1.g7744, NC_089036.1.g7747		NC_089036.1.g7736, NC_089036.1.g7741, NC_089036.1.g7746	NC_089036.1.g7774, NC_089036.1.g7779, NC_089036.1.g7782	6	1	
OG0000608	NC_089037.1.g10681, NC_089038.1.g16415, NC_089046.1.g37945	NC_089037.1.g10645, NC_089038.1.g16296, NC_089046.1.g37784		NC_089037.1.g10600, NC_089038.1.g16270, NC_089046.1.g37407	NC_089037.1.g10651, NC_089038.1.g16363, NC_089046.1.g37978	NC_089037.1.g10775, NC_089038.1.g16547, NC_089046.1.g38318	NC_089037.1.g10654, NC_089038.1.g16364, NC_089046.1.g37687	NC_089037.1.g10693, NC_089038.1.g16374, NC_089046.1.g37897	6	1	
OG0000613	NC_089038.1.g17437, NC_089042.1.g28157, NC_089045.1.g35567	NC_089038.1.g17273, NC_089042.1.g27981, NC_089045.1.g35427	NC_089038.1.g17355, NC_089042.1.g28004, NC_089045.1.g35354	NC_089038.1.g17286, NC_089042.1.g27787, NC_089045.1.g35122	NC_089038.1.g17373, NC_089042.1.g28106, NC_089045.1.g35591		NC_089038.1.g17363, NC_089042.1.g27966, NC_089045.1.g35337	NC_089038.1.g17385, NC_089042.1.g28058, NC_089045.1.g35568	6	1	
OG0000624	NC_089042.1.g28588, NC_089042.1.g29102, NC_089042.1.g29106	NC_089042.1.g28423, NC_089042.1.g28932, NC_089042.1.g28935	NC_089042.1.g28441, NC_089042.1.g28947, NC_089042.1.g28950	NC_089042.1.g28188, NC_089042.1.g28674, NC_089042.1.g28677	NC_089042.1.g28547, NC_089042.1.g29036, NC_089042.1.g29039	NC_089042.1.g28776, NC_089042.1.g29281, NC_089042.1.g29284		NC_089042.1.g28507, NC_089042.1.g29016, NC_089042.1.g29019	6	1	
OG0000629	NC_089044.1.g33934, NC_089044.1.g33935, NC_089044.1.g33936		NC_089044.1.g33714, NC_089044.1.g33715, NC_089044.1.g33716	NC_089044.1.g33498, NC_089044.1.g33499, NC_089044.1.g33500	NC_089044.1.g33947, NC_089044.1.g33948, NC_089044.1.g33949	NC_089044.1.g34266, NC_089044.1.g34267, NC_089044.1.g34268	NC_089044.1.g33705, NC_089044.1.g33706, NC_089044.1.g33707	NC_089044.1.g33917, NC_089044.1.g33918, NC_089044.1.g33919	6	1	
OG0000634		NC_089037.1.g11582, NC_089039.1.g19870, NC_089045.1.g34908	NC_089036.1.g8645, NC_089037.1.g11584, NC_089045.1.g34821	NC_089037.1.g11522, NC_089039.1.g19850, NC_089045.1.g34602		NC_089035.1.g3680, NC_089037.1.g11705, NC_089039.1.g20191, NC_089045.1.g35376	NC_089035.1.g3614, NC_089037.1.g11578, NC_089039.1.g19924, NC_089045.1.g34810	NC_089035.1.g3618, NC_089037.1.g11640, NC_089039.1.g19950, NC_089045.1.g35030	6	0	
OG0000638	NC_089035.1.g454, NC_089036.1.g9426, NC_089043.1.g31282	NC_089035.1.g455, NC_089043.1.g31120	NC_089035.1.g446, NC_089036.1.g9387, NC_089043.1.g31088		NC_089035.1.g447, NC_089036.1.g9392, NC_089043.1.g31226	NC_089035.1.g463, NC_089036.1.g9516, NC_089043.1.g31544	NC_089035.1.g446, NC_089036.1.g9382, NC_089043.1.g31028	NC_089035.1.g451, NC_089036.1.g9411, NC_089043.1.g31196	6	1	
OG0000639	NC_089035.1.g3991, NC_089035.1.g788, NC_089045.1.g36009	NC_089035.1.g3977, NC_089035.1.g790, NC_089045.1.g35860	NC_089035.1.g3981, NC_089035.1.g760, NC_089045.1.g35782	NC_089035.1.g3925, NC_089035.1.g788, NC_089045.1.g35565		NC_089035.1.g800, NC_089045.1.g36372	NC_089035.1.g3935, NC_089035.1.g764, NC_089045.1.g35762	NC_089035.1.g3949, NC_089035.1.g771, NC_089045.1.g35994	6	1	
OG0000640	NC_089035.1.g864, NC_089035.1.g926, NC_089035.1.g928	NC_089035.1.g866, NC_089035.1.g928, NC_089035.1.g930	NC_089035.1.g835, NC_089035.1.g899, NC_089035.1.g901	NC_089035.1.g862, NC_089035.1.g926	NC_089035.1.g838, NC_089035.1.g901, NC_089035.1.g903	NC_089035.1.g875, NC_089035.1.g938, NC_089035.1.g940	NC_089035.1.g840, NC_089035.1.g903, NC_089035.1.g905		6	1	
OG0000641	NC_089035.1.g1064, NC_089035.1.g2697, NC_089037.1.g13692, NC_089044.1.g34262	NC_089035.1.g1065, NC_089035.1.g2681, NC_089037.1.g13598		NC_089035.1.g1058, NC_089037.1.g13580, NC_089044.1.g33822	NC_089035.1.g1042, NC_089035.1.g2675	NC_089035.1.g1076, NC_089035.1.g2717, NC_089037.1.g13802, NC_089044.1.g34600	NC_089035.1.g1039, NC_089035.1.g2672	NC_089035.1.g2655, NC_089037.1.g13692	6	1	
OG0000656	NC_089037.1.g11720, NC_089042.1.g27766, NC_089045.1.g35328	NC_089035.1.g4751	NC_089037.1.g11677, NC_089042.1.g27610, NC_089045.1.g35091	NC_089037.1.g11617, NC_089042.1.g27418, NC_089045.1.g34887	NC_089037.1.g11691, NC_089042.1.g27709, NC_089045.1.g35344	NC_089037.1.g11802, NC_089042.1.g27956, NC_089045.1.g35659		NC_089035.1.g4726, NC_089037.1.g11736, NC_089042.1.g27670, NC_089045.1.g35321	6	1	
OG0000657	NC_089037.1.g11877, NC_089038.1.g15539, NC_089040.1.g22180		NC_089037.1.g11840, NC_089038.1.g15444, NC_089040.1.g22064	NC_089037.1.g11770, NC_089038.1.g15406, NC_089040.1.g21947	NC_089037.1.g11845, NC_089038.1.g15491	NC_089037.1.g11967, NC_089038.1.g15659, NC_089040.1.g22347	NC_089037.1.g11816, NC_089038.1.g15478, NC_089040.1.g22039	NC_089037.1.g11884, NC_089038.1.g15505, NC_089040.1.g22076	6	1	
OG0000668	NC_089040.1.g22068, NC_089042.1.g29295, NC_089045.1.g35401	NC_089040.1.g21902, NC_089042.1.g29126, NC_089045.1.g35269	NC_089040.1.g21955, NC_089042.1.g29143, NC_089045.1.g35191	NC_089040.1.g21831, NC_089045.1.g34965		NC_089040.1.g22226, NC_089042.1.g29483, NC_089045.1.g35747	NC_089040.1.g21923, NC_089042.1.g29075, NC_089045.1.g35186	NC_089040.1.g21966, NC_089042.1.g29205, NC_089045.1.g35404	6	1	
OG0000670	NC_089041.1.g25899, NC_089041.1.g25903, NC_089041.1.g25907	NC_089041.1.g25745, NC_089041.1.g25751, NC_089041.1.g25757	NC_089041.1.g25752, NC_089041.1.g25757, NC_089041.1.g25762	NC_089041.1.g25550, NC_089041.1.g25554, NC_089041.1.g25558	NC_089041.1.g25854, NC_089041.1.g25859, NC_089041.1.g25864	NC_089041.1.g26064, NC_089041.1.g26067, NC_089041.1.g26070	NC_089041.1.g25706, NC_089041.1.g25710		6	1	
OG0000675	NC_089043.1.g30897, NC_089043.1.g30898, NC_089043.1.g30904		NC_089043.1.g30729, NC_089043.1.g30730, NC_089043.1.g30736	NC_089043.1.g30483, NC_089043.1.g30484, NC_089043.1.g30488	NC_089043.1.g30856, NC_089043.1.g30857, NC_089043.1.g30862	NC_089043.1.g31166, NC_089043.1.g31167, NC_089043.1.g31172	NC_089043.1.g30652, NC_089043.1.g30653, NC_089043.1.g30659	NC_089043.1.g30840, NC_089043.1.g30845	6	1	
OG0000678	NC_089044.1.g32650	NC_089036.1.g8518, NC_089044.1.g32521, NC_089044.1.g33696		NC_089036.1.g8462, NC_089044.1.g32204, NC_089044.1.g33393	NC_089036.1.g8514, NC_089038.1.g16331, NC_089044.1.g33835	NC_089036.1.g8624, NC_089044.1.g32943, NC_089044.1.g34152	NC_089036.1.g8518, NC_089044.1.g32409, NC_089044.1.g33592	NC_089036.1.g8534, NC_089038.1.g16341, NC_089044.1.g32605, NC_089044.1.g33805	6	1	
OG0000687		NC_089036.1.g5516, NC_089041.1.g24641, NC_089042.1.g28455, NC_089044.1.g32850	NC_089036.1.g5518, NC_089041.1.g24670, NC_089042.1.g28476, NC_089044.1.g32795	NC_089036.1.g5453, NC_089041.1.g24505, NC_089042.1.g28221, NC_089044.1.g32535		NC_089036.1.g5580, NC_089041.1.g24972, NC_089042.1.g28814	NC_089036.1.g5477, NC_089041.1.g24629, NC_089042.1.g28418, NC_089044.1.g32730	NC_089044.1.g32925	6	0	
OG0000690		NC_089043.1.g30135, NC_089043.1.g30136, NC_089044.1.g32738, NC_089046.1.g37874, NC_089046.1.g38396	NC_089037.1.g11250, NC_089037.1.g11252, NC_089040.1.g22518, NC_089045.1.g35487	NC_089037.1.g11790, NC_089037.1.g11791, NC_089040.1.g22358, NC_089044.1.g32372, NC_089045.1.g35327, NC_089045.1.g35328, NC_089046.1.g37997		NC_089037.1.g11598	NC_089037.1.g13614, NC_089045.1.g35541	NC_089040.1.g22894	6	0	
OG0000696	NC_089035.1.g1313, NC_089039.1.g17719, NC_089041.1.g25175	NC_089035.1.g1312, NC_089039.1.g17554, NC_089041.1.g25016	NC_089035.1.g1273, NC_089039.1.g17627, NC_089041.1.g25021	NC_089035.1.g1297	NC_089035.1.g1288, NC_089039.1.g17655, NC_089041.1.g25130	NC_089035.1.g1319, NC_089039.1.g17858, NC_089041.1.g25343		NC_089035.1.g1286, NC_089039.1.g17664, NC_089041.1.g25041	6	1	
OG0000697	NC_089035.1.g2611, NC_089035.1.g2612, NC_089035.1.g2784, NC_089035.1.g2786	NC_089035.1.g2589, NC_089035.1.g2776	NC_089035.1.g2779	NC_089035.1.g2565, NC_089035.1.g2566, NC_089035.1.g2743, NC_089035.1.g2744, NC_089035.1.g2745, NC_089035.1.g2746, NC_089035.1.g2747, NC_089035.1.g3418	NC_089035.1.g2772		NC_089035.1.g2767	NC_089035.1.g2562, NC_089035.1.g2752	6	1	
OG0000711	NC_089040.1.g22475, NC_089040.1.g22657, NC_089044.1.g32537, NC_089044.1.g34467, NC_089045.1.g35677		NC_089040.1.g22529, NC_089044.1.g32360, NC_089045.1.g35464	NC_089040.1.g22367, NC_089044.1.g32099	NC_089044.1.g33164	NC_089040.1.g22820, NC_089044.1.g32823, NC_089045.1.g36029	NC_089040.1.g22493, NC_089045.1.g35440	NC_089040.1.g22531, NC_089044.1.g32491, NC_089045.1.g35677	6	1	
OG0000714	NC_089040.1.g23921, NC_089040.1.g23936, NC_089040.1.g23947	NC_089040.1.g23754, NC_089040.1.g23766, NC_089040.1.g23777	NC_089040.1.g23797, NC_089040.1.g23809, NC_089040.1.g23817		NC_089040.1.g23879, NC_089040.1.g23889, NC_089040.1.g23894	NC_089040.1.g24093, NC_089040.1.g24100, NC_089040.1.g24105	NC_089040.1.g23761, NC_089040.1.g23769	NC_089040.1.g23812, NC_089040.1.g23820	6	1	
OG0000716	NC_089042.1.g29271, NC_089045.1.g36760, NC_089045.1.g36763	NC_089042.1.g29104, NC_089045.1.g36609, NC_089045.1.g36611	NC_089042.1.g29120	NC_089042.1.g28839, NC_089045.1.g36275, NC_089045.1.g36276	NC_089042.1.g29213, NC_089045.1.g36799, NC_089045.1.g36801	NC_089042.1.g29460, NC_089045.1.g37115, NC_089045.1.g37116		NC_089042.1.g29183, NC_089045.1.g36716, NC_089045.1.g36717	6	1	
OG0000729	NC_089035.1.g1307, NC_089039.1.g19771, NC_089042.1.g27489, NC_089042.1.g28070	NC_089035.1.g1305, NC_089039.1.g19614, NC_089042.1.g27313, NC_089042.1.g27902	NC_089039.1.g19666	NC_089035.1.g1292, NC_089039.1.g19598, NC_089042.1.g27713	NC_089039.1.g19720, NC_089042.1.g28028	NC_089042.1.g28275		NC_089035.1.g1281, NC_089039.1.g19702, NC_089042.1.g27374	6	1	
OG0000733	NC_089035.1.g1890, NC_089035.1.g1891, NC_089035.1.g1904	NC_089035.1.g1866, NC_089035.1.g1867, NC_089035.1.g1878	NC_089035.1.g1850, NC_089035.1.g1861	NC_089035.1.g1848		NC_089035.1.g1894, NC_089035.1.g1895, NC_089035.1.g1906	NC_089035.1.g1832, NC_089035.1.g1833, NC_089035.1.g1845	NC_089035.1.g1849, NC_089035.1.g1850, NC_089035.1.g1861	6	1	
OG0000740	NC_089036.1.g9166, NC_089040.1.g20771		NC_089036.1.g9133, NC_089036.1.g9139, NC_089040.1.g20666	NC_089035.1.g422, NC_089036.1.g9082, NC_089036.1.g9086, NC_089036.1.g9092, NC_089040.1.g20587, NC_089040.1.g20588	NC_089036.1.g9143	NC_089036.1.g9250, NC_089036.1.g9256, NC_089040.1.g20934	NC_089036.1.g5896	NC_089036.1.g9160, NC_089040.1.g20688	6	1	
OG0000746	NC_089038.1.g14159, NC_089038.1.g14161, NC_089038.1.g14165, NC_089038.1.g14185		NC_089038.1.g14306	NC_089038.1.g14043, NC_089038.1.g14062	NC_089038.1.g14096, NC_089038.1.g14113	NC_089038.1.g14257, NC_089038.1.g14259, NC_089038.1.g14264, NC_089038.1.g14282	NC_089038.1.g14096, NC_089038.1.g14103, NC_089038.1.g14117	NC_089038.1.g14159, NC_089038.1.g14173	6	1	
OG0000748	NC_089038.1.g15174, NC_089038.1.g15178	NC_089038.1.g15072, NC_089038.1.g15091	NC_089038.1.g15087, NC_089038.1.g15090, NC_089038.1.g15092, NC_089038.1.g15107, NC_089038.1.g15111, NC_089038.1.g15119	NC_089038.1.g15052, NC_089038.1.g15062, NC_089038.1.g15069	NC_089038.1.g15142	NC_089038.1.g15298		NC_089038.1.g15157, NC_089038.1.g15163, NC_089038.1.g15174	6	1	
OG0000749	NC_089038.1.g15429, NC_089040.1.g22005	NC_089038.1.g15326, NC_089040.1.g21836, NC_089043.1.g30936		NC_089038.1.g15301, NC_089038.1.g15615, NC_089040.1.g21769	NC_089038.1.g15383, NC_089040.1.g21962, NC_089043.1.g31040	NC_089038.1.g15550, NC_089038.1.g15866, NC_089040.1.g22162	NC_089038.1.g15374, NC_089040.1.g21864	NC_089038.1.g15400, NC_089040.1.g21906	6	1	
OG0000752	NC_089038.1.g16603, NC_089039.1.g19694, NC_089046.1.g38601	NC_089039.1.g19531, NC_089039.1.g19802, NC_089043.1.g31583, NC_089046.1.g38450		NC_089036.1.g8131, NC_089039.1.g19515, NC_089039.1.g19783, NC_089046.1.g38057	NC_089039.1.g19635, NC_089039.1.g19914, NC_089046.1.g38642	NC_089039.1.g19858, NC_089046.1.g38982	NC_089046.1.g38309	NC_089046.1.g38529	6	1	
OG0000756	NC_089040.1.g21638	NC_089039.1.g20451, NC_089040.1.g21478, NC_089041.1.g24914	NC_089040.1.g21522, NC_089041.1.g24925		NC_089039.1.g20556, NC_089040.1.g21590, NC_089041.1.g25033	NC_089040.1.g21791	NC_089039.1.g20485, NC_089040.1.g21516, NC_089041.1.g24891, NC_089045.1.g35004	NC_089039.1.g20514, NC_089040.1.g21535, NC_089041.1.g24942, NC_089045.1.g35220	6	1	
OG0000764	NC_089042.1.g27956, NC_089042.1.g27960	NC_089042.1.g27786	NC_089042.1.g27213, NC_089042.1.g27805, NC_089042.1.g27809, NC_089042.1.g27813	NC_089042.1.g27613, NC_089042.1.g27618	NC_089042.1.g27902, NC_089042.1.g27909	NC_089042.1.g28155, NC_089042.1.g28158, NC_089042.1.g28160, NC_089042.1.g28168		NC_089042.1.g27862, NC_089042.1.g27867, NC_089042.1.g27870	6	1	
OG0000766	NC_089043.1.g30681, NC_089045.1.g36978	NC_089035.1.g1762, NC_089040.1.g21839, NC_089044.1.g33124, NC_089045.1.g35439, NC_089046.1.g38674	NC_089043.1.g30521, NC_089045.1.g36753	NC_089035.1.g1749, NC_089040.1.g21857, NC_089045.1.g35132	NC_089035.1.g2922, NC_089035.1.g3679, NC_089036.1.g5675, NC_089045.1.g35993	NC_089036.1.g5733		NC_089036.1.g5651	6	1	
OG0000771		NC_089046.1.g38611, NC_089046.1.g38613, NC_089046.1.g38615		NC_089046.1.g38223, NC_089046.1.g38226, NC_089046.1.g38229	NC_089046.1.g38801, NC_089046.1.g38804, NC_089046.1.g38807	NC_089046.1.g39158, NC_089046.1.g39161, NC_089046.1.g39164	NC_089046.1.g38473, NC_089046.1.g38475, NC_089046.1.g38477	NC_089046.1.g38701, NC_089046.1.g38703, NC_089046.1.g38705	6	0	
OG0000772			NC_089037.1.g11841, NC_089038.1.g15443, NC_089040.1.g22065	NC_089037.1.g11771, NC_089038.1.g15405, NC_089040.1.g21948	NC_089037.1.g11846, NC_089038.1.g15490, NC_089040.1.g22146	NC_089037.1.g11968, NC_089038.1.g15658, NC_089040.1.g22348	NC_089037.1.g11817, NC_089038.1.g15477, NC_089040.1.g22040	NC_089037.1.g11885, NC_089038.1.g15504, NC_089040.1.g22077	6	0	
OG0000773			NC_089044.1.g32564, NC_089044.1.g32567, NC_089044.1.g32570	NC_089044.1.g32302, NC_089044.1.g32305, NC_089044.1.g32308	NC_089044.1.g32745, NC_089044.1.g32748, NC_089044.1.g32751	NC_089044.1.g33046, NC_089044.1.g33049, NC_089044.1.g33052	NC_089044.1.g32510, NC_089044.1.g32513, NC_089044.1.g32516	NC_089044.1.g32702, NC_089044.1.g32705, NC_089044.1.g32708	6	0	
OG0000797	NC_089036.1.g7772, NC_089036.1.g7777	NC_089036.1.g7738, NC_089036.1.g7743	NC_089036.1.g7731, NC_089036.1.g7736		NC_089036.1.g7743, NC_089036.1.g7746, NC_089036.1.g7754, NC_089036.1.g7758	NC_089036.1.g7844, NC_089036.1.g7846, NC_089036.1.g7852	NC_089036.1.g7740, NC_089036.1.g7745	NC_089036.1.g7776, NC_089036.1.g7781	6	1	
OG0000800	NC_089037.1.g10200, NC_089038.1.g14293	NC_089037.1.g10169, NC_089038.1.g14190	NC_089037.1.g10166, NC_089038.1.g14224, NC_089038.1.g16659		NC_089037.1.g10176, NC_089038.1.g14225, NC_089038.1.g16688	NC_089037.1.g10298, NC_089038.1.g14388, NC_089038.1.g16885	NC_089037.1.g10172	NC_089037.1.g10208, NC_089038.1.g14283, NC_089038.1.g16695	6	1	
OG0000809	NC_089038.1.g14831	NC_011033.1.g39601, NC_011033.1.g39604, NC_089038.1.g14729	NC_011033.1.g39493, NC_011033.1.g39496, NC_089038.1.g14765		NC_011033.1.g39784, NC_011033.1.g39787, NC_089038.1.g14769	NC_011033.1.g40147, NC_011033.1.g40150, NC_089038.1.g14949	NC_011033.1.g39450, NC_011033.1.g39453, NC_089038.1.g14762	NC_089038.1.g14826	6	1	
OG0000832	NC_089042.1.g28452, NC_089045.1.g35429	NC_089042.1.g28286, NC_089045.1.g35295, NC_089045.1.g36677	NC_089042.1.g28302, NC_089045.1.g35219		NC_089042.1.g28415, NC_089045.1.g35452	NC_089042.1.g28645, NC_089045.1.g35775, NC_089045.1.g37185	NC_089042.1.g28253, NC_089045.1.g35215	NC_089042.1.g28366, NC_089045.1.g35431, NC_089045.1.g36785	6	1	
OG0000834	NC_089042.1.g29240, NC_089042.1.g29361, NC_089042.1.g29545, NC_089046.1.g38248	NC_089042.1.g29073, NC_089046.1.g38092	NC_089046.1.g38016	NC_089042.1.g28809, NC_089042.1.g28931, NC_089042.1.g29118, NC_089043.1.g29968, NC_089046.1.g37708	NC_089046.1.g38281	NC_089046.1.g38625	NC_089042.1.g29025, NC_089043.1.g30153, NC_089046.1.g37981		6	1	
OG0000863			NC_089035.1.g3728, NC_089038.1.g14478	NC_089035.1.g3562, NC_089035.1.g3668, NC_089037.1.g10563, NC_089038.1.g14410, NC_089039.1.g17633, NC_089039.1.g19351, NC_089041.1.g25883	NC_089035.1.g3717, NC_089038.1.g14483, NC_089040.1.g22123	NC_089035.1.g3770, NC_089039.1.g17929	NC_089038.1.g14483, NC_089040.1.g22018	NC_089038.1.g14543	6	0	
OG0000865			NC_089042.1.g27710, NC_089043.1.g31724, NC_089043.1.g31799, NC_089044.1.g32378	NC_089042.1.g27511, NC_089043.1.g31547	NC_089042.1.g27808, NC_089043.1.g31860, NC_089043.1.g31936	NC_089042.1.g28059, NC_089043.1.g32256	NC_089042.1.g27684, NC_089043.1.g31664, NC_089043.1.g31739	NC_089042.1.g27759, NC_089043.1.g31916, NC_089045.1.g37055	6	0	
OG0000932	NC_089035.1.g1395, NC_089036.1.g7045, NC_089036.1.g7298, NC_089045.1.g35877		NC_089035.1.g1352, NC_089045.1.g35652	NC_089035.1.g1375	NC_089036.1.g7023, NC_089045.1.g35893, NC_089045.1.g36075	NC_089036.1.g7114	NC_089036.1.g6990, NC_089045.1.g35631	NC_089036.1.g7048, NC_089036.1.g7293, NC_089045.1.g35867	6	1	
OG0001047	NC_089035.1.g4198, NC_089044.1.g32852	NC_089035.1.g4177, NC_089036.1.g8296, NC_089040.1.g22921		NC_089035.1.g4129, NC_089036.1.g5967	NC_089035.1.g4175, NC_089035.1.g4176, NC_089037.1.g11194, NC_089037.1.g11195	NC_089046.1.g39638	NC_089035.1.g4146, NC_089036.1.g6568, NC_089040.1.g22936	NC_089035.1.g4155	6	1	
OG0001232	NC_089036.1.g8162	NC_089039.1.g18047, NC_089040.1.g22198, NC_089043.1.g30852	NC_089043.1.g30817	NC_089043.1.g30570	NC_089043.1.g30945	NC_089035.1.g1447, NC_089039.1.g18355, NC_089040.1.g22525, NC_089042.1.g29267, NC_089043.1.g30730, NC_089043.1.g31256, NC_089045.1.g35806, NC_089045.1.g35807		NC_089043.1.g30931	6	1	
OG0001691	NC_089041.1.g24626, NC_089041.1.g25079	NC_089039.1.g17843, NC_089040.1.g21245, NC_089041.1.g24450	NC_089039.1.g17918, NC_089040.1.g21294, NC_089041.1.g24478	NC_089041.1.g24762	NC_089039.1.g17948, NC_089040.1.g21360, NC_089041.1.g24579	NC_089041.1.g25238		NC_089039.1.g17965, NC_089040.1.g21309, NC_089041.1.g24489	6	1	
OG0001722	NC_089041.1.g26030, NC_089041.1.g26032, NC_089041.1.g26033, NC_089041.1.g26035	NC_089041.1.g25881, NC_089041.1.g25882, NC_089041.1.g25884	NC_089041.1.g25880, NC_089041.1.g25882, NC_089041.1.g25883	NC_089041.1.g25677		NC_089041.1.g26199	NC_089041.1.g25835	NC_089041.1.g25917, NC_089041.1.g25919, NC_089041.1.g25921	6	1	
OG0001806	NC_089043.1.g30291, NC_089046.1.g37907	NC_089043.1.g30157, NC_089045.1.g36568, NC_089046.1.g37742		NC_089035.1.g1833, NC_089046.1.g37367	NC_089043.1.g30253, NC_089046.1.g37935	NC_089043.1.g30545, NC_089043.1.g31575, NC_089046.1.g38277	NC_089043.1.g30077, NC_089046.1.g37644	NC_089043.1.g30248, NC_089046.1.g37856	6	1	
OG0002100	NC_089035.1.g113, NC_089035.1.g117, NC_089035.1.g132, NC_089035.1.g139		NC_089035.1.g107, NC_089035.1.g117, NC_089042.1.g28307	NC_089035.1.g103, NC_089035.1.g120, NC_089035.1.g132	NC_089035.1.g103, NC_089035.1.g129	NC_089035.1.g113	NC_089035.1.g106	NC_089035.1.g106	6	1	
OG0002113	NC_089035.1.g4147, NC_089036.1.g9294, NC_089037.1.g12532	NC_089035.1.g4127, NC_089036.1.g9271, NC_089037.1.g12174	NC_089035.1.g4143	NC_089035.1.g4081, NC_089036.1.g9223, NC_089037.1.g12140	NC_089035.1.g4124		NC_089035.1.g4095, NC_089036.1.g9261	NC_089035.1.g4108, NC_089036.1.g9285	6	1	
OG0002140	NC_089036.1.g8317, NC_089037.1.g12139	NC_089036.1.g8289, NC_089037.1.g12063	NC_089036.1.g8275, NC_089037.1.g12092	NC_089036.1.g8229, NC_089037.1.g12029	NC_089036.1.g8295, NC_089037.1.g12095	NC_089036.1.g8395, NC_089037.1.g12225, NC_089041.1.g24906		NC_089036.1.g8312, NC_089037.1.g12133	6	1	
OG0002153	NC_089037.1.g11379, NC_089042.1.g28532, NC_089044.1.g33796, NC_089046.1.g37742	NC_089041.1.g26971, NC_089045.1.g35608	NC_089036.1.g7230, NC_089037.1.g12695	NC_089045.1.g35217, NC_089046.1.g37210		NC_089038.1.g14847, NC_089046.1.g38111	NC_089036.1.g7223	NC_089037.1.g12742, NC_089043.1.g31331	6	1	
OG0002157	NC_089037.1.g11972, NC_089038.1.g14718, NC_089042.1.g28394, NC_089042.1.g28457	NC_089038.1.g14618		NC_089037.1.g11863	NC_089038.1.g14654, NC_089042.1.g28356	NC_089037.1.g12056, NC_089042.1.g28582	NC_089038.1.g14648, NC_089042.1.g28196	NC_089037.1.g11969, NC_089038.1.g14715, NC_089042.1.g28307	6	1	
OG0002167	NC_089038.1.g14656, NC_089042.1.g28354	NC_089038.1.g14566, NC_089042.1.g28182		NC_089036.1.g8725, NC_089042.1.g27963	NC_089038.1.g14598, NC_089042.1.g28309	NC_089036.1.g8887, NC_089038.1.g14772, NC_089042.1.g28537	NC_089038.1.g14593, NC_089042.1.g28150	NC_089038.1.g14660, NC_089042.1.g28256	6	1	
OG0002169	NC_089038.1.g14954, NC_089038.1.g14987, NC_089040.1.g22601, NC_089041.1.g25041	NC_089041.1.g24868	NC_089038.1.g14909, NC_089041.1.g24883	NC_089041.1.g24720	NC_089038.1.g14931, NC_089041.1.g24990	NC_089038.1.g15101, NC_089040.1.g22773		NC_089038.1.g14949, NC_089038.1.g14982, NC_089041.1.g24899	6	1	
OG0002173	NC_089038.1.g15189	NC_089037.1.g11196, NC_089038.1.g15132, NC_089038.1.g15827	NC_089035.1.g99, NC_089037.1.g9472, NC_089038.1.g15103	NC_089045.1.g34509	NC_089035.1.g94, NC_089037.1.g9477, NC_089038.1.g15135, NC_089040.1.g22211	NC_089038.1.g15275, NC_089040.1.g22411		NC_089037.1.g11723	6	1	
OG0002193	NC_089039.1.g19847, NC_089042.1.g28956, NC_089042.1.g29542	NC_089039.1.g19694	NC_089039.1.g19742, NC_089042.1.g28808, NC_089042.1.g29405		NC_089039.1.g19799, NC_089042.1.g28895, NC_089042.1.g29491	NC_089039.1.g20016, NC_089042.1.g29139, NC_089042.1.g29747	NC_089039.1.g19749	NC_089039.1.g19771	6	1	
OG0002206	NC_089040.1.g22535, NC_089044.1.g32839	NC_089040.1.g22378	NC_089040.1.g22416, NC_089044.1.g32657		NC_089040.1.g22504, NC_089044.1.g32841	NC_089040.1.g22700, NC_089041.1.g25585, NC_089044.1.g33149	NC_089040.1.g22386, NC_089045.1.g34929, NC_089045.1.g35665	NC_089040.1.g22424, NC_089044.1.g32797	6	1	
OG0002207	NC_089040.1.g22739, NC_089041.1.g26283	NC_089040.1.g22560, NC_089041.1.g26126		NC_089040.1.g22448, NC_089041.1.g25908	NC_089040.1.g22699, NC_089041.1.g26231	NC_089040.1.g22902, NC_089041.1.g26445	NC_089040.1.g22574, NC_089041.1.g26080	NC_089040.1.g22617, NC_089041.1.g26151, NC_089045.1.g36474	6	1	
OG0002219	NC_089042.1.g27864, NC_089042.1.g27865	NC_089042.1.g27700	NC_089042.1.g27719, NC_089042.1.g27720	NC_089042.1.g27516, NC_089042.1.g27520, NC_089042.1.g27521	NC_089042.1.g27814, NC_089042.1.g27818, NC_089042.1.g27819, NC_089042.1.g27822		NC_089042.1.g27697	NC_089042.1.g27765, NC_089042.1.g27772	6	1	
OG0002229	NC_089043.1.g30198, NC_089044.1.g32281	NC_089040.1.g23746, NC_089043.1.g30054, NC_089044.1.g32113	NC_089040.1.g23791	NC_089043.1.g29781, NC_089044.1.g31852		NC_089043.1.g30434, NC_089044.1.g32558	NC_089040.1.g23755, NC_089043.1.g29981, NC_089044.1.g32019	NC_089043.1.g30151, NC_089044.1.g32232	6	1	
OG0002240	NC_089044.1.g34100, NC_089044.1.g34101	NC_089044.1.g33962, NC_089044.1.g33963		NC_089044.1.g33656, NC_089044.1.g33658, NC_089044.1.g33661, NC_089044.1.g33662	NC_089044.1.g34123	NC_089044.1.g33390, NC_089044.1.g34437, NC_089044.1.g34438	NC_089044.1.g33882, NC_089044.1.g33883	NC_089044.1.g34089	6	1	
OG0002263		NC_089044.1.g34243	NC_089041.1.g26858		NC_089040.1.g22788, NC_089041.1.g26956	NC_089043.1.g31389	NC_089041.1.g26821	NC_089035.1.g3190, NC_089036.1.g7377, NC_089040.1.g22126, NC_089040.1.g22129, NC_089040.1.g22783, NC_089041.1.g26900, NC_089041.1.g26904, NC_089043.1.g30639, NC_089045.1.g35721	6	0	
OG0002270	NC_089035.1.g1197, NC_089044.1.g34012	NC_089035.1.g1192, NC_089044.1.g33866	NC_089035.1.g1159, NC_089044.1.g33787	NC_089035.1.g1183, NC_089044.1.g33572	NC_089035.1.g1172, NC_089044.1.g34027		NC_089035.1.g1164, NC_089044.1.g33787	NC_089035.1.g1166, NC_089044.1.g33993	6	1	
OG0002294	NC_089036.1.g5642, NC_089036.1.g5644	NC_089036.1.g5635, NC_089036.1.g5637	NC_089036.1.g5647, NC_089036.1.g5649	NC_089036.1.g5572, NC_089036.1.g5574	NC_089036.1.g5639, NC_089036.1.g5641		NC_089036.1.g5603, NC_089036.1.g5605	NC_089036.1.g5611, NC_089036.1.g5613	6	1	
OG0002299	NC_089036.1.g6922, NC_089039.1.g18905, NC_089043.1.g30133, NC_089046.1.g38450, NC_089046.1.g38475	NC_089039.1.g17914	NC_089040.1.g22611		NC_089036.1.g6529, NC_089036.1.g7080, NC_089043.1.g30001, NC_089046.1.g38482	NC_089046.1.g38829	NC_089035.1.g2250	NC_089037.1.g11308	6	1	
OG0002300	NC_089036.1.g6963, NC_089039.1.g19620, NC_089043.1.g30598	NC_089036.1.g6932	NC_089036.1.g6932, NC_089039.1.g19512		NC_089036.1.g6946, NC_089039.1.g19556, NC_089043.1.g30547	NC_089036.1.g7037, NC_089039.1.g19783	NC_089036.1.g6908	NC_089036.1.g6970, NC_089039.1.g19545	6	1	
OG0002309	NC_089037.1.g9672	NC_089038.1.g14834, NC_089044.1.g33047	NC_089035.1.g2098, NC_089041.1.g25229, NC_089044.1.g32699	NC_089037.1.g12538, NC_089037.1.g12539, NC_089037.1.g9593		NC_089037.1.g9756, NC_089038.1.g14410, NC_089042.1.g28739	NC_089036.1.g7382	NC_089041.1.g25459	6	1	
OG0002310	NC_089037.1.g9727, NC_089037.1.g9728	NC_089037.1.g9698	NC_089037.1.g9690, NC_089037.1.g9691, NC_089037.1.g9693	NC_089037.1.g9649	NC_089037.1.g9690		NC_089037.1.g9684, NC_089037.1.g9685, NC_089037.1.g9686	NC_089037.1.g9713, NC_089037.1.g9714, NC_089037.1.g9716	6	1	
OG0002313	NC_089037.1.g11035, NC_089037.1.g11703	NC_089037.1.g10988, NC_089037.1.g11656	NC_089037.1.g10991, NC_089037.1.g11660	NC_089037.1.g10948, NC_089037.1.g11601	NC_089037.1.g11002, NC_089037.1.g11672		NC_089037.1.g10995, NC_089037.1.g11651	NC_089037.1.g11040, NC_089037.1.g11717	6	1	
OG0002316	NC_089037.1.g12136, NC_089041.1.g26722	NC_089041.1.g26573	NC_089037.1.g12084, NC_089041.1.g26564		NC_089041.1.g26687	NC_089037.1.g12217, NC_089041.1.g26914	NC_089041.1.g26533, NC_089046.1.g38032, NC_089046.1.g39284	NC_089037.1.g12126, NC_089041.1.g26619, NC_089046.1.g39510	6	1	
OG0002325	NC_089038.1.g14182, NC_089038.1.g14268	NC_089038.1.g14074, NC_089038.1.g14160	NC_089038.1.g14122, NC_089038.1.g14206	NC_089038.1.g14058, NC_089038.1.g14145		NC_089038.1.g14278, NC_089038.1.g14365	NC_089038.1.g14114, NC_089038.1.g14199	NC_089038.1.g14170, NC_089038.1.g14259	6	1	
OG0002330	NC_089038.1.g14553, NC_089038.1.g14557	NC_089038.1.g14455, NC_089038.1.g14462	NC_089038.1.g14485, NC_089038.1.g14490	NC_089038.1.g14416, NC_089038.1.g14421		NC_089038.1.g14660, NC_089038.1.g14665	NC_089038.1.g14490, NC_089038.1.g14496	NC_089038.1.g14549, NC_089038.1.g14554	6	1	
OG0002332	NC_089038.1.g14668, NC_089038.1.g14671	NC_089038.1.g14576, NC_089038.1.g14579		NC_089038.1.g14537, NC_089038.1.g14540	NC_089038.1.g14609, NC_089038.1.g14613	NC_089038.1.g14786, NC_089038.1.g14789	NC_089038.1.g14602, NC_089038.1.g14605	NC_089038.1.g14670, NC_089038.1.g14673	6	1	
OG0002333	NC_089038.1.g14680, NC_089038.1.g15059		NC_089038.1.g14614, NC_089038.1.g14975	NC_089038.1.g14547, NC_089038.1.g14928	NC_089038.1.g14619, NC_089038.1.g15002	NC_089038.1.g14797, NC_089038.1.g15173	NC_089038.1.g14611, NC_089038.1.g14996	NC_089038.1.g14680, NC_089038.1.g15053	6	1	
OG0002335	NC_089038.1.g14899, NC_089045.1.g36443	NC_089038.1.g14795, NC_089045.1.g36294		NC_089038.1.g14765, NC_089045.1.g35984	NC_089038.1.g14835, NC_089045.1.g36485	NC_089038.1.g15014, NC_089045.1.g36813	NC_089038.1.g14835, NC_089045.1.g36183	NC_089038.1.g14894, NC_089045.1.g36419	6	1	
OG0002336	NC_089038.1.g16044, NC_089038.1.g16045	NC_089038.1.g15941, NC_089038.1.g15942	NC_089038.1.g15953, NC_089038.1.g15954		NC_089038.1.g15996, NC_089038.1.g15997	NC_089038.1.g16180, NC_089038.1.g16181	NC_089038.1.g15997, NC_089038.1.g15998	NC_089038.1.g16005, NC_089038.1.g16006	6	1	
OG0002341	NC_089039.1.g17675, NC_089039.1.g17678	NC_089039.1.g17508, NC_089039.1.g17511		NC_089039.1.g17523, NC_089039.1.g17527	NC_089039.1.g17607, NC_089039.1.g17611	NC_089039.1.g17810, NC_089039.1.g17813	NC_089039.1.g17599, NC_089039.1.g17603	NC_089039.1.g17621, NC_089039.1.g17624	6	1	
OG0002344	NC_089039.1.g18564, NC_089043.1.g31615	NC_089039.1.g18392, NC_089043.1.g31447	NC_089039.1.g18457, NC_089043.1.g31422	NC_089039.1.g18397, NC_089043.1.g31175		NC_089039.1.g18711, NC_089043.1.g31879	NC_089039.1.g18495, NC_089043.1.g31362	NC_089039.1.g18520, NC_089043.1.g31535	6	1	
OG0002350	NC_089040.1.g21964, NC_089042.1.g28197	NC_089040.1.g21799, NC_089046.1.g38234		NC_089035.1.g2110, NC_089040.1.g21734	NC_089040.1.g21921, NC_089042.1.g28142	NC_089040.1.g22121	NC_089035.1.g2109, NC_089040.1.g21826	NC_089035.1.g2104, NC_089040.1.g21863, NC_089042.1.g28097	6	1	
OG0002351	NC_089040.1.g22413, NC_089046.1.g38207	NC_089040.1.g22256, NC_089046.1.g38048		NC_089040.1.g22155, NC_089046.1.g37667	NC_089040.1.g22379, NC_089046.1.g38236	NC_089040.1.g22580, NC_089046.1.g38586	NC_089040.1.g22270, NC_089046.1.g37936	NC_089040.1.g22312, NC_089046.1.g38152	6	1	
OG0002356	NC_089040.1.g23262, NC_089044.1.g32795	NC_089040.1.g23100, NC_089040.1.g23101, NC_089044.1.g32674	NC_089040.1.g23141, NC_089044.1.g32616	NC_089040.1.g22962, NC_089044.1.g32357		NC_089040.1.g23438, NC_089044.1.g33105	NC_089040.1.g23106	NC_089040.1.g23147, NC_089044.1.g32755	6	1	
OG0002361	NC_089041.1.g24731, NC_089041.1.g24738	NC_089041.1.g24554, NC_089041.1.g24560	NC_089041.1.g24580, NC_089041.1.g24589	NC_089041.1.g24419, NC_089041.1.g24425	NC_089041.1.g24678, NC_089041.1.g24683	NC_089041.1.g24884, NC_089041.1.g24891	NC_089041.1.g24545, NC_089041.1.g24551		6	1	
OG0002362	NC_089041.1.g25302, NC_089046.1.g38922		NC_089041.1.g25143, NC_089046.1.g38688	NC_089041.1.g24986, NC_089046.1.g38385	NC_089041.1.g25255, NC_089046.1.g38973	NC_089041.1.g25470, NC_089046.1.g39330	NC_089041.1.g25111, NC_089046.1.g38642	NC_089041.1.g25169, NC_089046.1.g38865	6	1	
OG0002364	NC_089041.1.g25464, NC_089045.1.g35464	NC_089041.1.g25307, NC_089045.1.g35330	NC_089041.1.g25304, NC_089045.1.g35257		NC_089041.1.g25417, NC_089045.1.g35486	NC_089041.1.g25636, NC_089045.1.g35810	NC_089041.1.g25266, NC_089045.1.g35248	NC_089041.1.g25335, NC_089045.1.g35465	6	1	
OG0002368	NC_089041.1.g26842, NC_089041.1.g26856	NC_089041.1.g26692, NC_089041.1.g26709	NC_089041.1.g26685	NC_089041.1.g26484, NC_089041.1.g26497		NC_089041.1.g27035, NC_089041.1.g27050	NC_089041.1.g26635, NC_089041.1.g26653, NC_089041.1.g26671	NC_089041.1.g26738, NC_089041.1.g26752	6	1	
OG0002370	NC_089042.1.g27550, NC_089042.1.g27600	NC_089042.1.g27375, NC_089042.1.g27425	NC_089042.1.g27381, NC_089042.1.g27432		NC_089042.1.g27481, NC_089042.1.g27531	NC_089042.1.g27729, NC_089042.1.g27781	NC_089042.1.g27343, NC_089042.1.g27394	NC_089042.1.g27439, NC_089042.1.g27490	6	1	
OG0002374	NC_089042.1.g28006, NC_089042.1.g28024	NC_089042.1.g27836, NC_089042.1.g27854	NC_089042.1.g27859, NC_089042.1.g27878		NC_089042.1.g27957, NC_089042.1.g27975	NC_089042.1.g28209, NC_089042.1.g28229	NC_089042.1.g27825, NC_089042.1.g27843	NC_089042.1.g27915, NC_089042.1.g27930	6	1	
OG0002376	NC_089042.1.g29037, NC_089042.1.g29038	NC_089042.1.g28870, NC_089042.1.g28871		NC_089042.1.g28611, NC_089042.1.g28612	NC_089042.1.g28974, NC_089042.1.g28975	NC_089042.1.g29217, NC_089042.1.g29218	NC_089042.1.g28828, NC_089042.1.g28829	NC_089042.1.g28951, NC_089042.1.g28952	6	1	
OG0002380	NC_089043.1.g30910, NC_089043.1.g30925		NC_089043.1.g30742, NC_089043.1.g30758	NC_089043.1.g30495, NC_089043.1.g30505	NC_089043.1.g30868, NC_089043.1.g30882	NC_089043.1.g31179, NC_089043.1.g31193	NC_089043.1.g30665, NC_089043.1.g30680	NC_089043.1.g30851, NC_089043.1.g30867	6	1	
OG0002386	NC_089044.1.g32293, NC_089044.1.g32295		NC_089044.1.g32103, NC_089044.1.g32105	NC_089044.1.g31865, NC_089044.1.g31867	NC_089044.1.g32261, NC_089044.1.g32263	NC_089044.1.g32570, NC_089044.1.g32572	NC_089044.1.g32032, NC_089044.1.g32034	NC_089044.1.g32244, NC_089044.1.g32246	6	1	
OG0002391	NC_089044.1.g33535	NC_089044.1.g33425	NC_089040.1.g22944, NC_089044.1.g33360		NC_089040.1.g23024, NC_089044.1.g33561	NC_089040.1.g23232, NC_089044.1.g33878	NC_089040.1.g22902, NC_089042.1.g28965, NC_089044.1.g33315	NC_089040.1.g22947, NC_089042.1.g29093, NC_089044.1.g33529	6	1	
OG0002393	NC_089044.1.g33813, NC_089044.1.g33814	NC_089044.1.g33689, NC_089044.1.g33690	NC_089044.1.g33608, NC_089044.1.g33609	NC_089044.1.g33386, NC_089044.1.g33387	NC_089044.1.g33828, NC_089044.1.g33829		NC_089044.1.g33585, NC_089044.1.g33586	NC_089044.1.g33798, NC_089044.1.g33799	6	1	
OG0002395	NC_089045.1.g34565, NC_089046.1.g37367	NC_089045.1.g34421, NC_089046.1.g37198	NC_089045.1.g34336, NC_089046.1.g37127	NC_089045.1.g34115, NC_089046.1.g36830	NC_089045.1.g34575, NC_089046.1.g37374		NC_089045.1.g34337, NC_089046.1.g37097	NC_089045.1.g34543, NC_089046.1.g37304	6	1	
OG0002396	NC_089045.1.g34649, NC_089046.1.g37450	NC_089045.1.g34499, NC_089046.1.g37282	NC_089045.1.g34417, NC_089046.1.g37213	NC_089045.1.g34196, NC_089046.1.g36915	NC_089045.1.g34653, NC_089046.1.g37463	NC_089045.1.g34981, NC_089046.1.g37808		NC_089045.1.g34623, NC_089046.1.g37391	6	1	
OG0002397	NC_089045.1.g34650, NC_089046.1.g37451	NC_089045.1.g34500, NC_089046.1.g37283	NC_089045.1.g34418, NC_089046.1.g37214	NC_089045.1.g34197, NC_089046.1.g36916	NC_089045.1.g34654, NC_089046.1.g37464	NC_089045.1.g34982, NC_089046.1.g37809		NC_089045.1.g34624, NC_089046.1.g37392	6	1	
OG0002401	NC_089045.1.g35200, NC_089045.1.g35201	NC_089045.1.g35051, NC_089045.1.g35052		NC_089045.1.g34754, NC_089045.1.g34755	NC_089045.1.g35204, NC_089045.1.g35205	NC_089045.1.g35521, NC_089045.1.g35522	NC_089045.1.g34970, NC_089045.1.g34971	NC_089045.1.g35189, NC_089045.1.g35190	6	1	
OG0002404	NC_089045.1.g35486, NC_089045.1.g35492	NC_089045.1.g35349, NC_089045.1.g35355	NC_089045.1.g35277, NC_089045.1.g35284	NC_089045.1.g35044, NC_089045.1.g35050	NC_089045.1.g35509, NC_089045.1.g35515	NC_089045.1.g35836, NC_089045.1.g35841		NC_089045.1.g35486, NC_089045.1.g35493	6	1	
OG0002409	NC_089045.1.g35989, NC_089045.1.g36105	NC_089045.1.g35957, NC_089045.1.g35958, NC_089046.1.g37734	NC_089045.1.g35881	NC_089045.1.g35545, NC_089045.1.g35654	NC_089045.1.g36009, NC_089045.1.g36128	NC_089040.1.g23967, NC_089045.1.g36352, NC_089045.1.g36473		NC_089046.1.g37849	6	1	
OG0002412	NC_089045.1.g36894, NC_089045.1.g36899	NC_089045.1.g36745, NC_089045.1.g36752	NC_089045.1.g36668, NC_089045.1.g36676	NC_089045.1.g36402, NC_089045.1.g36408	NC_089045.1.g36932, NC_089045.1.g36936		NC_089045.1.g36645, NC_089045.1.g36651	NC_089045.1.g36858, NC_089045.1.g36863	6	1	
OG0002419	NC_089046.1.g39177, NC_089046.1.g39179	NC_089046.1.g39038, NC_089046.1.g39040	NC_089046.1.g38937, NC_089046.1.g38940	NC_089046.1.g38629, NC_089046.1.g38631	NC_089046.1.g39229, NC_089046.1.g39230		NC_089046.1.g38898, NC_089046.1.g38900	NC_089046.1.g39126, NC_089046.1.g39128	6	1	
OG0002433		NC_089045.1.g35711	NC_089036.1.g5773, NC_089037.1.g12188, NC_089038.1.g14511, NC_089039.1.g18761, NC_089039.1.g20251, NC_089040.1.g21885	NC_089046.1.g38574		NC_089036.1.g7212, NC_089037.1.g11297, NC_089043.1.g30387	NC_089037.1.g11171, NC_089043.1.g29932	NC_089037.1.g11220	6	0	
OG0002439	NC_089035.1.g1661, NC_089042.1.g28178	NC_089035.1.g1655, NC_089042.1.g28001	NC_089035.1.g1633	NC_089035.1.g1636, NC_089042.1.g27805		NC_089035.1.g1671, NC_089042.1.g28369	NC_089035.1.g1622, NC_089042.1.g27989	NC_089035.1.g1625, NC_089042.1.g28075	6	1	
OG0002440	NC_089035.1.g1825, NC_089035.1.g1827	NC_089035.1.g1804		NC_089035.1.g1788, NC_089035.1.g1791	NC_089035.1.g1784, NC_089035.1.g1786	NC_089035.1.g1828, NC_089035.1.g1831	NC_089035.1.g1769, NC_089035.1.g1771	NC_089035.1.g1786, NC_089035.1.g1788	6	1	
OG0002451	NC_089035.1.g4548, NC_089041.1.g26939		NC_089035.1.g4551, NC_089041.1.g26791	NC_089035.1.g4475, NC_089041.1.g26582	NC_089035.1.g4530, NC_089041.1.g26888	NC_089035.1.g4587, NC_089041.1.g27136	NC_089036.1.g7263, NC_089041.1.g26752	NC_089041.1.g26830	6	1	
OG0002457	NC_089036.1.g6313, NC_089044.1.g33366		NC_089036.1.g6315, NC_089044.1.g33196	NC_089036.1.g6253, NC_089044.1.g32944	NC_089036.1.g6300, NC_089044.1.g33394	NC_089036.1.g6380, NC_089044.1.g33695	NC_089036.1.g6269, NC_089044.1.g33135	NC_089044.1.g33348	6	1	
OG0002459	NC_089036.1.g6418, NC_089038.1.g15666	NC_089046.1.g38880	NC_089036.1.g6409, NC_089046.1.g38779	NC_089036.1.g6354, NC_089038.1.g15537, NC_089042.1.g28162	NC_089038.1.g15623	NC_089036.1.g6489, NC_089038.1.g15791, NC_089042.1.g28740	NC_089046.1.g38738		6	1	
OG0002460	NC_089036.1.g6458	NC_089037.1.g11781	NC_089036.1.g6452, NC_089045.1.g36037	NC_089036.1.g6392, NC_089037.1.g11731, NC_089045.1.g35815		NC_089036.1.g6534, NC_089036.1.g8899, NC_089045.1.g36644	NC_089045.1.g36014	NC_089036.1.g6459, NC_089045.1.g36253	6	1	
OG0002468	NC_089036.1.g7738, NC_089043.1.g30702	NC_089036.1.g7709, NC_089043.1.g30567		NC_089036.1.g7658	NC_089036.1.g7711, NC_089043.1.g30656	NC_089036.1.g7812, NC_089043.1.g30976	NC_089036.1.g7707, NC_089043.1.g30464	NC_089036.1.g7745, NC_089043.1.g30651	6	1	
OG0002469	NC_089036.1.g7770, NC_089036.1.g7775, NC_089036.1.g7780	NC_089036.1.g7742	NC_089036.1.g7734	NC_089036.1.g7689, NC_089036.1.g7693, NC_089036.1.g7697	NC_089036.1.g7748	NC_089036.1.g7842	NC_089036.1.g7738, NC_089036.1.g7743, NC_089036.1.g7748		6	1	
OG0002472	NC_089037.1.g9471, NC_089041.1.g25156		NC_089037.1.g9433, NC_089041.1.g25004	NC_089037.1.g9398	NC_089037.1.g9437, NC_089041.1.g25114	NC_089037.1.g9561, NC_089041.1.g25322	NC_089037.1.g9428, NC_089041.1.g24974	NC_089037.1.g9458, NC_089041.1.g25023	6	1	
OG0002484	NC_089037.1.g12163, NC_089040.1.g20769	NC_089037.1.g12090, NC_089040.1.g20624	NC_089037.1.g12119, NC_089040.1.g20664	NC_089037.1.g12057	NC_089037.1.g12123, NC_089040.1.g20734		NC_089037.1.g12082, NC_089040.1.g20659	NC_089037.1.g12161, NC_089040.1.g20686	6	1	
OG0002490	NC_089038.1.g14248, NC_089038.1.g14249, NC_089038.1.g14265	NC_089038.1.g14139, NC_089038.1.g14157	NC_089038.1.g14190, NC_089038.1.g14205	NC_089038.1.g14143	NC_089038.1.g14181		NC_089038.1.g14183	NC_089038.1.g14241, NC_089038.1.g14242, NC_089038.1.g14258	6	1	
OG0002500	NC_089038.1.g15195, NC_089044.1.g32999	NC_089038.1.g15086	NC_089038.1.g15114, NC_089044.1.g32834	NC_089038.1.g15066, NC_089044.1.g32581	NC_089038.1.g15145, NC_089044.1.g33014		NC_089038.1.g15144, NC_089044.1.g32768	NC_089038.1.g15171, NC_089044.1.g32975	6	1	
OG0002506	NC_089038.1.g15826	NC_089038.1.g15723, NC_089039.1.g20458	NC_089038.1.g15729, NC_089039.1.g20503	NC_089038.1.g15695, NC_089039.1.g20427	NC_089038.1.g15779, NC_089039.1.g20563		NC_089038.1.g15767, NC_089039.1.g20491	NC_089038.1.g15786, NC_089039.1.g20520	6	1	
OG0002507	NC_089038.1.g16274, NC_089046.1.g38551	NC_089046.1.g38402	NC_089038.1.g16180, NC_089046.1.g38300		NC_089038.1.g16227, NC_089046.1.g38591	NC_089038.1.g16409, NC_089046.1.g38925	NC_089038.1.g16230, NC_089046.1.g38260	NC_089038.1.g16233, NC_089046.1.g38476	6	1	
OG0002508	NC_089038.1.g16490, NC_089045.1.g36155	NC_089038.1.g16371, NC_089045.1.g36005	NC_089038.1.g16397, NC_089045.1.g35917		NC_089038.1.g16436, NC_089045.1.g36175	NC_089045.1.g36518	NC_089038.1.g16438, NC_089045.1.g35895	NC_089038.1.g16448, NC_089045.1.g36134	6	1	
OG0002528	NC_089040.1.g22732, NC_089044.1.g32379	NC_089040.1.g22551		NC_089040.1.g22439, NC_089044.1.g31945	NC_089040.1.g22689, NC_089044.1.g32354	NC_089040.1.g22894, NC_089044.1.g32649	NC_089040.1.g22565, NC_089044.1.g32123	NC_089040.1.g22608, NC_089044.1.g32329	6	1	
OG0002537	NC_089041.1.g26168, NC_089044.1.g32523	NC_089041.1.g26008, NC_089044.1.g32384		NC_089041.1.g25799	NC_089041.1.g26115, NC_089044.1.g32508	NC_089041.1.g26334, NC_089044.1.g32808	NC_089041.1.g25968, NC_089044.1.g32283	NC_089041.1.g26042, NC_089044.1.g32477	6	1	
OG0002541	NC_089041.1.g26845, NC_089041.1.g26859	NC_089041.1.g26694, NC_089041.1.g26712	NC_089041.1.g26690	NC_089041.1.g26486, NC_089041.1.g26500		NC_089041.1.g27038, NC_089041.1.g27053	NC_089041.1.g26655, NC_089041.1.g26674	NC_089041.1.g26741, NC_089041.1.g26756	6	1	
OG0002548	NC_089042.1.g28516, NC_089042.1.g28598	NC_089042.1.g28432	NC_089042.1.g28364, NC_089042.1.g28452	NC_089042.1.g28115, NC_089042.1.g28198		NC_089042.1.g28704, NC_089042.1.g28787	NC_089042.1.g28312, NC_089042.1.g28395	NC_089042.1.g28431, NC_089042.1.g28517	6	1	
OG0002553	NC_089042.1.g28809, NC_089042.1.g28810		NC_089042.1.g28656, NC_089042.1.g28658	NC_089042.1.g28393, NC_089042.1.g28394	NC_089042.1.g28746, NC_089042.1.g28748	NC_089042.1.g28992, NC_089042.1.g28993	NC_089042.1.g28602	NC_089042.1.g28719, NC_089042.1.g28721	6	1	
OG0002561	NC_089044.1.g32543	NC_089044.1.g32404, NC_089044.1.g32405	NC_089044.1.g32367, NC_089044.1.g32368		NC_089044.1.g32530, NC_089044.1.g32531	NC_089044.1.g32830, NC_089044.1.g32831	NC_089044.1.g32302, NC_089044.1.g32304	NC_089044.1.g32498, NC_089044.1.g32499	6	1	
OG0002565	NC_089044.1.g33937, NC_089044.1.g33940		NC_089044.1.g33717, NC_089044.1.g33719	NC_089044.1.g33505	NC_089044.1.g33950, NC_089044.1.g33953	NC_089044.1.g34269, NC_089044.1.g34272	NC_089044.1.g33708, NC_089044.1.g33713	NC_089044.1.g33920, NC_089044.1.g33922	6	1	
OG0002580	NC_089045.1.g37088, NC_089045.1.g37100		NC_089045.1.g36851, NC_089045.1.g36864	NC_089045.1.g36584	NC_089045.1.g37109, NC_089045.1.g37119	NC_089045.1.g37450, NC_089045.1.g37459	NC_089045.1.g36833, NC_089045.1.g36843	NC_089045.1.g37041, NC_089045.1.g37051	6	1	
OG0002607	NC_089035.1.g685, NC_089036.1.g5736, NC_089039.1.g18871	NC_089036.1.g5728	NC_089035.1.g661, NC_089039.1.g18754	NC_089035.1.g686	NC_089035.1.g661	NC_089035.1.g699, NC_089036.1.g5791		NC_089035.1.g670, NC_089036.1.g5734	6	1	
OG0002608	NC_089035.1.g1065	NC_089035.1.g1066	NC_089035.1.g1037, NC_089035.1.g2686, NC_089037.1.g13649, NC_089045.1.g36768	NC_089035.1.g1059	NC_089035.1.g1043, NC_089037.1.g13643	NC_089035.1.g1077	NC_089035.1.g1040, NC_089037.1.g13632		6	1	
OG0002614	NC_089035.1.g1849	NC_089035.1.g1824, NC_089035.1.g1826	NC_089035.1.g1806, NC_089035.1.g1810	NC_089035.1.g1813, NC_089035.1.g1815	NC_089035.1.g1806, NC_089035.1.g1809	NC_089035.1.g1853, NC_089035.1.g1855	NC_089035.1.g1794		6	1	
OG0002618	NC_089035.1.g2601, NC_089043.1.g30078		NC_089035.1.g2575, NC_089037.1.g9830	NC_089035.1.g2556	NC_089035.1.g2565, NC_089037.1.g9838	NC_089035.1.g2618	NC_089035.1.g2571, NC_089037.1.g9827, NC_089045.1.g35161	NC_089037.1.g9864	6	1	
OG0002628	NC_089035.1.g4502	NC_089035.1.g4486, NC_089035.1.g4490	NC_089035.1.g4495, NC_089035.1.g4498	NC_089035.1.g4426	NC_089035.1.g4482, NC_089035.1.g4485		NC_089035.1.g4450, NC_089035.1.g4454	NC_089035.1.g4461, NC_089035.1.g4465	6	1	
OG0002632	NC_089036.1.g6257, NC_089044.1.g33029	NC_089044.1.g32922	NC_089036.1.g6267, NC_089044.1.g32862	NC_089044.1.g32608	NC_089036.1.g6249, NC_089044.1.g33047	NC_089036.1.g6323, NC_089044.1.g33352		NC_089036.1.g6262, NC_089044.1.g33003	6	1	
OG0002639	NC_089036.1.g7314	NC_089035.1.g1331, NC_089036.1.g7271	NC_089035.1.g1292, NC_089036.1.g7271	NC_089035.1.g1315, NC_089036.1.g7228	NC_089035.1.g1306, NC_089036.1.g7293	NC_089035.1.g1337, NC_089036.1.g7379	NC_089036.1.g7270		6	1	
OG0002640	NC_089036.1.g7845, NC_089036.1.g7850	NC_089036.1.g7812, NC_089036.1.g7817	NC_089036.1.g7802, NC_089036.1.g7807	NC_089036.1.g7764, NC_089036.1.g7769	NC_089036.1.g7818		NC_089036.1.g7816, NC_089036.1.g7821	NC_089036.1.g7846	6	1	
OG0002652	NC_089037.1.g11547, NC_089039.1.g19123	NC_089037.1.g11505, NC_089039.1.g20224	NC_089039.1.g19010, NC_089039.1.g20271	NC_089039.1.g18945	NC_089039.1.g20335	NC_089037.1.g11629, NC_089039.1.g19280		NC_089037.1.g11561, NC_089039.1.g20294	6	1	
OG0002654	NC_089037.1.g11836	NC_089035.1.g1673, NC_089037.1.g11777	NC_089035.1.g1658, NC_089037.1.g11792	NC_089035.1.g1660, NC_089037.1.g11727	NC_089035.1.g1654, NC_089037.1.g11796	NC_089037.1.g11917		NC_089035.1.g1648, NC_089037.1.g11841	6	1	
OG0002662	NC_089038.1.g14247, NC_089038.1.g14252, NC_089038.1.g14274	NC_089038.1.g14141	NC_089038.1.g14188, NC_089038.1.g14192	NC_089038.1.g14129		NC_089038.1.g14351	NC_089038.1.g14179, NC_089038.1.g14185	NC_089038.1.g14237, NC_089038.1.g14244	6	1	
OG0002664	NC_089038.1.g14377, NC_089038.1.g14378	NC_089037.1.g11542	NC_089037.1.g11542, NC_089038.1.g14308, NC_089038.1.g14309	NC_089037.1.g11482	NC_089037.1.g11556		NC_089037.1.g11535	NC_089037.1.g11599, NC_089038.1.g14369, NC_089038.1.g14370	6	1	
OG0002667	NC_089038.1.g14722, NC_089042.1.g28723	NC_089038.1.g14622	NC_089037.1.g11118	NC_089038.1.g14598, NC_089042.1.g28314		NC_089038.1.g14840, NC_089042.1.g28913	NC_089038.1.g14652, NC_089042.1.g28514	NC_089038.1.g14718, NC_089042.1.g28635	6	1	
OG0002668	NC_089038.1.g14854, NC_089042.1.g28734, NC_089042.1.g28735	NC_089042.1.g28571	NC_089038.1.g14786, NC_089042.1.g28583	NC_089042.1.g28326	NC_089038.1.g14792, NC_089042.1.g28686		NC_089038.1.g14788, NC_089042.1.g28527	NC_089042.1.g28646	6	1	
OG0002669	NC_089038.1.g14977	NC_089038.1.g14878, NC_089045.1.g35651	NC_089038.1.g14898, NC_089045.1.g35579	NC_089038.1.g14842	NC_089038.1.g14920, NC_089045.1.g35824		NC_089038.1.g14909, NC_089045.1.g35559	NC_089038.1.g14972, NC_089045.1.g35790	6	1	
OG0002670	NC_089038.1.g15004, NC_089040.1.g22594, NC_089044.1.g32485	NC_089038.1.g14907, NC_089044.1.g32333		NC_089038.1.g14830	NC_089038.1.g14952	NC_089038.1.g15080, NC_089038.1.g15120	NC_089038.1.g14936, NC_089044.1.g32235	NC_089038.1.g15000	6	1	
OG0002681	NC_089039.1.g18647		NC_089039.1.g18540, NC_089040.1.g20776	NC_089039.1.g18478, NC_089040.1.g20699	NC_089039.1.g18598, NC_089040.1.g20845	NC_089039.1.g18796, NC_089040.1.g21042	NC_089039.1.g18578, NC_089040.1.g20765	NC_089039.1.g18606	6	1	
OG0002689	NC_089039.1.g20229		NC_089038.1.g16968, NC_089039.1.g20132	NC_089038.1.g16908, NC_089039.1.g20055	NC_089039.1.g20190	NC_089038.1.g17192, NC_089039.1.g20403	NC_089038.1.g16987, NC_089039.1.g20140	NC_089038.1.g17001, NC_089039.1.g20159	6	1	
OG0002690	NC_089040.1.g20805	NC_089040.1.g20657, NC_089040.1.g20658	NC_089040.1.g20701, NC_089040.1.g20702	NC_089040.1.g20623, NC_089040.1.g20624	NC_089040.1.g20768, NC_089040.1.g20769	NC_089040.1.g20968, NC_089040.1.g20969		NC_089040.1.g20721	6	1	
OG0002693	NC_089040.1.g21235	NC_089040.1.g21087	NC_089040.1.g21132, NC_089040.1.g21138	NC_089040.1.g21047, NC_089040.1.g21054	NC_089040.1.g21201, NC_089040.1.g21206		NC_089040.1.g21119, NC_089040.1.g21126	NC_089040.1.g21152, NC_089040.1.g21157	6	1	
OG0002702	NC_089040.1.g22515	NC_089037.1.g12254, NC_089040.1.g22362	NC_089037.1.g12287, NC_089040.1.g22396		NC_089037.1.g12296, NC_089040.1.g22484	NC_089040.1.g22681	NC_089037.1.g12252, NC_089040.1.g22369	NC_089037.1.g12323, NC_089040.1.g22404	6	1	
OG0002705	NC_089040.1.g23286, NC_089043.1.g30132	NC_089046.1.g38114	NC_089040.1.g23161, NC_089043.1.g29983	NC_089043.1.g29710, NC_089046.1.g37736		NC_089043.1.g30360	NC_089040.1.g23129, NC_089043.1.g29907, NC_089046.1.g38008	NC_089043.1.g30074	6	1	
OG0002715	NC_089041.1.g26047, NC_089041.1.g26048	NC_089041.1.g25898, NC_089041.1.g25899		NC_089041.1.g25689	NC_089041.1.g26009, NC_089041.1.g26010	NC_089041.1.g26216, NC_089041.1.g26217	NC_089041.1.g25850, NC_089041.1.g25851	NC_089041.1.g25931	6	1	
OG0002729	NC_089043.1.g30022	NC_089043.1.g29869, NC_089043.1.g29870	NC_089043.1.g29885, NC_089043.1.g29886	NC_089043.1.g29598, NC_089043.1.g29599		NC_089043.1.g30248	NC_089043.1.g29798, NC_089043.1.g29799	NC_089043.1.g29962, NC_089043.1.g29963	6	1	
OG0002730	NC_089043.1.g30194	NC_089043.1.g30043, NC_089043.1.g30050		NC_089043.1.g29774	NC_089043.1.g30143, NC_089043.1.g30149	NC_089043.1.g30427	NC_089043.1.g29974, NC_089043.1.g29977, NC_089043.1.g29978	NC_089043.1.g30141, NC_089043.1.g30146	6	1	
OG0002749	NC_089044.1.g33931	NC_089035.1.g4198, NC_089044.1.g33791		NC_089044.1.g33495	NC_089035.1.g4197, NC_089044.1.g33943	NC_089036.1.g7316	NC_089035.1.g4167, NC_089036.1.g7196, NC_089044.1.g33701	NC_089035.1.g4176, NC_089044.1.g33912	6	1	
OG0002753	NC_089045.1.g34514, NC_089046.1.g37321	NC_089045.1.g34373, NC_089046.1.g37154	NC_089045.1.g34291, NC_089046.1.g37081		NC_089045.1.g34528, NC_089046.1.g37330	NC_089045.1.g34852, NC_089046.1.g37680	NC_089046.1.g37052	NC_089046.1.g37259	6	1	
OG0002757	NC_089045.1.g35190	NC_089045.1.g35038, NC_089045.1.g35039		NC_089045.1.g34743	NC_089045.1.g35190, NC_089045.1.g35191	NC_089045.1.g35508, NC_089045.1.g35509	NC_089045.1.g34956, NC_089045.1.g34957	NC_089045.1.g35174, NC_089045.1.g35175	6	1	
OG0002762	NC_089045.1.g35564, NC_089045.1.g35566	NC_089045.1.g35424, NC_089045.1.g35426	NC_089045.1.g35352	NC_089045.1.g35120	NC_089045.1.g35588, NC_089045.1.g35590	NC_089045.1.g35915, NC_089045.1.g35917		NC_089045.1.g35565, NC_089045.1.g35567	6	1	
OG0002775		NC_089035.1.g3582, NC_089039.1.g18727	NC_089035.1.g3581, NC_089039.1.g18785	NC_089035.1.g3524, NC_089039.1.g18728	NC_089035.1.g3576, NC_089039.1.g18847	NC_089035.1.g3621, NC_089039.1.g19056		NC_089035.1.g3557, NC_089039.1.g18847	6	0	
OG0002778		NC_089035.1.g5017, NC_089035.1.g5021		NC_089035.1.g4958, NC_089035.1.g4962	NC_089035.1.g5017, NC_089035.1.g5020	NC_089035.1.g5075, NC_089035.1.g5080	NC_089035.1.g4989, NC_089035.1.g4993	NC_089035.1.g4997, NC_089035.1.g5001	6	0	
OG0002779		NC_089038.1.g14548, NC_089038.1.g14549	NC_089038.1.g14576, NC_089038.1.g14578	NC_089038.1.g14507, NC_089038.1.g14508	NC_089038.1.g14581, NC_089038.1.g14583	NC_089038.1.g14750, NC_089038.1.g14752		NC_089038.1.g14641, NC_089038.1.g14643	6	0	
OG0002780		NC_089038.1.g14848, NC_089038.1.g14894		NC_089038.1.g14812, NC_089038.1.g14857	NC_089038.1.g14888, NC_089038.1.g14938	NC_089038.1.g15063, NC_089038.1.g15107	NC_089038.1.g14878, NC_089038.1.g14927	NC_089038.1.g14941, NC_089038.1.g14987	6	0	
OG0002783		NC_089039.1.g20101, NC_089039.1.g20103	NC_089039.1.g20154, NC_089039.1.g20156	NC_089039.1.g20069, NC_089039.1.g20071	NC_089039.1.g20209, NC_089039.1.g20211	NC_089039.1.g20419, NC_089039.1.g20421		NC_089039.1.g20175, NC_089039.1.g20177	6	0	
OG0002785		NC_089042.1.g28386	NC_089042.1.g28393, NC_089042.1.g28400	NC_089042.1.g28131, NC_089042.1.g28143, NC_089042.1.g28152	NC_089042.1.g28499, NC_089042.1.g28506		NC_089042.1.g28339, NC_089042.1.g28346	NC_089042.1.g28458, NC_089042.1.g28466	6	0	
OG0002786		NC_089043.1.g29861, NC_089046.1.g37555		NC_089043.1.g29591, NC_089046.1.g37185	NC_089043.1.g29963, NC_089046.1.g37736	NC_089043.1.g30242, NC_089046.1.g38086	NC_089043.1.g29790	NC_089043.1.g29951, NC_089044.1.g32729, NC_089046.1.g37665	6	0	
OG0002787		NC_089043.1.g30451, NC_089043.1.g30455	NC_089035.1.g2652, NC_089043.1.g30431, NC_089043.1.g30432, NC_089043.1.g30437	NC_089043.1.g30186		NC_089035.1.g2684, NC_089043.1.g30866	NC_089043.1.g30361	NC_089043.1.g30535, NC_089043.1.g30541	6	0	
OG0002790		NC_089044.1.g34116, NC_089044.1.g34117	NC_089044.1.g34033, NC_089044.1.g34034	NC_089044.1.g33813, NC_089044.1.g33814	NC_089044.1.g34274, NC_089044.1.g34275		NC_089044.1.g34035, NC_089044.1.g34036	NC_089044.1.g34245, NC_089044.1.g34246	6	0	
OG0002791		NC_089045.1.g34664, NC_089046.1.g37439	NC_089045.1.g34580, NC_089046.1.g37366	NC_089045.1.g34360, NC_089046.1.g37068	NC_089045.1.g34822, NC_089046.1.g37620		NC_089045.1.g34573, NC_089046.1.g37336	NC_089045.1.g34787, NC_089046.1.g37545	6	0	
OG0002800	NC_089035.1.g128, NC_089040.1.g22188, NC_089042.1.g27744, NC_089045.1.g36150	NC_089040.1.g22028, NC_089040.1.g22029	NC_089040.1.g21950	NC_089040.1.g21824	NC_089035.1.g1704		NC_089035.1.g121	NC_089046.1.g38256	6	1	
OG0002808	NC_089035.1.g1342, NC_089039.1.g17956	NC_089039.1.g17787		NC_089035.1.g1325, NC_089039.1.g17808	NC_089039.1.g17894	NC_089035.1.g1346, NC_089039.1.g18105	NC_089039.1.g17884	NC_089035.1.g1314, NC_089039.1.g17911	6	1	
OG0002810	NC_089035.1.g1458, NC_089038.1.g17132	NC_089035.1.g1456	NC_089035.1.g1420, NC_089038.1.g17036	NC_089035.1.g1434		NC_089035.1.g1463	NC_089035.1.g1421, NC_089038.1.g17051	NC_089035.1.g1433, NC_089038.1.g17074	6	1	
OG0002815	NC_089035.1.g1813	NC_089035.1.g1793, NC_089036.1.g8890	NC_089035.1.g1777, NC_089036.1.g8876		NC_089036.1.g8883	NC_089035.1.g1818	NC_089035.1.g1759, NC_089036.1.g8886	NC_089035.1.g1773, NC_089036.1.g8911	6	1	
OG0002821	NC_089035.1.g2318, NC_089042.1.g28802	NC_089035.1.g2287, NC_089042.1.g28637	NC_089035.1.g2280, NC_089042.1.g28651		NC_089035.1.g2287	NC_089035.1.g2328, NC_089042.1.g28987	NC_089035.1.g2276	NC_089035.1.g2266	6	1	
OG0002827	NC_089035.1.g3975, NC_089037.1.g9797	NC_089040.1.g22347		NC_089040.1.g22225	NC_089039.1.g19252, NC_089040.1.g22469	NC_089040.1.g22670	NC_089035.1.g3919, NC_089039.1.g19237	NC_089037.1.g9787, NC_089040.1.g22393	6	1	
OG0002836	NC_089036.1.g5721, NC_089044.1.g32922	NC_089036.1.g5714, NC_089044.1.g32804	NC_089036.1.g5726	NC_089036.1.g5663, NC_089044.1.g32488	NC_089044.1.g32924		NC_089036.1.g5684	NC_089036.1.g5709, NC_089044.1.g32883	6	1	
OG0002845	NC_089036.1.g7226, NC_089037.1.g13034	NC_089036.1.g7188, NC_089045.1.g36106		NC_089037.1.g12922	NC_089036.1.g7207	NC_089045.1.g36619	NC_089036.1.g7171, NC_089045.1.g35991	NC_089036.1.g7223, NC_089045.1.g36225	6	1	
OG0002852	NC_089036.1.g8004, NC_089042.1.g27276	NC_089036.1.g7973, NC_089042.1.g27102	NC_089036.1.g7961, NC_089042.1.g27111	NC_089042.1.g26908	NC_089042.1.g27211	NC_089042.1.g27463	NC_089036.1.g5693, NC_089042.1.g27073		6	1	
OG0002853	NC_089036.1.g8336, NC_089041.1.g24698		NC_089041.1.g24548	NC_089036.1.g8248, NC_089041.1.g24385	NC_089036.1.g8313, NC_089041.1.g24647	NC_089036.1.g8415, NC_089041.1.g24848	NC_089041.1.g24511	NC_089036.1.g8330	6	1	
OG0002855	NC_089036.1.g8520	NC_089035.1.g4429, NC_089036.1.g8496	NC_089035.1.g4436, NC_089036.1.g8489	NC_089036.1.g8441		NC_089036.1.g8603	NC_089035.1.g4393, NC_089036.1.g8497	NC_089035.1.g4405, NC_089036.1.g8512	6	1	
OG0002871	NC_089037.1.g11611	NC_089037.1.g11572, NC_089039.1.g18688	NC_089037.1.g11573, NC_089039.1.g18750		NC_089037.1.g11587	NC_089037.1.g11695, NC_089039.1.g19025, NC_089040.1.g23218	NC_089039.1.g18795	NC_089039.1.g18816	6	1	
OG0002875	NC_089037.1.g11843	NC_089035.1.g5007, NC_089037.1.g11787	NC_089035.1.g5013, NC_089044.1.g32300		NC_089035.1.g5003, NC_089037.1.g11805	NC_089044.1.g32760	NC_089035.1.g4975, NC_089037.1.g11776	NC_089037.1.g11850	6	1	
OG0002883	NC_089038.1.g14259		NC_089038.1.g14200, NC_089042.1.g27475	NC_089038.1.g14138, NC_089042.1.g27289	NC_089042.1.g27576	NC_089042.1.g27825	NC_089038.1.g14193, NC_089042.1.g27442	NC_089038.1.g14252, NC_089042.1.g27534	6	1	
OG0002888	NC_089038.1.g14657, NC_089042.1.g28353	NC_089038.1.g14567		NC_089038.1.g14527	NC_089038.1.g14599, NC_089042.1.g28308	NC_089038.1.g14773, NC_089042.1.g28536	NC_089042.1.g28149	NC_089038.1.g14661, NC_089042.1.g28255	6	1	
OG0002889	NC_089038.1.g14964	NC_089038.1.g14864, NC_089038.1.g14909	NC_089038.1.g14929	NC_089038.1.g14827, NC_089038.1.g14870	NC_089038.1.g14953		NC_089038.1.g14896, NC_089038.1.g14938	NC_089038.1.g14957, NC_089038.1.g15002	6	1	
OG0002906	NC_089039.1.g19400, NC_089045.1.g37024		NC_089039.1.g19299, NC_089045.1.g36800	NC_089039.1.g19219, NC_089045.1.g36533	NC_089045.1.g37051	NC_089039.1.g19562, NC_089045.1.g37397	NC_089045.1.g36772	NC_089045.1.g36984	6	1	
OG0002923	NC_089040.1.g22812	NC_089035.1.g1403, NC_089040.1.g22647	NC_089035.1.g1367, NC_089040.1.g22698	NC_089040.1.g22526		NC_089040.1.g22992	NC_089035.1.g1372, NC_089040.1.g22656	NC_089035.1.g1379, NC_089040.1.g22697	6	1	
OG0002924	NC_089040.1.g22816	NC_089036.1.g8272, NC_089040.1.g22653	NC_089036.1.g8259		NC_089036.1.g8279, NC_089040.1.g22785	NC_089040.1.g22996	NC_089036.1.g8272, NC_089040.1.g22661	NC_089036.1.g8296, NC_089040.1.g22703	6	1	
OG0002931	NC_089041.1.g24240, NC_089041.1.g24242	NC_089041.1.g24072, NC_089041.1.g24074	NC_089041.1.g24106	NC_089041.1.g23919	NC_089041.1.g24189, NC_089041.1.g24191	NC_089041.1.g24391, NC_089041.1.g24394	NC_089041.1.g24057		6	1	
OG0002935	NC_089041.1.g25348, NC_089041.1.g25349, NC_089041.1.g25350	NC_089041.1.g25199	NC_089041.1.g25190	NC_089041.1.g25034, NC_089041.1.g25036	NC_089041.1.g25304	NC_089041.1.g25516, NC_089041.1.g25520		NC_089041.1.g25221	6	1	
OG0002936	NC_089041.1.g25383	NC_089039.1.g18615	NC_089039.1.g18675, NC_089041.1.g25223		NC_089039.1.g18736, NC_089041.1.g25337	NC_089041.1.g25553	NC_089039.1.g18714, NC_089041.1.g25186	NC_089039.1.g18741, NC_089041.1.g25250	6	1	
OG0002939	NC_089041.1.g26567, NC_089043.1.g30858, NC_089045.1.g37165	NC_089043.1.g30724		NC_089041.1.g26210, NC_089046.1.g37500	NC_089041.1.g26525	NC_089041.1.g26758	NC_089041.1.g26372, NC_089043.1.g30614	NC_089041.1.g26455	6	1	
OG0002952	NC_089042.1.g29053	NC_089040.1.g21022, NC_089042.1.g28885	NC_089042.1.g28900		NC_089040.1.g21141, NC_089042.1.g28989	NC_089042.1.g29233	NC_089040.1.g21058, NC_089042.1.g28843	NC_089040.1.g21086, NC_089042.1.g28967	6	1	
OG0002953	NC_089042.1.g29290	NC_089036.1.g7526, NC_089042.1.g29121	NC_089036.1.g7517, NC_089042.1.g29138	NC_089042.1.g28857		NC_089042.1.g29478	NC_089036.1.g7529, NC_089042.1.g29070	NC_089036.1.g7560, NC_089042.1.g29200	6	1	
OG0002960	NC_089043.1.g30699, NC_089043.1.g30705	NC_089043.1.g30564, NC_089043.1.g30570	NC_089043.1.g30546		NC_089043.1.g30653, NC_089043.1.g30658	NC_089043.1.g30979	NC_089043.1.g30466	NC_089043.1.g30648, NC_089043.1.g30654	6	1	
OG0002971	NC_089044.1.g32648	NC_089044.1.g32517, NC_089046.1.g39232		NC_089044.1.g32202	NC_089044.1.g32640, NC_089046.1.g39421	NC_089044.1.g32941	NC_089044.1.g32407, NC_089046.1.g39089	NC_089044.1.g32603, NC_089046.1.g39314	6	1	
OG0002982	NC_089045.1.g34569	NC_089035.1.g2398, NC_089037.1.g13082, NC_089045.1.g34426	NC_089045.1.g34341		NC_089045.1.g34580	NC_089045.1.g34905	NC_089037.1.g13112, NC_089045.1.g34341	NC_089037.1.g13166, NC_089045.1.g34549	6	1	
OG0002992	NC_089045.1.g35487, NC_089045.1.g35491	NC_089045.1.g35350	NC_089045.1.g35278, NC_089045.1.g35283	NC_089045.1.g35045, NC_089045.1.g35049	NC_089045.1.g35510		NC_089045.1.g35264	NC_089045.1.g35487, NC_089045.1.g35492	6	1	
OG0002995	NC_089045.1.g35797	NC_089046.1.g38297	NC_089037.1.g11970, NC_089045.1.g35580		NC_089037.1.g11972, NC_089045.1.g35825	NC_089045.1.g36154	NC_089037.1.g11937, NC_089045.1.g35560	NC_089037.1.g12012, NC_089045.1.g35791	6	1	
OG0003018	NC_089046.1.g39498	NC_089036.1.g6322	NC_089036.1.g6335, NC_089046.1.g39264	NC_089046.1.g38950		NC_089046.1.g39920	NC_089036.1.g6268, NC_089036.1.g6295	NC_089036.1.g6337, NC_089037.1.g10010, NC_089046.1.g39448	6	1	
OG0003021		NC_089035.1.g4160, NC_089043.1.g30806	NC_089035.1.g4176, NC_089043.1.g30776	NC_089043.1.g30523	NC_089035.1.g4158, NC_089043.1.g30900	NC_089035.1.g4221, NC_089043.1.g31211	NC_089035.1.g4129, NC_089043.1.g30699		6	0	
OG0003023		NC_089036.1.g6342, NC_089036.1.g6461	NC_089036.1.g6353, NC_089036.1.g6475		NC_089036.1.g6342	NC_089036.1.g6425, NC_089036.1.g6561	NC_089036.1.g6314, NC_089036.1.g6434	NC_089036.1.g6357, NC_089036.1.g6486	6	0	
OG0003027		NC_089038.1.g16733, NC_089041.1.g26687	NC_089038.1.g16785		NC_089040.1.g23584	NC_089038.1.g17008, NC_089041.1.g27030, NC_089044.1.g33116	NC_089038.1.g16807, NC_089044.1.g32571	NC_089038.1.g16823, NC_089044.1.g32766	6	0	
OG0003029		NC_089040.1.g22579, NC_089040.1.g22600	NC_089040.1.g22633, NC_089040.1.g22653	NC_089040.1.g22463		NC_089040.1.g22923, NC_089040.1.g22944	NC_089040.1.g22589, NC_089040.1.g22610	NC_089040.1.g22633, NC_089040.1.g22652	6	0	
OG0003031		NC_089042.1.g28369, NC_089046.1.g37772	NC_089042.1.g28383, NC_089046.1.g37709	NC_089038.1.g14596	NC_089038.1.g14657, NC_089042.1.g28491, NC_089046.1.g37967	NC_089042.1.g28722	NC_089042.1.g28331, NC_089046.1.g37675		6	0	
OG0003036			NC_089038.1.g14181, NC_089043.1.g31701	NC_089038.1.g14119	NC_089038.1.g14167, NC_089043.1.g31836	NC_089038.1.g14334, NC_089043.1.g32160	NC_089038.1.g14171, NC_089043.1.g31642	NC_089038.1.g14229, NC_089043.1.g31816	6	0	
OG0003049	NC_089035.1.g866, NC_089037.1.g10799	NC_089035.1.g868, NC_089041.1.g26881		NC_089035.1.g864	NC_089041.1.g26982	NC_089035.1.g877	NC_089035.1.g842	NC_089037.1.g10811, NC_089041.1.g26931	6	1	
OG0003050	NC_089035.1.g1072, NC_089043.1.g31205	NC_089043.1.g31048	NC_089043.1.g31014	NC_089043.1.g30760	NC_089035.1.g1049, NC_089043.1.g31151, NC_089046.1.g38366	NC_089043.1.g31466	NC_089043.1.g30950		6	1	
OG0003051	NC_089035.1.g1121, NC_089038.1.g16385		NC_089038.1.g16292	NC_089038.1.g16239	NC_089035.1.g1097, NC_089038.1.g16334	NC_089038.1.g16516	NC_089038.1.g16335	NC_089035.1.g1092, NC_089038.1.g16344	6	1	
OG0003052	NC_089035.1.g1122, NC_089038.1.g16384		NC_089038.1.g16291	NC_089038.1.g16238	NC_089035.1.g1098, NC_089038.1.g16333	NC_089038.1.g16515	NC_089038.1.g16334	NC_089035.1.g1093, NC_089038.1.g16343	6	1	
OG0003058	NC_089035.1.g2380	NC_089035.1.g2347, NC_089041.1.g25338	NC_089041.1.g25338	NC_089035.1.g2331	NC_089035.1.g2344, NC_089041.1.g25448		NC_089041.1.g25299	NC_089035.1.g2322, NC_089041.1.g25367	6	1	
OG0003068	NC_089035.1.g3592, NC_089039.1.g18904	NC_089035.1.g3583, NC_089039.1.g18726	NC_089035.1.g3582	NC_089035.1.g3525, NC_089039.1.g18727	NC_089035.1.g3577	NC_089035.1.g3622		NC_089035.1.g3558	6	1	
OG0003074	NC_089035.1.g4289, NC_089041.1.g25209		NC_089035.1.g4283	NC_089035.1.g4221	NC_089035.1.g4270, NC_089045.1.g37254	NC_089035.1.g4331	NC_089035.1.g4237, NC_089038.1.g16037	NC_089035.1.g4248	6	1	
OG0003082	NC_089035.1.g5131, NC_089036.1.g9091	NC_089036.1.g9074, NC_089039.1.g18855	NC_089035.1.g5120, NC_089036.1.g9059	NC_089036.1.g9011	NC_089036.1.g9061	NC_089036.1.g9178		NC_089036.1.g9091	6	1	
OG0003086	NC_089036.1.g5377, NC_089044.1.g32322	NC_089036.1.g5371	NC_089036.1.g5379	NC_089036.1.g5309, NC_089042.1.g28378	NC_089046.1.g37577	NC_089036.1.g5434, NC_089046.1.g37922		NC_089046.1.g37503	6	1	
OG0003095	NC_089036.1.g6876, NC_089042.1.g28376, NC_089045.1.g35759	NC_089036.1.g6843, NC_089042.1.g28206		NC_089036.1.g6794	NC_089036.1.g6857	NC_089036.1.g6954	NC_089036.1.g6820	NC_089036.1.g6879	6	1	
OG0003096	NC_089036.1.g6883	NC_089040.1.g22182		NC_089036.1.g6801	NC_089040.1.g22306	NC_089040.1.g22509	NC_089036.1.g6828, NC_089040.1.g22198, NC_089045.1.g35539	NC_089036.1.g6886, NC_089040.1.g22235	6	1	
OG0003117	NC_089037.1.g10714, NC_089037.1.g11213	NC_089037.1.g11155		NC_089037.1.g10633, NC_089037.1.g11110	NC_089037.1.g11169	NC_089037.1.g10809, NC_089037.1.g11285	NC_089037.1.g11160	NC_089037.1.g10727	6	1	
OG0003131	NC_089037.1.g12436	NC_089037.1.g12360, NC_089040.1.g22809	NC_089037.1.g12390	NC_089037.1.g12322, NC_089040.1.g22682	NC_089037.1.g12401		NC_089037.1.g12362, NC_089040.1.g22819	NC_089037.1.g12425	6	1	
OG0003135	NC_089037.1.g13161, NC_089042.1.g27950	NC_089042.1.g27781	NC_089037.1.g13121	NC_089042.1.g27608	NC_089037.1.g13127, NC_089042.1.g27895	NC_089037.1.g13258, NC_089042.1.g28150	NC_089042.1.g27773		6	1	
OG0003137	NC_089037.1.g13346, NC_089039.1.g19230		NC_089039.1.g19121	NC_089037.1.g13238, NC_089039.1.g19050	NC_089039.1.g19172	NC_089037.1.g13450, NC_089039.1.g19388	NC_089039.1.g19158	NC_089039.1.g19166	6	1	
OG0003141	NC_089038.1.g14164	NC_089041.1.g24791		NC_089038.1.g14042, NC_089038.1.g14926	NC_089037.1.g11975, NC_089038.1.g14092	NC_089046.1.g39779	NC_089038.1.g15090	NC_089035.1.g1699, NC_089038.1.g15052	6	1	
OG0003144	NC_089038.1.g14267, NC_089046.1.g38045		NC_089046.1.g37812	NC_089046.1.g37497	NC_089040.1.g22937, NC_089046.1.g38071	NC_089046.1.g38414	NC_089040.1.g22820, NC_089046.1.g37776	NC_089040.1.g22861	6	1	
OG0003160	NC_089038.1.g15799	NC_089038.1.g15693, NC_089038.1.g15694, NC_089042.1.g28689	NC_089038.1.g15703	NC_089038.1.g15669		NC_089038.1.g15922, NC_089038.1.g15923	NC_089038.1.g15740	NC_089038.1.g15759	6	1	
OG0003163	NC_089038.1.g16175	NC_089038.1.g16071, NC_089040.1.g22093	NC_089038.1.g16085, NC_089040.1.g22140	NC_089040.1.g22012	NC_089040.1.g22221		NC_089038.1.g16135, NC_089040.1.g22114	NC_089040.1.g22149	6	1	
OG0003167	NC_089038.1.g16883	NC_089038.1.g16736, NC_089044.1.g34072		NC_089038.1.g16729	NC_089038.1.g16818, NC_089044.1.g34233	NC_089038.1.g17011	NC_089038.1.g16810	NC_089038.1.g16826, NC_089044.1.g34203	6	1	
OG0003172	NC_089039.1.g17593	NC_089039.1.g17430		NC_089037.1.g13776, NC_089039.1.g17442	NC_089037.1.g13839, NC_089039.1.g17529	NC_089039.1.g17729	NC_089037.1.g13832, NC_089039.1.g17520	NC_089039.1.g17541	6	1	
OG0003174	NC_089039.1.g17745	NC_089039.1.g17580, NC_089041.1.g25895	NC_089039.1.g17654	NC_089041.1.g24558, NC_089041.1.g25687		NC_089042.1.g29448	NC_089039.1.g17671	NC_089037.1.g10352, NC_089039.1.g17692	6	1	
OG0003175	NC_089039.1.g18402	NC_089039.1.g18266, NC_089040.1.g21769, NC_089045.1.g34752		NC_089039.1.g18266, NC_089040.1.g21709	NC_089039.1.g18388	NC_089039.1.g18548	NC_089040.1.g21798	NC_089040.1.g21833	6	1	
OG0003185	NC_089039.1.g20192		NC_089039.1.g20086, NC_089039.1.g20090	NC_089039.1.g20017	NC_089039.1.g20142, NC_089039.1.g20147	NC_089039.1.g20363	NC_089039.1.g20093, NC_089039.1.g20098	NC_089039.1.g20119	6	1	
OG0003190	NC_089040.1.g20738, NC_089045.1.g35698	NC_089040.1.g20600		NC_089040.1.g20561	NC_089040.1.g20705, NC_089045.1.g35722	NC_089040.1.g20905, NC_089045.1.g36051	NC_089045.1.g35462	NC_089040.1.g20659	6	1	
OG0003197	NC_089040.1.g21374, NC_089045.1.g34871	NC_089040.1.g21223, NC_089045.1.g34725	NC_089040.1.g21271, NC_089045.1.g34641	NC_089045.1.g34423	NC_089045.1.g34881		NC_089045.1.g34632	NC_089045.1.g34850	6	1	
OG0003198	NC_089040.1.g21545, NC_089040.1.g21546	NC_089040.1.g21393		NC_089040.1.g21347	NC_089040.1.g21506, NC_089040.1.g21507	NC_089040.1.g21705	NC_089040.1.g21430	NC_089040.1.g21451, NC_089040.1.g21452	6	1	
OG0003201	NC_089040.1.g21927	NC_089039.1.g19925, NC_089040.1.g21762		NC_089040.1.g21702	NC_089039.1.g20032, NC_089040.1.g21883	NC_089040.1.g22084	NC_089040.1.g21792	NC_089039.1.g20004, NC_089040.1.g21826	6	1	
OG0003206	NC_089040.1.g22497	NC_089035.1.g2067, NC_089040.1.g22335	NC_089035.1.g2047		NC_089040.1.g22455	NC_089040.1.g22660	NC_089035.1.g2048, NC_089040.1.g22345	NC_089035.1.g2046, NC_089040.1.g22383	6	1	
OG0003218	NC_089041.1.g24730	NC_089041.1.g24553, NC_089045.1.g35256	NC_089041.1.g24579	NC_089041.1.g24418, NC_089044.1.g33663		NC_089041.1.g24883, NC_089044.1.g34439	NC_089041.1.g24544	NC_089041.1.g24594	6	1	
OG0003220	NC_089041.1.g24850	NC_089041.1.g24672	NC_089038.1.g16841, NC_089041.1.g24695	NC_089041.1.g24532	NC_089041.1.g24798		NC_089041.1.g24658	NC_089035.1.g3810, NC_089037.1.g13198, NC_089041.1.g24708	6	1	
OG0003222	NC_089041.1.g24945	NC_089041.1.g24762	NC_089041.1.g24784	NC_089041.1.g24627, NC_089043.1.g29692	NC_089041.1.g24888, NC_089041.1.g24890	NC_089041.1.g25094, NC_089043.1.g30344	NC_089041.1.g24748		6	1	
OG0003228	NC_089041.1.g25289	NC_089041.1.g25133	NC_089041.1.g25128, NC_089046.1.g39069	NC_089041.1.g24973, NC_089046.1.g38759	NC_089041.1.g25240	NC_089041.1.g25455, NC_089046.1.g39723	NC_089041.1.g25095		6	1	
OG0003229	NC_089041.1.g25531	NC_089040.1.g22358, NC_089044.1.g32733	NC_089038.1.g16487, NC_089039.1.g19838		NC_089040.1.g22480	NC_089038.1.g16712, NC_089042.1.g28603	NC_089040.1.g22364	NC_089036.1.g6936	6	1	
OG0003231	NC_089041.1.g26333	NC_089041.1.g26172, NC_089046.1.g37694	NC_089041.1.g26163, NC_089046.1.g37632	NC_089041.1.g25961	NC_089041.1.g26279, NC_089046.1.g37886	NC_089041.1.g26498		NC_089046.1.g37808	6	1	
OG0003239	NC_089042.1.g27613	NC_089042.1.g27438, NC_089042.1.g27439	NC_089042.1.g27447	NC_089042.1.g27251, NC_089042.1.g27252	NC_089042.1.g27546	NC_089042.1.g27795		NC_089042.1.g27504, NC_089042.1.g27505	6	1	
OG0003240	NC_089042.1.g27652	NC_089042.1.g27479, NC_089042.1.g27480		NC_089042.1.g27301	NC_089042.1.g27591, NC_089042.1.g27592	NC_089042.1.g27837	NC_089042.1.g27459, NC_089042.1.g27460	NC_089042.1.g27548	6	1	
OG0003241	NC_089042.1.g27801	NC_089042.1.g27635	NC_089042.1.g27656, NC_089042.1.g27657	NC_089042.1.g27454	NC_089042.1.g27751, NC_089042.1.g27752	NC_089042.1.g27998	NC_089042.1.g27627, NC_089042.1.g27628		6	1	
OG0003245	NC_089042.1.g27974, NC_089042.1.g28001		NC_089042.1.g27831	NC_089042.1.g27632, NC_089042.1.g27652	NC_089042.1.g27927	NC_089042.1.g28179, NC_089042.1.g28204	NC_089042.1.g27798	NC_089042.1.g27889	6	1	
OG0003246	NC_089042.1.g28205	NC_089043.1.g30016	NC_089037.1.g10968, NC_089043.1.g30023	NC_089037.1.g10927	NC_089037.1.g10981, NC_089043.1.g30119	NC_089037.1.g11099		NC_089042.1.g28106, NC_089043.1.g30117	6	1	
OG0003250	NC_089042.1.g28554	NC_089042.1.g28389	NC_089042.1.g28386, NC_089042.1.g28403	NC_089042.1.g28135, NC_089042.1.g28154	NC_089042.1.g28493	NC_089042.1.g28741		NC_089042.1.g28451, NC_089042.1.g28468	6	1	
OG0003251	NC_089042.1.g28627	NC_089043.1.g31018	NC_089042.1.g28479, NC_089043.1.g30982		NC_089043.1.g31122	NC_089042.1.g28816	NC_089042.1.g28421, NC_089043.1.g30921	NC_089042.1.g28546, NC_089043.1.g31092	6	1	
OG0003258	NC_089043.1.g30360, NC_089043.1.g30367	NC_089043.1.g30223	NC_089043.1.g30210	NC_089043.1.g29945, NC_089043.1.g29952	NC_089043.1.g30314	NC_089043.1.g30608, NC_089043.1.g30615	NC_089043.1.g30143		6	1	
OG0003267	NC_089044.1.g32242	NC_089041.1.g24833, NC_089044.1.g32078	NC_089044.1.g32056	NC_089044.1.g31811	NC_089041.1.g24955, NC_089044.1.g32205	NC_089044.1.g32520		NC_089041.1.g24863, NC_089044.1.g32193	6	1	
OG0003275	NC_089044.1.g33399	NC_089044.1.g33288	NC_089044.1.g33224, NC_089044.1.g33226		NC_089044.1.g33425, NC_089044.1.g33427	NC_089044.1.g33735	NC_089044.1.g33175, NC_089044.1.g33176	NC_089044.1.g33387	6	1	
OG0003278	NC_089044.1.g34084	NC_089044.1.g33944	NC_089044.1.g33864, NC_089044.1.g33868		NC_089044.1.g34107	NC_089044.1.g34418, NC_089044.1.g34419, NC_089044.1.g34422	NC_089044.1.g33865	NC_089044.1.g34072	6	1	
OG0003280	NC_089045.1.g34593, NC_089046.1.g37393		NC_089046.1.g37154	NC_089045.1.g34141, NC_089046.1.g36857	NC_089046.1.g37401	NC_089045.1.g34926, NC_089046.1.g37748	NC_089046.1.g37123	NC_089046.1.g37330	6	1	
OG0003281	NC_089045.1.g34628, NC_089046.1.g37428		NC_089046.1.g37189	NC_089045.1.g34176, NC_089046.1.g36891	NC_089046.1.g37438	NC_089045.1.g34962, NC_089046.1.g37785	NC_089046.1.g37160	NC_089046.1.g37366	6	1	
OG0003285	NC_089045.1.g35066	NC_089037.1.g11794	NC_089036.1.g8354, NC_089037.1.g11815	NC_089036.1.g8309		NC_089037.1.g11940	NC_089036.1.g8362, NC_089037.1.g11789, NC_089041.1.g24905	NC_089045.1.g35043	6	1	
OG0003294	NC_089045.1.g36090	NC_089045.1.g35942	NC_089045.1.g35864		NC_089045.1.g36112, NC_089045.1.g36113	NC_089045.1.g36457, NC_089045.1.g36458	NC_089045.1.g35841, NC_089045.1.g35842	NC_089045.1.g36078	6	1	
OG0003301	NC_089045.1.g36620	NC_089037.1.g11544	NC_089037.1.g11544	NC_089037.1.g11484, NC_089045.1.g36143		NC_089045.1.g36979	NC_089037.1.g11537, NC_089045.1.g36360	NC_089037.1.g11601, NC_089045.1.g36582	6	1	
OG0003302	NC_089045.1.g36744	NC_089045.1.g36594	NC_089045.1.g36521		NC_089045.1.g36297, NC_089045.1.g36784	NC_089045.1.g37101	NC_089045.1.g36491, NC_089045.1.g36492	NC_089045.1.g36250, NC_089045.1.g36698	6	1	
OG0003308	NC_089046.1.g37293	NC_089045.1.g34344, NC_089046.1.g37125	NC_089046.1.g37056	NC_089046.1.g36757	NC_089045.1.g34499, NC_089046.1.g37304		NC_089045.1.g34260, NC_089046.1.g37026	NC_089046.1.g37233	6	1	
OG0003310	NC_089046.1.g37506, NC_089046.1.g38924	NC_089046.1.g37333, NC_089046.1.g38785	NC_089046.1.g37263	NC_089046.1.g36967	NC_089046.1.g37514, NC_089046.1.g38975	NC_089046.1.g37862		NC_089046.1.g37441	6	1	
OG0003315	NC_089046.1.g37979		NC_089036.1.g7139, NC_089038.1.g14861	NC_089046.1.g37568	NC_089040.1.g22078, NC_089046.1.g38122	NC_089046.1.g38347	NC_089036.1.g7128, NC_089037.1.g12450	NC_089046.1.g38044	6	1	
OG0003316	NC_089046.1.g38008	NC_089035.1.g2504, NC_089046.1.g37839	NC_089046.1.g37778	NC_089035.1.g2494	NC_089035.1.g2499, NC_089046.1.g38035		NC_089046.1.g37743	NC_089035.1.g2482, NC_089046.1.g37954	6	1	
OG0003322	NC_089046.1.g38908	NC_089035.1.g1705, NC_089046.1.g38769	NC_089035.1.g1690, NC_089046.1.g38673	NC_089046.1.g38372	NC_089035.1.g1686	NC_089046.1.g39316		NC_089035.1.g1680, NC_089046.1.g38851	6	1	
OG0003327		NC_089035.1.g5043, NC_089036.1.g7382, NC_089038.1.g17321, NC_089042.1.g28567	NC_089045.1.g34833	NC_089038.1.g15031	NC_089035.1.g1388, NC_089035.1.g169	NC_089046.1.g39220		NC_089037.1.g13292	6	0	
OG0003332		NC_089037.1.g9898		NC_089037.1.g9854, NC_089037.1.g9855	NC_089037.1.g9906, NC_089037.1.g9909	NC_089037.1.g10024, NC_089037.1.g10027	NC_089037.1.g9895, NC_089037.1.g9899	NC_089037.1.g9933	6	0	
OG0003334		NC_089038.1.g16839, NC_089042.1.g27665	NC_089038.1.g16896, NC_089042.1.g27684	NC_089038.1.g16837		NC_089042.1.g28030	NC_089037.1.g13654, NC_089038.1.g16916, NC_089042.1.g27658	NC_089038.1.g16933	6	0	
OG0003335		NC_089038.1.g17148	NC_089038.1.g17223, NC_089046.1.g38071		NC_089038.1.g17247	NC_089038.1.g17443, NC_089046.1.g38682	NC_089038.1.g17234, NC_089046.1.g38039	NC_089038.1.g17259, NC_089046.1.g38242	6	0	
OG0003338		NC_089040.1.g22016	NC_089038.1.g15446, NC_089040.1.g22062, NC_089040.1.g22068	NC_089038.1.g15408, NC_089040.1.g21945		NC_089038.1.g15661	NC_089040.1.g22037, NC_089040.1.g22041	NC_089040.1.g22078	6	0	
OG0003341		NC_089042.1.g27646	NC_089040.1.g22677, NC_089042.1.g27667	NC_089040.1.g22501, NC_089042.1.g27467	NC_089042.1.g27763	NC_089040.1.g22968, NC_089042.1.g28012		NC_089040.1.g22674, NC_089042.1.g27717	6	0	
OG0003344		NC_089043.1.g30149, NC_089043.1.g30152	NC_089043.1.g30144, NC_089043.1.g30147	NC_089043.1.g29876	NC_089043.1.g30247, NC_089043.1.g30249	NC_089043.1.g30536, NC_089043.1.g30539	NC_089043.1.g30070		6	0	
OG0003345		NC_089043.1.g31950, NC_089045.1.g37009	NC_089043.1.g31930, NC_089045.1.g36937	NC_089043.1.g31692		NC_089043.1.g32399, NC_089045.1.g37539	NC_089043.1.g31868	NC_089043.1.g32067, NC_089045.1.g37121	6	0	
OG0003351			NC_089037.1.g12124, NC_089046.1.g38533	NC_089037.1.g12063, NC_089046.1.g38237	NC_089037.1.g12129, NC_089046.1.g38814	NC_089037.1.g12260, NC_089046.1.g39170	NC_089046.1.g38484	NC_089046.1.g38711	6	0	
OG0003356			NC_089042.1.g27581, NC_089042.1.g27592	NC_089042.1.g27398	NC_089042.1.g27677, NC_089042.1.g27691	NC_089042.1.g27937	NC_089042.1.g27551, NC_089042.1.g27561	NC_089042.1.g27638, NC_089042.1.g27649	6	0	
OG0003384	NC_089035.1.g858	NC_089035.1.g860		NC_089035.1.g856	NC_089035.1.g832, NC_089044.1.g33732	NC_089035.1.g869	NC_089035.1.g833, NC_089044.1.g33484	NC_089035.1.g842	6	1	
OG0003386	NC_089035.1.g1154, NC_089035.1.g932	NC_089035.1.g934	NC_089035.1.g905	NC_089035.1.g1140	NC_089035.1.g906	NC_089035.1.g1157, NC_089035.1.g943	NC_089035.1.g910		6	1	
OG0003414	NC_089035.1.g2435, NC_089044.1.g32762	NC_089044.1.g32519	NC_089035.1.g2397, NC_089044.1.g32467	NC_089035.1.g2387	NC_089044.1.g32642	NC_089035.1.g2441	NC_089035.1.g2393		6	1	
OG0003419	NC_089035.1.g2578	NC_089035.1.g2548		NC_089035.1.g2536	NC_089035.1.g2542	NC_089035.1.g2589	NC_089035.1.g2548, NC_089035.1.g2549	NC_089035.1.g2527, NC_089035.1.g2529	6	1	
OG0003429	NC_089035.1.g3036	NC_089035.1.g3033, NC_089046.1.g39053	NC_089035.1.g3035, NC_089046.1.g38953		NC_089035.1.g3027	NC_089035.1.g3070	NC_089035.1.g3018	NC_089035.1.g3005	6	1	
OG0003445	NC_089035.1.g3958, NC_089041.1.g25426	NC_089038.1.g14938, NC_089041.1.g25274	NC_089041.1.g25270	NC_089041.1.g25113	NC_089041.1.g25385	NC_089041.1.g25599		NC_089041.1.g25297	6	1	
OG0003451	NC_089035.1.g4364, NC_089037.1.g11156	NC_089037.1.g11097		NC_089037.1.g11055	NC_089037.1.g11111	NC_089037.1.g11230	NC_089037.1.g11103, NC_089046.1.g38198	NC_089037.1.g11148	6	1	
OG0003487	NC_089036.1.g6446	NC_089036.1.g6429, NC_089036.1.g7793		NC_089036.1.g6379, NC_089036.1.g7745	NC_089036.1.g6427	NC_089036.1.g6518	NC_089036.1.g6394	NC_089036.1.g6448	6	1	
OG0003489	NC_089036.1.g6513, NC_089040.1.g23577	NC_089040.1.g23416	NC_089040.1.g23456		NC_089040.1.g23545	NC_089040.1.g23758	NC_089040.1.g23426	NC_089036.1.g6514, NC_089039.1.g20516	6	1	
OG0003490	NC_089036.1.g6560, NC_089041.1.g24202	NC_089041.1.g24033	NC_089041.1.g24071		NC_089041.1.g24149	NC_089041.1.g24360	NC_089041.1.g24024, NC_089043.1.g30379	NC_089041.1.g24074	6	1	
OG0003494	NC_089036.1.g6757	NC_089046.1.g38925, NC_089046.1.g38926	NC_089046.1.g38820, NC_089046.1.g38821	NC_089046.1.g38522		NC_089046.1.g39476	NC_089046.1.g38783	NC_089046.1.g39010	6	1	
OG0003500	NC_089036.1.g6970, NC_089038.1.g14816, NC_089042.1.g27955	NC_089038.1.g14717		NC_089038.1.g14689	NC_089038.1.g14754	NC_089038.1.g14939	NC_089038.1.g14750	NC_089038.1.g14813	6	1	
OG0003506	NC_089036.1.g7248	NC_089036.1.g7210, NC_089044.1.g34107	NC_089036.1.g7203	NC_089036.1.g7158		NC_089036.1.g7312	NC_089036.1.g7192	NC_089036.1.g7241, NC_089044.1.g34236	6	1	
OG0003511	NC_089036.1.g7423		NC_089036.1.g7381	NC_089036.1.g7336, NC_089040.1.g21903	NC_089036.1.g7402	NC_089036.1.g7491, NC_089040.1.g22300	NC_089036.1.g7384	NC_089036.1.g7418	6	1	
OG0003514	NC_089036.1.g7734, NC_089045.1.g36874	NC_089045.1.g36724	NC_089045.1.g36647	NC_089038.1.g14854	NC_089045.1.g36911	NC_089045.1.g37234	NC_089042.1.g29500, NC_089045.1.g36623		6	1	
OG0003519	NC_089036.1.g8019, NC_089036.1.g8020	NC_089036.1.g7990	NC_089036.1.g7979	NC_089036.1.g7936	NC_089036.1.g7994, NC_089036.1.g7995	NC_089036.1.g8092	NC_089036.1.g7995		6	1	
OG0003524	NC_089036.1.g8230, NC_089042.1.g28944	NC_089036.1.g8201		NC_089036.1.g8145	NC_089036.1.g8205	NC_089036.1.g8307, NC_089042.1.g29129	NC_089036.1.g8201	NC_089036.1.g8225	6	1	
OG0003525	NC_089036.1.g8246	NC_089036.1.g8216	NC_089036.1.g8202	NC_089036.1.g8161, NC_089044.1.g33154, NC_089044.1.g33155	NC_089036.1.g8222	NC_089036.1.g8323	NC_089036.1.g8216		6	1	
OG0003540	NC_089036.1.g8860		NC_089036.1.g8822	NC_089036.1.g8781	NC_089036.1.g8826	NC_089036.1.g8942	NC_089036.1.g8835, NC_089042.1.g27568	NC_089036.1.g8855, NC_089042.1.g27658	6	1	
OG0003570	NC_089037.1.g10730, NC_089045.1.g34599		NC_089037.1.g10689	NC_089037.1.g10647	NC_089037.1.g10702	NC_089045.1.g34933	NC_089037.1.g10704	NC_089037.1.g10740, NC_089045.1.g34577	6	1	
OG0003597	NC_089037.1.g11927		NC_089037.1.g11884	NC_089037.1.g11823	NC_089037.1.g11886	NC_089037.1.g12011, NC_089042.1.g27888	NC_089037.1.g11856, NC_089042.1.g27518	NC_089037.1.g11927	6	1	
OG0003602	NC_089037.1.g12252, NC_089045.1.g36191	NC_089045.1.g36041	NC_089045.1.g35952	NC_089045.1.g35736		NC_089037.1.g12346	NC_089045.1.g35929	NC_089037.1.g12248, NC_089045.1.g36165	6	1	
OG0003604	NC_089037.1.g12348	NC_089036.1.g7387	NC_089036.1.g7378, NC_089037.1.g12299		NC_089036.1.g7399	NC_089037.1.g12439	NC_089036.1.g7379, NC_089037.1.g12270	NC_089036.1.g7415	6	1	
OG0003615	NC_089037.1.g12798, NC_089037.1.g12799	NC_089037.1.g12723		NC_089037.1.g12685, NC_089037.1.g12686	NC_089037.1.g12762	NC_089037.1.g12888	NC_089037.1.g12746	NC_089037.1.g12807	6	1	
OG0003630	NC_089037.1.g13830	NC_089035.1.g3658	NC_089035.1.g3656		NC_089035.1.g3647, NC_089037.1.g13774	NC_089035.1.g3695	NC_089035.1.g3628, NC_089037.1.g13772	NC_089035.1.g3633	6	1	
OG0003635	NC_089038.1.g14176, NC_089038.1.g14225	NC_089038.1.g14115	NC_089038.1.g14169	NC_089038.1.g14107	NC_089038.1.g14103, NC_089038.1.g14155	NC_089038.1.g14322	NC_089038.1.g14158		6	1	
OG0003639	NC_089038.1.g14412, NC_089045.1.g35299	NC_089038.1.g14309	NC_089038.1.g14344	NC_089038.1.g14280, NC_089045.1.g34858	NC_089038.1.g14348	NC_089038.1.g14516		NC_089038.1.g14405	6	1	
OG0003648	NC_089038.1.g14702	NC_089038.1.g14605, NC_089043.1.g30288	NC_089038.1.g14633, NC_089043.1.g30268	NC_089038.1.g14571		NC_089038.1.g14817	NC_089038.1.g14635	NC_089038.1.g14702	6	1	
OG0003653	NC_089038.1.g14780	NC_089038.1.g14679	NC_089038.1.g14716, NC_089039.1.g18230		NC_089038.1.g14715, NC_089039.1.g18283	NC_089038.1.g14905	NC_089038.1.g14712	NC_089038.1.g14774	6	1	
OG0003664	NC_089038.1.g15279, NC_089045.1.g36357	NC_089045.1.g36197	NC_089045.1.g36124	NC_089045.1.g35901	NC_089045.1.g36382	NC_089045.1.g36729	NC_089037.1.g12295, NC_089045.1.g36099		6	1	
OG0003720	NC_089039.1.g19054, NC_089043.1.g30292, NC_089043.1.g31293	NC_089039.1.g18890	NC_089039.1.g18944	NC_089039.1.g18880	NC_089039.1.g19003	NC_089039.1.g19216	NC_089039.1.g18985		6	1	
OG0003722	NC_089039.1.g19088	NC_089039.1.g18922	NC_089039.1.g18975, NC_089039.1.g18977	NC_089039.1.g18913	NC_089039.1.g19035	NC_089039.1.g19248	NC_089039.1.g19015, NC_089039.1.g19017		6	1	
OG0003738	NC_089040.1.g20799		NC_089040.1.g20695	NC_089040.1.g20617, NC_089043.1.g29890	NC_089043.1.g30262	NC_089040.1.g20962, NC_089043.1.g30553	NC_089040.1.g20686	NC_089040.1.g20715	6	1	
OG0003750	NC_089040.1.g21419	NC_089040.1.g21269	NC_089040.1.g21316	NC_089040.1.g21228		NC_089035.1.g2764, NC_089040.1.g21582	NC_089035.1.g2719, NC_089040.1.g21305	NC_089040.1.g21331	6	1	
OG0003768	NC_089040.1.g22186	NC_089040.1.g22026, NC_089042.1.g28434	NC_089042.1.g28454		NC_089040.1.g22156	NC_089040.1.g22357, NC_089042.1.g28790	NC_089040.1.g22051	NC_089040.1.g22086	6	1	
OG0003771	NC_089040.1.g22421, NC_089040.1.g22472		NC_089040.1.g22351, NC_089040.1.g22352	NC_089040.1.g22200	NC_089040.1.g22431	NC_089040.1.g22635	NC_089040.1.g22321	NC_089040.1.g22361	6	1	
OG0003773	NC_089040.1.g22538		NC_089035.1.g1787, NC_089040.1.g22419	NC_089040.1.g22258	NC_089040.1.g22507	NC_089040.1.g22704, NC_089040.1.g22705	NC_089040.1.g22390	NC_089040.1.g22427	6	1	
OG0003774	NC_089040.1.g22553	NC_089040.1.g22393	NC_089040.1.g22431	NC_089040.1.g22271, NC_089040.1.g23530	NC_089040.1.g22520	NC_089040.1.g22717, NC_089040.1.g22722	NC_089040.1.g22405		6	1	
OG0003786	NC_089040.1.g23003	NC_089040.1.g22840, NC_089045.1.g36679	NC_089040.1.g22884	NC_089040.1.g22711, NC_089045.1.g35998	NC_089040.1.g22966	NC_089040.1.g23179		NC_089040.1.g22892	6	1	
OG0003790	NC_089040.1.g23222	NC_089037.1.g12132	NC_089040.1.g23105	NC_089040.1.g22927	NC_089037.1.g12171, NC_089040.1.g23190	NC_089040.1.g23400		NC_089037.1.g12206, NC_089040.1.g23109	6	1	
OG0003816	NC_089041.1.g25271	NC_089037.1.g11535, NC_089041.1.g25118		NC_089037.1.g11473, NC_089041.1.g24960	NC_089041.1.g25225	NC_089041.1.g25440	NC_089041.1.g25081	NC_089041.1.g25139	6	1	
OG0003817	NC_089041.1.g25299	NC_089041.1.g25145, NC_089042.1.g28212	NC_089041.1.g25140, NC_089042.1.g28227	NC_089041.1.g24983		NC_089041.1.g25467	NC_089041.1.g25108	NC_089042.1.g28292	6	1	
OG0003819	NC_089041.1.g25346	NC_089041.1.g25197, NC_089041.1.g25198	NC_089041.1.g25189	NC_089041.1.g25035	NC_089041.1.g25302, NC_089041.1.g25303	NC_089041.1.g25519		NC_089041.1.g25220	6	1	
OG0003826	NC_089041.1.g25582	NC_089035.1.g990, NC_089041.1.g25417		NC_089041.1.g25260	NC_089041.1.g25533	NC_089035.1.g1004	NC_089041.1.g25379	NC_089035.1.g967, NC_089041.1.g25455	6	1	
OG0003864	NC_089042.1.g27568	NC_089041.1.g24071		NC_089042.1.g27206	NC_089041.1.g24188	NC_089041.1.g24389, NC_089042.1.g27746	NC_089041.1.g24056, NC_089042.1.g27360	NC_089041.1.g24113	6	1	
OG0003874	NC_089042.1.g27988	NC_089042.1.g27807, NC_089042.1.g27819	NC_089042.1.g27843		NC_089042.1.g27941	NC_089042.1.g28195	NC_089042.1.g27810	NC_089042.1.g27901, NC_089042.1.g27902	6	1	
OG0003877	NC_089042.1.g28182	NC_089042.1.g28005		NC_089036.1.g6075, NC_089042.1.g27808	NC_089042.1.g28127	NC_089042.1.g28372	NC_089042.1.g27993	NC_089036.1.g6143, NC_089042.1.g28079	6	1	
OG0003942	NC_089044.1.g32667, NC_089044.1.g32668	NC_089044.1.g32536	NC_089044.1.g32484		NC_089044.1.g32661	NC_089044.1.g32961, NC_089044.1.g32962	NC_089044.1.g32425	NC_089044.1.g32622	6	1	
OG0003947	NC_089044.1.g32822	NC_089041.1.g24821, NC_089044.1.g32700	NC_089044.1.g32642		NC_089044.1.g32827	NC_089044.1.g33135	NC_089044.1.g32588	NC_089041.1.g24851, NC_089044.1.g32783	6	1	
OG0003972	NC_089045.1.g34490, NC_089046.1.g37298	NC_089046.1.g37130	NC_089046.1.g37061	NC_089045.1.g34045, NC_089046.1.g36762	NC_089046.1.g37309		NC_089046.1.g37031	NC_089046.1.g37238	6	1	
OG0003973	NC_089045.1.g34491, NC_089046.1.g37299, NC_089046.1.g37844	NC_089046.1.g37673	NC_089046.1.g37614	NC_089046.1.g37308	NC_089046.1.g37863		NC_089046.1.g37578	NC_089046.1.g37788	6	1	
OG0003974	NC_089045.1.g34696, NC_089046.1.g37490	NC_089046.1.g37316	NC_089046.1.g37248	NC_089045.1.g34240, NC_089046.1.g36952	NC_089046.1.g37497		NC_089046.1.g37217	NC_089046.1.g37426	6	1	
OG0003986	NC_089045.1.g35858	NC_089045.1.g35706	NC_089045.1.g35634, NC_089046.1.g37659		NC_089045.1.g35876	NC_089045.1.g36217	NC_089045.1.g35614, NC_089046.1.g37626	NC_089045.1.g35848	6	1	
OG0003987	NC_089045.1.g35872	NC_089045.1.g37091	NC_089045.1.g35647	NC_089045.1.g36721	NC_089045.1.g35889, NC_089045.1.g37266	NC_089045.1.g36230, NC_089045.1.g37615		NC_089045.1.g37195	6	1	
OG0003989	NC_089045.1.g35944	NC_089045.1.g35795	NC_089035.1.g4569, NC_089045.1.g35716	NC_089045.1.g35496	NC_089045.1.g35962	NC_089035.1.g4607, NC_089045.1.g36304	NC_089045.1.g35698		6	1	
OG0004016	NC_089046.1.g37611	NC_089043.1.g30025	NC_089043.1.g30031	NC_089046.1.g37074	NC_089043.1.g30127		NC_089043.1.g29958, NC_089046.1.g37343	NC_089043.1.g30125, NC_089046.1.g37551	6	1	
OG0004034	NC_089046.1.g38204		NC_089046.1.g37968, NC_089046.1.g37975	NC_089046.1.g37663, NC_089046.1.g37665	NC_089046.1.g38233	NC_089046.1.g38583	NC_089046.1.g37934	NC_089046.1.g38150	6	1	
OG0004039	NC_089046.1.g38657	NC_089046.1.g38507	NC_089035.1.g5158, NC_089046.1.g38416	NC_089046.1.g38117	NC_089035.1.g5154, NC_089046.1.g38704	NC_089046.1.g39049	NC_089046.1.g38365		6	1	
OG0004048	NC_089046.1.g39166	NC_089046.1.g39027	NC_089046.1.g38924	NC_089046.1.g38617	NC_089046.1.g39217, NC_089046.1.g39219	NC_089046.1.g39582		NC_089046.1.g39113, NC_089046.1.g39116	6	1	
OG0004064		NC_089035.1.g3487, NC_089045.1.g36748	NC_089035.1.g3486, NC_089045.1.g36672	NC_089045.1.g36405		NC_089045.1.g37258	NC_089045.1.g36648	NC_089035.1.g3461, NC_089045.1.g36860	6	0	
OG0004065		NC_089035.1.g3857	NC_089035.1.g3861	NC_089035.1.g3797, NC_089035.1.g3801	NC_089035.1.g3846	NC_089035.1.g3899, NC_089035.1.g3903	NC_089035.1.g3818, NC_089035.1.g3822		6	0	
OG0004066		NC_089036.1.g5345	NC_089036.1.g5349, NC_089042.1.g27958, NC_089042.1.g29359	NC_089036.1.g5281, NC_089042.1.g27746	NC_089036.1.g5344	NC_089036.1.g5404		NC_089036.1.g5317	6	0	
OG0004067		NC_089037.1.g9663, NC_089042.1.g27884	NC_089037.1.g9653, NC_089042.1.g27907	NC_089035.1.g5094		NC_089039.1.g18192, NC_089042.1.g28257	NC_089042.1.g27871	NC_089042.1.g27958	6	0	
OG0004068		NC_089037.1.g10335, NC_089037.1.g10336	NC_089037.1.g10332		NC_089037.1.g10342, NC_089037.1.g10343	NC_089037.1.g10464	NC_089037.1.g10339	NC_089037.1.g10375, NC_089037.1.g10376	6	0	
OG0004071		NC_089038.1.g15325, NC_089044.1.g32944	NC_089043.1.g30317, NC_089044.1.g32888	NC_089043.1.g30059	NC_089040.1.g22614		NC_089044.1.g32818	NC_089037.1.g11832, NC_089044.1.g33027	6	0	
OG0004075		NC_089039.1.g18710	NC_089039.1.g18765, NC_089039.1.g18768		NC_089039.1.g18828	NC_089039.1.g19039, NC_089039.1.g19043	NC_089039.1.g18810	NC_089039.1.g18830, NC_089039.1.g18834	6	0	
OG0004077		NC_089040.1.g22015		NC_089038.1.g15407, NC_089040.1.g21949	NC_089040.1.g22145	NC_089038.1.g15660	NC_089040.1.g22038	NC_089037.1.g11883, NC_089040.1.g22075, NC_089040.1.g22079	6	0	
OG0004078		NC_089040.1.g22092	NC_089038.1.g15339	NC_089038.1.g16044, NC_089040.1.g22011, NC_089042.1.g28681	NC_089038.1.g15381		NC_089041.1.g25551	NC_089038.1.g16137, NC_089040.1.g22148	6	0	
OG0004079		NC_089040.1.g22385, NC_089043.1.g30068	NC_089040.1.g22423, NC_089043.1.g30063		NC_089040.1.g22511, NC_089043.1.g30166	NC_089040.1.g22709	NC_089040.1.g22394	NC_089040.1.g22432	6	0	
OG0004081		NC_089041.1.g25185	NC_089035.1.g4287, NC_089041.1.g25179	NC_089041.1.g25023		NC_089041.1.g25506	NC_089035.1.g4241, NC_089041.1.g25145	NC_089035.1.g4252, NC_089041.1.g25207	6	0	
OG0004083		NC_089043.1.g31494	NC_089038.1.g14022	NC_089038.1.g13958, NC_089043.1.g31218	NC_089043.1.g31603	NC_089038.1.g14181, NC_089043.1.g31926		NC_089038.1.g14072, NC_089043.1.g31584	6	0	
OG0004085		NC_089044.1.g32275		NC_089042.1.g27576, NC_089043.1.g30081, NC_089044.1.g31997	NC_089044.1.g32408	NC_089043.1.g30749, NC_089044.1.g32697	NC_089044.1.g32177	NC_089044.1.g32371	6	0	
OG0004086		NC_089044.1.g32368	NC_089041.1.g24852, NC_089044.1.g32332, NC_089044.1.g32711	NC_089044.1.g32447	NC_089044.1.g32885	NC_089044.1.g32791, NC_089044.1.g33198	NC_089044.1.g32651		6	0	
OG0004087		NC_089044.1.g33326		NC_089044.1.g33018	NC_089044.1.g33458, NC_089044.1.g33464	NC_089044.1.g33769, NC_089044.1.g33780, NC_089044.1.g33781	NC_089044.1.g33222	NC_089044.1.g33433	6	0	
OG0004089		NC_089044.1.g33536, NC_089044.1.g33539	NC_089044.1.g33464, NC_089044.1.g33467		NC_089044.1.g33685	NC_089044.1.g34009	NC_089044.1.g33439, NC_089044.1.g33441	NC_089044.1.g33655	6	0	
OG0004091		NC_089045.1.g34545	NC_089045.1.g34466		NC_089045.1.g34703, NC_089046.1.g37498	NC_089045.1.g35026, NC_089046.1.g37844, NC_089046.1.g37846	NC_089045.1.g34460	NC_089045.1.g34670	6	0	
OG0004095		NC_089046.1.g37358	NC_089041.1.g24218, NC_089046.1.g37286	NC_089041.1.g24041, NC_089046.1.g36989	NC_089046.1.g37538	NC_089041.1.g24513, NC_089046.1.g37883	NC_089046.1.g37259		6	0	
OG0004400	NC_089035.1.g467, NC_089035.1.g472	NC_089035.1.g476	NC_089035.1.g457		NC_089035.1.g457	NC_089035.1.g486	NC_089035.1.g459	NC_089035.1.g464	6	1	
OG0004401	NC_089035.1.g468, NC_089041.1.g25550	NC_089041.1.g25387	NC_089041.1.g25386		NC_089041.1.g25500	NC_089041.1.g25719	NC_089041.1.g25347	NC_089041.1.g25420	6	1	
OG0004668	NC_089035.1.g844	NC_089035.1.g845, NC_089045.1.g35946	NC_089035.1.g816	NC_089035.1.g842	NC_089035.1.g817		NC_089035.1.g818	NC_089035.1.g828	6	1	
OG0005286	NC_089035.1.g1842, NC_089035.1.g2242	NC_089035.1.g2219	NC_089035.1.g2207	NC_089035.1.g2203		NC_089035.1.g2252	NC_089035.1.g2194	NC_089035.1.g2192	6	1	
OG0005346	NC_089035.1.g1967	NC_089035.1.g1939		NC_089035.1.g1922, NC_089043.1.g29642	NC_089035.1.g1925	NC_089035.1.g1972	NC_089035.1.g1907	NC_089035.1.g1922	6	1	
OG0005361	NC_089035.1.g1996		NC_089035.1.g1945, NC_089044.1.g32672	NC_089035.1.g1954	NC_089035.1.g1958	NC_089035.1.g2004	NC_089035.1.g1938	NC_089035.1.g1951	6	1	
OG0005385	NC_089035.1.g2033	NC_089035.1.g2007	NC_089035.1.g1986	NC_089035.1.g1997	NC_089035.1.g1999	NC_089035.1.g2044		NC_089035.1.g1988, NC_089046.1.g38999	6	1	
OG0005408	NC_089035.1.g2065	NC_089036.1.g6217	NC_089036.1.g6235	NC_089035.1.g2030		NC_089035.1.g2077	NC_089035.1.g2014, NC_089036.1.g6182	NC_089036.1.g6230	6	1	
OG0005466	NC_089035.1.g2158	NC_089035.1.g2137, NC_089035.1.g2138	NC_089035.1.g2122		NC_089035.1.g2129	NC_089035.1.g2174	NC_089035.1.g2120	NC_089035.1.g2114	6	1	
OG0005480	NC_089035.1.g2183, NC_089044.1.g32232	NC_089044.1.g32068	NC_089044.1.g32047		NC_089044.1.g32196	NC_089044.1.g32511	NC_089044.1.g31981	NC_089044.1.g32184	6	1	
OG0005493	NC_089035.1.g2213	NC_089035.1.g2192	NC_089035.1.g2179	NC_089035.1.g2173, NC_089040.1.g22733	NC_089035.1.g2182	NC_089035.1.g2227	NC_089035.1.g2174		6	1	
OG0005570	NC_089035.1.g2357		NC_089035.1.g2317	NC_089035.1.g2308, NC_089038.1.g16079	NC_089038.1.g16165	NC_089035.1.g2366	NC_089035.1.g2312	NC_089035.1.g2300	6	1	
OG0005826	NC_089035.1.g2741, NC_089042.1.g28436	NC_089042.1.g28269	NC_089042.1.g28281	NC_089042.1.g28039	NC_089042.1.g28396	NC_089042.1.g28627	NC_089042.1.g28236		6	1	
OG0005858	NC_089035.1.g2797		NC_089035.1.g2790	NC_089035.1.g2755	NC_089035.1.g2783, NC_089045.1.g34520	NC_089035.1.g2822	NC_089035.1.g2778	NC_089035.1.g2764	6	1	
OG0005949	NC_089035.1.g2930	NC_089035.1.g2922	NC_089035.1.g2925	NC_089035.1.g2893		NC_089035.1.g2963, NC_089040.1.g22166	NC_089035.1.g2910	NC_089035.1.g2897	6	1	
OG0006153	NC_089035.1.g3218	NC_089035.1.g3214	NC_089035.1.g3216	NC_089035.1.g3169		NC_089035.1.g3247	NC_089035.1.g3198	NC_089035.1.g3187, NC_089036.1.g8384	6	1	
OG0006624	NC_089035.1.g3899	NC_089035.1.g3890, NC_089044.1.g32557		NC_089035.1.g3839	NC_089035.1.g3877	NC_089035.1.g3941	NC_089035.1.g3856	NC_089035.1.g3863	6	1	
OG0006719	NC_089035.1.g4053	NC_089035.1.g4034	NC_089035.1.g4051, NC_089044.1.g33718	NC_089035.1.g3987	NC_089035.1.g4028		NC_089035.1.g4003	NC_089035.1.g4017	6	1	
OG0006860	NC_089035.1.g4259	NC_089035.1.g4242	NC_089035.1.g4253	NC_089035.1.g4190, NC_089041.1.g24440	NC_089035.1.g4238	NC_089035.1.g4298		NC_089035.1.g4218	6	1	
OG0007077	NC_089035.1.g4572	NC_089035.1.g4564	NC_089041.1.g26342	NC_089035.1.g4498, NC_089041.1.g26147	NC_089035.1.g4554		NC_089035.1.g4533	NC_089041.1.g26392	6	1	
OG0007517	NC_089035.1.g5167	NC_089035.1.g5154	NC_089035.1.g5160		NC_089035.1.g5156, NC_089035.1.g5157	NC_089035.1.g5216	NC_089035.1.g5119	NC_089035.1.g5134	6	1	
OG0007566	NC_089035.1.g5234	NC_089035.1.g5223	NC_089035.1.g5224	NC_089035.1.g5159	NC_089035.1.g5223	NC_089035.1.g5281		NC_089035.1.g5200, NC_089039.1.g17558	6	1	
OG0007850	NC_089036.1.g5611, NC_089042.1.g28707	NC_089036.1.g5606	NC_089036.1.g5617	NC_089036.1.g5543	NC_089036.1.g5609	NC_089036.1.g5673		NC_089036.1.g5580	6	1	
OG0007971	NC_089036.1.g5802	NC_089036.1.g5799	NC_089036.1.g5809	NC_089036.1.g5744	NC_089036.1.g5798, NC_089041.1.g26938		NC_089036.1.g5761	NC_089036.1.g7250	6	1	
OG0008169	NC_089036.1.g6068, NC_089044.1.g32914	NC_089044.1.g32796	NC_089044.1.g32743	NC_089044.1.g32478	NC_089044.1.g32915		NC_089044.1.g32679	NC_089044.1.g32874	6	1	
OG0008302	NC_089036.1.g6312	NC_089036.1.g6297	NC_089036.1.g6314, NC_089045.1.g35696	NC_089036.1.g6252	NC_089036.1.g6299	NC_089036.1.g6379		NC_089036.1.g6312	6	1	
OG0008394	NC_089036.1.g6490	NC_089036.1.g6465	NC_089036.1.g6480	NC_089036.1.g6425		NC_089036.1.g6569, NC_089042.1.g29661	NC_089036.1.g6440	NC_089036.1.g6492	6	1	
OG0008599	NC_089036.1.g6858		NC_089036.1.g6840	NC_089036.1.g6779, NC_089045.1.g34910	NC_089036.1.g6845	NC_089036.1.g6939	NC_089036.1.g6803	NC_089036.1.g6865	6	1	
OG0008629	NC_089036.1.g6915	NC_089036.1.g6885	NC_089036.1.g6893, NC_089042.1.g28999	NC_089036.1.g6837	NC_089042.1.g29092	NC_089036.1.g6990	NC_089036.1.g6863		6	1	
OG0008645	NC_089036.1.g6942	NC_089036.1.g6913	NC_089036.1.g6916	NC_089036.1.g6864	NC_089036.1.g6928		NC_089036.1.g6888, NC_089036.1.g6889	NC_089036.1.g6951	6	1	
OG0008694	NC_089036.1.g7042	NC_089036.1.g7011	NC_089036.1.g7005		NC_089036.1.g7020	NC_089036.1.g7112	NC_089036.1.g6988, NC_089041.1.g24886	NC_089036.1.g7045	6	1	
OG0008822	NC_089036.1.g7283		NC_089036.1.g7242, NC_089036.1.g9090	NC_089036.1.g7195	NC_089036.1.g7263	NC_089036.1.g7349	NC_089036.1.g7234	NC_089036.1.g7278	6	1	
OG0009129	NC_089036.1.g7783	NC_089036.1.g7747	NC_089036.1.g7741		NC_089036.1.g7752, NC_089036.1.g7753	NC_089036.1.g7849	NC_089036.1.g7753	NC_089036.1.g7786	6	1	
OG0009260	NC_089036.1.g7982	NC_089044.1.g32610	NC_089036.1.g7937	NC_089036.1.g7892		NC_089036.1.g8052, NC_089044.1.g33038	NC_089036.1.g7958	NC_089036.1.g7980	6	1	
OG0009645	NC_089036.1.g8533	NC_089036.1.g8509	NC_089036.1.g6031, NC_089036.1.g8501	NC_089036.1.g8453		NC_089036.1.g8615	NC_089036.1.g8509	NC_089036.1.g8524	6	1	
OG0010316	NC_089037.1.g9454	NC_089037.1.g9427	NC_089037.1.g9415	NC_089037.1.g9379	NC_089037.1.g9419		NC_089037.1.g9409	NC_089037.1.g9440, NC_089046.1.g37680	6	1	
OG0010675	NC_089037.1.g9962	NC_089035.1.g1615, NC_089037.1.g9925	NC_089037.1.g9924	NC_089037.1.g9885	NC_089037.1.g9936	NC_089037.1.g10059		NC_089037.1.g9960	6	1	
OG0010832	NC_089037.1.g10172	NC_089037.1.g10141	NC_089037.1.g10138	NC_089037.1.g10095, NC_089038.1.g14208		NC_089037.1.g10271	NC_089037.1.g10142	NC_089037.1.g10178	6	1	
OG0011465	NC_089037.1.g11018, NC_089046.1.g38274	NC_089046.1.g38116	NC_089046.1.g38042	NC_089046.1.g37738		NC_089046.1.g38651	NC_089046.1.g38011	NC_089046.1.g38215	6	1	
OG0011595	NC_089037.1.g11232	NC_089042.1.g27678	NC_089037.1.g11170	NC_089037.1.g11129	NC_089037.1.g11187		NC_089037.1.g11180	NC_089037.1.g11229, NC_089042.1.g27747	6	1	
OG0011862	NC_089037.1.g11625	NC_089037.1.g11586, NC_089044.1.g32812	NC_089037.1.g11588	NC_089037.1.g11526		NC_089037.1.g11709	NC_089037.1.g11582	NC_089037.1.g11644	6	1	
OG0012218	NC_089037.1.g12293	NC_089037.1.g12214		NC_089037.1.g12179	NC_089037.1.g12256	NC_089037.1.g12383	NC_089037.1.g12211	NC_089037.1.g12284, NC_089040.1.g21957	6	1	
OG0012902	NC_089037.1.g13247	NC_089037.1.g13173	NC_089037.1.g13212, NC_089037.1.g13213	NC_089037.1.g13140	NC_089037.1.g13214	NC_089037.1.g13350	NC_089037.1.g13197		6	1	
OG0012977	NC_089037.1.g13339	NC_089037.1.g12137	NC_089037.1.g13301	NC_089037.1.g13231	NC_089037.1.g13301	NC_089037.1.g13443	NC_089037.1.g12135, NC_089037.1.g13285		6	1	
OG0013486	NC_089038.1.g14045	NC_089038.1.g13943		NC_089038.1.g13927	NC_089038.1.g13982, NC_089043.1.g29909	NC_089038.1.g14152	NC_089038.1.g13988	NC_089038.1.g14039	6	1	
OG0013520	NC_089038.1.g14094		NC_089035.1.g129, NC_089038.1.g14038	NC_089038.1.g13975	NC_089038.1.g14027	NC_089038.1.g14198	NC_089038.1.g14034	NC_089038.1.g14088	6	1	
OG0013539	NC_089038.1.g14123, NC_089038.1.g14125	NC_089038.1.g14020	NC_089038.1.g14066	NC_089038.1.g14004		NC_089038.1.g14222	NC_089038.1.g14063	NC_089038.1.g14118	6	1	
OG0013633	NC_089038.1.g14370, NC_089044.1.g34086	NC_089044.1.g33947	NC_089044.1.g33867		NC_089044.1.g34110	NC_089044.1.g34421	NC_089044.1.g33867	NC_089044.1.g34075	6	1	
OG0013648	NC_089038.1.g14408	NC_089038.1.g14305	NC_089038.1.g14339		NC_089038.1.g14343	NC_089040.1.g22975	NC_089038.1.g14345	NC_089038.1.g14400, NC_089040.1.g22681	6	1	
OG0013714	NC_089038.1.g14571, NC_089038.1.g14617	NC_089038.1.g14525	NC_089038.1.g14555	NC_089038.1.g14484	NC_089038.1.g14509		NC_089038.1.g14559	NC_089038.1.g14621	6	1	
OG0013743	NC_089038.1.g14634	NC_089038.1.g14543	NC_089038.1.g14572	NC_089038.1.g14504	NC_089038.1.g14578	NC_089038.1.g14747	NC_089035.1.g1981, NC_089038.1.g14574		6	1	
OG0013816	NC_089038.1.g14796, NC_089038.1.g14797		NC_089038.1.g14735	NC_089038.1.g14671	NC_089038.1.g14736	NC_089038.1.g14921	NC_089038.1.g14728	NC_089038.1.g14794	6	1	
OG0013833	NC_089038.1.g14832	NC_089038.1.g14730		NC_089038.1.g14699	NC_089038.1.g14770	NC_089038.1.g14950, NC_089042.1.g29351	NC_089038.1.g14763	NC_089038.1.g14827	6	1	
OG0013868	NC_089038.1.g14916	NC_089038.1.g14815		NC_089038.1.g14781	NC_089038.1.g14857	NC_089038.1.g15039, NC_089038.1.g15040	NC_089038.1.g14853	NC_089038.1.g14913	6	1	
OG0013892	NC_089038.1.g15051	NC_089038.1.g14947	NC_089038.1.g14968, NC_089038.1.g14969		NC_089038.1.g14998	NC_089038.1.g15168	NC_089038.1.g14989	NC_089038.1.g15045	6	1	
OG0014748	NC_089038.1.g16367	NC_089038.1.g16250	NC_089038.1.g16273, NC_089039.1.g19456	NC_089038.1.g16220	NC_089038.1.g16314	NC_089038.1.g16498	NC_089038.1.g16316		6	1	
OG0015010	NC_089038.1.g16751	NC_089036.1.g7087	NC_089036.1.g7082	NC_089038.1.g16597		NC_089038.1.g16883	NC_089036.1.g7066, NC_089038.1.g16682	NC_089038.1.g16693	6	1	
OG0015830	NC_089039.1.g17885		NC_089039.1.g17794	NC_089039.1.g17738	NC_089039.1.g17825	NC_089039.1.g18034, NC_089039.1.g18035	NC_089039.1.g17813	NC_089039.1.g17839	6	1	
OG0016045	NC_089039.1.g18243		NC_089037.1.g12761, NC_089039.1.g18144	NC_089039.1.g18086	NC_089039.1.g18190	NC_089039.1.g18393	NC_089039.1.g18171	NC_089039.1.g18192	6	1	
OG0016073	NC_089039.1.g18280		NC_089045.1.g36086	NC_089039.1.g18125	NC_089039.1.g18227	NC_089039.1.g18433	NC_089045.1.g36063	NC_089039.1.g18228, NC_089045.1.g36302	6	1	
OG0016109	NC_089039.1.g18344, NC_089041.1.g26170	NC_089041.1.g26010	NC_089041.1.g26006	NC_089041.1.g25801		NC_089041.1.g26336	NC_089041.1.g25970	NC_089041.1.g26044	6	1	
OG0016110	NC_089039.1.g18348	NC_089039.1.g18215	NC_089039.1.g18248	NC_089039.1.g18191	NC_089039.1.g18299, NC_089039.1.g18329	NC_089039.1.g18497		NC_089039.1.g18298	6	1	
OG0016116	NC_089039.1.g18357		NC_089039.1.g18257	NC_089039.1.g18200	NC_089039.1.g18309	NC_089039.1.g18508	NC_089039.1.g18290, NC_089040.1.g22806	NC_089039.1.g18309	6	1	
OG0016297	NC_089039.1.g18713		NC_089039.1.g18601	NC_089039.1.g18544	NC_089039.1.g18660	NC_089039.1.g18867, NC_089039.1.g18879	NC_089039.1.g18641	NC_089039.1.g18669	6	1	
OG0016359	NC_089039.1.g18825	NC_089039.1.g18650	NC_089036.1.g5354	NC_089039.1.g18659	NC_089039.1.g18773	NC_089036.1.g5410, NC_089039.1.g18983		NC_089039.1.g18775	6	1	
OG0016552	NC_089039.1.g19180	NC_089039.1.g19015, NC_089046.1.g38005	NC_089039.1.g19067		NC_089039.1.g19119	NC_089039.1.g19336	NC_089039.1.g19105	NC_089039.1.g19115	6	1	
OG0016560	NC_089039.1.g19198	NC_089039.1.g19036	NC_089039.1.g19090		NC_089039.1.g19139	NC_089039.1.g19354	NC_089039.1.g19126, NC_089043.1.g30148	NC_089039.1.g19132	6	1	
OG0016744	NC_089039.1.g19487	NC_089039.1.g19328	NC_089039.1.g19382	NC_089039.1.g19303, NC_089039.1.g19304	NC_089039.1.g19437	NC_089039.1.g19648		NC_089039.1.g19422	6	1	
OG0016867	NC_089039.1.g19692	NC_089037.1.g13004	NC_089037.1.g13036		NC_089037.1.g13041	NC_089037.1.g13176, NC_089039.1.g19855	NC_089039.1.g19598	NC_089037.1.g13082	6	1	
OG0016947	NC_089039.1.g19799	NC_089039.1.g19644	NC_089039.1.g19695	NC_089039.1.g19626, NC_089042.1.g28991	NC_089039.1.g19748	NC_089039.1.g19975		NC_089039.1.g19733	6	1	
OG0017211	NC_089039.1.g20191	NC_089039.1.g20039, NC_089041.1.g26075	NC_089045.1.g35799	NC_089039.1.g20016	NC_089039.1.g20146	NC_089040.1.g22029	NC_089039.1.g20097		6	1	
OG0017549	NC_089039.1.g20699	NC_089039.1.g20561	NC_089044.1.g32727	NC_089044.1.g32466		NC_089039.1.g20866	NC_089037.1.g10122, NC_089039.1.g20593	NC_089037.1.g13456	6	1	
OG0018146	NC_089040.1.g21649	NC_089040.1.g21489, NC_089041.1.g26992	NC_089040.1.g21533		NC_089040.1.g21601	NC_089040.1.g21802	NC_089040.1.g21528	NC_089039.1.g18531	6	1	
OG0018232	NC_089040.1.g21798, NC_089046.1.g37655	NC_089046.1.g37487	NC_089046.1.g37416	NC_089046.1.g37116	NC_089046.1.g37668		NC_089046.1.g37384	NC_089046.1.g37594	6	1	
OG0018456	NC_089040.1.g22270	NC_089040.1.g22118	NC_089040.1.g22163	NC_089040.1.g22033		NC_089040.1.g22444, NC_089040.1.g22445	NC_089040.1.g22138	NC_089040.1.g22174	6	1	
OG0018541	NC_089040.1.g22438, NC_089040.1.g22439	NC_089040.1.g22277	NC_089040.1.g22318		NC_089040.1.g22402	NC_089040.1.g22601	NC_089040.1.g22289	NC_089040.1.g22333	6	1	
OG0018561	NC_089040.1.g22474	NC_089040.1.g22315	NC_089040.1.g22354	NC_089040.1.g22202	NC_089040.1.g22433, NC_089044.1.g32625	NC_089040.1.g22637		NC_089040.1.g22363	6	1	
OG0018569	NC_089040.1.g22501	NC_089040.1.g22339, NC_089040.1.g22341	NC_089040.1.g22378	NC_089040.1.g22219	NC_089040.1.g22462		NC_089040.1.g22349	NC_089040.1.g22388	6	1	
OG0018810	NC_089040.1.g22978	NC_089040.1.g22811	NC_089040.1.g22859		NC_089040.1.g22939	NC_089040.1.g23152	NC_089040.1.g22805, NC_089040.1.g22822	NC_089040.1.g22864	6	1	
OG0019030	NC_089040.1.g23339	NC_089040.1.g23179		NC_089040.1.g23043	NC_089040.1.g23306	NC_089040.1.g23523	NC_089040.1.g23183, NC_089040.1.g23189	NC_089040.1.g23225	6	1	
OG0019528	NC_089041.1.g24090		NC_089041.1.g23957, NC_089041.1.g23966	NC_089041.1.g23793	NC_089041.1.g24043	NC_089041.1.g24251	NC_089041.1.g23917	NC_089041.1.g23962	6	1	
OG0019692	NC_089041.1.g24392, NC_089041.1.g26546	NC_089041.1.g26392	NC_089041.1.g26385	NC_089041.1.g26189	NC_089041.1.g26504		NC_089041.1.g26350	NC_089041.1.g26433	6	1	
OG0020080	NC_089041.1.g25027	NC_089046.1.g37783		NC_089041.1.g24706	NC_089046.1.g37977	NC_089041.1.g25175	NC_089046.1.g37686	NC_089041.1.g24883, NC_089046.1.g37896	6	1	
OG0020141	NC_089041.1.g25132	NC_089041.1.g24970	NC_089041.1.g24975, NC_089041.1.g24976	NC_089041.1.g24818		NC_089041.1.g25296	NC_089041.1.g24945	NC_089041.1.g24995	6	1	
OG0020174	NC_089041.1.g25187	NC_089041.1.g25032	NC_089041.1.g25033	NC_089041.1.g24873, NC_089041.1.g24874	NC_089041.1.g25145		NC_089041.1.g25007	NC_089041.1.g25054	6	1	
OG0020336	NC_089041.1.g25469	NC_089041.1.g25312	NC_089041.1.g25309	NC_089040.1.g22681, NC_089041.1.g25155	NC_089041.1.g25422		NC_089041.1.g25272	NC_089041.1.g25340	6	1	
OG0020338	NC_089041.1.g25472	NC_089035.1.g2095, NC_089041.1.g25316	NC_089041.1.g25313	NC_089041.1.g25158	NC_089041.1.g25426	NC_089041.1.g25642	NC_089041.1.g25276		6	1	
OG0020373	NC_089041.1.g25539		NC_089041.1.g25373	NC_089041.1.g25216	NC_089041.1.g25488	NC_089041.1.g25706, NC_089041.1.g25708	NC_089041.1.g25335	NC_089041.1.g25407	6	1	
OG0020646	NC_089041.1.g26042	NC_089041.1.g25892	NC_089041.1.g25890	NC_089041.1.g25685		NC_089041.1.g26209	NC_089036.1.g6207, NC_089041.1.g25845	NC_089041.1.g25928	6	1	
OG0020699	NC_089041.1.g26132	NC_089041.1.g25978	NC_089041.1.g25971, NC_089041.1.g25972	NC_089041.1.g25766	NC_089041.1.g26086	NC_089041.1.g26301	NC_089041.1.g25933		6	1	
OG0020892	NC_089041.1.g26413, NC_089044.1.g32938	NC_089041.1.g26257	NC_089041.1.g26249	NC_089041.1.g26051		NC_089041.1.g26590	NC_089041.1.g26214	NC_089041.1.g26292	6	1	
OG0021145	NC_089041.1.g26772	NC_089041.1.g26620, NC_089043.1.g31908	NC_089041.1.g26614	NC_089041.1.g26417	NC_089041.1.g26735	NC_089041.1.g26964		NC_089041.1.g26669	6	1	
OG0021185	NC_089041.1.g26850	NC_089041.1.g26700	NC_089041.1.g26700	NC_089041.1.g26489		NC_089041.1.g27043	NC_089041.1.g26661	NC_089041.1.g26744, NC_089041.1.g26753	6	1	
OG0021781	NC_089042.1.g27754	NC_089042.1.g27589, NC_089042.1.g27590	NC_089042.1.g27599	NC_089042.1.g27405		NC_089042.1.g27944	NC_089042.1.g27567	NC_089042.1.g27657	6	1	
OG0021786	NC_089042.1.g27760	NC_089042.1.g27594		NC_089042.1.g27411, NC_089042.1.g27412	NC_089042.1.g27703	NC_089042.1.g27950	NC_089042.1.g27574	NC_089042.1.g27664	6	1	
OG0021893	NC_089042.1.g28000, NC_089042.1.g28014	NC_089042.1.g27831	NC_089042.1.g27855		NC_089042.1.g27953	NC_089042.1.g28203	NC_089042.1.g27822	NC_089042.1.g27912	6	1	
OG0021993	NC_089042.1.g28212, NC_089042.1.g28816	NC_089042.1.g28035	NC_089042.1.g28057	NC_089042.1.g28400	NC_089042.1.g28159	NC_089042.1.g28999	NC_089042.1.g28612		6	1	
OG0022164	NC_089042.1.g28537	NC_089040.1.g21827, NC_089042.1.g28368	NC_089042.1.g28382	NC_089042.1.g28132	NC_089042.1.g28490		NC_089042.1.g28330	NC_089042.1.g28448	6	1	
OG0022250	NC_089042.1.g28720	NC_089042.1.g28555		NC_089040.1.g22964, NC_089042.1.g28311	NC_089042.1.g28674	NC_089042.1.g28909	NC_089042.1.g28511	NC_089042.1.g28632	6	1	
OG0023078	NC_089043.1.g29995, NC_089046.1.g38615	NC_089043.1.g29843	NC_089043.1.g29858	NC_089043.1.g29572	NC_089043.1.g29940	NC_089043.1.g30221		NC_089043.1.g29930	6	1	
OG0023109	NC_089043.1.g30064	NC_089043.1.g29904		NC_089043.1.g29634	NC_089043.1.g30009	NC_089043.1.g30286	NC_089035.1.g2186, NC_089043.1.g29834	NC_089043.1.g29999	6	1	
OG0023118	NC_089043.1.g30081	NC_089043.1.g29915	NC_089043.1.g29927	NC_089043.1.g29647	NC_089037.1.g11102, NC_089043.1.g30021	NC_089043.1.g30301		NC_089043.1.g30012	6	1	
OG0023126	NC_089043.1.g30095	NC_089043.1.g29928	NC_089043.1.g29940		NC_089043.1.g30035	NC_089037.1.g11501, NC_089043.1.g30317	NC_089043.1.g29860	NC_089043.1.g30024	6	1	
OG0023183	NC_089043.1.g30193	NC_089046.1.g38675	NC_089046.1.g38582	NC_089043.1.g29773, NC_089046.1.g38283	NC_089046.1.g38864	NC_089043.1.g30426		NC_089046.1.g38759	6	1	
OG0023331	NC_089043.1.g30496	NC_089042.1.g27934, NC_089043.1.g30349	NC_089042.1.g27954		NC_089042.1.g28061	NC_089042.1.g28307	NC_089042.1.g27916	NC_089042.1.g28009	6	1	
OG0023426	NC_089043.1.g30672	NC_089043.1.g30533	NC_089043.1.g30514	NC_089043.1.g30260, NC_089043.1.g30264		NC_089043.1.g30943	NC_089043.1.g30433	NC_089043.1.g30622	6	1	
OG0023603	NC_089043.1.g30998		NC_089043.1.g30825	NC_089043.1.g30577, NC_089043.1.g30578	NC_089043.1.g30953	NC_089043.1.g31263	NC_089043.1.g30751	NC_089043.1.g30938	6	1	
OG0023720	NC_089043.1.g31191	NC_089043.1.g31034		NC_089043.1.g30746	NC_089043.1.g31136	NC_089042.1.g29658, NC_089043.1.g31452	NC_089043.1.g30935	NC_089043.1.g31107	6	1	
OG0023837	NC_089043.1.g31364		NC_089039.1.g18849, NC_089043.1.g31167	NC_089043.1.g30918	NC_089043.1.g31302	NC_089043.1.g31626	NC_089043.1.g31106	NC_089043.1.g31272	6	1	
OG0024264	NC_089043.1.g31944	NC_089043.1.g31774	NC_089043.1.g31759		NC_089043.1.g31895	NC_089043.1.g32216	NC_089043.1.g30210, NC_089043.1.g31699	NC_089043.1.g31876	6	1	
OG0024454	NC_089043.1.g32218	NC_089043.1.g32057	NC_089043.1.g32035	NC_089043.1.g31791		NC_089043.1.g32499, NC_089043.1.g32502	NC_089043.1.g31969	NC_089043.1.g32173	6	1	
OG0024494	NC_089044.1.g32315	NC_089035.1.g3032, NC_089044.1.g32149	NC_089044.1.g32126	NC_089044.1.g31886	NC_089044.1.g32283	NC_089044.1.g32590	NC_089044.1.g32053		6	1	
OG0024561	NC_089044.1.g32502	NC_089044.1.g32359	NC_089044.1.g32323		NC_089044.1.g32485	NC_089044.1.g32783	NC_089036.1.g5998, NC_089044.1.g32259	NC_089044.1.g32454	6	1	
OG0024572	NC_089044.1.g32536	NC_089044.1.g32397	NC_089044.1.g32359, NC_089045.1.g35463		NC_089044.1.g32523	NC_089044.1.g32822	NC_089044.1.g32295	NC_089044.1.g32490	6	1	
OG0024605	NC_089044.1.g32622	NC_089044.1.g32492	NC_089044.1.g32442		NC_089044.1.g32613	NC_089044.1.g32911	NC_089044.1.g32382	NC_089044.1.g32577, NC_089044.1.g32578	6	1	
OG0024618	NC_089044.1.g32657	NC_089044.1.g32527	NC_089044.1.g32475	NC_089044.1.g32210	NC_089044.1.g32650	NC_089037.1.g11120, NC_089044.1.g32951		NC_089044.1.g32613	6	1	
OG0024724	NC_089044.1.g32880	NC_089044.1.g32755	NC_089044.1.g32704		NC_089044.1.g32878	NC_089044.1.g33187	NC_089044.1.g32643, NC_089044.1.g32644	NC_089044.1.g32839	6	1	
OG0024739	NC_089044.1.g32902	NC_089044.1.g32779		NC_089039.1.g17638, NC_089044.1.g32465	NC_089044.1.g32900	NC_089044.1.g33215	NC_089044.1.g32667	NC_089044.1.g32860	6	1	
OG0024821	NC_089044.1.g33069		NC_089044.1.g32901	NC_089044.1.g32647, NC_089044.1.g32649	NC_089044.1.g33087	NC_089044.1.g33393	NC_089044.1.g32833	NC_089044.1.g33040	6	1	
OG0024857	NC_089044.1.g33149	NC_089044.1.g33046	NC_089044.1.g32979	NC_089044.1.g32729		NC_089044.1.g33473	NC_089044.1.g32920	NC_089035.1.g3148, NC_089044.1.g33128	6	1	
OG0024889	NC_089044.1.g33195		NC_089044.1.g33026	NC_089044.1.g32773	NC_089041.1.g26372, NC_089044.1.g33219	NC_089044.1.g33518	NC_089044.1.g32965	NC_089044.1.g33173	6	1	
OG0025020	NC_089044.1.g33430		NC_089044.1.g33256, NC_089044.1.g33268	NC_089044.1.g33010	NC_089044.1.g33459	NC_089044.1.g33771	NC_089044.1.g33214	NC_089044.1.g33425	6	1	
OG0025096	NC_089044.1.g33592		NC_089044.1.g33397	NC_089044.1.g33173, NC_089045.1.g35443	NC_089044.1.g33618	NC_089044.1.g33931	NC_089044.1.g33371	NC_089044.1.g33585	6	1	
OG0025400	NC_089044.1.g34080	NC_089044.1.g33940	NC_089044.1.g33860		NC_089044.1.g34103	NC_089044.1.g34415	NC_089044.1.g33861	NC_089044.1.g34067, NC_089044.1.g34068	6	1	
OG0025966	NC_089045.1.g35244	NC_089045.1.g35095		NC_089045.1.g34799	NC_089045.1.g35251	NC_089045.1.g35565, NC_089045.1.g35566	NC_089045.1.g35014	NC_089045.1.g35230	6	1	
OG0026008	NC_089045.1.g35321		NC_089045.1.g35083	NC_089045.1.g34879	NC_089045.1.g35335	NC_089045.1.g35651	NC_089045.1.g35098, NC_089045.1.g35099	NC_089045.1.g35313	6	1	
OG0026164	NC_089045.1.g35653	NC_089045.1.g35515	NC_089045.1.g35443	NC_089045.1.g35204		NC_089045.1.g36008	NC_089037.1.g11553, NC_089045.1.g35420	NC_089045.1.g35656	6	1	
OG0026480	NC_089045.1.g36307	NC_089045.1.g36153	NC_089045.1.g36072	NC_089045.1.g35851	NC_089045.1.g36334	NC_089045.1.g36682		NC_089045.1.g36292, NC_089045.1.g36298	6	1	
OG0026530	NC_089045.1.g36388	NC_089045.1.g36234	NC_089045.1.g36155	NC_089045.1.g35931	NC_089045.1.g36419		NC_089045.1.g36128, NC_089045.1.g36129	NC_089045.1.g36368	6	1	
OG0026565	NC_089045.1.g36459	NC_089045.1.g36315	NC_089045.1.g36242	NC_089045.1.g35996, NC_089045.1.g35997	NC_089045.1.g36504		NC_089045.1.g36200	NC_089045.1.g36434	6	1	
OG0026566	NC_089045.1.g36462	NC_089045.1.g36317, NC_089045.1.g36318	NC_089045.1.g36245	NC_089045.1.g35999	NC_089045.1.g36507	NC_089045.1.g36828		NC_089045.1.g36438	6	1	
OG0026591	NC_089045.1.g36515	NC_089045.1.g36368	NC_089045.1.g36293	NC_089045.1.g36047		NC_089045.1.g36881	NC_089036.1.g9143, NC_089045.1.g36254	NC_089045.1.g36483	6	1	
OG0026629	NC_089045.1.g36592, NC_089046.1.g39257	NC_089046.1.g39119	NC_089046.1.g39018	NC_089046.1.g38709		NC_089046.1.g39672	NC_089046.1.g38979	NC_089046.1.g39204	6	1	
OG0026655	NC_089045.1.g36641, NC_089045.1.g36644	NC_089045.1.g36492	NC_089045.1.g36426	NC_089045.1.g36163	NC_089045.1.g36680	NC_089045.1.g37001	NC_089045.1.g36386		6	1	
OG0026762	NC_089045.1.g36860	NC_089038.1.g17236, NC_089045.1.g36706	NC_089045.1.g36631	NC_089045.1.g36365		NC_089045.1.g37217	NC_089045.1.g36607	NC_089045.1.g36822	6	1	
OG0026822	NC_089045.1.g36990	NC_089045.1.g36841		NC_089035.1.g2656, NC_089045.1.g36498	NC_089045.1.g37017	NC_089045.1.g37357	NC_089045.1.g36736	NC_089045.1.g36949	6	1	
OG0026896	NC_089045.1.g37163	NC_089035.1.g283, NC_089045.1.g36997	NC_089045.1.g36926	NC_089045.1.g36647	NC_089045.1.g37175	NC_089045.1.g37527		NC_089045.1.g37110	6	1	
OG0027303	NC_089046.1.g38156	NC_089046.1.g37996, NC_089046.1.g37997	NC_089046.1.g37923		NC_089046.1.g38183	NC_089046.1.g38534	NC_089046.1.g37887	NC_089046.1.g38104	6	1	
OG0027341	NC_089046.1.g38240	NC_089046.1.g38081	NC_089046.1.g38004, NC_089046.1.g38011	NC_089046.1.g37700	NC_089046.1.g38271		NC_089046.1.g37972	NC_089046.1.g38185	6	1	
OG0027369	NC_089046.1.g38297	NC_089046.1.g38137	NC_089046.1.g38063	NC_089046.1.g37759		NC_089046.1.g38673	NC_089046.1.g38031, NC_089046.1.g38034	NC_089046.1.g38234	6	1	
OG0027539	NC_089046.1.g38685	NC_089046.1.g38540	NC_089046.1.g38448	NC_089046.1.g38147, NC_089046.1.g38151		NC_089046.1.g39081	NC_089046.1.g38396	NC_089046.1.g38618	6	1	
OG0028003	NC_089046.1.g39512	NC_089046.1.g39386	NC_089046.1.g39278	NC_089046.1.g38965	NC_089046.1.g39573	NC_089046.1.g39934	NC_089039.1.g17507, NC_089046.1.g39237		6	1	
OG0028162		NC_089035.1.g1228, NC_089037.1.g12145		NC_089038.1.g16355	NC_089037.1.g12186	NC_089037.1.g12408, NC_089038.1.g16034	NC_089044.1.g32465	NC_089036.1.g7559	6	0	
OG0028163		NC_089035.1.g2112, NC_089038.1.g14369	NC_089038.1.g14402, NC_089043.1.g30690	NC_089035.1.g2093	NC_089043.1.g30817	NC_089035.1.g2148	NC_089043.1.g30615		6	0	
OG0028166		NC_089036.1.g6810	NC_089036.1.g6822	NC_089036.1.g6766		NC_089036.1.g6923, NC_089036.1.g6924, NC_089036.1.g6925	NC_089036.1.g6790	NC_089036.1.g6850	6	0	
OG0028167		NC_089036.1.g7212, NC_089037.1.g10834	NC_089036.1.g7205	NC_089036.1.g7161	NC_089036.1.g7230		NC_089036.1.g7195, NC_089037.1.g10843	NC_089036.1.g7244	6	0	
OG0028169		NC_089036.1.g8121, NC_089036.1.g8122	NC_089036.1.g8108		NC_089036.1.g8127	NC_089036.1.g8222, NC_089036.1.g8223	NC_089036.1.g8126	NC_089036.1.g8150	6	0	
OG0028175		NC_089037.1.g12057	NC_089037.1.g12081, NC_089044.1.g32491		NC_089037.1.g12089, NC_089044.1.g32667	NC_089037.1.g12214	NC_089037.1.g12050	NC_089037.1.g12123	6	0	
OG0028178		NC_089038.1.g14507	NC_089038.1.g14531	NC_089038.1.g14464, NC_089038.1.g14469		NC_089038.1.g14706, NC_089038.1.g14711	NC_089038.1.g14538	NC_089038.1.g14601	6	0	
OG0028180		NC_089038.1.g14736	NC_089044.1.g32751	NC_089044.1.g32487	NC_089038.1.g14775, NC_089044.1.g32923		NC_089044.1.g32686	NC_089038.1.g14833, NC_089044.1.g32882	6	0	
OG0028186		NC_089038.1.g15557	NC_089038.1.g15575		NC_089041.1.g25490	NC_089041.1.g25313	NC_089038.1.g15605	NC_089038.1.g15629, NC_089041.1.g25014, NC_089041.1.g25409	6	0	
OG0028202		NC_089043.1.g30031, NC_089043.1.g31033, NC_089045.1.g35441	NC_089045.1.g35368	NC_089045.1.g35134	NC_089045.1.g35605	NC_089045.1.g35932	NC_089045.1.g35351		6	0	
OG0028205		NC_089043.1.g31128	NC_089042.1.g28648, NC_089043.1.g31098		NC_089043.1.g31235	NC_089042.1.g28984	NC_089042.1.g28594, NC_089043.1.g31037	NC_089042.1.g28712	6	0	
OG0028206		NC_089043.1.g31853	NC_089043.1.g31830, NC_089043.1.g31835	NC_089043.1.g31598	NC_089043.1.g31989	NC_089035.1.g2911		NC_089043.1.g31964, NC_089043.1.g31970	6	0	
OG0028208		NC_089044.1.g32453, NC_089044.1.g32454	NC_089044.1.g32416, NC_089044.1.g32417		NC_089044.1.g32582	NC_089044.1.g32882	NC_089042.1.g28170	NC_089044.1.g32543	6	0	
OG0028218			NC_089037.1.g11747	NC_089037.1.g11684	NC_089037.1.g11757	NC_089037.1.g11871, NC_089045.1.g37464	NC_089037.1.g11730, NC_089044.1.g32316	NC_089044.1.g32510	6	0	
OG0028226			NC_089045.1.g36883	NC_089045.1.g36607	NC_089045.1.g37133	NC_089045.1.g37481	NC_089045.1.g36868	NC_089037.1.g10351, NC_089045.1.g37067, NC_089045.1.g37068	6	0	
OG0028231	NC_089035.1.g20	NC_089035.1.g18		NC_089035.1.g18	NC_089035.1.g18	NC_089035.1.g20	NC_089035.1.g19	NC_089035.1.g18	6	1	
OG0028232	NC_089035.1.g33	NC_089035.1.g32	NC_089035.1.g33		NC_089035.1.g31	NC_089035.1.g33	NC_089035.1.g32	NC_089035.1.g32	6	1	
OG0028233	NC_089035.1.g41	NC_089035.1.g40	NC_089035.1.g42		NC_089042.1.g27361	NC_089035.1.g43	NC_089035.1.g41	NC_089035.1.g41	6	1	
OG0028234	NC_089035.1.g69	NC_089035.1.g69	NC_089035.1.g69	NC_089035.1.g66		NC_089035.1.g74	NC_089035.1.g70	NC_089035.1.g68	6	1	
OG0028235	NC_089035.1.g109		NC_089035.1.g108	NC_089035.1.g104	NC_089035.1.g104	NC_089035.1.g114	NC_089035.1.g107	NC_089035.1.g107	6	1	
OG0028236	NC_089035.1.g119	NC_089035.1.g115	NC_089035.1.g114	NC_089035.1.g112	NC_089035.1.g111		NC_089035.1.g113	NC_089035.1.g113	6	1	
OG0028237	NC_089035.1.g120	NC_089035.1.g116	NC_089035.1.g115	NC_089035.1.g113	NC_089035.1.g112		NC_089035.1.g114	NC_089035.1.g114	6	1	
OG0028238	NC_089035.1.g127	NC_089035.1.g122		NC_089035.1.g122	NC_089035.1.g118	NC_089035.1.g125	NC_089035.1.g119	NC_089035.1.g121	6	1	
OG0028239	NC_089035.1.g178		NC_089035.1.g167	NC_089035.1.g173	NC_089035.1.g166	NC_089035.1.g173	NC_089035.1.g167	NC_089035.1.g166	6	1	
OG0028240	NC_089035.1.g233	NC_089035.1.g222	NC_089035.1.g217		NC_089035.1.g222	NC_089035.1.g230	NC_089035.1.g223	NC_089035.1.g220	6	1	
OG0028241	NC_089035.1.g319	NC_089035.1.g312	NC_089035.1.g304	NC_089035.1.g317		NC_089035.1.g322	NC_089035.1.g312	NC_089035.1.g312	6	1	
OG0028242	NC_089035.1.g338	NC_089035.1.g331	NC_089035.1.g324	NC_089035.1.g336	NC_089035.1.g326	NC_089035.1.g341	NC_089035.1.g331		6	1	
OG0028243	NC_089035.1.g340	NC_089035.1.g333	NC_089035.1.g326	NC_089035.1.g338	NC_089035.1.g328	NC_089035.1.g343		NC_089035.1.g334	6	1	
OG0028244	NC_089035.1.g352		NC_089035.1.g340	NC_089035.1.g350	NC_089035.1.g341	NC_089035.1.g355	NC_089035.1.g344	NC_089035.1.g348	6	1	
OG0028245	NC_089035.1.g427	NC_089035.1.g426	NC_089035.1.g420	NC_089035.1.g426	NC_089035.1.g421		NC_089035.1.g420	NC_089035.1.g425	6	1	
OG0028246	NC_089035.1.g462	NC_089035.1.g469	NC_089035.1.g452	NC_089035.1.g463	NC_089035.1.g452		NC_089035.1.g453	NC_089035.1.g458	6	1	
OG0028247	NC_089035.1.g533	NC_089035.1.g538	NC_089035.1.g516	NC_089035.1.g538	NC_089035.1.g515	NC_089035.1.g552	NC_089035.1.g516		6	1	
OG0028248	NC_089035.1.g633	NC_089035.1.g636	NC_089035.1.g607	NC_089035.1.g632		NC_089035.1.g645	NC_089035.1.g610	NC_089035.1.g619	6	1	
OG0028249	NC_089035.1.g680	NC_089035.1.g683	NC_089035.1.g657	NC_089035.1.g681		NC_089035.1.g694	NC_089035.1.g657	NC_089035.1.g666	6	1	
OG0028250	NC_089035.1.g700	NC_089035.1.g704	NC_089035.1.g677	NC_089035.1.g702	NC_089035.1.g676	NC_089035.1.g714	NC_089035.1.g677		6	1	
OG0028251	NC_089035.1.g731	NC_089035.1.g737	NC_089035.1.g708		NC_089035.1.g709	NC_089035.1.g745	NC_089035.1.g709	NC_089035.1.g717	6	1	
OG0028252	NC_089035.1.g741	NC_089035.1.g747		NC_089035.1.g744	NC_089035.1.g720	NC_089035.1.g754	NC_089035.1.g719	NC_089035.1.g727	6	1	
OG0028253	NC_089035.1.g751	NC_089035.1.g756		NC_089035.1.g753	NC_089035.1.g728	NC_089035.1.g763	NC_089035.1.g728	NC_089035.1.g736	6	1	
OG0028254	NC_089035.1.g772	NC_089035.1.g778	NC_089035.1.g746	NC_089035.1.g775	NC_089035.1.g751	NC_089035.1.g785	NC_089035.1.g750		6	1	
OG0028255	NC_089035.1.g785		NC_089035.1.g757	NC_089035.1.g786	NC_089035.1.g762	NC_089035.1.g797	NC_089035.1.g761	NC_089035.1.g769	6	1	
OG0028256	NC_089035.1.g817	NC_089035.1.g819	NC_089035.1.g790	NC_089035.1.g817	NC_089035.1.g793		NC_089035.1.g793	NC_089035.1.g800	6	1	
OG0028257	NC_089035.1.g857	NC_089035.1.g859		NC_089035.1.g855	NC_089035.1.g831	NC_089035.1.g868	NC_089035.1.g832	NC_089035.1.g841	6	1	
OG0028260	NC_089035.1.g1096	NC_089035.1.g1096	NC_089035.1.g1066	NC_089035.1.g1090	NC_089035.1.g1074	NC_089035.1.g1108	NC_089035.1.g1070		6	1	
OG0028261	NC_089035.1.g1098	NC_089035.1.g1098	NC_089035.1.g1068	NC_089035.1.g1092	NC_089035.1.g1076		NC_089035.1.g1072	NC_089035.1.g1069	6	1	
OG0028262	NC_089035.1.g1104	NC_089035.1.g1103		NC_089035.1.g1097	NC_089035.1.g1082	NC_089035.1.g1114	NC_089035.1.g1077	NC_089035.1.g1075	6	1	
OG0028263	NC_089035.1.g1151	NC_089035.1.g1147		NC_089035.1.g1137	NC_089035.1.g1127	NC_089035.1.g1154	NC_089035.1.g1120	NC_089035.1.g1121	6	1	
OG0028264	NC_089035.1.g1155	NC_089035.1.g1150	NC_089035.1.g1117	NC_089035.1.g1141	NC_089035.1.g1130	NC_089035.1.g1158		NC_089035.1.g1124	6	1	
OG0028265	NC_089035.1.g1188	NC_089035.1.g1183	NC_089035.1.g1150	NC_089035.1.g1174	NC_089035.1.g1163	NC_089035.1.g1192		NC_089035.1.g1157	6	1	
OG0028266	NC_089035.1.g1242	NC_089035.1.g1242		NC_089035.1.g1230	NC_089035.1.g1215	NC_089035.1.g1247	NC_089035.1.g1211	NC_089035.1.g1213	6	1	
OG0028267	NC_089035.1.g1271	NC_089035.1.g1269		NC_089035.1.g1258	NC_089035.1.g1243	NC_089035.1.g1276	NC_089035.1.g1240	NC_089035.1.g1242	6	1	
OG0028268	NC_089035.1.g1278	NC_089035.1.g1278		NC_089035.1.g1266	NC_089035.1.g1252	NC_089035.1.g1284	NC_089035.1.g1249	NC_089035.1.g1252	6	1	
OG0028269	NC_089035.1.g1282	NC_089035.1.g1283		NC_089035.1.g1270	NC_089035.1.g1257	NC_089035.1.g1288	NC_089035.1.g1254	NC_089035.1.g1257	6	1	
OG0028270	NC_089035.1.g1310	NC_089035.1.g1308	NC_089035.1.g1271		NC_089035.1.g1284	NC_089035.1.g1315	NC_089035.1.g1281	NC_089035.1.g1284	6	1	
OG0028271	NC_089035.1.g1319	NC_089035.1.g1318	NC_089035.1.g1278		NC_089035.1.g1293	NC_089035.1.g1324	NC_089035.1.g1288	NC_089035.1.g1292	6	1	
OG0028272	NC_089035.1.g1352	NC_089035.1.g1351	NC_089035.1.g1313		NC_089035.1.g1327	NC_089035.1.g1356	NC_089035.1.g1321	NC_089035.1.g1324	6	1	
OG0028273	NC_089035.1.g1385		NC_089035.1.g1343	NC_089035.1.g1365	NC_089035.1.g1358	NC_089035.1.g1387	NC_089035.1.g1351	NC_089035.1.g1355	6	1	
OG0028274	NC_089035.1.g1393	NC_089035.1.g1390		NC_089035.1.g1373	NC_089035.1.g1366	NC_089035.1.g1396	NC_089035.1.g1359	NC_089035.1.g1363	6	1	
OG0028275	NC_089035.1.g1403	NC_089035.1.g1399	NC_089035.1.g1361	NC_089035.1.g1382	NC_089035.1.g1376	NC_089035.1.g1405		NC_089035.1.g1373	6	1	
OG0028276	NC_089035.1.g1413		NC_089035.1.g1373	NC_089035.1.g1393	NC_089035.1.g1387	NC_089035.1.g1419	NC_089035.1.g1377	NC_089035.1.g1384	6	1	
OG0028277	NC_089035.1.g1414	NC_089035.1.g1409	NC_089035.1.g1374	NC_089035.1.g1394		NC_089035.1.g1420	NC_089035.1.g1378	NC_089035.1.g1385	6	1	
OG0028278	NC_089035.1.g1425	NC_089035.1.g1420	NC_089035.1.g1385	NC_089035.1.g1404	NC_089035.1.g1399	NC_089035.1.g1431		NC_089035.1.g1396	6	1	
OG0028279	NC_089035.1.g1428	NC_089035.1.g1425	NC_089035.1.g1390	NC_089035.1.g1406	NC_089035.1.g1403	NC_089035.1.g1434		NC_089035.1.g1401	6	1	
OG0028280	NC_089035.1.g1441	NC_089035.1.g1440	NC_089035.1.g1404	NC_089035.1.g1421	NC_089035.1.g1418	NC_089035.1.g1450		NC_089035.1.g1417	6	1	
OG0028282	NC_089035.1.g1485		NC_089035.1.g1446	NC_089035.1.g1459	NC_089035.1.g1460	NC_089035.1.g1487	NC_089035.1.g1445	NC_089035.1.g1459	6	1	
OG0028283	NC_089035.1.g1491	NC_089035.1.g1486	NC_089035.1.g1453	NC_089035.1.g1466	NC_089035.1.g1464		NC_089035.1.g1449	NC_089035.1.g1463	6	1	
OG0028284	NC_089035.1.g1492	NC_089035.1.g1488		NC_089035.1.g1468	NC_089035.1.g1465	NC_089035.1.g1492	NC_089035.1.g1451	NC_089035.1.g1464	6	1	
OG0028285	NC_089035.1.g1538	NC_089035.1.g1534	NC_089035.1.g1505	NC_089035.1.g1516	NC_089035.1.g1512	NC_089035.1.g1544	NC_089035.1.g1497		6	1	
OG0028286	NC_089035.1.g1539	NC_089035.1.g1535		NC_089035.1.g1517	NC_089035.1.g1513	NC_089035.1.g1545	NC_089035.1.g1498	NC_089035.1.g1509	6	1	
OG0028287	NC_089035.1.g1563	NC_089035.1.g1557	NC_089035.1.g1529	NC_089035.1.g1545		NC_089035.1.g1570	NC_089035.1.g1521	NC_089035.1.g1528	6	1	
OG0028288	NC_089035.1.g1576		NC_089035.1.g1541	NC_089035.1.g1557	NC_089035.1.g1545	NC_089035.1.g1582	NC_089035.1.g1533	NC_089035.1.g1539	6	1	
OG0028289	NC_089035.1.g1593	NC_089035.1.g1583	NC_089035.1.g1557		NC_089035.1.g1560	NC_089035.1.g1599	NC_089035.1.g1550	NC_089035.1.g1556	6	1	
OG0028290	NC_089035.1.g1619	NC_089035.1.g1610	NC_089035.1.g1586	NC_089035.1.g1596	NC_089035.1.g1589	NC_089035.1.g1626		NC_089035.1.g1581	6	1	
OG0028291	NC_089035.1.g1639	NC_089035.1.g1631		NC_089035.1.g1613	NC_089035.1.g1611	NC_089035.1.g1648	NC_089035.1.g1598	NC_089035.1.g1602	6	1	
OG0028292	NC_089035.1.g1670	NC_089035.1.g1662	NC_089035.1.g1644	NC_089043.1.g30242	NC_089035.1.g1642	NC_089043.1.g30920	NC_089035.1.g1634		6	1	
OG0028294	NC_089035.1.g1709	NC_089035.1.g1695	NC_089035.1.g1680	NC_089035.1.g1682	NC_089035.1.g1676	NC_089035.1.g1719		NC_089035.1.g1671	6	1	
OG0028296	NC_089035.1.g1725	NC_089035.1.g1711		NC_089035.1.g1695	NC_089035.1.g1692	NC_089035.1.g1736	NC_089035.1.g1676	NC_089035.1.g1686	6	1	
OG0028297	NC_089035.1.g1731	NC_089035.1.g1717	NC_089035.1.g1701	NC_089035.1.g1701	NC_089035.1.g1698	NC_089035.1.g1742		NC_089035.1.g1692	6	1	
OG0028298	NC_089035.1.g1733	NC_089035.1.g1719	NC_089035.1.g1703	NC_089035.1.g1704		NC_089035.1.g1744	NC_089035.1.g1684	NC_089035.1.g1695	6	1	
OG0028299	NC_089035.1.g1778	NC_089035.1.g1756	NC_089035.1.g1745	NC_089035.1.g1743	NC_089035.1.g1738	NC_089035.1.g1785		NC_089035.1.g1736	6	1	
OG0028300	NC_089035.1.g1860	NC_089035.1.g1837	NC_089035.1.g1822	NC_089035.1.g1825	NC_089035.1.g1819	NC_089035.1.g1866	NC_089035.1.g1805		6	1	
OG0028301	NC_089035.1.g1889	NC_089035.1.g1865	NC_089035.1.g1849	NC_089035.1.g1847		NC_089035.1.g1893	NC_089035.1.g1831	NC_089035.1.g1848	6	1	
OG0028302	NC_089035.1.g1897	NC_089035.1.g1872	NC_089035.1.g1855	NC_089035.1.g1854	NC_089035.1.g1854	NC_089035.1.g1900	NC_089035.1.g1839		6	1	
OG0028303	NC_089035.1.g1929	NC_089035.1.g1900	NC_089035.1.g1886	NC_089035.1.g1887		NC_089035.1.g1933	NC_089035.1.g1871	NC_089035.1.g1887	6	1	
OG0028304	NC_089035.1.g1930	NC_089035.1.g1901	NC_089035.1.g1887	NC_089035.1.g1888	NC_089035.1.g1888	NC_089035.1.g1934	NC_089035.1.g1872		6	1	
OG0028305	NC_089035.1.g1936	NC_089035.1.g1906	NC_089035.1.g1890		NC_089035.1.g1891	NC_089035.1.g1937	NC_089035.1.g1877	NC_089035.1.g1891	6	1	
OG0028307	NC_089035.1.g1946	NC_089035.1.g1917	NC_089035.1.g1898	NC_089035.1.g1900	NC_089035.1.g1903	NC_089035.1.g1947		NC_089035.1.g1902	6	1	
OG0028308	NC_089035.1.g1972		NC_089035.1.g1924	NC_089035.1.g1927	NC_089035.1.g1931	NC_089035.1.g1977	NC_089035.1.g1913	NC_089035.1.g1929	6	1	
OG0028309	NC_089035.1.g1973		NC_089035.1.g1925	NC_089035.1.g1928	NC_089035.1.g1932	NC_089035.1.g1978	NC_089035.1.g1914	NC_089035.1.g1930	6	1	
OG0028310	NC_089035.1.g1995	NC_089035.1.g1969	NC_089035.1.g1944	NC_089035.1.g1953	NC_089035.1.g1957		NC_089035.1.g1937	NC_089035.1.g1950	6	1	
OG0028311	NC_089035.1.g2042	NC_089035.1.g2015	NC_089035.1.g1995	NC_089035.1.g2006	NC_089035.1.g2009	NC_089035.1.g2054	NC_089035.1.g1989		6	1	
OG0028312	NC_089035.1.g2064	NC_089035.1.g2036	NC_089035.1.g2016		NC_089035.1.g2030	NC_089035.1.g2076	NC_089035.1.g2013	NC_089035.1.g2016	6	1	
OG0028313	NC_089035.1.g2095	NC_089035.1.g2069	NC_089035.1.g2049	NC_089035.1.g2060		NC_089035.1.g2110	NC_089035.1.g2050	NC_089035.1.g2048	6	1	
OG0028315	NC_089035.1.g2111	NC_089035.1.g2088	NC_089035.1.g2066	NC_089035.1.g2074	NC_089035.1.g2084	NC_089035.1.g2125	NC_089035.1.g2070		6	1	
OG0028316	NC_089035.1.g2118	NC_089035.1.g2097	NC_089035.1.g2073	NC_089035.1.g2081		NC_089035.1.g2134	NC_089035.1.g2077	NC_089035.1.g2073	6	1	
OG0028317	NC_089035.1.g2143	NC_089035.1.g2124	NC_089035.1.g2107	NC_089035.1.g2105	NC_089035.1.g2112	NC_089035.1.g2159		NC_089035.1.g2097	6	1	
OG0028318	NC_089035.1.g2147	NC_089035.1.g2128	NC_089035.1.g2113		NC_089035.1.g2117	NC_089035.1.g2163	NC_089035.1.g2108	NC_089035.1.g2103	6	1	
OG0028319	NC_089035.1.g2159	NC_089035.1.g2139	NC_089035.1.g2123		NC_089035.1.g2130	NC_089035.1.g2175	NC_089035.1.g2121	NC_089035.1.g2115	6	1	
OG0028320	NC_089035.1.g2188	NC_089035.1.g2167	NC_089035.1.g2151	NC_089035.1.g2149	NC_089035.1.g2158	NC_089035.1.g2203	NC_089035.1.g2148		6	1	
OG0028321	NC_089035.1.g2193	NC_089035.1.g2173	NC_089035.1.g2157	NC_089035.1.g2154	NC_089035.1.g2164	NC_089035.1.g2208	NC_089035.1.g2154		6	1	
OG0028322	NC_089035.1.g2194	NC_089035.1.g2174	NC_089035.1.g2158	NC_089035.1.g2155	NC_089035.1.g2165	NC_089035.1.g2209	NC_089035.1.g2155		6	1	
OG0028323	NC_089035.1.g2196	NC_089035.1.g2176	NC_089035.1.g2160	NC_089035.1.g2158		NC_089035.1.g2211	NC_089035.1.g2157	NC_089035.1.g2150	6	1	
OG0028325	NC_089035.1.g2205	NC_089035.1.g2183	NC_089035.1.g2170	NC_089035.1.g2166		NC_089035.1.g2220	NC_089035.1.g2166	NC_089035.1.g2163	6	1	
OG0028326	NC_089035.1.g2209	NC_089035.1.g2186	NC_089035.1.g2174	NC_089035.1.g2168	NC_089035.1.g2177		NC_089035.1.g2169	NC_089035.1.g2166	6	1	
OG0028327	NC_089035.1.g2212	NC_089035.1.g2191		NC_089035.1.g2172	NC_089035.1.g2181	NC_089035.1.g2226	NC_089035.1.g2173	NC_089035.1.g2170	6	1	
OG0028328	NC_089035.1.g2219	NC_089035.1.g2196	NC_089035.1.g2181	NC_089035.1.g2176	NC_089035.1.g2185	NC_089035.1.g2230		NC_089035.1.g2173	6	1	
OG0028329	NC_089035.1.g2240	NC_089035.1.g2217	NC_089035.1.g2205	NC_089035.1.g2201	NC_089035.1.g2209	NC_089035.1.g2251		NC_089035.1.g2190	6	1	
OG0028330	NC_089035.1.g2260	NC_089035.1.g2236		NC_089035.1.g2221	NC_089035.1.g2231	NC_089043.1.g31994	NC_089035.1.g2212	NC_089035.1.g2209	6	1	
OG0028331	NC_089035.1.g2272	NC_089035.1.g2248		NC_089035.1.g2233	NC_089035.1.g2244	NC_089035.1.g2279	NC_089035.1.g2225	NC_089035.1.g2222	6	1	
OG0028332	NC_089035.1.g2288		NC_089035.1.g2251	NC_089035.1.g2249	NC_089035.1.g2260	NC_089035.1.g2294	NC_089035.1.g2241	NC_089035.1.g2241	6	1	
OG0028333	NC_089035.1.g2300	NC_089035.1.g2273	NC_089035.1.g2262		NC_089035.1.g2268	NC_089035.1.g2306	NC_089035.1.g2254	NC_089035.1.g2249	6	1	
OG0028334	NC_089035.1.g2311		NC_089035.1.g2273	NC_089035.1.g2270	NC_089035.1.g2278	NC_089035.1.g2320	NC_089035.1.g2268	NC_089035.1.g2259	6	1	
OG0028335	NC_089035.1.g2330	NC_089035.1.g2299		NC_089035.1.g2289	NC_089035.1.g2299	NC_089035.1.g2340	NC_089035.1.g2287	NC_089035.1.g2278	6	1	
OG0028336	NC_089035.1.g2340	NC_089035.1.g2309		NC_089035.1.g2299	NC_089035.1.g2310	NC_089035.1.g2351	NC_089035.1.g2299	NC_089035.1.g2287	6	1	
OG0028337	NC_089035.1.g2344	NC_089035.1.g2314	NC_089035.1.g2305		NC_089035.1.g2314	NC_089035.1.g2355	NC_089035.1.g2302	NC_089035.1.g2290	6	1	
OG0028338	NC_089035.1.g2345	NC_089035.1.g2315	NC_089035.1.g2306		NC_089035.1.g2315	NC_089035.1.g2356	NC_089035.1.g2303	NC_089035.1.g2291	6	1	
OG0028339	NC_089035.1.g2348	NC_089035.1.g2318	NC_089035.1.g2310		NC_089035.1.g2317	NC_089035.1.g2360	NC_089035.1.g2305	NC_089035.1.g2294	6	1	
OG0028340	NC_089035.1.g2349	NC_089035.1.g2319	NC_089035.1.g2311		NC_089035.1.g2318	NC_089035.1.g2361	NC_089035.1.g2306	NC_089035.1.g2295	6	1	
OG0028341	NC_089035.1.g2358	NC_089035.1.g2325	NC_089035.1.g2318	NC_089035.1.g2309	NC_089035.1.g2324		NC_089035.1.g2313	NC_089035.1.g2301	6	1	
OG0028342	NC_089035.1.g2360	NC_089035.1.g2327	NC_089035.1.g2320	NC_089035.1.g2311	NC_089035.1.g2326		NC_089035.1.g2315	NC_089035.1.g2303	6	1	
OG0028344	NC_089035.1.g2457		NC_089035.1.g2419	NC_089035.1.g2407	NC_089035.1.g2410	NC_089035.1.g2465	NC_089035.1.g2417	NC_089035.1.g2397	6	1	
OG0028345	NC_089035.1.g2595		NC_089035.1.g2569	NC_089035.1.g2550	NC_089035.1.g2559	NC_089035.1.g2612	NC_089035.1.g2565	NC_089035.1.g2547	6	1	
OG0028346	NC_089035.1.g2607	NC_089035.1.g2579	NC_089035.1.g2581	NC_089035.1.g2562	NC_089035.1.g2572	NC_089035.1.g2624	NC_089035.1.g2577		6	1	
OG0028347	NC_089035.1.g2609	NC_089035.1.g2583	NC_089035.1.g2585		NC_089035.1.g2576	NC_089035.1.g2626	NC_089035.1.g2579	NC_089035.1.g2558	6	1	
OG0028348	NC_089035.1.g2668	NC_089035.1.g2651	NC_089035.1.g2654	NC_089035.1.g2626	NC_089035.1.g2645	NC_089035.1.g2687	NC_089035.1.g2642		6	1	
OG0028349	NC_089035.1.g2678	NC_089035.1.g2663	NC_089035.1.g2667	NC_089035.1.g2639	NC_089035.1.g2658		NC_089035.1.g2654	NC_089035.1.g2635	6	1	
OG0028350	NC_089035.1.g2792	NC_089035.1.g2784	NC_089035.1.g2786		NC_089035.1.g2779	NC_089035.1.g2817	NC_089035.1.g2774	NC_089035.1.g2760	6	1	
OG0028351	NC_089035.1.g2804	NC_089035.1.g2794	NC_089035.1.g2797	NC_089035.1.g2762	NC_089035.1.g2792		NC_089035.1.g2785	NC_089035.1.g2771	6	1	
OG0028352	NC_089035.1.g2853		NC_089035.1.g2850	NC_089035.1.g2816	NC_089035.1.g2844	NC_089035.1.g2881	NC_089035.1.g2834	NC_089035.1.g2823	6	1	
OG0028353	NC_089035.1.g2904	NC_089035.1.g2891		NC_089035.1.g2866	NC_089035.1.g2893	NC_089035.1.g2932	NC_089035.1.g2882	NC_089035.1.g2871	6	1	
OG0028354	NC_089035.1.g2914	NC_089035.1.g2903	NC_089035.1.g2907	NC_089035.1.g2876	NC_089035.1.g2904	NC_089035.1.g2943		NC_089035.1.g2882	6	1	
OG0028355	NC_089035.1.g2923	NC_089035.1.g2914	NC_089035.1.g2917	NC_089035.1.g2886	NC_089035.1.g2915	NC_089035.1.g2955	NC_089035.1.g2902		6	1	
OG0028356	NC_089035.1.g2960	NC_089035.1.g2956	NC_089035.1.g2952	NC_089035.1.g2922	NC_089035.1.g2951		NC_089035.1.g2938	NC_089035.1.g2928	6	1	
OG0028357	NC_089035.1.g2975	NC_089035.1.g2973	NC_089035.1.g2969		NC_089035.1.g2967	NC_089035.1.g3006	NC_089035.1.g2955	NC_089035.1.g2946	6	1	
OG0028358	NC_089035.1.g2978	NC_089035.1.g2976	NC_089035.1.g2972		NC_089035.1.g2970	NC_089035.1.g3009	NC_089035.1.g2958	NC_089035.1.g2949	6	1	
OG0028359	NC_089035.1.g2996	NC_089035.1.g2993	NC_089035.1.g2991		NC_089035.1.g2988	NC_089035.1.g3026	NC_089035.1.g2977	NC_089035.1.g2965	6	1	
OG0028360	NC_089035.1.g2999	NC_089035.1.g2996	NC_089035.1.g2994		NC_089035.1.g2991	NC_089035.1.g3029	NC_089035.1.g2980	NC_089035.1.g2968	6	1	
OG0028361	NC_089035.1.g3000	NC_089035.1.g2997	NC_089035.1.g2995		NC_089035.1.g2992	NC_089035.1.g3030	NC_089035.1.g2981	NC_089035.1.g2969	6	1	
OG0028363	NC_089035.1.g3037	NC_089035.1.g3034	NC_089035.1.g3036		NC_089035.1.g3028	NC_089035.1.g3071	NC_089035.1.g3019	NC_089035.1.g3006	6	1	
OG0028364	NC_089035.1.g3071	NC_089035.1.g3068	NC_089035.1.g3069	NC_089035.1.g3029	NC_089035.1.g3061	NC_089035.1.g3105		NC_089035.1.g3040	6	1	
OG0028365	NC_089035.1.g3086	NC_089035.1.g3084	NC_089035.1.g3084	NC_089035.1.g3042	NC_089035.1.g3077	NC_089035.1.g3118		NC_089035.1.g3054	6	1	
OG0028366	NC_089035.1.g3110	NC_089035.1.g3110	NC_089035.1.g3110	NC_089035.1.g3068	NC_089035.1.g3103	NC_089035.1.g3143		NC_089035.1.g3081	6	1	
OG0028367	NC_089035.1.g3130	NC_089035.1.g3129	NC_089035.1.g3128		NC_089035.1.g3122	NC_089035.1.g3161	NC_089035.1.g3110	NC_089035.1.g3100	6	1	
OG0028368	NC_089035.1.g3162		NC_089035.1.g3162	NC_089035.1.g3116	NC_089035.1.g3158	NC_089035.1.g3194	NC_089035.1.g3145	NC_089035.1.g3132	6	1	
OG0028369	NC_089035.1.g3177	NC_089035.1.g3175	NC_089035.1.g3177	NC_089035.1.g3130	NC_089035.1.g3172		NC_089035.1.g3160	NC_089035.1.g3147	6	1	
OG0028370	NC_089035.1.g3224	NC_089035.1.g3220	NC_089035.1.g3224	NC_089035.1.g3174	NC_089035.1.g3215	NC_089035.1.g3250		NC_089035.1.g3196	6	1	
OG0028371	NC_089035.1.g3227	NC_089035.1.g3224	NC_089035.1.g3227	NC_089035.1.g3178	NC_089035.1.g3219		NC_089035.1.g3208	NC_089035.1.g3199	6	1	
OG0028372	NC_089035.1.g3228	NC_089035.1.g3225	NC_089035.1.g3228	NC_089035.1.g3179		NC_089035.1.g3256	NC_089035.1.g3209	NC_089035.1.g3200	6	1	
OG0028373	NC_089035.1.g3235	NC_089035.1.g3235	NC_089035.1.g3236	NC_089035.1.g3186	NC_089035.1.g3227	NC_089035.1.g3264		NC_089035.1.g3209	6	1	
OG0028374	NC_089035.1.g3266		NC_089035.1.g3266	NC_089035.1.g3215	NC_089035.1.g3260	NC_089035.1.g3298	NC_089035.1.g3250	NC_089035.1.g3241	6	1	
OG0028375	NC_089035.1.g3273	NC_089035.1.g3277	NC_089035.1.g3273	NC_089035.1.g3222	NC_089035.1.g3267	NC_089035.1.g3305		NC_089035.1.g3248	6	1	
OG0028377	NC_089035.1.g3331	NC_089035.1.g3332	NC_089035.1.g3328	NC_089035.1.g3278	NC_089035.1.g3325		NC_089035.1.g3315	NC_089035.1.g3304	6	1	
OG0028378	NC_089035.1.g3374	NC_089035.1.g3375	NC_089035.1.g3370	NC_089035.1.g3320	NC_089035.1.g3365	NC_089035.1.g3406		NC_089035.1.g3346	6	1	
OG0028379	NC_089035.1.g3433	NC_089035.1.g3432		NC_089035.1.g3376	NC_089035.1.g3420	NC_089035.1.g3464	NC_089035.1.g3410	NC_089035.1.g3404	6	1	
OG0028381	NC_089035.1.g3554	NC_089035.1.g3541		NC_089035.1.g3487	NC_089035.1.g3535	NC_089035.1.g3582	NC_089035.1.g3518	NC_089035.1.g3514	6	1	
OG0028382	NC_089035.1.g3575	NC_089035.1.g3563	NC_089035.1.g3562		NC_089035.1.g3557	NC_089035.1.g3603	NC_089035.1.g3540	NC_089035.1.g3538	6	1	
OG0028383	NC_089035.1.g3589		NC_089035.1.g3577	NC_089035.1.g3521	NC_089035.1.g3574	NC_089035.1.g3619	NC_089035.1.g3556	NC_089035.1.g3553	6	1	
OG0028384	NC_089035.1.g3591		NC_089035.1.g3580	NC_089035.1.g3523	NC_089035.1.g3575	NC_089035.1.g3620	NC_089035.1.g3558	NC_089035.1.g3556	6	1	
OG0028385	NC_089035.1.g3602		NC_089035.1.g3591	NC_089035.1.g3534	NC_089035.1.g3586	NC_089035.1.g3631	NC_089035.1.g3568	NC_089035.1.g3568	6	1	
OG0028386	NC_089035.1.g3631	NC_089035.1.g3625		NC_089035.1.g3565	NC_089035.1.g3616	NC_089035.1.g3661	NC_089035.1.g3597	NC_089035.1.g3600	6	1	
OG0028387	NC_089035.1.g3640	NC_089035.1.g3633		NC_089035.1.g3574	NC_089035.1.g3624	NC_089035.1.g3670	NC_089035.1.g3604	NC_089035.1.g3608	6	1	
OG0028389	NC_089035.1.g3666	NC_089035.1.g3662	NC_089035.1.g3660		NC_089035.1.g3651	NC_089035.1.g3700	NC_089035.1.g3631	NC_089035.1.g3637	6	1	
OG0028390	NC_089035.1.g3684	NC_089035.1.g3679	NC_089035.1.g3677	NC_089035.1.g3618		NC_089035.1.g3717	NC_089035.1.g3649	NC_089035.1.g3655	6	1	
OG0028391	NC_089035.1.g3685	NC_089035.1.g3680	NC_089035.1.g3678	NC_089035.1.g3619		NC_089035.1.g3718	NC_089035.1.g3650	NC_089035.1.g3656	6	1	
OG0028393	NC_089035.1.g3699	NC_089035.1.g3694	NC_089035.1.g3692		NC_089035.1.g3682	NC_089035.1.g3732	NC_089035.1.g3664	NC_089035.1.g3670	6	1	
OG0028394	NC_089035.1.g3733	NC_089035.1.g3728		NC_089035.1.g3666	NC_089035.1.g3715	NC_089035.1.g3768	NC_089035.1.g3697	NC_089035.1.g3704	6	1	
OG0028395	NC_089035.1.g3822	NC_089035.1.g3819		NC_089035.1.g3757	NC_089035.1.g3805	NC_089035.1.g3860	NC_089035.1.g3785	NC_089035.1.g3790	6	1	
OG0028396	NC_089035.1.g3825	NC_089035.1.g3822	NC_089035.1.g3824	NC_089035.1.g3760	NC_089035.1.g3808	NC_089035.1.g3863		NC_089035.1.g3793	6	1	
OG0028397	NC_089035.1.g3850	NC_089035.1.g3844	NC_089035.1.g3848	NC_089035.1.g3785	NC_089035.1.g3833	NC_089035.1.g3888		NC_089035.1.g3817	6	1	
OG0028398	NC_089035.1.g3857	NC_089035.1.g3851	NC_089035.1.g3855	NC_089035.1.g3792	NC_089035.1.g3840	NC_089035.1.g3896	NC_089035.1.g3815		6	1	
OG0028399	NC_089035.1.g3898	NC_089035.1.g3889		NC_089035.1.g3838	NC_089035.1.g3876	NC_089035.1.g3940	NC_089035.1.g3855	NC_089035.1.g3862	6	1	
OG0028401	NC_089035.1.g3936	NC_089035.1.g3925	NC_089035.1.g3928	NC_089035.1.g3874	NC_089035.1.g3912	NC_089035.1.g3975		NC_089035.1.g3897	6	1	
OG0028403	NC_089035.1.g3974	NC_089035.1.g3960	NC_089035.1.g3966	NC_089035.1.g3908		NC_089035.1.g4013	NC_089035.1.g3918	NC_089035.1.g3933	6	1	
OG0028404	NC_089035.1.g3976	NC_089035.1.g3962	NC_089035.1.g3967	NC_089035.1.g3910	NC_089035.1.g3949	NC_089035.1.g4015	NC_089035.1.g3920		6	1	
OG0028405	NC_089035.1.g4004	NC_089035.1.g3990	NC_089035.1.g3993		NC_089035.1.g3975	NC_089035.1.g4042	NC_089035.1.g3948	NC_089035.1.g3962	6	1	
OG0028406	NC_089035.1.g4024	NC_089035.1.g4006	NC_089035.1.g4020	NC_089035.1.g3958	NC_089035.1.g3999	NC_089035.1.g4066	NC_089035.1.g3974		6	1	
OG0028407	NC_089035.1.g4025	NC_089035.1.g4007		NC_089035.1.g3959	NC_089035.1.g4000	NC_089035.1.g4067	NC_089035.1.g3975	NC_089035.1.g3987	6	1	
OG0028408	NC_089035.1.g4029	NC_089035.1.g4011	NC_089035.1.g4026	NC_089035.1.g3963	NC_089035.1.g4004	NC_089035.1.g4071		NC_089035.1.g3991	6	1	
OG0028409	NC_089035.1.g4090	NC_089035.1.g4070	NC_089035.1.g4087	NC_089035.1.g4025	NC_089035.1.g4064	NC_089035.1.g4135	NC_089035.1.g4038		6	1	
OG0028410	NC_089035.1.g4186	NC_089035.1.g4165	NC_089035.1.g4181		NC_089035.1.g4163	NC_089035.1.g4226	NC_089035.1.g4134	NC_089035.1.g4142	6	1	
OG0028411	NC_089035.1.g4221	NC_089035.1.g4201		NC_089035.1.g4152	NC_089035.1.g4201	NC_089035.1.g4260	NC_089035.1.g4171	NC_089035.1.g4180	6	1	
OG0028412	NC_089035.1.g4226	NC_089035.1.g4206	NC_089035.1.g4219	NC_089035.1.g4157		NC_089035.1.g4265	NC_089035.1.g4175	NC_089035.1.g4184	6	1	
OG0028413	NC_089035.1.g4234	NC_089035.1.g4214	NC_089035.1.g4227		NC_089035.1.g4213	NC_089035.1.g4273	NC_089035.1.g4183	NC_089035.1.g4192	6	1	
OG0028414	NC_089035.1.g4235	NC_089035.1.g4215	NC_089035.1.g4228	NC_089035.1.g4165	NC_089035.1.g4214		NC_089035.1.g4184	NC_089039.1.g19048	6	1	
OG0028415	NC_089035.1.g4275	NC_089035.1.g4258	NC_089035.1.g4269	NC_089035.1.g4207		NC_089035.1.g4316	NC_089035.1.g4224	NC_089035.1.g4235	6	1	
OG0028416	NC_089035.1.g4362	NC_089035.1.g4345	NC_089035.1.g4355	NC_089035.1.g4289	NC_089035.1.g4342	NC_089035.1.g4402	NC_089035.1.g4311		6	1	
OG0028417	NC_089035.1.g4414	NC_089035.1.g4403	NC_089035.1.g4411		NC_089035.1.g4395	NC_089035.1.g4455	NC_089035.1.g4365	NC_089035.1.g4378	6	1	
OG0028418	NC_089035.1.g4422	NC_089035.1.g4411	NC_089035.1.g4419	NC_089035.1.g4346		NC_089035.1.g4463	NC_089035.1.g4373	NC_089035.1.g4386	6	1	
OG0028419	NC_089035.1.g4435	NC_089035.1.g4423		NC_089035.1.g4360	NC_089035.1.g4417	NC_089035.1.g4475	NC_089035.1.g4387	NC_089035.1.g4399	6	1	
OG0028420	NC_089035.1.g4437		NC_089035.1.g4433	NC_089035.1.g4362	NC_089035.1.g4419	NC_089035.1.g4477	NC_089035.1.g4389	NC_089035.1.g4401	6	1	
OG0028421	NC_089035.1.g4446	NC_089035.1.g4433	NC_089035.1.g4440		NC_089035.1.g4427	NC_089035.1.g4486	NC_089035.1.g4397	NC_089035.1.g4409	6	1	
OG0028422	NC_089035.1.g4473	NC_089035.1.g4460	NC_089035.1.g4467	NC_089035.1.g4396	NC_089035.1.g4455	NC_089035.1.g4514	NC_089035.1.g4424		6	1	
OG0028423	NC_089035.1.g4505	NC_089035.1.g4492	NC_089035.1.g4500	NC_089035.1.g4430	NC_089035.1.g4487		NC_089035.1.g4457	NC_089035.1.g4467	6	1	
OG0028424	NC_089035.1.g4545	NC_089035.1.g4537	NC_089035.1.g4547	NC_089035.1.g4471		NC_089035.1.g4583	NC_089035.1.g4504	NC_089035.1.g4513	6	1	
OG0028425	NC_089035.1.g4546	NC_089035.1.g4538	NC_089035.1.g4548	NC_089035.1.g4472		NC_089035.1.g4584	NC_089035.1.g4505	NC_089035.1.g4514	6	1	
OG0028426	NC_089035.1.g4600		NC_089035.1.g4601	NC_089035.1.g4526	NC_089035.1.g4581	NC_089035.1.g4639	NC_089035.1.g4559	NC_089035.1.g4567	6	1	
OG0028427	NC_089035.1.g4655		NC_089035.1.g4656	NC_089035.1.g4579	NC_089035.1.g4639	NC_089035.1.g4695	NC_089035.1.g4614	NC_089035.1.g4619	6	1	
OG0028428	NC_089035.1.g4709	NC_089035.1.g4697	NC_089035.1.g4708		NC_089035.1.g4691	NC_089035.1.g4748	NC_089035.1.g4665	NC_089035.1.g4671	6	1	
OG0028429	NC_089035.1.g4733	NC_089035.1.g4720		NC_089035.1.g4654	NC_089035.1.g4714	NC_089035.1.g4771	NC_089035.1.g4688	NC_089035.1.g4694	6	1	
OG0028430	NC_089035.1.g4734	NC_089035.1.g4721		NC_089035.1.g4655	NC_089035.1.g4715	NC_089035.1.g4772	NC_089035.1.g4689	NC_089035.1.g4695	6	1	
OG0028431	NC_089035.1.g4735	NC_089035.1.g4722		NC_089035.1.g4656	NC_089035.1.g4716	NC_089035.1.g4773	NC_089035.1.g4690	NC_089035.1.g4696	6	1	
OG0028432	NC_089035.1.g4807	NC_089035.1.g4794	NC_089035.1.g4801	NC_089035.1.g4730		NC_089035.1.g4848	NC_089035.1.g4763	NC_089035.1.g4769	6	1	
OG0028433	NC_089035.1.g4826	NC_089035.1.g4813	NC_089035.1.g4820	NC_089035.1.g4749	NC_089035.1.g4807	NC_089035.1.g4867		NC_089035.1.g4788	6	1	
OG0028434	NC_089035.1.g4916		NC_089035.1.g4906	NC_089035.1.g4838	NC_089035.1.g4895	NC_089035.1.g4958	NC_089035.1.g4868	NC_089035.1.g4876	6	1	
OG0028435	NC_089035.1.g4917		NC_089035.1.g4907	NC_089035.1.g4839	NC_089035.1.g4896	NC_089035.1.g4959	NC_089035.1.g4869	NC_089035.1.g4877	6	1	
OG0028436	NC_089035.1.g5002	NC_089035.1.g4988		NC_089035.1.g4926	NC_089035.1.g4983	NC_089035.1.g5045	NC_089035.1.g4956	NC_089035.1.g4963	6	1	
OG0028438	NC_089035.1.g5039	NC_089035.1.g5022	NC_089035.1.g5025	NC_089035.1.g4963	NC_089035.1.g5021	NC_089035.1.g5081		NC_089035.1.g5002	6	1	
OG0028439	NC_089035.1.g5078	NC_089035.1.g5065	NC_089035.1.g5066	NC_089035.1.g5003	NC_089035.1.g5063		NC_089035.1.g5030	NC_089035.1.g5042	6	1	
OG0028441	NC_089035.1.g5091	NC_089035.1.g5077	NC_089035.1.g5079		NC_089035.1.g5075	NC_089035.1.g5140	NC_089035.1.g5041	NC_089035.1.g5055	6	1	
OG0028442	NC_089035.1.g5138	NC_089035.1.g5124	NC_089035.1.g5127	NC_089035.1.g5062		NC_089035.1.g5186	NC_089035.1.g5088	NC_089035.1.g5103	6	1	
OG0028443	NC_089035.1.g5139	NC_089035.1.g5125	NC_089035.1.g5128	NC_089035.1.g5063		NC_089035.1.g5187	NC_089035.1.g5089	NC_089035.1.g5104	6	1	
OG0028444	NC_089035.1.g5206	NC_089035.1.g5196	NC_089035.1.g5198	NC_089035.1.g5131	NC_089035.1.g5196	NC_089035.1.g5254	NC_089035.1.g5157		6	1	
OG0028445	NC_089035.1.g5243	NC_089035.1.g5232	NC_089035.1.g5233	NC_089035.1.g5168	NC_089035.1.g5232	NC_089035.1.g5290	NC_089035.1.g5193		6	1	
OG0028446	NC_089035.1.g5264	NC_089035.1.g5255	NC_089035.1.g5256		NC_089035.1.g5255	NC_089035.1.g5312	NC_089035.1.g5216	NC_089035.1.g5231	6	1	
OG0028447	NC_089035.1.g5269	NC_089035.1.g5260	NC_089035.1.g5260	NC_089035.1.g5194	NC_089035.1.g5259		NC_089035.1.g5221	NC_089035.1.g5236	6	1	
OG0028448	NC_089035.1.g5272	NC_089035.1.g5264	NC_089035.1.g5265	NC_089035.1.g5197	NC_089035.1.g5262	NC_089035.1.g5319	NC_089035.1.g5224		6	1	
OG0028449	NC_089036.1.g5306		NC_089036.1.g5299	NC_089036.1.g5233	NC_089036.1.g5297	NC_089036.1.g5357	NC_089036.1.g5259	NC_089036.1.g5272	6	1	
OG0028450	NC_089036.1.g5363	NC_089036.1.g5357	NC_089036.1.g5363	NC_089036.1.g5295		NC_089036.1.g5419	NC_089036.1.g5317	NC_089036.1.g5334	6	1	
OG0028451	NC_089036.1.g5383	NC_089036.1.g5377	NC_089036.1.g5386	NC_089036.1.g5316	NC_089036.1.g5379	NC_089036.1.g5440	NC_089036.1.g5338		6	1	
OG0028452	NC_089036.1.g5390		NC_089036.1.g5392	NC_089036.1.g5322	NC_089036.1.g5386	NC_089036.1.g5448	NC_089036.1.g5345	NC_089036.1.g5358	6	1	
OG0028453	NC_089036.1.g5432	NC_089036.1.g5424		NC_089036.1.g5362	NC_089036.1.g5426	NC_089036.1.g5488	NC_089036.1.g5383	NC_089036.1.g5398	6	1	
OG0028454	NC_089036.1.g5482	NC_089036.1.g5474	NC_089036.1.g5478	NC_089036.1.g5411	NC_089036.1.g5475	NC_089036.1.g5537		NC_089036.1.g5447	6	1	
OG0028455	NC_089036.1.g5483	NC_089036.1.g5475		NC_089036.1.g5412	NC_089036.1.g5476	NC_089036.1.g5538	NC_089036.1.g5433	NC_089036.1.g5448	6	1	
OG0028456	NC_089036.1.g5485	NC_089036.1.g5477		NC_089036.1.g5414	NC_089036.1.g5478	NC_089036.1.g5540	NC_089036.1.g5435	NC_089036.1.g5450	6	1	
OG0028457	NC_089036.1.g5500	NC_089036.1.g5491	NC_089036.1.g5494	NC_089036.1.g5428		NC_089036.1.g5555	NC_089036.1.g5451	NC_089036.1.g5465	6	1	
OG0028458	NC_089036.1.g5504	NC_089036.1.g5495	NC_089036.1.g5497	NC_089036.1.g5432	NC_089036.1.g5495	NC_089036.1.g5559	NC_089036.1.g5455		6	1	
OG0028459	NC_089036.1.g5522	NC_089036.1.g5517	NC_089036.1.g5519	NC_089036.1.g5454	NC_089036.1.g5515	NC_089036.1.g5581		NC_089036.1.g5488	6	1	
OG0028460	NC_089036.1.g5583	NC_089036.1.g5576	NC_089036.1.g5584	NC_089036.1.g5514	NC_089036.1.g5576	NC_089036.1.g5643		NC_089036.1.g5548	6	1	
OG0028461	NC_089036.1.g5600	NC_089036.1.g5594	NC_089036.1.g5604	NC_089036.1.g5531	NC_089036.1.g5596		NC_089036.1.g5557	NC_089036.1.g5567	6	1	
OG0028462	NC_089036.1.g5618	NC_089036.1.g5614	NC_089036.1.g5624	NC_089036.1.g5551	NC_089036.1.g5616		NC_089036.1.g5577	NC_089036.1.g5587	6	1	
OG0028463	NC_089036.1.g5632	NC_089036.1.g5627	NC_089036.1.g5637	NC_089036.1.g5564	NC_089036.1.g5630		NC_089036.1.g5594	NC_089036.1.g5602	6	1	
OG0028464	NC_089036.1.g5638	NC_089036.1.g5632	NC_089036.1.g5643	NC_089036.1.g5569	NC_089036.1.g5636		NC_089036.1.g5600	NC_089036.1.g5608	6	1	
OG0028465	NC_089036.1.g5639	NC_089036.1.g5633	NC_089036.1.g5644	NC_089036.1.g5570	NC_089036.1.g5637		NC_089036.1.g5601	NC_089036.1.g5609	6	1	
OG0028466	NC_089036.1.g5646	NC_089036.1.g5640		NC_089036.1.g5578	NC_089036.1.g5644	NC_089036.1.g5700	NC_089036.1.g5608	NC_089036.1.g5618	6	1	
OG0028467	NC_089036.1.g5647	NC_089036.1.g5641	NC_089036.1.g5652	NC_089036.1.g5579	NC_089036.1.g5645	NC_089036.1.g5701	NC_089036.1.g5609		6	1	
OG0028469	NC_089036.1.g5689	NC_089036.1.g5682		NC_089036.1.g5624	NC_089036.1.g5687	NC_089036.1.g5745	NC_089036.1.g5654	NC_089036.1.g5664	6	1	
OG0028470	NC_089036.1.g5690	NC_089036.1.g5683	NC_089036.1.g5693	NC_089036.1.g5625	NC_089036.1.g5688	NC_089036.1.g5746		NC_089036.1.g5665	6	1	
OG0028471	NC_089036.1.g5700	NC_089036.1.g5693	NC_089036.1.g5705	NC_089036.1.g5635		NC_089036.1.g5756	NC_089036.1.g5664	NC_089036.1.g5676	6	1	
OG0028472	NC_089036.1.g5712	NC_089036.1.g5705	NC_089036.1.g5718	NC_089036.1.g5651	NC_089036.1.g5710	NC_089036.1.g5768		NC_089036.1.g5692	6	1	
OG0028473	NC_089036.1.g5754	NC_089036.1.g5751	NC_089036.1.g5762	NC_089036.1.g5697	NC_089036.1.g5751	NC_089036.1.g5811		NC_089036.1.g5756	6	1	
OG0028474	NC_089036.1.g5957	NC_089036.1.g5954		NC_089036.1.g5896	NC_089036.1.g5953	NC_089036.1.g6015	NC_089036.1.g5918	NC_089036.1.g5961	6	1	
OG0028475	NC_089036.1.g6115	NC_089036.1.g6106	NC_089036.1.g6121	NC_089036.1.g6054	NC_089036.1.g6105	NC_089036.1.g6175		NC_089036.1.g6119	6	1	
OG0028476	NC_089036.1.g6139	NC_089036.1.g6133	NC_089036.1.g6149	NC_089036.1.g6079	NC_089036.1.g6134	NC_089036.1.g6205	NC_089036.1.g6094		6	1	
OG0028477	NC_089036.1.g6150	NC_089036.1.g6145	NC_089036.1.g6162	NC_089036.1.g6091	NC_089036.1.g6147	NC_089036.1.g6216	NC_089036.1.g6106		6	1	
OG0028478	NC_089036.1.g6155	NC_089036.1.g6149	NC_089036.1.g6167	NC_089036.1.g6097		NC_089036.1.g6221	NC_089036.1.g6112	NC_089036.1.g6162	6	1	
OG0028480	NC_089036.1.g6181	NC_089036.1.g6174	NC_089036.1.g6192	NC_089036.1.g6124		NC_089036.1.g6247	NC_089036.1.g6140	NC_089036.1.g6187	6	1	
OG0028481	NC_089036.1.g6203	NC_089036.1.g6194	NC_089036.1.g6212		NC_089036.1.g6198	NC_089036.1.g6269	NC_089036.1.g6161	NC_089036.1.g6208	6	1	
OG0028482	NC_089036.1.g6209	NC_089036.1.g6200	NC_089036.1.g6218	NC_089036.1.g6150	NC_089036.1.g6204	NC_089036.1.g6275		NC_089036.1.g6214	6	1	
OG0028483	NC_089036.1.g6263		NC_089036.1.g6272	NC_089036.1.g6205	NC_089036.1.g6254	NC_089036.1.g6331	NC_089036.1.g6218	NC_089036.1.g6269	6	1	
OG0028484	NC_089036.1.g6288	NC_089036.1.g6274	NC_089036.1.g6295	NC_089036.1.g6226	NC_089036.1.g6278	NC_089036.1.g6355	NC_089036.1.g6245		6	1	
OG0028485	NC_089036.1.g6297	NC_089036.1.g6281		NC_089036.1.g6235	NC_089036.1.g6285	NC_089036.1.g6364	NC_089036.1.g6251	NC_089036.1.g6297	6	1	
OG0028486	NC_089036.1.g6318	NC_089036.1.g6300	NC_089036.1.g6318	NC_089036.1.g6257	NC_089036.1.g6304		NC_089036.1.g6273	NC_089036.1.g6316	6	1	
OG0028487	NC_089036.1.g6331	NC_089036.1.g6316	NC_089036.1.g6331	NC_089036.1.g6271	NC_089036.1.g6318		NC_089036.1.g6288	NC_089036.1.g6331	6	1	
OG0028488	NC_089036.1.g6332	NC_089036.1.g6318	NC_089036.1.g6332	NC_089036.1.g6273		NC_089036.1.g6400	NC_089036.1.g6291	NC_089036.1.g6332	6	1	
OG0028489	NC_089036.1.g6335	NC_089036.1.g6320		NC_089036.1.g6276	NC_089036.1.g6322	NC_089036.1.g6403	NC_089036.1.g6293	NC_089036.1.g6335	6	1	
OG0028490	NC_089036.1.g6347	NC_089036.1.g6331	NC_089036.1.g6344		NC_089036.1.g6332	NC_089036.1.g6414	NC_089036.1.g6303	NC_089036.1.g6345	6	1	
OG0028491	NC_089036.1.g6358	NC_089036.1.g6344	NC_089036.1.g6354		NC_089036.1.g6343	NC_089036.1.g6427	NC_089036.1.g6316	NC_089036.1.g6359	6	1	
OG0028492	NC_089036.1.g6359	NC_089036.1.g6345	NC_089036.1.g6355		NC_089036.1.g6344	NC_089036.1.g6428	NC_089036.1.g6317	NC_089036.1.g6360	6	1	
OG0028493	NC_089036.1.g6366	NC_089036.1.g6352	NC_089036.1.g6362	NC_089036.1.g6302	NC_089036.1.g6350	NC_089036.1.g6435		NC_089036.1.g6367	6	1	
OG0028494	NC_089036.1.g6369	NC_089036.1.g6355	NC_089036.1.g6365	NC_089036.1.g6305		NC_089036.1.g6438	NC_089036.1.g6326	NC_089036.1.g6370	6	1	
OG0028495	NC_089036.1.g6383	NC_089036.1.g6371	NC_089036.1.g6380	NC_089036.1.g6320	NC_089036.1.g6366	NC_089036.1.g6454		NC_089036.1.g6385	6	1	
OG0028496	NC_089036.1.g6386	NC_089036.1.g6373	NC_089036.1.g6382		NC_089036.1.g6368	NC_089036.1.g6457	NC_089036.1.g6343	NC_089036.1.g6388	6	1	
OG0028497	NC_089036.1.g6388	NC_089036.1.g6375	NC_089036.1.g6384		NC_089036.1.g6370	NC_089036.1.g6459	NC_089036.1.g6345	NC_089036.1.g6390	6	1	
OG0028498	NC_089036.1.g6389	NC_089036.1.g6377	NC_089036.1.g6385	NC_089036.1.g6324	NC_089036.1.g6371	NC_089036.1.g6460		NC_089036.1.g6391	6	1	
OG0028499	NC_089036.1.g6414	NC_089036.1.g6398	NC_089036.1.g6405	NC_089036.1.g6350	NC_089036.1.g6396	NC_089036.1.g6485		NC_089036.1.g6416	6	1	
OG0028500	NC_089036.1.g6434	NC_089036.1.g6416	NC_089036.1.g6423	NC_089036.1.g6368	NC_089036.1.g6414	NC_089036.1.g6505		NC_089036.1.g6434	6	1	
OG0028501	NC_089036.1.g6444	NC_089036.1.g6426	NC_089036.1.g6435	NC_089036.1.g6377		NC_089036.1.g6516	NC_089036.1.g6391	NC_089036.1.g6446	6	1	
OG0028502	NC_089036.1.g6447		NC_089036.1.g6439	NC_089036.1.g6380	NC_089036.1.g6428	NC_089036.1.g6520	NC_089036.1.g6395	NC_089036.1.g6449	6	1	
OG0028503	NC_089036.1.g6450		NC_089036.1.g6444	NC_089036.1.g6383	NC_089036.1.g6433	NC_089036.1.g6525	NC_089036.1.g6400	NC_089036.1.g6452	6	1	
OG0028505	NC_089036.1.g6502		NC_089036.1.g6490	NC_089036.1.g6431	NC_089036.1.g6486	NC_089036.1.g6580	NC_089036.1.g6455	NC_089036.1.g6503	6	1	
OG0028507	NC_089036.1.g6530	NC_089036.1.g6500	NC_089036.1.g6516	NC_089036.1.g6458		NC_089036.1.g6606	NC_089036.1.g6481	NC_089036.1.g6530	6	1	
OG0028508	NC_089036.1.g6553	NC_089036.1.g6524		NC_089036.1.g6482	NC_089036.1.g6536	NC_089036.1.g6633	NC_089036.1.g6506	NC_089036.1.g6555	6	1	
OG0028509	NC_089036.1.g6562		NC_089036.1.g6549	NC_089036.1.g6490	NC_089036.1.g6545	NC_089036.1.g6642	NC_089036.1.g6516	NC_089036.1.g6563	6	1	
OG0028510	NC_089036.1.g6604	NC_089036.1.g6576		NC_089036.1.g6537	NC_089036.1.g6586	NC_089036.1.g6688	NC_089036.1.g6559	NC_089036.1.g6607	6	1	
OG0028511	NC_089036.1.g6623	NC_089036.1.g6593	NC_089036.1.g6610	NC_089036.1.g6554		NC_089036.1.g6706	NC_089036.1.g6577	NC_089036.1.g6624	6	1	
OG0028512	NC_089036.1.g6631	NC_089036.1.g6602	NC_089036.1.g6618	NC_089036.1.g6562		NC_089036.1.g6714	NC_089036.1.g6585	NC_089036.1.g6634	6	1	
OG0028513	NC_089036.1.g6644	NC_089036.1.g6618	NC_089036.1.g6633	NC_089036.1.g6574		NC_089036.1.g6729	NC_089036.1.g6600	NC_089036.1.g6650	6	1	
OG0028514	NC_089036.1.g6653	NC_089036.1.g6625	NC_089036.1.g6640	NC_089036.1.g6583		NC_089036.1.g6737	NC_089036.1.g6608	NC_089036.1.g6659	6	1	
OG0028515	NC_089036.1.g6664	NC_089036.1.g6635	NC_089036.1.g6649		NC_089036.1.g6649	NC_089036.1.g6748	NC_089036.1.g6618	NC_089036.1.g6670	6	1	
OG0028518	NC_089036.1.g6714	NC_089036.1.g6683	NC_089036.1.g6698	NC_089036.1.g6645	NC_089036.1.g6698	NC_089036.1.g6800		NC_089036.1.g6721	6	1	
OG0028519	NC_089036.1.g6734	NC_089036.1.g6704	NC_089036.1.g6717	NC_089036.1.g6663	NC_089036.1.g6720	NC_089036.1.g6822	NC_089036.1.g6689		6	1	
OG0028521	NC_089036.1.g6822	NC_089036.1.g6785	NC_089036.1.g6801	NC_089036.1.g6745	NC_089036.1.g6802	NC_089036.1.g6905	NC_089036.1.g6768		6	1	
OG0028522	NC_089036.1.g6833	NC_089036.1.g6800		NC_089036.1.g6756	NC_089036.1.g6818	NC_089036.1.g6915	NC_089036.1.g6779	NC_089036.1.g6838	6	1	
OG0028523	NC_089036.1.g6835	NC_089036.1.g6802		NC_089036.1.g6757	NC_089036.1.g6820	NC_089036.1.g6916	NC_089036.1.g6781	NC_089036.1.g6840	6	1	
OG0028524	NC_089036.1.g6836	NC_089036.1.g6803	NC_089036.1.g6814	NC_089036.1.g6758	NC_089036.1.g6821	NC_089036.1.g6917	NC_089036.1.g6782		6	1	
OG0028525	NC_089036.1.g6838	NC_089036.1.g6805	NC_089036.1.g6817	NC_089036.1.g6760	NC_089036.1.g6823		NC_089036.1.g6784	NC_089036.1.g6844	6	1	
OG0028526	NC_089036.1.g6839	NC_089036.1.g6806	NC_089036.1.g6818	NC_089036.1.g6761	NC_089036.1.g6824		NC_089036.1.g6785	NC_089036.1.g6845	6	1	
OG0028527	NC_089036.1.g6882	NC_089036.1.g6850	NC_089036.1.g6859	NC_089036.1.g6799	NC_089036.1.g6864	NC_089036.1.g6960	NC_089036.1.g6827		6	1	
OG0028528	NC_089036.1.g6896	NC_089036.1.g6864		NC_089036.1.g6821	NC_089036.1.g6879	NC_089036.1.g6971	NC_089036.1.g6841	NC_089036.1.g6900	6	1	
OG0028530	NC_089036.1.g6924	NC_089036.1.g6896		NC_089036.1.g6843	NC_089036.1.g6910	NC_089036.1.g6998	NC_089036.1.g6872	NC_089036.1.g6930	6	1	
OG0028531	NC_089036.1.g6955	NC_089036.1.g6925		NC_089036.1.g6877	NC_089036.1.g6939	NC_089036.1.g7029	NC_089036.1.g6901	NC_089036.1.g6963	6	1	
OG0028532	NC_089036.1.g6956	NC_089036.1.g6926		NC_089036.1.g6878	NC_089036.1.g6940	NC_089036.1.g7030	NC_089036.1.g6902	NC_089036.1.g6964	6	1	
OG0028533	NC_089036.1.g6995	NC_089036.1.g6960	NC_089036.1.g6959	NC_089036.1.g6910	NC_089036.1.g6974		NC_089036.1.g6936	NC_089036.1.g6999	6	1	
OG0028534	NC_089036.1.g7010	NC_089036.1.g6974	NC_089036.1.g6972	NC_089036.1.g6926	NC_089036.1.g6987		NC_089036.1.g6951	NC_089036.1.g7012	6	1	
OG0028535	NC_089036.1.g7017	NC_089036.1.g6983	NC_089036.1.g6982	NC_089036.1.g6934		NC_089036.1.g7088	NC_089036.1.g6961	NC_089036.1.g7021	6	1	
OG0028536	NC_089036.1.g7018	NC_089036.1.g6984	NC_089036.1.g6983	NC_089036.1.g6935	NC_089036.1.g6996		NC_089036.1.g6962	NC_089036.1.g7022	6	1	
OG0028537	NC_089036.1.g7022	NC_089036.1.g6990	NC_089036.1.g6986	NC_089036.1.g6940	NC_089036.1.g7001		NC_089036.1.g6967	NC_089036.1.g7027	6	1	
OG0028538	NC_089036.1.g7027	NC_089036.1.g6996	NC_089036.1.g6991	NC_089036.1.g6947	NC_089036.1.g7007		NC_089036.1.g6972	NC_089036.1.g7032	6	1	
OG0028539	NC_089036.1.g7030	NC_089036.1.g6999	NC_089036.1.g6994	NC_089036.1.g6949	NC_089036.1.g7009	NC_089036.1.g7101	NC_089036.1.g6976		6	1	
OG0028540	NC_089036.1.g7047	NC_089036.1.g7015	NC_089036.1.g7008	NC_089036.1.g6964	NC_089036.1.g7026	NC_089036.1.g7115	NC_089036.1.g6992		6	1	
OG0028541	NC_089036.1.g7053	NC_089036.1.g7022	NC_089036.1.g7015	NC_089036.1.g6970	NC_089036.1.g7033	NC_089036.1.g7122	NC_089036.1.g6999		6	1	
OG0028542	NC_089036.1.g7112	NC_089036.1.g7079	NC_089036.1.g7075	NC_089036.1.g7027	NC_089036.1.g7094	NC_089036.1.g7182	NC_089036.1.g7059		6	1	
OG0028544	NC_089036.1.g7145	NC_089036.1.g7112	NC_089036.1.g7105	NC_089036.1.g7058	NC_089036.1.g7122	NC_089036.1.g7210	NC_089036.1.g7093		6	1	
OG0028545	NC_089036.1.g7169		NC_089036.1.g7124	NC_089036.1.g7079	NC_089036.1.g7149	NC_089036.1.g7233	NC_089036.1.g7114	NC_089036.1.g7166	6	1	
OG0028546	NC_089036.1.g7170		NC_089036.1.g7125	NC_089036.1.g7080	NC_089036.1.g7150	NC_089036.1.g7234	NC_089036.1.g7115	NC_089036.1.g7167	6	1	
OG0028547	NC_089036.1.g7223	NC_089036.1.g7186	NC_089036.1.g7180	NC_089036.1.g7133		NC_089036.1.g7286	NC_089036.1.g7168	NC_089036.1.g7220	6	1	
OG0028548	NC_089036.1.g7224		NC_089036.1.g7181	NC_089036.1.g7134	NC_089036.1.g7205	NC_089036.1.g7287	NC_089036.1.g7169	NC_089036.1.g7221	6	1	
OG0028549	NC_089036.1.g7227	NC_089036.1.g7190	NC_089036.1.g7185		NC_089036.1.g7209	NC_089036.1.g7291	NC_089036.1.g7173	NC_089036.1.g7225	6	1	
OG0028550	NC_089036.1.g7229	NC_089036.1.g7193	NC_089036.1.g7187	NC_089036.1.g7140	NC_089036.1.g7211	NC_089036.1.g7294	NC_089036.1.g7175		6	1	
OG0028553	NC_089036.1.g7263	NC_089036.1.g7223	NC_089036.1.g7217	NC_089036.1.g7174	NC_089036.1.g7242		NC_089036.1.g7210	NC_089036.1.g7255	6	1	
OG0028554	NC_089036.1.g7292	NC_089036.1.g7250	NC_089036.1.g7251	NC_089036.1.g7205	NC_089036.1.g7273		NC_089036.1.g7246	NC_089036.1.g7287	6	1	
OG0028555	NC_089036.1.g7299	NC_089036.1.g7257	NC_089036.1.g7257	NC_089036.1.g7215		NC_089036.1.g7364	NC_089036.1.g7254	NC_089036.1.g7294	6	1	
OG0028556	NC_089036.1.g7311	NC_089036.1.g7268	NC_089036.1.g7269		NC_089036.1.g7290	NC_089036.1.g7376	NC_089036.1.g7267	NC_089036.1.g7305	6	1	
OG0028558	NC_089036.1.g7426		NC_089036.1.g7386	NC_089036.1.g7343	NC_089036.1.g7408	NC_089036.1.g7497	NC_089036.1.g7390	NC_089036.1.g7424	6	1	
OG0028559	NC_089036.1.g7427	NC_089036.1.g7397		NC_089036.1.g7344	NC_089036.1.g7409	NC_089036.1.g7498	NC_089036.1.g7391	NC_089036.1.g7425	6	1	
OG0028560	NC_089036.1.g7432	NC_089036.1.g7402	NC_089036.1.g7392		NC_089036.1.g7414	NC_089036.1.g7503	NC_089036.1.g7396	NC_089036.1.g7431	6	1	
OG0028561	NC_089036.1.g7500	NC_089036.1.g7472	NC_089036.1.g7468		NC_089036.1.g7486	NC_089036.1.g7574	NC_089036.1.g7471	NC_089036.1.g7506	6	1	
OG0028562	NC_089036.1.g7550	NC_089036.1.g7521	NC_089036.1.g7512	NC_089036.1.g7469		NC_089036.1.g7619	NC_089036.1.g7523	NC_089036.1.g7553	6	1	
OG0028563	NC_089036.1.g7599	NC_089036.1.g7567		NC_089036.1.g7518	NC_089036.1.g7573	NC_089036.1.g7670	NC_089036.1.g7568	NC_089036.1.g7604	6	1	
OG0028564	NC_089036.1.g7606	NC_089036.1.g7575		NC_089036.1.g7524	NC_089036.1.g7579	NC_089036.1.g7677	NC_089036.1.g7576	NC_089036.1.g7610	6	1	
OG0028565	NC_089036.1.g7607		NC_089036.1.g7568	NC_089036.1.g7525	NC_089036.1.g7580	NC_089036.1.g7678	NC_089036.1.g7577	NC_089036.1.g7611	6	1	
OG0028566	NC_089036.1.g7671	NC_089036.1.g7641	NC_089036.1.g7634	NC_089036.1.g7589	NC_089036.1.g7643	NC_089036.1.g7743	NC_089036.1.g7641		6	1	
OG0028567	NC_089036.1.g7672	NC_089036.1.g7642	NC_089036.1.g7636	NC_089036.1.g7591		NC_089036.1.g7745	NC_089036.1.g7643	NC_089036.1.g7678	6	1	
OG0028568	NC_089036.1.g7682	NC_089036.1.g7650	NC_089036.1.g7644	NC_089036.1.g7602		NC_089036.1.g7756	NC_089036.1.g7650	NC_089036.1.g7686	6	1	
OG0028569	NC_089036.1.g7686	NC_089036.1.g7656	NC_089036.1.g7650	NC_089036.1.g7606		NC_089036.1.g7760	NC_089036.1.g7656	NC_089036.1.g7691	6	1	
OG0028570	NC_089036.1.g7694	NC_089036.1.g7664	NC_089036.1.g7658	NC_089036.1.g7614		NC_089036.1.g7768	NC_089036.1.g7664	NC_089036.1.g7699	6	1	
OG0028571	NC_089036.1.g7696	NC_089036.1.g7666		NC_089036.1.g7616	NC_089036.1.g7666	NC_089036.1.g7770	NC_089036.1.g7666	NC_089036.1.g7701	6	1	
OG0028572	NC_089036.1.g7703	NC_089036.1.g7673	NC_089036.1.g7665	NC_089036.1.g7623	NC_089036.1.g7673		NC_089036.1.g7673	NC_089036.1.g7709	6	1	
OG0028573	NC_089036.1.g7706	NC_089036.1.g7679		NC_089036.1.g7630	NC_089036.1.g7679	NC_089036.1.g7782	NC_089036.1.g7679	NC_089036.1.g7715	6	1	
OG0028574	NC_089036.1.g7710	NC_089036.1.g7682	NC_089036.1.g7670	NC_089036.1.g7633	NC_089036.1.g7682	NC_089036.1.g7785		NC_089036.1.g7718	6	1	
OG0028575	NC_089036.1.g7723	NC_089036.1.g7696	NC_089036.1.g7685		NC_089036.1.g7695	NC_089036.1.g7797	NC_089036.1.g7693	NC_089036.1.g7731	6	1	
OG0028576	NC_089036.1.g7826	NC_089036.1.g7794	NC_089036.1.g7784		NC_089036.1.g7800	NC_089036.1.g7896	NC_089036.1.g7798	NC_089036.1.g7828	6	1	
OG0028577	NC_089036.1.g7832	NC_089036.1.g7799	NC_089036.1.g7789	NC_089036.1.g7751	NC_089036.1.g7805	NC_089036.1.g7902	NC_089036.1.g7803		6	1	
OG0028578	NC_089036.1.g7870	NC_089036.1.g7838		NC_089036.1.g7791	NC_089036.1.g7841	NC_089036.1.g7940	NC_089036.1.g7841	NC_089036.1.g7870	6	1	
OG0028579	NC_089036.1.g7871	NC_089036.1.g7839	NC_089036.1.g7826	NC_089036.1.g7792	NC_089036.1.g7842	NC_089036.1.g7941		NC_089036.1.g7871	6	1	
OG0028580	NC_089036.1.g7890	NC_089036.1.g7857	NC_089036.1.g7845	NC_089036.1.g7809	NC_089036.1.g7862	NC_089036.1.g7961	NC_089036.1.g7860		6	1	
OG0028581	NC_089036.1.g7922	NC_089036.1.g7887	NC_089036.1.g7876		NC_089036.1.g7893	NC_089036.1.g7988	NC_089036.1.g7891	NC_089036.1.g7917	6	1	
OG0028582	NC_089036.1.g7927	NC_089036.1.g7893	NC_089036.1.g7880		NC_089036.1.g7899	NC_089036.1.g7994	NC_089036.1.g7897	NC_089036.1.g7922	6	1	
OG0028583	NC_089036.1.g7975	NC_089036.1.g7943		NC_089036.1.g7884	NC_089036.1.g7948	NC_089036.1.g8042	NC_089036.1.g7950	NC_089036.1.g7972	6	1	
OG0028586	NC_089036.1.g8116	NC_089041.1.g25241		NC_089036.1.g8035	NC_089041.1.g25348	NC_089036.1.g8189	NC_089041.1.g25198	NC_089041.1.g25259	6	1	
OG0028588	NC_089036.1.g8153	NC_089036.1.g8124	NC_089036.1.g8111	NC_089036.1.g8068	NC_089036.1.g8130	NC_089036.1.g8225		NC_089036.1.g8153	6	1	
OG0028589	NC_089036.1.g8228	NC_089036.1.g8199		NC_089036.1.g8143	NC_089036.1.g8203	NC_089036.1.g8305	NC_089036.1.g8199	NC_089036.1.g8223	6	1	
OG0028590	NC_089036.1.g8250	NC_089036.1.g8220	NC_089036.1.g8206		NC_089036.1.g8226	NC_089036.1.g8327	NC_089036.1.g8220	NC_089036.1.g8244	6	1	
OG0028591	NC_089036.1.g8284	NC_089036.1.g8258	NC_089036.1.g8244		NC_089036.1.g8263	NC_089036.1.g8364	NC_089036.1.g8257	NC_089036.1.g8282	6	1	
OG0028592	NC_089036.1.g8288	NC_089036.1.g8262	NC_089036.1.g8249	NC_089036.1.g8204		NC_089036.1.g8369	NC_089036.1.g8261	NC_089036.1.g8286	6	1	
OG0028593	NC_089036.1.g8299	NC_089036.1.g8271	NC_089036.1.g8258	NC_089036.1.g8214	NC_089036.1.g8278		NC_089036.1.g8271	NC_089036.1.g8295	6	1	
OG0028595	NC_089036.1.g8321	NC_089036.1.g8293	NC_089036.1.g8278	NC_089036.1.g8232	NC_089036.1.g8299	NC_089036.1.g8398	NC_089036.1.g8291		6	1	
OG0028596	NC_089036.1.g8386	NC_089036.1.g8357	NC_089036.1.g8345	NC_089036.1.g8297		NC_089036.1.g8466	NC_089036.1.g8353	NC_089036.1.g8378	6	1	
OG0028598	NC_089036.1.g8468	NC_089036.1.g8441	NC_089036.1.g8437	NC_089036.1.g8389		NC_089036.1.g8551	NC_089036.1.g8446	NC_089036.1.g8461	6	1	
OG0028599	NC_089036.1.g8479	NC_089036.1.g8452	NC_089036.1.g8446	NC_089036.1.g8398	NC_089036.1.g8453	NC_089036.1.g8560		NC_089036.1.g8469	6	1	
OG0028600	NC_089036.1.g8499	NC_089036.1.g8474	NC_089036.1.g8467	NC_089036.1.g8419		NC_089036.1.g8581	NC_089036.1.g8474	NC_089036.1.g8490	6	1	
OG0028601	NC_089036.1.g8500	NC_089036.1.g8475	NC_089036.1.g8468	NC_089036.1.g8420	NC_089036.1.g8473		NC_089036.1.g8475	NC_089036.1.g8491	6	1	
OG0028602	NC_089036.1.g8543	NC_089036.1.g8520	NC_089036.1.g8511	NC_089036.1.g8464		NC_089036.1.g8626	NC_089036.1.g8520	NC_089036.1.g8536	6	1	
OG0028603	NC_089036.1.g8577	NC_089036.1.g8556		NC_089036.1.g8498	NC_089036.1.g8550	NC_089036.1.g8660	NC_089036.1.g8554	NC_089036.1.g8570	6	1	
OG0028604	NC_089036.1.g8601	NC_089036.1.g8579	NC_089036.1.g8562		NC_089036.1.g8571	NC_089036.1.g8684	NC_089036.1.g8576	NC_089036.1.g8593	6	1	
OG0028605	NC_089036.1.g8637	NC_089036.1.g8615	NC_089036.1.g8598		NC_089036.1.g8606	NC_089036.1.g8721	NC_089036.1.g8613	NC_089036.1.g8630	6	1	
OG0028606	NC_089036.1.g8643	NC_089036.1.g8620	NC_089036.1.g8603	NC_089036.1.g8562	NC_089036.1.g8611	NC_089036.1.g8727		NC_089036.1.g8635	6	1	
OG0028607	NC_089036.1.g8655	NC_089036.1.g8632	NC_089036.1.g8616		NC_089036.1.g8624	NC_089036.1.g8740	NC_089036.1.g8629	NC_089036.1.g8648	6	1	
OG0028608	NC_089036.1.g8660	NC_089036.1.g8636	NC_089036.1.g8620	NC_089036.1.g8578		NC_089036.1.g8744	NC_089036.1.g8634	NC_089036.1.g8652	6	1	
OG0028609	NC_089036.1.g8667	NC_089036.1.g8643	NC_089036.1.g8627	NC_089036.1.g8585		NC_089036.1.g8751	NC_089036.1.g8641	NC_089036.1.g8659	6	1	
OG0028610	NC_089036.1.g8722	NC_089036.1.g8698	NC_089036.1.g8681	NC_089036.1.g8640		NC_089036.1.g8805	NC_089036.1.g8695	NC_089036.1.g8714	6	1	
OG0028611	NC_089036.1.g8811		NC_089036.1.g8769	NC_089036.1.g8732	NC_089036.1.g8775	NC_089036.1.g8893	NC_089036.1.g8785	NC_089036.1.g8804	6	1	
OG0028612	NC_089036.1.g8819	NC_089036.1.g8793	NC_089036.1.g8779	NC_089036.1.g8740	NC_089036.1.g8783	NC_089036.1.g8902	NC_089036.1.g8794		6	1	
OG0028613	NC_089036.1.g8915		NC_089036.1.g8880	NC_089036.1.g8833	NC_089036.1.g8886	NC_089036.1.g8999	NC_089036.1.g8890	NC_089036.1.g8914	6	1	
OG0028614	NC_089036.1.g8941		NC_089036.1.g8906	NC_089036.1.g8859	NC_089036.1.g8911	NC_089036.1.g9026	NC_089036.1.g8915	NC_089036.1.g8940	6	1	
OG0028615	NC_089036.1.g8954	NC_089036.1.g8932	NC_089036.1.g8920		NC_089036.1.g8924	NC_089036.1.g9040	NC_089036.1.g8929	NC_089036.1.g8954	6	1	
OG0028616	NC_089036.1.g9005	NC_089036.1.g8990	NC_089036.1.g8972		NC_089036.1.g8978	NC_089036.1.g9093	NC_089036.1.g8981	NC_089036.1.g9006	6	1	
OG0028617	NC_089036.1.g9131	NC_089036.1.g9111	NC_089036.1.g9097	NC_089036.1.g9048	NC_089036.1.g9099		NC_089036.1.g9102	NC_089036.1.g9128	6	1	
OG0028618	NC_089036.1.g9293	NC_089036.1.g9270	NC_089036.1.g9260	NC_089036.1.g9222	NC_089036.1.g9269	NC_089036.1.g9386		NC_089036.1.g9284	6	1	
OG0028619	NC_089036.1.g9298		NC_089036.1.g9265	NC_089036.1.g9227	NC_089036.1.g9272	NC_089036.1.g9389	NC_089036.1.g9263	NC_089036.1.g9289	6	1	
OG0028620	NC_089036.1.g9339	NC_089036.1.g9314		NC_089036.1.g9269	NC_089036.1.g9312	NC_089036.1.g9430	NC_089036.1.g9304	NC_089036.1.g9331	6	1	
OG0028621	NC_089036.1.g9340	NC_089036.1.g9315		NC_089036.1.g9270	NC_089036.1.g9313	NC_089036.1.g9431	NC_089036.1.g9305	NC_089036.1.g9332	6	1	
OG0028623	NC_089037.1.g9466		NC_089037.1.g9430	NC_089037.1.g9394	NC_089037.1.g9432	NC_089037.1.g9556	NC_089037.1.g9423	NC_089037.1.g9453	6	1	
OG0028624	NC_089037.1.g9470		NC_089037.1.g9432	NC_089037.1.g9397	NC_089037.1.g9436	NC_089037.1.g9560	NC_089037.1.g9427	NC_089037.1.g9457	6	1	
OG0028625	NC_089037.1.g9502		NC_089037.1.g9464	NC_089037.1.g9428	NC_089037.1.g9469	NC_089037.1.g9592	NC_089037.1.g9462	NC_089037.1.g9490	6	1	
OG0028626	NC_089037.1.g9518		NC_089037.1.g9481	NC_089037.1.g9444	NC_089037.1.g9486	NC_089037.1.g9606	NC_089037.1.g9478	NC_089037.1.g9506	6	1	
OG0028628	NC_089037.1.g9575	NC_089037.1.g9545	NC_089037.1.g9534		NC_089037.1.g9539	NC_089037.1.g9659	NC_089037.1.g9533	NC_089037.1.g9561	6	1	
OG0028629	NC_089037.1.g9580	NC_089037.1.g9551	NC_089037.1.g9541	NC_089037.1.g9503	NC_089037.1.g9545	NC_089037.1.g9665		NC_089037.1.g9567	6	1	
OG0028630	NC_089037.1.g9700	NC_089037.1.g9671	NC_089037.1.g9662	NC_089037.1.g9622	NC_089037.1.g9662	NC_089037.1.g9786		NC_089037.1.g9686	6	1	
OG0028631	NC_089037.1.g9747		NC_089037.1.g9710	NC_089037.1.g9668	NC_089037.1.g9707	NC_089037.1.g9831	NC_089037.1.g9703	NC_089037.1.g9734	6	1	
OG0028632	NC_089037.1.g9762	NC_089037.1.g9730	NC_089037.1.g9724		NC_089037.1.g9723	NC_089037.1.g9846	NC_089037.1.g9719	NC_089037.1.g9750	6	1	
OG0028633	NC_089037.1.g9764		NC_089037.1.g9726	NC_089037.1.g9685	NC_089037.1.g9726	NC_089037.1.g9848	NC_089037.1.g9722	NC_089037.1.g9753	6	1	
OG0028634	NC_089037.1.g9766	NC_089037.1.g9733	NC_089037.1.g9728	NC_089037.1.g9687	NC_089037.1.g9728	NC_089037.1.g9850		NC_089037.1.g9755	6	1	
OG0028635	NC_089037.1.g9775	NC_089037.1.g9742	NC_089037.1.g9737		NC_089037.1.g9738	NC_089037.1.g9860	NC_089037.1.g9733	NC_089037.1.g9764	6	1	
OG0028636	NC_089037.1.g9789		NC_089037.1.g9751	NC_089037.1.g9709	NC_089037.1.g9753	NC_089037.1.g9873	NC_089037.1.g9747	NC_089037.1.g9777	6	1	
OG0028637	NC_089037.1.g9790		NC_089037.1.g9753	NC_089037.1.g9710	NC_089037.1.g9755	NC_089037.1.g9874	NC_089037.1.g9749	NC_089037.1.g9779	6	1	
OG0028638	NC_089037.1.g9836	NC_089037.1.g9802	NC_089037.1.g9795	NC_089037.1.g9754	NC_089037.1.g9803	NC_089037.1.g9922		NC_089037.1.g9828	6	1	
OG0028639	NC_089037.1.g9840		NC_089037.1.g9799	NC_089037.1.g9758	NC_089037.1.g9807	NC_089037.1.g9926	NC_089037.1.g9798	NC_089037.1.g9832	6	1	
OG0028640	NC_089037.1.g9843	NC_089037.1.g9810	NC_089037.1.g9803	NC_089037.1.g9761	NC_089037.1.g9810	NC_089037.1.g9929		NC_089037.1.g9835	6	1	
OG0028641	NC_089037.1.g9845		NC_089037.1.g9805	NC_089037.1.g9763	NC_089037.1.g9812	NC_089037.1.g9931	NC_089037.1.g9801	NC_089037.1.g9837	6	1	
OG0028642	NC_089037.1.g9888		NC_089037.1.g9852	NC_089037.1.g9809	NC_089037.1.g9864	NC_089037.1.g9980	NC_089037.1.g9851	NC_089037.1.g9888	6	1	
OG0028643	NC_089037.1.g9893		NC_089037.1.g9856	NC_089037.1.g9813	NC_089037.1.g9868	NC_089037.1.g9984	NC_089037.1.g9855	NC_089037.1.g9892	6	1	
OG0028645	NC_089037.1.g10037	NC_089037.1.g10005		NC_089037.1.g9960	NC_089037.1.g10013	NC_089037.1.g10133	NC_089037.1.g10000	NC_089037.1.g10038	6	1	
OG0028646	NC_089037.1.g10077	NC_089037.1.g10044	NC_089037.1.g10038	NC_089037.1.g9999	NC_089037.1.g10054		NC_089037.1.g10040	NC_089037.1.g10078	6	1	
OG0028647	NC_089037.1.g10084	NC_089037.1.g10054	NC_089037.1.g10048	NC_089037.1.g10008	NC_089037.1.g10063		NC_089037.1.g10049	NC_089037.1.g10087	6	1	
OG0028648	NC_089037.1.g10117		NC_089037.1.g10083	NC_089037.1.g10043	NC_089037.1.g10099	NC_089037.1.g10216	NC_089037.1.g10085	NC_089037.1.g10124	6	1	
OG0028649	NC_089037.1.g10151	NC_089037.1.g10120	NC_089037.1.g10116	NC_089037.1.g10076		NC_089037.1.g10251	NC_089037.1.g10120	NC_089037.1.g10157	6	1	
OG0028651	NC_089037.1.g10173	NC_089037.1.g10142		NC_089037.1.g10096	NC_089037.1.g10149	NC_089037.1.g10272	NC_089037.1.g10143	NC_089037.1.g10179	6	1	
OG0028652	NC_089037.1.g10201	NC_089037.1.g10170	NC_089037.1.g10170		NC_089037.1.g10180	NC_089037.1.g10302	NC_089037.1.g10175	NC_089037.1.g10212	6	1	
OG0028653	NC_089037.1.g10256	NC_089037.1.g10226		NC_089037.1.g10177	NC_089037.1.g10234	NC_089037.1.g10358	NC_089037.1.g10230	NC_089037.1.g10266	6	1	
OG0028654	NC_089037.1.g10330	NC_089037.1.g10303	NC_089037.1.g10299	NC_089037.1.g10251		NC_089037.1.g10432	NC_089037.1.g10304	NC_089037.1.g10342	6	1	
OG0028655	NC_089037.1.g10360	NC_089037.1.g10334		NC_089037.1.g10280	NC_089037.1.g10341	NC_089037.1.g10463	NC_089037.1.g10338	NC_089037.1.g10374	6	1	
OG0028656	NC_089037.1.g10363	NC_089037.1.g10338	NC_089037.1.g10335	NC_089037.1.g10282	NC_089037.1.g10346		NC_089037.1.g10342	NC_089037.1.g10379	6	1	
OG0028657	NC_089037.1.g10372		NC_089037.1.g10344	NC_089037.1.g10290	NC_089037.1.g10355	NC_089037.1.g10473	NC_089037.1.g10353	NC_089037.1.g10388	6	1	
OG0028658	NC_089037.1.g10395	NC_089037.1.g10371	NC_089037.1.g10367	NC_089037.1.g10315	NC_089037.1.g10378		NC_089037.1.g10377	NC_089037.1.g10411	6	1	
OG0028659	NC_089037.1.g10506	NC_089037.1.g10478	NC_089037.1.g10470	NC_089037.1.g10421	NC_089037.1.g10485	NC_089037.1.g10600		NC_089037.1.g10520	6	1	
OG0028661	NC_089037.1.g10613	NC_089037.1.g10580	NC_089037.1.g10574	NC_089037.1.g10530	NC_089037.1.g10589		NC_089037.1.g10588	NC_089037.1.g10628	6	1	
OG0028662	NC_089037.1.g10644	NC_089037.1.g10611	NC_089037.1.g10605	NC_089037.1.g10560	NC_089037.1.g10616	NC_089037.1.g10740		NC_089037.1.g10658	6	1	
OG0028663	NC_089037.1.g10649	NC_089037.1.g10616	NC_089037.1.g10610	NC_089037.1.g10569		NC_089037.1.g10745	NC_089037.1.g10623	NC_089037.1.g10663	6	1	
OG0028664	NC_089037.1.g10659		NC_089037.1.g10620	NC_089037.1.g10579	NC_089037.1.g10631	NC_089037.1.g10755	NC_089037.1.g10633	NC_089037.1.g10673	6	1	
OG0028665	NC_089037.1.g10664		NC_089037.1.g10625	NC_089037.1.g10584	NC_089037.1.g10636	NC_089037.1.g10760	NC_089037.1.g10638	NC_089037.1.g10678	6	1	
OG0028666	NC_089037.1.g10688	NC_089037.1.g10652	NC_089037.1.g10647	NC_089037.1.g10607	NC_089037.1.g10658	NC_089037.1.g10782		NC_089037.1.g10700	6	1	
OG0028667	NC_089037.1.g10704	NC_089037.1.g10668	NC_089037.1.g10663	NC_089037.1.g10623		NC_089037.1.g10798	NC_089037.1.g10677	NC_089037.1.g10716	6	1	
OG0028668	NC_089037.1.g10760	NC_089037.1.g10720	NC_089037.1.g10719	NC_089037.1.g10680		NC_089037.1.g10851	NC_089037.1.g10734	NC_089037.1.g10770	6	1	
OG0028670	NC_089037.1.g10796	NC_089037.1.g10753	NC_089037.1.g10754	NC_089037.1.g10715	NC_089037.1.g10770	NC_089037.1.g10886		NC_089037.1.g10808	6	1	
OG0028671	NC_089037.1.g10821	NC_089037.1.g10777	NC_089037.1.g10779	NC_089037.1.g10740	NC_089037.1.g10794		NC_089037.1.g10791	NC_089037.1.g10833	6	1	
OG0028672	NC_089037.1.g10857	NC_089037.1.g10816	NC_089037.1.g10819	NC_089037.1.g10776	NC_089037.1.g10832	NC_089037.1.g10947	NC_089037.1.g10826		6	1	
OG0028673	NC_089037.1.g10912	NC_089037.1.g10870	NC_089037.1.g10874		NC_089037.1.g10887	NC_089037.1.g11001	NC_089037.1.g10879	NC_089037.1.g10922	6	1	
OG0028674	NC_089037.1.g10965	NC_089037.1.g10923	NC_089037.1.g10925		NC_089037.1.g10939	NC_089037.1.g11056	NC_089037.1.g10931	NC_089037.1.g10977	6	1	
OG0028675	NC_089037.1.g11053	NC_089037.1.g11004	NC_089037.1.g11008		NC_089037.1.g11018	NC_089037.1.g11137	NC_089037.1.g11012	NC_089037.1.g11056	6	1	
OG0028676	NC_089037.1.g11063	NC_089037.1.g11010	NC_089037.1.g11011	NC_089037.1.g10970	NC_089037.1.g11022		NC_089037.1.g11017	NC_089037.1.g11060	6	1	
OG0028677	NC_089037.1.g11096		NC_089037.1.g11045	NC_089037.1.g11003	NC_089037.1.g11055	NC_089037.1.g11174	NC_089037.1.g11050	NC_089037.1.g11093	6	1	
OG0028678	NC_089037.1.g11110	NC_089037.1.g11056		NC_089037.1.g11016	NC_089037.1.g11068	NC_089037.1.g11189	NC_089037.1.g11063	NC_089037.1.g11105	6	1	
OG0028679	NC_089037.1.g11111	NC_089037.1.g11057		NC_089037.1.g11017	NC_089037.1.g11069	NC_089037.1.g11190	NC_089037.1.g11064	NC_089037.1.g11106	6	1	
OG0028680	NC_089037.1.g11124	NC_089037.1.g11067	NC_089037.1.g11066	NC_089037.1.g11028	NC_089037.1.g11079	NC_089037.1.g11203		NC_089037.1.g11116	6	1	
OG0028681	NC_089037.1.g11157	NC_089037.1.g11098		NC_089037.1.g11056	NC_089037.1.g11112	NC_089037.1.g11231	NC_089037.1.g11104	NC_089037.1.g11149	6	1	
OG0028682	NC_089037.1.g11182	NC_089037.1.g11123		NC_089037.1.g11079	NC_089037.1.g11138	NC_089037.1.g11254	NC_089037.1.g11128	NC_089037.1.g11175	6	1	
OG0028683	NC_089037.1.g11214	NC_089037.1.g11156	NC_089037.1.g11151	NC_089037.1.g11111	NC_089037.1.g11170	NC_089037.1.g11286	NC_089037.1.g11161		6	1	
OG0028684	NC_089037.1.g11221	NC_089037.1.g11163	NC_089037.1.g11159	NC_089037.1.g11118		NC_089037.1.g11294	NC_089037.1.g11168	NC_089037.1.g11217	6	1	
OG0028685	NC_089037.1.g11259	NC_089037.1.g11200	NC_089037.1.g11197	NC_089037.1.g11156	NC_089037.1.g11218	NC_089037.1.g11334		NC_089037.1.g11259	6	1	
OG0028686	NC_089037.1.g11274	NC_089037.1.g11214	NC_089037.1.g11210	NC_089037.1.g11170	NC_089037.1.g11233	NC_089037.1.g11349		NC_089037.1.g11273	6	1	
OG0028687	NC_089037.1.g11305	NC_089037.1.g11244	NC_089037.1.g11244	NC_089037.1.g11201	NC_089037.1.g11265	NC_089037.1.g11380		NC_089037.1.g11306	6	1	
OG0028688	NC_089037.1.g11353	NC_089037.1.g11296	NC_089037.1.g11301	NC_089037.1.g11249	NC_089037.1.g11314		NC_089037.1.g11299	NC_089037.1.g11359	6	1	
OG0028690	NC_089037.1.g11374	NC_089037.1.g11320	NC_089037.1.g11322	NC_089037.1.g11271	NC_089037.1.g11335		NC_089037.1.g11321	NC_089037.1.g11381	6	1	
OG0028691	NC_089037.1.g11381	NC_089037.1.g11326	NC_089037.1.g11328	NC_089037.1.g11278	NC_089037.1.g11341		NC_089037.1.g11327	NC_089037.1.g11387	6	1	
OG0028692	NC_089037.1.g11430	NC_089037.1.g11376	NC_089037.1.g11381	NC_089037.1.g11325	NC_089037.1.g11393		NC_089037.1.g11373	NC_089037.1.g11436	6	1	
OG0028693	NC_089037.1.g11435	NC_089037.1.g11381		NC_089037.1.g11330	NC_089037.1.g11398	NC_089037.1.g11506	NC_089037.1.g11378	NC_089037.1.g11441	6	1	
OG0028694	NC_089037.1.g11452	NC_089037.1.g11399		NC_089037.1.g11346	NC_089037.1.g11417	NC_089037.1.g11523	NC_089037.1.g11397	NC_089037.1.g11459	6	1	
OG0028695	NC_089037.1.g11496	NC_089037.1.g11447		NC_089037.1.g11391	NC_089037.1.g11465	NC_089037.1.g11571	NC_089037.1.g11446	NC_089037.1.g11507	6	1	
OG0028697	NC_089037.1.g11538	NC_089037.1.g11494		NC_089037.1.g11434	NC_089037.1.g11509	NC_089037.1.g11619	NC_089037.1.g11489	NC_089037.1.g11552	6	1	
OG0028698	NC_089037.1.g11559		NC_089037.1.g11523	NC_089037.1.g11456	NC_089037.1.g11533	NC_089037.1.g11641	NC_089037.1.g11512	NC_089037.1.g11576	6	1	
OG0028699	NC_089037.1.g11634	NC_089037.1.g11596	NC_089037.1.g11599	NC_089037.1.g11536	NC_089037.1.g11608	NC_089037.1.g11720		NC_089037.1.g11655	6	1	
OG0028701	NC_089037.1.g11654	NC_089037.1.g11611		NC_089037.1.g11553	NC_089037.1.g11625	NC_089037.1.g11739	NC_089037.1.g11605	NC_089037.1.g11671	6	1	
OG0028702	NC_089037.1.g11658	NC_089037.1.g11615	NC_089037.1.g11619	NC_089037.1.g11557	NC_089037.1.g11629		NC_089037.1.g11609	NC_089037.1.g11675	6	1	
OG0028703	NC_089037.1.g11659	NC_089037.1.g11617	NC_089037.1.g11620	NC_089037.1.g11558	NC_089037.1.g11631		NC_089037.1.g11610	NC_089037.1.g11677	6	1	
OG0028705	NC_089037.1.g11741	NC_089037.1.g11693	NC_089037.1.g11695		NC_089037.1.g11709	NC_089037.1.g11820	NC_089037.1.g11685	NC_089037.1.g11752	6	1	
OG0028706	NC_089037.1.g11746	NC_089037.1.g11696	NC_089037.1.g11699	NC_089037.1.g11640	NC_089037.1.g11712	NC_089037.1.g11823		NC_089037.1.g11757	6	1	
OG0028707	NC_089037.1.g11757	NC_089037.1.g11706		NC_089037.1.g11649	NC_089037.1.g11723	NC_089037.1.g11834	NC_089037.1.g11696	NC_089037.1.g11769	6	1	
OG0028708	NC_089037.1.g11782	NC_089037.1.g11728	NC_089037.1.g11735		NC_089037.1.g11746	NC_089037.1.g11858	NC_089037.1.g11718	NC_089037.1.g11791	6	1	
OG0028710	NC_089037.1.g11852	NC_089037.1.g11796	NC_089037.1.g11817		NC_089037.1.g11814	NC_089037.1.g11942	NC_089037.1.g11791	NC_089037.1.g11858	6	1	
OG0028711	NC_089037.1.g11856	NC_089037.1.g11800		NC_089037.1.g11746	NC_089037.1.g11819	NC_089037.1.g11945	NC_089037.1.g11794	NC_089037.1.g11861	6	1	
OG0028712	NC_089037.1.g11864	NC_089037.1.g11811		NC_089037.1.g11756	NC_089037.1.g11831	NC_089037.1.g11953	NC_089037.1.g11804	NC_089037.1.g11871	6	1	
OG0028713	NC_089037.1.g11881	NC_089037.1.g11825	NC_089037.1.g11845	NC_089037.1.g11775	NC_089037.1.g11849	NC_089037.1.g11972	NC_089037.1.g11820		6	1	
OG0028714	NC_089037.1.g11905	NC_089037.1.g11842	NC_089037.1.g11866	NC_089037.1.g11803	NC_089037.1.g11866	NC_089037.1.g11993	NC_089037.1.g11838		6	1	
OG0028715	NC_089037.1.g11907	NC_089037.1.g11845	NC_089037.1.g11868	NC_089037.1.g11805	NC_089037.1.g11868		NC_089037.1.g11840	NC_089037.1.g11910	6	1	
OG0028718	NC_089037.1.g11948	NC_089037.1.g11880	NC_089037.1.g11908		NC_089037.1.g11908	NC_089037.1.g12034	NC_089037.1.g11874	NC_089037.1.g11949	6	1	
OG0028719	NC_089037.1.g11954	NC_089037.1.g11885	NC_089037.1.g11914	NC_089037.1.g11848	NC_089037.1.g11912		NC_089037.1.g11878	NC_089037.1.g11954	6	1	
OG0028720	NC_089037.1.g11986		NC_089037.1.g11939	NC_089037.1.g11876	NC_089037.1.g11941	NC_089037.1.g12069	NC_089037.1.g11906	NC_089037.1.g11981	6	1	
OG0028721	NC_089037.1.g11994	NC_089037.1.g11921	NC_089037.1.g11948	NC_089037.1.g11884	NC_089037.1.g11950	NC_089037.1.g12077	NC_089037.1.g11916		6	1	
OG0028722	NC_089037.1.g12028	NC_089037.1.g11954	NC_089037.1.g11981	NC_089037.1.g11919	NC_089037.1.g11984	NC_089037.1.g12110	NC_089037.1.g11947		6	1	
OG0028723	NC_089037.1.g12031	NC_089037.1.g11957	NC_089037.1.g11984	NC_089037.1.g11922		NC_089037.1.g12113	NC_089037.1.g11950	NC_089037.1.g12026	6	1	
OG0028724	NC_089037.1.g12055	NC_089037.1.g11981	NC_089037.1.g12007	NC_089037.1.g11947	NC_089037.1.g12010	NC_089037.1.g12139	NC_089037.1.g11973		6	1	
OG0028725	NC_089037.1.g12058	NC_089037.1.g11984	NC_089037.1.g12010	NC_089037.1.g11950	NC_089037.1.g12013	NC_089037.1.g12142	NC_089037.1.g11976		6	1	
OG0028726	NC_089037.1.g12064	NC_089037.1.g11988	NC_089037.1.g12014	NC_089037.1.g11955	NC_089037.1.g12019	NC_089037.1.g12148	NC_089037.1.g11981		6	1	
OG0028728	NC_089037.1.g12074	NC_089037.1.g11997	NC_089037.1.g12024	NC_089037.1.g11964	NC_089037.1.g12031	NC_089037.1.g12158	NC_089037.1.g11990		6	1	
OG0028730	NC_089037.1.g12101	NC_089037.1.g12026	NC_089037.1.g12050	NC_089037.1.g11989		NC_089037.1.g12182	NC_089037.1.g12017	NC_089037.1.g12093	6	1	
OG0028731	NC_089037.1.g12132	NC_089037.1.g12054	NC_089037.1.g12079		NC_089037.1.g12086	NC_089037.1.g12212	NC_089037.1.g12047	NC_089037.1.g12121	6	1	
OG0028732	NC_089037.1.g12149	NC_089037.1.g12072		NC_089037.1.g12039	NC_089037.1.g12106	NC_089037.1.g12236	NC_089037.1.g12065	NC_089037.1.g12143	6	1	
OG0028733	NC_089037.1.g12160	NC_089037.1.g12086	NC_089037.1.g12113	NC_089037.1.g12050	NC_089037.1.g12119		NC_089037.1.g12078	NC_089037.1.g12157	6	1	
OG0028734	NC_089037.1.g12170	NC_089037.1.g12097	NC_089037.1.g12127	NC_089037.1.g12065	NC_089037.1.g12134	NC_089037.1.g12262		NC_089037.1.g12169	6	1	
OG0028735	NC_089037.1.g12198	NC_089037.1.g12124	NC_089037.1.g12156	NC_089037.1.g12093	NC_089037.1.g12162	NC_089037.1.g12290		NC_089037.1.g12198	6	1	
OG0028736	NC_089037.1.g12233	NC_089037.1.g12160		NC_089037.1.g12125	NC_089037.1.g12202	NC_089037.1.g12326	NC_089037.1.g12153	NC_089037.1.g12229	6	1	
OG0028737	NC_089037.1.g12242	NC_089037.1.g12169	NC_089037.1.g12198	NC_089037.1.g12134	NC_089037.1.g12211		NC_089037.1.g12162	NC_089037.1.g12238	6	1	
OG0028738	NC_089037.1.g12251	NC_089037.1.g12177	NC_089037.1.g12208		NC_089037.1.g12221	NC_089037.1.g12345	NC_089037.1.g12173	NC_089037.1.g12247	6	1	
OG0028739	NC_089037.1.g12265	NC_089037.1.g12187	NC_089037.1.g12220	NC_089037.1.g12155	NC_089037.1.g12231		NC_089037.1.g12185	NC_089037.1.g12259	6	1	
OG0028740	NC_089037.1.g12314	NC_089037.1.g12237	NC_089037.1.g12269	NC_089037.1.g12202	NC_089037.1.g12281		NC_089037.1.g12235	NC_089037.1.g12307	6	1	
OG0028741	NC_089037.1.g12317	NC_089037.1.g12243	NC_089037.1.g12276	NC_089044.1.g32784	NC_089037.1.g12286		NC_089037.1.g12242	NC_089037.1.g12313	6	1	
OG0028742	NC_089037.1.g12326	NC_089037.1.g12252	NC_089037.1.g12285		NC_089037.1.g12295	NC_089037.1.g12421	NC_089037.1.g12251	NC_089037.1.g12322	6	1	
OG0028744	NC_089037.1.g12363		NC_089037.1.g12313	NC_089037.1.g12246	NC_089037.1.g12324	NC_089037.1.g12453	NC_089037.1.g12285	NC_089037.1.g12352	6	1	
OG0028745	NC_089037.1.g12377	NC_089037.1.g12299		NC_089037.1.g12262	NC_089037.1.g12339	NC_089037.1.g12469	NC_089037.1.g12300	NC_089037.1.g12366	6	1	
OG0028746	NC_089037.1.g12386	NC_089037.1.g12309	NC_089037.1.g12337	NC_089037.1.g12271	NC_089037.1.g12349	NC_089037.1.g12479		NC_089037.1.g12376	6	1	
OG0028747	NC_089037.1.g12416	NC_089037.1.g12340		NC_089037.1.g12301	NC_089037.1.g12380	NC_089037.1.g12511	NC_089037.1.g12340	NC_089037.1.g12406	6	1	
OG0028748	NC_089037.1.g12421	NC_089037.1.g12344	NC_089037.1.g12375	NC_089037.1.g12306		NC_089037.1.g12517	NC_089037.1.g12345	NC_089037.1.g12410	6	1	
OG0028749	NC_089037.1.g12427		NC_089037.1.g12380	NC_089037.1.g12313	NC_089037.1.g12389	NC_089037.1.g12524	NC_089037.1.g12350	NC_089037.1.g12415	6	1	
OG0028750	NC_089037.1.g12437	NC_089037.1.g12361	NC_089037.1.g12391	NC_089037.1.g12323	NC_089037.1.g12402		NC_089037.1.g12363	NC_089037.1.g12426	6	1	
OG0028751	NC_089037.1.g12453	NC_089037.1.g12378	NC_089037.1.g12408		NC_089037.1.g12419	NC_089037.1.g12548	NC_089037.1.g12380	NC_089037.1.g12445	6	1	
OG0028753	NC_089037.1.g12522	NC_089037.1.g12448	NC_089037.1.g12480		NC_089037.1.g12487	NC_089037.1.g12616	NC_089037.1.g12457	NC_089037.1.g12518	6	1	
OG0028754	NC_089037.1.g12552		NC_089037.1.g12510	NC_089037.1.g12434	NC_089037.1.g12517	NC_089037.1.g12643	NC_089037.1.g12488	NC_089037.1.g12551	6	1	
OG0028755	NC_089037.1.g12571	NC_089037.1.g12497	NC_089037.1.g12530		NC_089037.1.g12535	NC_089037.1.g12663	NC_089037.1.g12510	NC_089037.1.g12574	6	1	
OG0028756	NC_089037.1.g12588	NC_089037.1.g12514	NC_089037.1.g12547	NC_089037.1.g12469	NC_089037.1.g12550	NC_089037.1.g12679		NC_089037.1.g12592	6	1	
OG0028757	NC_089037.1.g12590	NC_089037.1.g12516	NC_089037.1.g12549	NC_089037.1.g12471	NC_089037.1.g12552	NC_089037.1.g12681		NC_089037.1.g12594	6	1	
OG0028758	NC_089037.1.g12595	NC_089037.1.g12520	NC_089037.1.g12553	NC_089037.1.g12476	NC_089037.1.g12556	NC_089037.1.g12686		NC_089037.1.g12598	6	1	
OG0028759	NC_089037.1.g12625	NC_089037.1.g12550	NC_089037.1.g12582	NC_089037.1.g12510	NC_089037.1.g12585	NC_089037.1.g12715		NC_089037.1.g12627	6	1	
OG0028760	NC_089037.1.g12627	NC_089037.1.g12553	NC_089037.1.g12585		NC_089037.1.g12589	NC_089037.1.g12717	NC_089037.1.g12571	NC_089037.1.g12631	6	1	
OG0028762	NC_089037.1.g12675	NC_089037.1.g12602		NC_089037.1.g12560	NC_089037.1.g12638	NC_089037.1.g12766	NC_089037.1.g12619	NC_089037.1.g12682	6	1	
OG0028763	NC_089037.1.g12685	NC_089037.1.g12613	NC_089037.1.g12645	NC_089037.1.g12570		NC_089037.1.g12776	NC_089037.1.g12630	NC_089037.1.g12693	6	1	
OG0028764	NC_089037.1.g12732	NC_089037.1.g12659	NC_089037.1.g12690	NC_089037.1.g12618	NC_089037.1.g12694	NC_089037.1.g12824		NC_089037.1.g12737	6	1	
OG0028765	NC_089037.1.g12786	NC_089037.1.g12712	NC_089037.1.g12749	NC_089037.1.g12673		NC_089037.1.g12876	NC_089037.1.g12734	NC_089037.1.g12794	6	1	
OG0028766	NC_089037.1.g12834	NC_089037.1.g12756	NC_089037.1.g12794	NC_089037.1.g12721	NC_089037.1.g12795	NC_089037.1.g12924	NC_089037.1.g12780		6	1	
OG0028767	NC_089037.1.g12924	NC_089037.1.g12844	NC_089037.1.g12879	NC_089037.1.g12810	NC_089037.1.g12879	NC_089037.1.g13017	NC_089037.1.g12867		6	1	
OG0028768	NC_089037.1.g12961	NC_089037.1.g12883	NC_089037.1.g12920	NC_089037.1.g12851	NC_089037.1.g12918	NC_089037.1.g13057		NC_089037.1.g12963	6	1	
OG0028769	NC_089037.1.g12970		NC_089037.1.g12929	NC_089037.1.g12860	NC_089037.1.g12927	NC_089037.1.g13066	NC_089037.1.g12916	NC_089037.1.g12973	6	1	
OG0028770	NC_089037.1.g13003	NC_089037.1.g12926	NC_089037.1.g12960	NC_089037.1.g12891	NC_089037.1.g12958	NC_089037.1.g13098		NC_089037.1.g13004	6	1	
OG0028771	NC_089037.1.g13035	NC_089037.1.g12959	NC_089037.1.g12991	NC_089037.1.g12923	NC_089037.1.g12990		NC_089037.1.g12977	NC_089037.1.g13036	6	1	
OG0028773	NC_089037.1.g13083		NC_089037.1.g13040	NC_089037.1.g12973	NC_089037.1.g13045	NC_089037.1.g13180	NC_089037.1.g13028	NC_089037.1.g13086	6	1	
OG0028774	NC_089037.1.g13117	NC_089037.1.g13043		NC_089037.1.g13007	NC_089037.1.g13084	NC_089037.1.g13215	NC_089037.1.g13068	NC_089037.1.g13124	6	1	
OG0028775	NC_089037.1.g13132		NC_089037.1.g13091	NC_089037.1.g13022	NC_089037.1.g13099	NC_089037.1.g13229	NC_089037.1.g13082	NC_089037.1.g13137	6	1	
OG0028776	NC_089037.1.g13180	NC_089037.1.g13099	NC_089037.1.g13138	NC_089037.1.g13068	NC_089037.1.g13144		NC_089037.1.g13129	NC_089037.1.g13183	6	1	
OG0028777	NC_089037.1.g13205	NC_089037.1.g13126	NC_089037.1.g13165	NC_089037.1.g13096	NC_089037.1.g13172		NC_089037.1.g13156	NC_089037.1.g13209	6	1	
OG0028778	NC_089037.1.g13222	NC_089037.1.g13149		NC_089037.1.g13114	NC_089037.1.g13190	NC_089037.1.g13323	NC_089037.1.g13174	NC_089037.1.g13229	6	1	
OG0028779	NC_089037.1.g13225		NC_089037.1.g13189	NC_089037.1.g13118	NC_089037.1.g13192	NC_089037.1.g13327	NC_089037.1.g13177	NC_089037.1.g13233	6	1	
OG0028780	NC_089037.1.g13248	NC_089037.1.g13174		NC_089037.1.g13141	NC_089037.1.g13215	NC_089037.1.g13351	NC_089037.1.g13198	NC_089037.1.g13254	6	1	
OG0028781	NC_089037.1.g13325	NC_089037.1.g13250	NC_089037.1.g13287	NC_089037.1.g13218	NC_089037.1.g13287	NC_089037.1.g13429		NC_089037.1.g13328	6	1	
OG0028782	NC_089037.1.g13369	NC_089040.1.g23142	NC_089040.1.g23181	NC_089037.1.g13260		NC_089037.1.g13472	NC_089040.1.g23148	NC_089040.1.g23188	6	1	
OG0028783	NC_089037.1.g13371	NC_089037.1.g13290	NC_089037.1.g13328	NC_089037.1.g13262	NC_089037.1.g13327	NC_089037.1.g13474		NC_089037.1.g13370	6	1	
OG0028784	NC_089037.1.g13429		NC_089037.1.g13381	NC_089037.1.g13318	NC_089037.1.g13378	NC_089037.1.g13534	NC_089037.1.g13366	NC_089037.1.g13422	6	1	
OG0028785	NC_089037.1.g13460		NC_089037.1.g13412	NC_089037.1.g13351	NC_089037.1.g13409	NC_089037.1.g13567	NC_089037.1.g13398	NC_089037.1.g13453	6	1	
OG0028786	NC_089037.1.g13462	NC_089037.1.g13370	NC_089037.1.g13414	NC_089037.1.g13353	NC_089037.1.g13411	NC_089037.1.g13569	NC_089037.1.g13400		6	1	
OG0028787	NC_089037.1.g13479		NC_089037.1.g13434	NC_089037.1.g13371	NC_089037.1.g13432	NC_089037.1.g13588	NC_089037.1.g13421	NC_089037.1.g13476	6	1	
OG0028788	NC_089037.1.g13530	NC_089037.1.g13443	NC_089037.1.g13490	NC_089037.1.g13425		NC_089037.1.g13642	NC_089037.1.g13473	NC_089037.1.g13530	6	1	
OG0028789	NC_089037.1.g13568	NC_089037.1.g13477		NC_089037.1.g13461	NC_089037.1.g13521	NC_089037.1.g13678	NC_089037.1.g13506	NC_089037.1.g13565	6	1	
OG0028790	NC_089037.1.g13601	NC_089037.1.g13511	NC_089037.1.g13556		NC_089037.1.g13554	NC_089037.1.g13711	NC_089037.1.g13542	NC_089037.1.g13599	6	1	
OG0028791	NC_089037.1.g13669		NC_089037.1.g13627	NC_089037.1.g13558	NC_089037.1.g13621	NC_089037.1.g13779	NC_089037.1.g13607	NC_089037.1.g13670	6	1	
OG0028792	NC_089037.1.g13670	NC_089037.1.g13577	NC_089037.1.g13628		NC_089037.1.g13622	NC_089037.1.g13780	NC_089037.1.g13608	NC_089037.1.g13671	6	1	
OG0028793	NC_089037.1.g13695	NC_089037.1.g13601		NC_089037.1.g13583	NC_089037.1.g13647	NC_089037.1.g13805	NC_089037.1.g13636	NC_089037.1.g13695	6	1	
OG0028794	NC_089037.1.g13698	NC_089037.1.g13603	NC_089037.1.g13654	NC_089037.1.g13586	NC_089037.1.g13650		NC_089037.1.g13639	NC_089037.1.g13698	6	1	
OG0028795	NC_089037.1.g13718	NC_089037.1.g13622	NC_089037.1.g13673	NC_089037.1.g13604		NC_089037.1.g13825	NC_089037.1.g13662	NC_089037.1.g13717	6	1	
OG0028796	NC_089037.1.g13731	NC_089037.1.g13633	NC_089037.1.g13684	NC_089037.1.g13616	NC_089037.1.g13678	NC_089037.1.g13837		NC_089037.1.g13728	6	1	
OG0028797	NC_089037.1.g13831	NC_089037.1.g13735	NC_089037.1.g13783	NC_089037.1.g13716	NC_089037.1.g13775		NC_089037.1.g13773	NC_089037.1.g13829	6	1	
OG0028798	NC_089037.1.g13870	NC_089037.1.g13771		NC_089037.1.g13753	NC_089037.1.g13813	NC_089037.1.g13975	NC_089037.1.g13809	NC_089037.1.g13868	6	1	
OG0028799	NC_089037.1.g13873	NC_089037.1.g13773	NC_089037.1.g13822	NC_089037.1.g13755	NC_089037.1.g13815	NC_089037.1.g13977	NC_089037.1.g13811		6	1	
OG0028800	NC_089037.1.g13889	NC_089037.1.g13792	NC_089037.1.g13839	NC_089037.1.g13771	NC_089037.1.g13833	NC_089037.1.g13992	NC_089037.1.g13827		6	1	
OG0028801	NC_089037.1.g13891	NC_089037.1.g13794	NC_089037.1.g13842	NC_089037.1.g13773	NC_089037.1.g13836	NC_089037.1.g13994	NC_089037.1.g13829		6	1	
OG0028802	NC_089037.1.g13919	NC_089037.1.g13822	NC_089037.1.g13870	NC_089037.1.g13802		NC_089037.1.g14023	NC_089037.1.g13859	NC_089037.1.g13915	6	1	
OG0028803	NC_089037.1.g13920	NC_089037.1.g13823		NC_089037.1.g13803	NC_089037.1.g13864	NC_089037.1.g14024	NC_089037.1.g13860	NC_089037.1.g13916	6	1	
OG0028804	NC_089037.1.g13992	NC_089037.1.g13888	NC_089037.1.g13938	NC_089037.1.g13876		NC_089037.1.g14099	NC_089037.1.g13934	NC_089037.1.g13987	6	1	
OG0028805	NC_089038.1.g14042	NC_089038.1.g13939	NC_089038.1.g13989	NC_089038.1.g13925	NC_089038.1.g13980	NC_089038.1.g14148	NC_089038.1.g13984		6	1	
OG0028806	NC_089038.1.g14072	NC_089038.1.g13972	NC_089038.1.g14018	NC_089038.1.g13954	NC_089038.1.g14007	NC_089038.1.g14177		NC_089038.1.g14068	6	1	
OG0028807	NC_089038.1.g14102	NC_089038.1.g14003	NC_089038.1.g14047	NC_089038.1.g13983	NC_089038.1.g14037	NC_089038.1.g14207	NC_089038.1.g14043		6	1	
OG0028808	NC_089038.1.g14112	NC_089038.1.g14011	NC_089038.1.g14056	NC_089038.1.g13992	NC_089038.1.g14044		NC_089038.1.g14052	NC_089038.1.g14106	6	1	
OG0028809	NC_089038.1.g14115	NC_089038.1.g14014	NC_089038.1.g14059	NC_089038.1.g13996	NC_089038.1.g14048		NC_089038.1.g14056	NC_089038.1.g14111	6	1	
OG0028810	NC_089038.1.g14144	NC_089038.1.g14038	NC_089038.1.g14085		NC_089038.1.g14072	NC_089038.1.g14241	NC_089038.1.g14082	NC_089038.1.g14137	6	1	
OG0028811	NC_089038.1.g14151		NC_089038.1.g14091	NC_089038.1.g14032	NC_089038.1.g14079	NC_089038.1.g14248	NC_089038.1.g14089	NC_089038.1.g14145	6	1	
OG0028812	NC_089038.1.g14177	NC_089038.1.g14068		NC_089038.1.g14053	NC_089038.1.g14104	NC_089038.1.g14273	NC_089038.1.g14109	NC_089038.1.g14166	6	1	
OG0028813	NC_089038.1.g14178	NC_089038.1.g14069	NC_089038.1.g14118		NC_089038.1.g14106	NC_089038.1.g14274	NC_089038.1.g14110	NC_089038.1.g14167	6	1	
OG0028814	NC_089038.1.g14211	NC_089038.1.g14104	NC_089038.1.g14155	NC_089038.1.g14096	NC_089038.1.g14143		NC_089038.1.g14145	NC_089038.1.g14203	6	1	
OG0028815	NC_089038.1.g14234	NC_089038.1.g14121	NC_089038.1.g14173	NC_089038.1.g14112		NC_089038.1.g14327	NC_089038.1.g14165	NC_089038.1.g14219	6	1	
OG0028816	NC_089038.1.g14236	NC_089038.1.g14123	NC_089038.1.g14175	NC_089038.1.g14114	NC_089038.1.g14161	NC_089038.1.g14329		NC_089038.1.g14222	6	1	
OG0028817	NC_089038.1.g14276	NC_089038.1.g14166	NC_089038.1.g14210		NC_089038.1.g14205	NC_089038.1.g14370	NC_089038.1.g14206	NC_089038.1.g14265	6	1	
OG0028818	NC_089038.1.g14294	NC_089038.1.g14191	NC_089038.1.g14225		NC_089038.1.g14226	NC_089038.1.g14389	NC_089038.1.g14223	NC_089038.1.g14284	6	1	
OG0028819	NC_089038.1.g14295	NC_089038.1.g14192	NC_089038.1.g14227		NC_089038.1.g14228	NC_089038.1.g14391	NC_089038.1.g14225	NC_089038.1.g14286	6	1	
OG0028820	NC_089038.1.g14306	NC_089038.1.g14207	NC_089038.1.g14234	NC_089038.1.g14172	NC_089038.1.g14244	NC_089038.1.g14400	NC_089038.1.g14241		6	1	
OG0028821	NC_089038.1.g14307	NC_089038.1.g14209	NC_089038.1.g14237		NC_089038.1.g14245	NC_089038.1.g14401	NC_089038.1.g14242	NC_089038.1.g14299	6	1	
OG0028822	NC_089038.1.g14319	NC_089038.1.g14226	NC_089038.1.g14253		NC_089038.1.g14259	NC_089038.1.g14421	NC_089038.1.g14259	NC_089038.1.g14314	6	1	
OG0028823	NC_089038.1.g14344	NC_089038.1.g14247	NC_089038.1.g14275	NC_089038.1.g14212		NC_089038.1.g14445	NC_089038.1.g14281	NC_089038.1.g14336	6	1	
OG0028824	NC_089038.1.g14356	NC_089038.1.g14256	NC_089038.1.g14286		NC_089038.1.g14289	NC_089038.1.g14457	NC_089038.1.g14291	NC_089038.1.g14346	6	1	
OG0028825	NC_089038.1.g14390	NC_089038.1.g14285	NC_089038.1.g14320	NC_089038.1.g14258	NC_089038.1.g14324		NC_089038.1.g14326	NC_089038.1.g14381	6	1	
OG0028826	NC_089038.1.g14392	NC_089038.1.g14287	NC_089038.1.g14322	NC_089038.1.g14260	NC_089038.1.g14326	NC_089038.1.g14493		NC_089038.1.g14383	6	1	
OG0028827	NC_089038.1.g14414		NC_089038.1.g14346	NC_089038.1.g14283	NC_089038.1.g14351	NC_089038.1.g14519	NC_089038.1.g14350	NC_089038.1.g14407	6	1	
OG0028828	NC_089038.1.g14448	NC_089038.1.g14343	NC_089038.1.g14375	NC_089038.1.g14315		NC_089038.1.g14552	NC_089038.1.g14382	NC_089038.1.g14440	6	1	
OG0028829	NC_089038.1.g14453	NC_089038.1.g14348	NC_089038.1.g14381	NC_089038.1.g14319	NC_089038.1.g14384	NC_089038.1.g14556		NC_089038.1.g14444	6	1	
OG0028830	NC_089038.1.g14461	NC_089038.1.g14355	NC_089038.1.g14388	NC_089038.1.g14326	NC_089038.1.g14391		NC_089038.1.g14393	NC_089038.1.g14451	6	1	
OG0028831	NC_089038.1.g14467	NC_089038.1.g14360	NC_089038.1.g14394	NC_089038.1.g14331		NC_089038.1.g14568	NC_089038.1.g14399	NC_089038.1.g14456	6	1	
OG0028832	NC_089038.1.g14475	NC_089038.1.g14368	NC_089038.1.g14400	NC_089038.1.g14340		NC_089038.1.g14574	NC_089038.1.g14409	NC_089038.1.g14467	6	1	
OG0028833	NC_089038.1.g14479	NC_089038.1.g14372	NC_089038.1.g14405	NC_089038.1.g14345	NC_089038.1.g14410	NC_089038.1.g14579		NC_089038.1.g14471	6	1	
OG0028834	NC_089038.1.g14491	NC_089038.1.g14386	NC_089038.1.g14421	NC_089038.1.g14356	NC_089038.1.g14423	NC_089038.1.g14591		NC_089038.1.g14486	6	1	
OG0028835	NC_089038.1.g14562	NC_089038.1.g14468	NC_089038.1.g14496	NC_089038.1.g14426		NC_089038.1.g14671	NC_089038.1.g14501	NC_089038.1.g14559	6	1	
OG0028836	NC_089038.1.g14575	NC_089038.1.g14481		NC_089038.1.g14439	NC_089038.1.g14513	NC_089038.1.g14684	NC_089038.1.g14514	NC_089038.1.g14573	6	1	
OG0028837	NC_089038.1.g14589	NC_089038.1.g14495	NC_089038.1.g14520	NC_089038.1.g14456	NC_089038.1.g14529		NC_089038.1.g14530	NC_089038.1.g14590	6	1	
OG0028838	NC_089038.1.g14591	NC_089038.1.g14497	NC_089038.1.g14522	NC_089038.1.g14458	NC_089038.1.g14532		NC_089038.1.g14532	NC_089038.1.g14592	6	1	
OG0028839	NC_089038.1.g14611		NC_089038.1.g14545	NC_089038.1.g14479	NC_089038.1.g14554	NC_089038.1.g14725	NC_089038.1.g14552	NC_089038.1.g14614	6	1	
OG0028840	NC_089038.1.g14714		NC_089038.1.g14646	NC_089038.1.g14585	NC_089038.1.g14651	NC_089038.1.g14830	NC_089038.1.g14646	NC_089038.1.g14712	6	1	
OG0028841	NC_089038.1.g14726		NC_089038.1.g14657	NC_089038.1.g14601	NC_089038.1.g14660	NC_089038.1.g14843	NC_089038.1.g14656	NC_089038.1.g14721	6	1	
OG0028842	NC_089038.1.g14729	NC_089038.1.g14628	NC_089038.1.g14664		NC_089040.1.g22887	NC_089038.1.g14852	NC_089038.1.g14660	NC_089038.1.g14725	6	1	
OG0028843	NC_089038.1.g14778	NC_089038.1.g14677		NC_089038.1.g14653	NC_089038.1.g14713	NC_089038.1.g14903	NC_089038.1.g14710	NC_089038.1.g14772	6	1	
OG0028844	NC_089038.1.g14784		NC_089038.1.g14719	NC_089038.1.g14657	NC_089038.1.g14720	NC_089038.1.g14908	NC_089038.1.g14715	NC_089038.1.g14777	6	1	
OG0028845	NC_089038.1.g14792	NC_089038.1.g14690		NC_089038.1.g14665	NC_089038.1.g14730	NC_089038.1.g14916	NC_089038.1.g14723	NC_089038.1.g14787	6	1	
OG0028846	NC_089038.1.g14818	NC_089038.1.g14719	NC_089038.1.g14754	NC_089038.1.g14691	NC_089038.1.g14757		NC_089038.1.g14752	NC_089038.1.g14816	6	1	
OG0028847	NC_089038.1.g14819	NC_089038.1.g14720	NC_089038.1.g14755	NC_089038.1.g14692	NC_089038.1.g14758	NC_089038.1.g14941		NC_089038.1.g14817	6	1	
OG0028848	NC_089038.1.g14825	NC_089038.1.g14723	NC_089038.1.g14759		NC_089038.1.g14762	NC_089038.1.g14945	NC_089038.1.g14757	NC_089038.1.g14820	6	1	
OG0028849	NC_089038.1.g14852		NC_089038.1.g14781	NC_089038.1.g14718	NC_089038.1.g14789	NC_089038.1.g14969	NC_089038.1.g14783	NC_089038.1.g14845	6	1	
OG0028850	NC_089038.1.g14864	NC_089038.1.g14761		NC_089038.1.g14728	NC_089038.1.g14801	NC_089038.1.g14979	NC_089038.1.g14798	NC_089038.1.g14857	6	1	
OG0028851	NC_089038.1.g14867	NC_089038.1.g14763		NC_089038.1.g14730	NC_089038.1.g14803	NC_089038.1.g14982	NC_089038.1.g14800	NC_089038.1.g14858	6	1	
OG0028852	NC_089038.1.g14868	NC_089038.1.g14765	NC_089038.1.g14797	NC_089038.1.g14732		NC_089038.1.g14984	NC_089038.1.g14801	NC_089038.1.g14860	6	1	
OG0028853	NC_089038.1.g14872	NC_089038.1.g14769	NC_089038.1.g14799	NC_089038.1.g14736	NC_089038.1.g14807	NC_089038.1.g14988		NC_089038.1.g14863	6	1	
OG0028854	NC_089038.1.g14887		NC_089038.1.g14815	NC_089038.1.g14752	NC_089038.1.g14823	NC_089038.1.g15003	NC_089038.1.g14821	NC_089038.1.g14879	6	1	
OG0028855	NC_089038.1.g14891		NC_089038.1.g14820	NC_089038.1.g14757	NC_089038.1.g14829	NC_089038.1.g15007	NC_089038.1.g14826	NC_089038.1.g14885	6	1	
OG0028856	NC_089038.1.g14937	NC_089038.1.g14838		NC_089038.1.g14801	NC_089038.1.g14881	NC_089038.1.g15060	NC_089038.1.g14874	NC_089038.1.g14935	6	1	
OG0028857	NC_089038.1.g14953	NC_089038.1.g14856	NC_089038.1.g14880	NC_089038.1.g14819	NC_089038.1.g14899	NC_089038.1.g15071		NC_089038.1.g14948	6	1	
OG0028859	NC_089038.1.g15005	NC_089038.1.g14908	NC_089038.1.g14928	NC_089038.1.g14869		NC_089038.1.g15121	NC_089038.1.g14937	NC_089038.1.g15001	6	1	
OG0028860	NC_089038.1.g15044		NC_089038.1.g14962	NC_089038.1.g14912	NC_089038.1.g14994	NC_089038.1.g15161	NC_089038.1.g14980	NC_089038.1.g15038	6	1	
OG0028861	NC_089038.1.g15068	NC_089038.1.g14957		NC_089038.1.g14931	NC_089038.1.g15006	NC_089038.1.g15178	NC_089038.1.g15001	NC_089038.1.g15058	6	1	
OG0028862	NC_089038.1.g15076	NC_089038.1.g14965	NC_089038.1.g14987		NC_089038.1.g15013	NC_089038.1.g15185	NC_089038.1.g15017	NC_089038.1.g15066	6	1	
OG0028863	NC_089038.1.g15080		NC_089038.1.g14990	NC_089038.1.g14941	NC_089038.1.g15016	NC_089038.1.g15189	NC_089038.1.g15020	NC_089038.1.g15069	6	1	
OG0028864	NC_089038.1.g15105	NC_089038.1.g14993	NC_089038.1.g15015	NC_089038.1.g14967		NC_089038.1.g15215	NC_089038.1.g15046	NC_089038.1.g15093	6	1	
OG0028866	NC_089038.1.g15133	NC_089038.1.g15017		NC_089038.1.g14994	NC_089038.1.g15069	NC_089038.1.g15240	NC_089038.1.g15074	NC_089038.1.g15116	6	1	
OG0028867	NC_089038.1.g15140	NC_089038.1.g15024	NC_089038.1.g15046	NC_089038.1.g15001	NC_089038.1.g15076	NC_089038.1.g15247	NC_089038.1.g15081		6	1	
OG0028868	NC_089038.1.g15143		NC_089038.1.g15048	NC_089038.1.g15003	NC_089038.1.g15078	NC_089038.1.g15250	NC_089038.1.g15084	NC_089038.1.g15125	6	1	
OG0028869	NC_089038.1.g15169	NC_089038.1.g15055	NC_089038.1.g15081		NC_089038.1.g15115	NC_089038.1.g15287	NC_089038.1.g15116	NC_089038.1.g15150	6	1	
OG0028870	NC_089038.1.g15171	NC_089038.1.g15057	NC_089038.1.g15083	NC_089038.1.g15038		NC_089038.1.g15289	NC_089038.1.g15118	NC_089038.1.g15152	6	1	
OG0028871	NC_089038.1.g15183	NC_089038.1.g15070	NC_089038.1.g15096	NC_089038.1.g15050	NC_089038.1.g15128	NC_089038.1.g15303	NC_089038.1.g15131		6	1	
OG0028872	NC_089038.1.g15184	NC_089038.1.g15071	NC_089038.1.g15097	NC_089038.1.g15051	NC_089038.1.g15129	NC_089038.1.g15304	NC_089038.1.g15132		6	1	
OG0028873	NC_089038.1.g15196	NC_089038.1.g15087	NC_089038.1.g15115	NC_089038.1.g15067		NC_089038.1.g15317	NC_089038.1.g15145	NC_089038.1.g15172	6	1	
OG0028874	NC_089038.1.g15216	NC_089038.1.g15108	NC_089038.1.g15137	NC_089038.1.g15091		NC_089038.1.g15339	NC_089038.1.g15165	NC_089038.1.g15190	6	1	
OG0028875	NC_089038.1.g15257	NC_089038.1.g15152	NC_089038.1.g15176		NC_089038.1.g15210	NC_089038.1.g15382	NC_089038.1.g15206	NC_089038.1.g15232	6	1	
OG0028876	NC_089038.1.g15274		NC_089038.1.g15192	NC_089038.1.g15150	NC_089038.1.g15227	NC_089038.1.g15399	NC_089038.1.g15222	NC_089038.1.g15247	6	1	
OG0028877	NC_089038.1.g15276	NC_089038.1.g15172		NC_089038.1.g15152	NC_089038.1.g15229	NC_089038.1.g15401	NC_089038.1.g15225	NC_089038.1.g15249	6	1	
OG0028878	NC_089038.1.g15303	NC_089038.1.g15198	NC_089038.1.g15218	NC_089038.1.g15179	NC_089038.1.g15254	NC_089038.1.g15427		NC_089038.1.g15275	6	1	
OG0028880	NC_089038.1.g15335	NC_089038.1.g15227	NC_089038.1.g15246	NC_089038.1.g15211	NC_089038.1.g15281		NC_089038.1.g15280	NC_089038.1.g15305	6	1	
OG0028881	NC_089038.1.g15388	NC_089038.1.g15283		NC_089038.1.g15260	NC_089038.1.g15337	NC_089038.1.g15507	NC_089038.1.g15333	NC_089038.1.g15355	6	1	
OG0028882	NC_089038.1.g15399	NC_089038.1.g15294	NC_089038.1.g15312		NC_089038.1.g15349	NC_089038.1.g15518	NC_089038.1.g15344	NC_089038.1.g15366	6	1	
OG0028883	NC_089038.1.g15427	NC_089038.1.g15322	NC_089038.1.g15338	NC_089038.1.g15299	NC_089038.1.g15380	NC_089038.1.g15548		NC_089038.1.g15398	6	1	
OG0028884	NC_089038.1.g15461	NC_089038.1.g15354	NC_089038.1.g15368	NC_089038.1.g15331		NC_089038.1.g15579	NC_089038.1.g15401	NC_089038.1.g15429	6	1	
OG0028885	NC_089038.1.g15462	NC_089038.1.g15355	NC_089038.1.g15369	NC_089038.1.g15332		NC_089038.1.g15580	NC_089038.1.g15402	NC_089038.1.g15430	6	1	
OG0028886	NC_089038.1.g15507		NC_089038.1.g15412	NC_089038.1.g15374	NC_089038.1.g15458	NC_089038.1.g15622	NC_089038.1.g15445	NC_089038.1.g15474	6	1	
OG0028887	NC_089038.1.g15523	NC_089038.1.g15415	NC_089038.1.g15427	NC_089038.1.g15389	NC_089038.1.g15474		NC_089038.1.g15462	NC_089038.1.g15488	6	1	
OG0028888	NC_089038.1.g15537	NC_089038.1.g15429	NC_089038.1.g15441		NC_089038.1.g15488	NC_089038.1.g15656	NC_089038.1.g15476	NC_089038.1.g15502	6	1	
OG0028889	NC_089038.1.g15545		NC_089038.1.g15449	NC_089038.1.g15413	NC_089038.1.g15497	NC_089038.1.g15666	NC_089038.1.g15484	NC_089038.1.g15510	6	1	
OG0028890	NC_089038.1.g15551		NC_089038.1.g15456	NC_089038.1.g15419	NC_089038.1.g15503	NC_089038.1.g15672	NC_089038.1.g15490	NC_089038.1.g15517	6	1	
OG0028891	NC_089038.1.g15552		NC_089038.1.g15457	NC_089038.1.g15420	NC_089038.1.g15504	NC_089038.1.g15673	NC_089038.1.g15491	NC_089038.1.g15518	6	1	
OG0028892	NC_089038.1.g15619		NC_089038.1.g15530	NC_089038.1.g15488	NC_089038.1.g15574	NC_089038.1.g15744	NC_089038.1.g15560	NC_089038.1.g15586	6	1	
OG0028893	NC_089038.1.g15630	NC_089038.1.g15525	NC_089038.1.g15542	NC_089038.1.g15500	NC_089038.1.g15586		NC_089038.1.g15573	NC_089038.1.g15598	6	1	
OG0028894	NC_089038.1.g15641	NC_089038.1.g15534	NC_089038.1.g15549	NC_089038.1.g15512		NC_089038.1.g15764	NC_089038.1.g15580	NC_089038.1.g15605	6	1	
OG0028895	NC_089038.1.g15642	NC_089038.1.g15535	NC_089038.1.g15550	NC_089038.1.g15513		NC_089038.1.g15765	NC_089038.1.g15581	NC_089038.1.g15606	6	1	
OG0028896	NC_089038.1.g15699		NC_089038.1.g15608	NC_089038.1.g15570	NC_089038.1.g15656	NC_089038.1.g15823	NC_089038.1.g15640	NC_089038.1.g15663	6	1	
OG0028898	NC_089038.1.g15753	NC_089038.1.g15647	NC_089038.1.g15660	NC_089038.1.g15627		NC_089038.1.g15878	NC_089038.1.g15694	NC_089038.1.g15715	6	1	
OG0028899	NC_089038.1.g15773	NC_089038.1.g15665	NC_089038.1.g15677	NC_089038.1.g15644	NC_089038.1.g15728	NC_089038.1.g15897		NC_089038.1.g15732	6	1	
OG0028900	NC_089038.1.g15792	NC_089038.1.g15685	NC_089038.1.g15695	NC_089038.1.g15662		NC_089038.1.g15914	NC_089038.1.g15732	NC_089038.1.g15751	6	1	
OG0028901	NC_089038.1.g15894		NC_089038.1.g15799	NC_089038.1.g15764	NC_089038.1.g15847	NC_089038.1.g16017	NC_089038.1.g15837	NC_089038.1.g15852	6	1	
OG0028902	NC_089038.1.g15924	NC_089038.1.g15818	NC_089038.1.g15828	NC_089038.1.g15791	NC_089038.1.g15874	NC_089038.1.g16050		NC_089038.1.g15882	6	1	
OG0028903	NC_089038.1.g15926	NC_089038.1.g15820	NC_089038.1.g15831	NC_089038.1.g15793		NC_089038.1.g16052	NC_089038.1.g15875	NC_089038.1.g15884	6	1	
OG0028904	NC_089038.1.g15935		NC_089038.1.g15842	NC_089038.1.g15803	NC_089038.1.g15885	NC_089038.1.g16062	NC_089038.1.g15886	NC_089038.1.g15894	6	1	
OG0028905	NC_089038.1.g15983	NC_089038.1.g15877	NC_089038.1.g15890	NC_089038.1.g15851		NC_089038.1.g16114	NC_089038.1.g15934	NC_089038.1.g15943	6	1	
OG0028906	NC_089038.1.g15985	NC_089038.1.g15878		NC_089038.1.g15853	NC_089038.1.g15934	NC_089038.1.g16116	NC_089038.1.g15936	NC_089038.1.g15945	6	1	
OG0028907	NC_089038.1.g16041	NC_089038.1.g15934	NC_089038.1.g15946	NC_089038.1.g15909	NC_089038.1.g15989	NC_089038.1.g16172	NC_089038.1.g15990		6	1	
OG0028908	NC_089038.1.g16047	NC_089038.1.g15944	NC_089038.1.g15956		NC_089038.1.g15999	NC_089038.1.g16183	NC_089038.1.g16000	NC_089038.1.g16008	6	1	
OG0028909	NC_089038.1.g16128		NC_089038.1.g16038	NC_089038.1.g15997	NC_089038.1.g16084	NC_089038.1.g16263	NC_089038.1.g16085	NC_089038.1.g16090	6	1	
OG0028910	NC_089038.1.g16129		NC_089038.1.g16039	NC_089038.1.g15998	NC_089038.1.g16085	NC_089038.1.g16264	NC_089038.1.g16086	NC_089038.1.g16091	6	1	
OG0028911	NC_089038.1.g16155		NC_089038.1.g16066	NC_089038.1.g16024	NC_089038.1.g16111	NC_089038.1.g16291	NC_089038.1.g16114	NC_089038.1.g16118	6	1	
OG0028912	NC_089038.1.g16206	NC_089038.1.g16100		NC_089038.1.g16075	NC_089038.1.g16161	NC_089038.1.g16341	NC_089038.1.g16443	NC_089038.1.g16166	6	1	
OG0028914	NC_089038.1.g16226	NC_089038.1.g16121	NC_089038.1.g16133		NC_089038.1.g16180	NC_089038.1.g16360	NC_089038.1.g16183	NC_089038.1.g16186	6	1	
OG0028915	NC_089038.1.g16249	NC_089038.1.g16143	NC_089038.1.g16157	NC_089038.1.g16114	NC_089038.1.g16203		NC_089038.1.g16206	NC_089038.1.g16208	6	1	
OG0028916	NC_089038.1.g16297		NC_089038.1.g16207	NC_089038.1.g16158	NC_089038.1.g16249	NC_089038.1.g16434	NC_089038.1.g16255	NC_089038.1.g16258	6	1	
OG0028917	NC_089038.1.g16321	NC_089038.1.g16208	NC_089038.1.g16229	NC_089038.1.g16179	NC_089038.1.g16272	NC_089038.1.g16453		NC_089038.1.g16281	6	1	
OG0028918	NC_089038.1.g16338	NC_089038.1.g16226	NC_089038.1.g16246	NC_089038.1.g16196	NC_089038.1.g16289	NC_089038.1.g16470	NC_089038.1.g16291		6	1	
OG0028920	NC_089038.1.g16391	NC_089038.1.g16272	NC_089038.1.g16298	NC_089038.1.g16245	NC_089038.1.g16340	NC_089038.1.g16522		NC_089038.1.g16350	6	1	
OG0028921	NC_089038.1.g16530		NC_089038.1.g16436	NC_089038.1.g16390	NC_089038.1.g16477	NC_089038.1.g16658	NC_089038.1.g16477	NC_089038.1.g16486	6	1	
OG0028923	NC_089038.1.g16672	NC_089038.1.g16538		NC_089038.1.g16526	NC_089038.1.g16612	NC_089038.1.g16804	NC_089038.1.g16610	NC_089038.1.g16617	6	1	
OG0028924	NC_089038.1.g16673	NC_089038.1.g16539	NC_089038.1.g16575		NC_089038.1.g16613	NC_089038.1.g16805	NC_089038.1.g16611	NC_089038.1.g16618	6	1	
OG0028925	NC_089038.1.g16720	NC_089038.1.g16582	NC_089038.1.g16622	NC_089038.1.g16567	NC_089038.1.g16657	NC_089038.1.g16850		NC_089038.1.g16662	6	1	
OG0028926	NC_089038.1.g16727	NC_089038.1.g16588	NC_089038.1.g16628	NC_089038.1.g16573	NC_089038.1.g16664	NC_089038.1.g16856	NC_089038.1.g16660		6	1	
OG0028927	NC_089038.1.g16738	NC_089038.1.g16599	NC_089038.1.g16639	NC_089038.1.g16584		NC_089038.1.g16867	NC_089038.1.g16671	NC_089038.1.g16680	6	1	
OG0028928	NC_089038.1.g16744		NC_089038.1.g16646	NC_089038.1.g16590	NC_089038.1.g16680	NC_089038.1.g16873	NC_089038.1.g16675	NC_089038.1.g16686	6	1	
OG0028929	NC_089038.1.g16746	NC_089038.1.g16604	NC_089038.1.g16648		NC_089038.1.g16682	NC_089038.1.g16875	NC_089038.1.g16677	NC_089038.1.g16688	6	1	
OG0028930	NC_089038.1.g16753	NC_089038.1.g16611	NC_089038.1.g16660	NC_089038.1.g16599	NC_089038.1.g16689		NC_089038.1.g16684	NC_089038.1.g16696	6	1	
OG0028931	NC_089038.1.g16758	NC_089038.1.g16616	NC_089038.1.g16665	NC_089038.1.g16604	NC_089038.1.g16695	NC_089038.1.g16890		NC_089038.1.g16701	6	1	
OG0028934	NC_089038.1.g16846	NC_089038.1.g16701		NC_089038.1.g16693	NC_089038.1.g16783	NC_089038.1.g16976	NC_089038.1.g16775	NC_089038.1.g16791	6	1	
OG0028935	NC_089038.1.g16923	NC_089038.1.g16777	NC_089038.1.g16826	NC_089038.1.g16765		NC_089038.1.g17051	NC_089038.1.g16849	NC_089038.1.g16866	6	1	
OG0028936	NC_089038.1.g16926	NC_089038.1.g16780	NC_089038.1.g16829	NC_089038.1.g16767	NC_089038.1.g16862	NC_089038.1.g17053	NC_089038.1.g16852		6	1	
OG0028937	NC_089038.1.g16936	NC_089038.1.g16790	NC_089038.1.g16840	NC_089038.1.g16778	NC_089038.1.g16873	NC_089038.1.g17064	NC_089038.1.g16862		6	1	
OG0028938	NC_089038.1.g16964		NC_089038.1.g16870	NC_089038.1.g16807	NC_089038.1.g16899	NC_089038.1.g17090	NC_089038.1.g16889	NC_089038.1.g16903	6	1	
OG0028939	NC_089038.1.g16984		NC_089038.1.g16887	NC_089038.1.g16827	NC_089038.1.g16919	NC_089038.1.g17111	NC_089038.1.g16907	NC_089038.1.g16923	6	1	
OG0028941	NC_089038.1.g17096		NC_089038.1.g17004	NC_089038.1.g16939	NC_089038.1.g17033	NC_089038.1.g17223	NC_089038.1.g17019	NC_089038.1.g17041	6	1	
OG0028942	NC_089038.1.g17105		NC_089038.1.g17013	NC_089038.1.g16948	NC_089038.1.g17042	NC_089038.1.g17232	NC_089038.1.g17028	NC_089038.1.g17050	6	1	
OG0028943	NC_089038.1.g17117	NC_089038.1.g16957		NC_089038.1.g16961	NC_089038.1.g17050	NC_089038.1.g17245	NC_089038.1.g17035	NC_089038.1.g17058	6	1	
OG0028944	NC_089038.1.g17171	NC_089038.1.g17012	NC_089038.1.g17079	NC_089038.1.g17014		NC_089038.1.g17298	NC_089038.1.g17093	NC_089038.1.g17117	6	1	
OG0028945	NC_089038.1.g17240	NC_089038.1.g17080	NC_089038.1.g17151		NC_089038.1.g17179	NC_089038.1.g17372	NC_089038.1.g17164	NC_089038.1.g17191	6	1	
OG0028946	NC_089038.1.g17244	NC_089038.1.g17084	NC_089038.1.g17155		NC_089038.1.g17183	NC_089038.1.g17376	NC_089038.1.g17168	NC_089038.1.g17195	6	1	
OG0028947	NC_089038.1.g17298	NC_089038.1.g17136	NC_089038.1.g17210	NC_089038.1.g17144	NC_089038.1.g17235	NC_089038.1.g17431	NC_089038.1.g17221		6	1	
OG0028948	NC_089038.1.g17326	NC_089038.1.g17163	NC_089038.1.g17238	NC_089038.1.g17172	NC_089038.1.g17261	NC_089038.1.g17459		NC_089038.1.g17273	6	1	
OG0028949	NC_089038.1.g17333	NC_089038.1.g17170	NC_089038.1.g17246	NC_089038.1.g17179	NC_089038.1.g17268	NC_089038.1.g17467	NC_089038.1.g17255		6	1	
OG0028950	NC_089038.1.g17397		NC_089038.1.g17311	NC_089038.1.g17244	NC_089038.1.g17333	NC_089038.1.g17531	NC_089038.1.g17321	NC_089038.1.g17343	6	1	
OG0028951	NC_089038.1.g17399		NC_089038.1.g17314	NC_089038.1.g17247	NC_089038.1.g17336	NC_089038.1.g17534	NC_089038.1.g17324	NC_089038.1.g17346	6	1	
OG0028952	NC_089038.1.g17440	NC_089038.1.g17276		NC_089038.1.g17289	NC_089038.1.g17376	NC_089038.1.g17574	NC_089038.1.g17366	NC_089038.1.g17388	6	1	
OG0028953	NC_089038.1.g17476	NC_089038.1.g17313	NC_089038.1.g17394	NC_089038.1.g17325	NC_089038.1.g17412	NC_089038.1.g17610		NC_089038.1.g17423	6	1	
OG0028954	NC_089038.1.g17490	NC_089038.1.g17328	NC_089038.1.g17407	NC_089038.1.g17340		NC_089038.1.g17625	NC_089038.1.g17418	NC_089038.1.g17438	6	1	
OG0028955	NC_089038.1.g17495	NC_089038.1.g17333		NC_089038.1.g17345	NC_089038.1.g17431	NC_089038.1.g17630	NC_089038.1.g17422	NC_089038.1.g17444	6	1	
OG0028957	NC_089038.1.g17536	NC_089038.1.g17373		NC_089038.1.g17387	NC_089044.1.g33565	NC_089038.1.g17671	NC_089038.1.g17462	NC_089038.1.g17484	6	1	
OG0028958	NC_089039.1.g17579	NC_089039.1.g17417	NC_089039.1.g17492	NC_089039.1.g17428	NC_089039.1.g17515	NC_089039.1.g17715		NC_089039.1.g17528	6	1	
OG0028959	NC_089039.1.g17584		NC_089039.1.g17497	NC_089039.1.g17433	NC_089039.1.g17520	NC_089039.1.g17720	NC_089039.1.g17512	NC_089039.1.g17533	6	1	
OG0028960	NC_089039.1.g17610	NC_089039.1.g17446	NC_089039.1.g17522	NC_089039.1.g17459	NC_089039.1.g17545	NC_089039.1.g17746	NC_089039.1.g17536		6	1	
OG0028961	NC_089039.1.g17623	NC_089039.1.g17457		NC_089039.1.g17471	NC_089039.1.g17556	NC_089039.1.g17759	NC_089039.1.g17547	NC_089039.1.g17568	6	1	
OG0028962	NC_089039.1.g17676	NC_089039.1.g17509		NC_089039.1.g17524	NC_089039.1.g17608	NC_089039.1.g17811	NC_089039.1.g17600	NC_089039.1.g17622	6	1	
OG0028963	NC_089039.1.g17692		NC_089039.1.g17601	NC_089039.1.g17541	NC_089039.1.g17625	NC_089039.1.g17827	NC_089039.1.g17617	NC_089039.1.g17637	6	1	
OG0028964	NC_089039.1.g17744		NC_089039.1.g17653	NC_089039.1.g17595	NC_089039.1.g17681	NC_089039.1.g17886	NC_089039.1.g17670	NC_089039.1.g17691	6	1	
OG0028965	NC_089039.1.g17747		NC_089039.1.g17656	NC_089039.1.g17598	NC_089039.1.g17684	NC_089039.1.g17889	NC_089039.1.g17675	NC_089039.1.g17695	6	1	
OG0028966	NC_089039.1.g17784	NC_089039.1.g17618		NC_089039.1.g17636	NC_089039.1.g17718	NC_089039.1.g17932	NC_089039.1.g17710	NC_089039.1.g17733	6	1	
OG0028967	NC_089039.1.g17799	NC_089039.1.g17633	NC_089039.1.g17707	NC_089039.1.g17650	NC_089039.1.g17733		NC_089039.1.g17725	NC_089039.1.g17748	6	1	
OG0028968	NC_089039.1.g17910	NC_089039.1.g17741	NC_089039.1.g17817		NC_089039.1.g17850	NC_089039.1.g18058	NC_089039.1.g17837	NC_089039.1.g17863	6	1	
OG0028969	NC_089039.1.g17933	NC_089039.1.g17764	NC_089039.1.g17840	NC_089039.1.g17784		NC_089039.1.g18081	NC_089039.1.g17860	NC_089039.1.g17886	6	1	
OG0028970	NC_089039.1.g17942	NC_089039.1.g17773		NC_089039.1.g17793	NC_089039.1.g17880	NC_089039.1.g18090	NC_089039.1.g17869	NC_089039.1.g17895	6	1	
OG0028971	NC_089039.1.g17954	NC_089039.1.g17785	NC_089039.1.g17862	NC_089039.1.g17805	NC_089039.1.g17892	NC_089039.1.g18102	NC_089039.1.g17881		6	1	
OG0028972	NC_089039.1.g17997		NC_089039.1.g17905	NC_089039.1.g17846	NC_089039.1.g17935	NC_089039.1.g18144	NC_089039.1.g17925	NC_089039.1.g17951	6	1	
OG0028973	NC_089039.1.g18038	NC_089039.1.g17873	NC_089039.1.g17946	NC_089039.1.g17890	NC_089039.1.g17977	NC_089039.1.g18188		NC_089039.1.g17994	6	1	
OG0028974	NC_089039.1.g18039	NC_089039.1.g17874	NC_089039.1.g17947	NC_089039.1.g17891	NC_089039.1.g17978	NC_089039.1.g18190	NC_089039.1.g17972		6	1	
OG0028975	NC_089039.1.g18064		NC_089039.1.g17973	NC_089039.1.g17913	NC_089039.1.g18002	NC_089039.1.g18216	NC_089039.1.g17995	NC_089036.1.g6268	6	1	
OG0028976	NC_089039.1.g18085	NC_089039.1.g17921	NC_089039.1.g17995		NC_089039.1.g18028	NC_089039.1.g18239	NC_089039.1.g18018	NC_089039.1.g18031	6	1	
OG0028977	NC_089039.1.g18124	NC_089039.1.g17962		NC_089039.1.g17971	NC_089039.1.g18067	NC_089039.1.g18278	NC_089039.1.g18055	NC_089039.1.g18071	6	1	
OG0028978	NC_089039.1.g18178	NC_089039.1.g18013	NC_089039.1.g18079	NC_089039.1.g18021		NC_089039.1.g18326	NC_089039.1.g18103	NC_089039.1.g18120	6	1	
OG0028979	NC_089039.1.g18188		NC_089039.1.g18088	NC_089039.1.g18029	NC_089039.1.g18130	NC_089039.1.g18335	NC_089039.1.g18113	NC_089039.1.g18130	6	1	
OG0028980	NC_089039.1.g18196	NC_089039.1.g18033		NC_089039.1.g18037	NC_089039.1.g18139	NC_089039.1.g18343	NC_089039.1.g18122	NC_089039.1.g18139	6	1	
OG0028981	NC_089039.1.g18216		NC_089039.1.g18117	NC_089039.1.g18058	NC_089039.1.g18158	NC_089039.1.g18363	NC_089039.1.g18140	NC_089039.1.g18161	6	1	
OG0028982	NC_089039.1.g18226	NC_089039.1.g18066		NC_089039.1.g18068	NC_089039.1.g18171	NC_089039.1.g18375	NC_089039.1.g18151	NC_089039.1.g18173	6	1	
OG0028983	NC_089039.1.g18305		NC_089039.1.g18204	NC_089039.1.g18149	NC_089039.1.g18253	NC_089039.1.g18455	NC_089039.1.g18235	NC_089039.1.g18253	6	1	
OG0028984	NC_089039.1.g18308	NC_089039.1.g18149		NC_089039.1.g18152	NC_089039.1.g18256	NC_089039.1.g18458	NC_089039.1.g18238	NC_089039.1.g18256	6	1	
OG0028985	NC_089039.1.g18309	NC_089039.1.g18151		NC_089039.1.g18153	NC_089039.1.g18258	NC_089039.1.g18459	NC_089039.1.g18240	NC_089039.1.g18257	6	1	
OG0028986	NC_089039.1.g18313		NC_089039.1.g18212	NC_089039.1.g18157	NC_089039.1.g18263	NC_089039.1.g18462	NC_089039.1.g18245	NC_089039.1.g18261	6	1	
OG0028987	NC_089039.1.g18345	NC_089039.1.g18187	NC_089039.1.g18245	NC_089039.1.g18187	NC_089039.1.g18295	NC_089039.1.g18494		NC_089039.1.g18295	6	1	
OG0028988	NC_089039.1.g18346	NC_089039.1.g18188	NC_089039.1.g18246	NC_089039.1.g18188	NC_089039.1.g18296	NC_089039.1.g18495		NC_089039.1.g18296	6	1	
OG0028989	NC_089039.1.g18367	NC_089039.1.g18205	NC_089039.1.g18267	NC_089039.1.g18208		NC_089039.1.g18516	NC_089039.1.g18299	NC_089039.1.g18319	6	1	
OG0028990	NC_089039.1.g18434	NC_089039.1.g18267	NC_089039.1.g18329		NC_089039.1.g18389	NC_089039.1.g18581	NC_089039.1.g18365	NC_089039.1.g18388	6	1	
OG0028991	NC_089039.1.g18437	NC_089039.1.g18271	NC_089039.1.g18333	NC_089039.1.g18269	NC_089039.1.g18393	NC_089039.1.g18584	NC_089039.1.g18369		6	1	
OG0028992	NC_089039.1.g18438	NC_089039.1.g18272	NC_089039.1.g18334	NC_089039.1.g18270	NC_089039.1.g18394	NC_089039.1.g18585	NC_089039.1.g18370		6	1	
OG0028994	NC_089039.1.g18472	NC_089039.1.g18304	NC_089039.1.g18372		NC_089039.1.g18427	NC_089039.1.g18623	NC_089039.1.g18406	NC_089039.1.g18428	6	1	
OG0028995	NC_089039.1.g18491	NC_089039.1.g18323		NC_089039.1.g18323	NC_089039.1.g18446	NC_089039.1.g18642	NC_089039.1.g18422	NC_089039.1.g18447	6	1	
OG0028996	NC_089039.1.g18510	NC_089039.1.g18344		NC_089039.1.g18345	NC_089039.1.g18465	NC_089039.1.g18663	NC_089039.1.g18444	NC_089039.1.g18467	6	1	
OG0028997	NC_089039.1.g18517	NC_089039.1.g18352	NC_089039.1.g18416	NC_089039.1.g18354	NC_089039.1.g18474		NC_089039.1.g18452	NC_089039.1.g18475	6	1	
OG0028998	NC_089039.1.g18526	NC_089039.1.g18362	NC_089039.1.g18426	NC_089039.1.g18364	NC_089039.1.g18483	NC_089039.1.g18679	NC_089039.1.g18463		6	1	
OG0028999	NC_089039.1.g18530	NC_089039.1.g18366	NC_089039.1.g18431		NC_089039.1.g18488	NC_089039.1.g18683	NC_089039.1.g18468	NC_089039.1.g18488	6	1	
OG0029000	NC_089039.1.g18550	NC_089039.1.g18385	NC_089039.1.g18451	NC_089039.1.g18386	NC_089039.1.g18505		NC_089039.1.g18488	NC_089039.1.g18509	6	1	
OG0029002	NC_089039.1.g18580	NC_089042.1.g28753		NC_089039.1.g18413	NC_089039.1.g18532	NC_089039.1.g18732	NC_089039.1.g18514	NC_089039.1.g18541	6	1	
OG0029003	NC_089039.1.g18598	NC_089039.1.g18427	NC_089039.1.g18494	NC_089039.1.g18430		NC_089039.1.g18749	NC_089039.1.g18531	NC_089039.1.g18557	6	1	
OG0029004	NC_089039.1.g18618	NC_089039.1.g18447	NC_089039.1.g18516	NC_089039.1.g18450		NC_089039.1.g18769	NC_089039.1.g18549	NC_089039.1.g18578	6	1	
OG0029006	NC_089039.1.g18665	NC_089039.1.g18494		NC_089039.1.g18498	NC_089039.1.g18619	NC_089039.1.g18820	NC_089039.1.g18597	NC_089039.1.g18626	6	1	
OG0029007	NC_089039.1.g18681	NC_089039.1.g18509	NC_089039.1.g18571	NC_089039.1.g18512	NC_089039.1.g18632	NC_089039.1.g18834		NC_089039.1.g18640	6	1	
OG0029008	NC_089039.1.g18683	NC_089039.1.g18511	NC_089039.1.g18573	NC_089039.1.g18514		NC_089039.1.g18836	NC_089039.1.g18613	NC_089039.1.g18642	6	1	
OG0029009	NC_089039.1.g18685	NC_089039.1.g18513	NC_089039.1.g18575		NC_089039.1.g18635	NC_089039.1.g18838	NC_089039.1.g18615	NC_089039.1.g18644	6	1	
OG0029010	NC_089039.1.g18701		NC_089039.1.g18589	NC_089039.1.g18530	NC_089039.1.g18648	NC_089039.1.g18854	NC_089039.1.g18629	NC_089039.1.g18657	6	1	
OG0029011	NC_089039.1.g18718	NC_089039.1.g18545	NC_089039.1.g18606	NC_089039.1.g18550		NC_089039.1.g18874	NC_089039.1.g18646	NC_089039.1.g18675	6	1	
OG0029012	NC_089039.1.g18723		NC_089039.1.g18613	NC_089039.1.g18556	NC_089039.1.g18673	NC_089039.1.g18880	NC_089039.1.g18653	NC_089039.1.g18681	6	1	
OG0029013	NC_089039.1.g18743		NC_089039.1.g18635	NC_089039.1.g18579	NC_089039.1.g18695	NC_089039.1.g18903	NC_089039.1.g18674	NC_089039.1.g18702	6	1	
OG0029014	NC_089039.1.g18800	NC_089039.1.g18624	NC_089039.1.g18685	NC_089039.1.g18630	NC_089039.1.g18745		NC_089039.1.g18723	NC_089039.1.g18750	6	1	
OG0029015	NC_089039.1.g18819	NC_089039.1.g18644	NC_089039.1.g18704		NC_089039.1.g18765	NC_089039.1.g18976	NC_089039.1.g18743	NC_089039.1.g18768	6	1	
OG0029016	NC_089039.1.g18849	NC_089039.1.g18671	NC_089039.1.g18732	NC_089039.1.g18681	NC_089039.1.g18798		NC_089039.1.g18779	NC_089039.1.g18800	6	1	
OG0029017	NC_089039.1.g18860		NC_089039.1.g18743	NC_089039.1.g18692	NC_089039.1.g18809	NC_089039.1.g19017	NC_089039.1.g18789	NC_089039.1.g18811	6	1	
OG0029018	NC_089039.1.g18879	NC_089039.1.g18701	NC_089039.1.g18759	NC_089039.1.g18704	NC_089039.1.g18823	NC_089039.1.g19034	NC_089039.1.g18803		6	1	
OG0029019	NC_089039.1.g18883	NC_089039.1.g18706	NC_089039.1.g18764		NC_089039.1.g18826	NC_089039.1.g19038	NC_089039.1.g18808	NC_089039.1.g18829	6	1	
OG0029020	NC_089039.1.g18894		NC_089039.1.g18775	NC_089039.1.g18716	NC_089039.1.g18837	NC_089039.1.g19047	NC_089039.1.g18816	NC_089039.1.g18838	6	1	
OG0029021	NC_089039.1.g18900	NC_089039.1.g18722	NC_089039.1.g18782		NC_089039.1.g18843	NC_089039.1.g19053	NC_089039.1.g18822	NC_089039.1.g18844	6	1	
OG0029022	NC_089039.1.g18903	NC_089039.1.g18725	NC_089039.1.g18784	NC_089039.1.g18726	NC_089039.1.g18846	NC_089039.1.g19055		NC_089039.1.g18846	6	1	
OG0029023	NC_089039.1.g18980		NC_089039.1.g18870	NC_089039.1.g18806	NC_089039.1.g18929	NC_089039.1.g19136	NC_089039.1.g18908	NC_089039.1.g18924	6	1	
OG0029024	NC_089039.1.g18991	NC_089039.1.g18824	NC_089039.1.g18879		NC_089039.1.g18941	NC_089039.1.g19149	NC_089039.1.g18918	NC_089039.1.g18932	6	1	
OG0029025	NC_089039.1.g18992	NC_089039.1.g18825	NC_089039.1.g18880	NC_089039.1.g18818		NC_089039.1.g19150	NC_089039.1.g18919	NC_089039.1.g18933	6	1	
OG0029026	NC_089039.1.g19006		NC_089039.1.g18897	NC_089039.1.g18832	NC_089039.1.g18955	NC_089039.1.g19167	NC_089039.1.g18934	NC_089039.1.g18946	6	1	
OG0029027	NC_089039.1.g19027	NC_089039.1.g18861	NC_089039.1.g18916	NC_089039.1.g18854	NC_089039.1.g18975	NC_089039.1.g19189		NC_089039.1.g18966	6	1	
OG0029028	NC_089039.1.g19033	NC_089039.1.g18868	NC_089039.1.g18923		NC_089039.1.g18982	NC_089039.1.g19195	NC_089039.1.g18962	NC_089039.1.g18974	6	1	
OG0029029	NC_089039.1.g19045	NC_089039.1.g18879	NC_089039.1.g18934	NC_089039.1.g18871	NC_089039.1.g18993		NC_089039.1.g18974	NC_089039.1.g18984	6	1	
OG0029032	NC_089039.1.g19089	NC_089039.1.g18923	NC_089039.1.g18978	NC_089039.1.g18914	NC_089039.1.g19036	NC_089039.1.g19249	NC_089039.1.g19018		6	1	
OG0029033	NC_089039.1.g19103	NC_089035.1.g2771	NC_089035.1.g2774		NC_089035.1.g2767	NC_089035.1.g2806	NC_089035.1.g2762	NC_089035.1.g2747	6	1	
OG0029036	NC_089039.1.g19186	NC_089039.1.g19023	NC_089039.1.g19076	NC_089039.1.g19009	NC_089039.1.g19126	NC_089039.1.g19341	NC_089039.1.g19112		6	1	
OG0029037	NC_089039.1.g19189	NC_089039.1.g19027	NC_089039.1.g19080	NC_089039.1.g19012		NC_089039.1.g19346	NC_089039.1.g19117	NC_089039.1.g19124	6	1	
OG0029038	NC_089039.1.g19217	NC_089039.1.g19055	NC_089039.1.g19109	NC_089039.1.g19037	NC_089039.1.g19159		NC_089039.1.g19145	NC_089039.1.g19153	6	1	
OG0029039	NC_089039.1.g19250	NC_089039.1.g19085	NC_089039.1.g19141	NC_089039.1.g19069	NC_089039.1.g19191		NC_089039.1.g19177	NC_089039.1.g19186	6	1	
OG0029040	NC_089039.1.g19258	NC_089039.1.g19093	NC_089039.1.g19149	NC_089039.1.g19075	NC_089039.1.g19197	NC_089039.1.g19417		NC_089039.1.g19193	6	1	
OG0029041	NC_089039.1.g19264		NC_089039.1.g19155	NC_089039.1.g19080	NC_089039.1.g19203	NC_089039.1.g19423	NC_089039.1.g19192	NC_089039.1.g19199	6	1	
OG0029042	NC_089039.1.g19274	NC_089039.1.g19113		NC_089039.1.g19091	NC_089039.1.g19215	NC_089039.1.g19436	NC_089039.1.g19202	NC_089039.1.g19210	6	1	
OG0029043	NC_089039.1.g19375		NC_089039.1.g19269	NC_089039.1.g19194	NC_089039.1.g19326	NC_089039.1.g19537	NC_089039.1.g19301	NC_089039.1.g19314	6	1	
OG0029045	NC_089039.1.g19455	NC_089039.1.g19300	NC_089039.1.g19355	NC_089039.1.g19275	NC_089039.1.g19411	NC_089039.1.g19619	NC_089039.1.g19382		6	1	
OG0029046	NC_089039.1.g19470	NC_089039.1.g19313	NC_089039.1.g19367	NC_089039.1.g19288	NC_089039.1.g19424		NC_089039.1.g19393	NC_089039.1.g19407	6	1	
OG0029047	NC_089039.1.g19472	NC_089039.1.g19315	NC_089039.1.g19369	NC_089039.1.g19290	NC_089039.1.g19426	NC_089039.1.g19633		NC_089039.1.g19409	6	1	
OG0029049	NC_089039.1.g19607	NC_089039.1.g19440	NC_089039.1.g19501	NC_089039.1.g19428	NC_089039.1.g19545	NC_089039.1.g19772	NC_089039.1.g19511		6	1	
OG0029050	NC_089039.1.g19608	NC_089039.1.g19441	NC_089039.1.g19502		NC_089039.1.g19546	NC_089039.1.g19773	NC_089039.1.g19512	NC_089039.1.g19534	6	1	
OG0029051	NC_089039.1.g19654	NC_089039.1.g19488	NC_089039.1.g19547	NC_089039.1.g19476		NC_089039.1.g19816	NC_089039.1.g19558	NC_089039.1.g19582	6	1	
OG0029052	NC_089039.1.g19708		NC_089039.1.g19603	NC_089039.1.g19529	NC_089039.1.g19651	NC_089039.1.g19873	NC_089039.1.g19615	NC_089039.1.g19636	6	1	
OG0029053	NC_089039.1.g19716	NC_089039.1.g19554	NC_089039.1.g19611	NC_089039.1.g19537	NC_089039.1.g19659	NC_089039.1.g19881	NC_089039.1.g19623		6	1	
OG0029055	NC_089039.1.g19865	NC_089039.1.g19713		NC_089039.1.g19691	NC_089039.1.g19819	NC_089039.1.g20035	NC_089039.1.g19769	NC_089039.1.g19791	6	1	
OG0029056	NC_089039.1.g19870	NC_089039.1.g19717	NC_089039.1.g19768	NC_089039.1.g19696		NC_089039.1.g20039	NC_089039.1.g19773	NC_089039.1.g19796	6	1	
OG0029057	NC_089039.1.g19944	NC_089039.1.g19790	NC_089039.1.g19848	NC_089039.1.g19768	NC_089039.1.g19896		NC_089039.1.g19845	NC_089039.1.g19868	6	1	
OG0029059	NC_089039.1.g19979	NC_089039.1.g19822	NC_089039.1.g19879	NC_089039.1.g19803	NC_089039.1.g19934		NC_089039.1.g19873	NC_089039.1.g19900	6	1	
OG0029061	NC_089039.1.g20125	NC_089039.1.g19979	NC_089039.1.g20029		NC_089039.1.g20087	NC_089039.1.g20297	NC_089039.1.g20029	NC_089039.1.g20057	6	1	
OG0029062	NC_089039.1.g20133	NC_089039.1.g19987	NC_089039.1.g20038		NC_089039.1.g20095	NC_089039.1.g20307	NC_089039.1.g20037	NC_089039.1.g20066	6	1	
OG0029063	NC_089039.1.g20142	NC_089039.1.g19996	NC_089039.1.g20047	NC_089039.1.g19969	NC_089039.1.g20103		NC_089039.1.g20046	NC_089039.1.g20075	6	1	
OG0029064	NC_089039.1.g20183		NC_089039.1.g20082	NC_089039.1.g20007	NC_089039.1.g20137	NC_089039.1.g20355	NC_089039.1.g20087	NC_089039.1.g20111	6	1	
OG0029065	NC_089039.1.g20227	NC_089039.1.g20077		NC_089039.1.g20051	NC_089039.1.g20184	NC_089039.1.g20398	NC_089039.1.g20135	NC_089039.1.g20156	6	1	
OG0029066	NC_089039.1.g20283	NC_089039.1.g20141	NC_089039.1.g20194	NC_089039.1.g20110		NC_089039.1.g20460	NC_089039.1.g20188	NC_089039.1.g20215	6	1	
OG0029067	NC_089039.1.g20289	NC_089039.1.g20146	NC_089039.1.g20199		NC_089039.1.g20254	NC_089039.1.g20465	NC_089039.1.g20193	NC_089039.1.g20220	6	1	
OG0029068	NC_089039.1.g20292	NC_089039.1.g20149	NC_089039.1.g20202	NC_089039.1.g20117	NC_089039.1.g20257		NC_089039.1.g20196	NC_089039.1.g20223	6	1	
OG0029069	NC_089039.1.g20316	NC_089039.1.g20171	NC_089039.1.g20219	NC_089039.1.g20141	NC_089039.1.g20281		NC_089039.1.g20217	NC_089039.1.g20241	6	1	
OG0029070	NC_089039.1.g20629	NC_089039.1.g20494	NC_089039.1.g20538	NC_089039.1.g20459	NC_089039.1.g20594		NC_089039.1.g20524	NC_089039.1.g20553	6	1	
OG0029071	NC_089039.1.g20644	NC_089039.1.g20508	NC_089039.1.g20552		NC_089039.1.g20609	NC_089039.1.g20814	NC_089039.1.g20539	NC_089039.1.g20568	6	1	
OG0029072	NC_089039.1.g20656	NC_089039.1.g20521	NC_089039.1.g20564	NC_089039.1.g20485	NC_089039.1.g20623	NC_089039.1.g20825		NC_089039.1.g20581	6	1	
OG0029073	NC_089039.1.g20677	NC_089039.1.g20542		NC_089039.1.g20506	NC_089039.1.g20644	NC_089039.1.g20846	NC_089039.1.g20574	NC_089039.1.g20604	6	1	
OG0029074	NC_089039.1.g20678	NC_089039.1.g20543		NC_089039.1.g20507	NC_089039.1.g20645	NC_089039.1.g20847	NC_089039.1.g20575	NC_089039.1.g20605	6	1	
OG0029075	NC_089039.1.g20692	NC_089039.1.g20555	NC_089039.1.g20598		NC_089039.1.g20657	NC_089039.1.g20859	NC_089039.1.g20587	NC_089039.1.g20616	6	1	
OG0029076	NC_089039.1.g20696	NC_089039.1.g20558	NC_089039.1.g20601	NC_089039.1.g20521	NC_089039.1.g20660	NC_089039.1.g20863	NC_089039.1.g20591		6	1	
OG0029077	NC_089040.1.g20715		NC_089040.1.g20617	NC_089040.1.g20538	NC_089040.1.g20680	NC_089040.1.g20882	NC_089040.1.g20610	NC_089040.1.g20636	6	1	
OG0029078	NC_089040.1.g20752	NC_089040.1.g20613	NC_089040.1.g20653		NC_089040.1.g20718	NC_089040.1.g20917	NC_089040.1.g20646	NC_089040.1.g20671	6	1	
OG0029079	NC_089040.1.g20847		NC_089040.1.g20746	NC_089040.1.g20667	NC_089040.1.g20815	NC_089040.1.g21013	NC_089040.1.g20735	NC_089040.1.g20764	6	1	
OG0029080	NC_089040.1.g20851		NC_089040.1.g20749	NC_089040.1.g20670	NC_089040.1.g20819	NC_089040.1.g21017	NC_089040.1.g20739	NC_089040.1.g20767	6	1	
OG0029081	NC_089040.1.g20860		NC_089040.1.g20759	NC_089040.1.g20681	NC_089040.1.g20827	NC_089040.1.g21024	NC_089040.1.g20747	NC_089040.1.g20774	6	1	
OG0029082	NC_089040.1.g20876	NC_089040.1.g20726	NC_089040.1.g20777	NC_089040.1.g20700		NC_089040.1.g21043	NC_089040.1.g20766	NC_089040.1.g20791	6	1	
OG0029083	NC_089040.1.g20889		NC_089040.1.g20789	NC_089040.1.g20713	NC_089040.1.g20857	NC_089040.1.g21055	NC_089040.1.g20777	NC_089040.1.g20803	6	1	
OG0029084	NC_089040.1.g20909	NC_089040.1.g20757	NC_089040.1.g20810		NC_089040.1.g20878	NC_089040.1.g21078	NC_089040.1.g20798	NC_089040.1.g20823	6	1	
OG0029085	NC_089040.1.g20961	NC_089040.1.g20809	NC_089040.1.g20861	NC_089040.1.g20783	NC_089040.1.g20932		NC_089040.1.g20850	NC_089040.1.g20875	6	1	
OG0029086	NC_089040.1.g21053	NC_089040.1.g20906	NC_089040.1.g20956	NC_089040.1.g20880		NC_089040.1.g21226	NC_089040.1.g20944	NC_089040.1.g20969	6	1	
OG0029087	NC_089040.1.g21055	NC_089040.1.g20907	NC_089040.1.g20957	NC_089040.1.g20881		NC_089040.1.g21227	NC_089040.1.g20945	NC_089040.1.g20971	6	1	
OG0029088	NC_089040.1.g21056	NC_089040.1.g20908	NC_089040.1.g20958	NC_089040.1.g20882	NC_089040.1.g21029		NC_089040.1.g20946	NC_089040.1.g20972	6	1	
OG0029089	NC_089040.1.g21057	NC_089040.1.g20909	NC_089040.1.g20959	NC_089040.1.g20883		NC_089040.1.g21229	NC_089040.1.g20947	NC_089040.1.g20973	6	1	
OG0029090	NC_089040.1.g21058	NC_089040.1.g20910	NC_089040.1.g20960	NC_089040.1.g20884		NC_089040.1.g21230	NC_089040.1.g20948	NC_089040.1.g20974	6	1	
OG0029091	NC_089040.1.g21059	NC_089040.1.g20911	NC_089040.1.g20961	NC_089040.1.g20885		NC_089040.1.g21231	NC_089040.1.g20949	NC_089040.1.g20975	6	1	
OG0029092	NC_089040.1.g21060	NC_089040.1.g20912	NC_089040.1.g20962	NC_089040.1.g20886		NC_089040.1.g21232	NC_089040.1.g20950	NC_089040.1.g20976	6	1	
OG0029093	NC_089040.1.g21094	NC_089040.1.g20946		NC_089040.1.g20918	NC_089040.1.g21066	NC_089040.1.g21263	NC_089040.1.g20983	NC_089040.1.g21011	6	1	
OG0029094	NC_089040.1.g21101	NC_089040.1.g20953	NC_089040.1.g21003	NC_089040.1.g20925		NC_089040.1.g21270	NC_089040.1.g20990	NC_089040.1.g21018	6	1	
OG0029095	NC_089040.1.g21103	NC_089040.1.g20955		NC_089040.1.g20927	NC_089040.1.g21074	NC_089040.1.g21272	NC_089040.1.g20992	NC_089040.1.g21020	6	1	
OG0029096	NC_089040.1.g21124	NC_089040.1.g20977		NC_089040.1.g20947	NC_089040.1.g21096	NC_089040.1.g21293	NC_089040.1.g21014	NC_089040.1.g21042	6	1	
OG0029098	NC_089040.1.g21171	NC_089040.1.g21026	NC_089040.1.g21070		NC_089040.1.g21143	NC_089040.1.g21343	NC_089040.1.g21061	NC_089040.1.g21089	6	1	
OG0029099	NC_089040.1.g21174	NC_089040.1.g21027	NC_089040.1.g21072		NC_089040.1.g21144	NC_089040.1.g21344	NC_089040.1.g21064	NC_089040.1.g21091	6	1	
OG0029100	NC_089040.1.g21176	NC_089040.1.g21029	NC_089040.1.g21074		NC_089040.1.g21146	NC_089040.1.g21346	NC_089040.1.g21066	NC_089040.1.g21093	6	1	
OG0029101	NC_089040.1.g21195	NC_089040.1.g21049	NC_089040.1.g21092		NC_089040.1.g21162	NC_089040.1.g21364	NC_089040.1.g21085	NC_089040.1.g21113	6	1	
OG0029102	NC_089040.1.g21204	NC_089040.1.g21058	NC_089040.1.g21101	NC_089040.1.g21018	NC_089040.1.g21171	NC_089040.1.g21373		NC_089040.1.g21122	6	1	
OG0029103	NC_089040.1.g21247	NC_089040.1.g21097	NC_089040.1.g21143	NC_089040.1.g21058		NC_089040.1.g21412	NC_089040.1.g21131	NC_089040.1.g21162	6	1	
OG0029104	NC_089040.1.g21250	NC_089040.1.g21100	NC_089040.1.g21146		NC_089040.1.g21214	NC_089040.1.g21418	NC_089040.1.g21134	NC_089040.1.g21165	6	1	
OG0029105	NC_089040.1.g21253	NC_089040.1.g21102	NC_089040.1.g21149		NC_089040.1.g21216	NC_089040.1.g21421	NC_089040.1.g21136	NC_089040.1.g21167	6	1	
OG0029106	NC_089040.1.g21284	NC_089040.1.g21133	NC_089040.1.g21181	NC_089040.1.g21094	NC_089040.1.g21248		NC_089040.1.g21167	NC_089040.1.g21199	6	1	
OG0029107	NC_089040.1.g21387		NC_089040.1.g21283	NC_089040.1.g21197	NC_089040.1.g21350	NC_089040.1.g21551	NC_089040.1.g21269	NC_089040.1.g21300	6	1	
OG0029108	NC_089040.1.g21389		NC_089040.1.g21285	NC_089040.1.g21199	NC_089040.1.g21352	NC_089040.1.g21553	NC_089040.1.g21271	NC_089040.1.g21302	6	1	
OG0029110	NC_089040.1.g21447	NC_089040.1.g21297	NC_089040.1.g21341		NC_089040.1.g21409	NC_089040.1.g21606	NC_089040.1.g21332	NC_089040.1.g21358	6	1	
OG0029111	NC_089040.1.g21449	NC_089040.1.g21299	NC_089040.1.g21343	NC_089040.1.g21252	NC_089040.1.g21411	NC_089040.1.g21608	NC_089040.1.g21334		6	1	
OG0029112	NC_089040.1.g21457	NC_089040.1.g21307		NC_089040.1.g21260	NC_089040.1.g21419	NC_089040.1.g21616	NC_089040.1.g21342	NC_089040.1.g21367	6	1	
OG0029113	NC_089040.1.g21466	NC_089040.1.g21316		NC_089040.1.g21269	NC_089040.1.g21428	NC_089040.1.g21625	NC_089040.1.g21351	NC_089040.1.g21376	6	1	
OG0029114	NC_089040.1.g21491	NC_089040.1.g21342	NC_089040.1.g21384	NC_089040.1.g21292	NC_089040.1.g21453	NC_089040.1.g21650	NC_089040.1.g21376		6	1	
OG0029115	NC_089040.1.g21568	NC_089040.1.g21412	NC_089040.1.g21458	NC_089040.1.g21367	NC_089040.1.g21526	NC_089040.1.g21725		NC_089040.1.g21471	6	1	
OG0029116	NC_089040.1.g21569	NC_089040.1.g21413	NC_089040.1.g21459	NC_089040.1.g21368	NC_089040.1.g21527	NC_089040.1.g21726	NC_089040.1.g21453		6	1	
OG0029118	NC_089040.1.g21580	NC_089040.1.g21423	NC_089040.1.g21469	NC_089040.1.g21377	NC_089040.1.g21536		NC_089040.1.g21463	NC_089040.1.g21482	6	1	
OG0029119	NC_089040.1.g21584	NC_089040.1.g21427	NC_089040.1.g21473		NC_089040.1.g21540	NC_089040.1.g21739	NC_089040.1.g21467	NC_089040.1.g21486	6	1	
OG0029120	NC_089040.1.g21606	NC_089040.1.g21448	NC_089040.1.g21492	NC_089040.1.g21402	NC_089040.1.g21561	NC_089040.1.g21761	NC_089040.1.g21486		6	1	
OG0029121	NC_089040.1.g21635	NC_089040.1.g21474	NC_089040.1.g21519		NC_089040.1.g21587	NC_089040.1.g21788	NC_089040.1.g21514	NC_089040.1.g21532	6	1	
OG0029122	NC_089040.1.g21647	NC_089040.1.g21486	NC_089040.1.g21530	NC_089040.1.g21441	NC_089040.1.g21598	NC_089040.1.g21799		NC_089040.1.g21543	6	1	
OG0029123	NC_089040.1.g21656		NC_089040.1.g21540	NC_089040.1.g21449	NC_089040.1.g21608	NC_089040.1.g21809	NC_089040.1.g21535	NC_089040.1.g21552	6	1	
OG0029124	NC_089040.1.g21657		NC_089040.1.g21541	NC_089040.1.g21450	NC_089040.1.g21609	NC_089040.1.g21810	NC_089040.1.g21536	NC_089040.1.g21553	6	1	
OG0029125	NC_089040.1.g21658		NC_089040.1.g21542	NC_089040.1.g21451	NC_089040.1.g21610	NC_089040.1.g21811	NC_089040.1.g21537	NC_089040.1.g21554	6	1	
OG0029126	NC_089040.1.g21660		NC_089040.1.g21545	NC_089040.1.g21453	NC_089040.1.g21613	NC_089040.1.g21813	NC_089040.1.g21539	NC_089040.1.g21557	6	1	
OG0029127	NC_089040.1.g21663		NC_089040.1.g21548	NC_089040.1.g21456	NC_089040.1.g21616	NC_089040.1.g21816	NC_089040.1.g21542	NC_089040.1.g21560	6	1	
OG0029128	NC_089040.1.g21665	NC_089040.1.g21502	NC_089040.1.g21550	NC_089040.1.g21458		NC_089040.1.g21818	NC_089040.1.g21544	NC_089040.1.g21562	6	1	
OG0029129	NC_089040.1.g21678	NC_089040.1.g21518		NC_089040.1.g21473	NC_089040.1.g21633	NC_089040.1.g21832	NC_089040.1.g21559	NC_089040.1.g21577	6	1	
OG0029130	NC_089040.1.g21684	NC_089040.1.g21524	NC_089040.1.g21571		NC_089040.1.g21639	NC_089040.1.g21838	NC_089040.1.g21565	NC_089040.1.g21583	6	1	
OG0029131	NC_089040.1.g21710	NC_089040.1.g21553	NC_089040.1.g21602	NC_089040.1.g21506	NC_089040.1.g21668		NC_089040.1.g21592	NC_089040.1.g21612	6	1	
OG0029132	NC_089040.1.g21716	NC_089045.1.g36629	NC_089040.1.g21610		NC_089040.1.g21675	NC_089040.1.g21874	NC_089040.1.g21598	NC_089040.1.g21620	6	1	
OG0029133	NC_089040.1.g21739	NC_089040.1.g21583	NC_089040.1.g21633	NC_089040.1.g21532	NC_089040.1.g21697	NC_089040.1.g21894		NC_089040.1.g21643	6	1	
OG0029134	NC_089040.1.g21756		NC_089040.1.g21650	NC_089040.1.g21549	NC_089040.1.g21715	NC_089040.1.g21910	NC_089040.1.g21635	NC_089040.1.g21659	6	1	
OG0029135	NC_089040.1.g21778		NC_089040.1.g21675	NC_089040.1.g21571	NC_089040.1.g21739	NC_089040.1.g21934	NC_089040.1.g21660	NC_089040.1.g21684	6	1	
OG0029136	NC_089040.1.g21836	NC_089040.1.g21672	NC_089040.1.g21723	NC_089040.1.g21614	NC_089040.1.g21789	NC_089040.1.g21989		NC_089040.1.g21738	6	1	
OG0029137	NC_089040.1.g21859	NC_089040.1.g21692	NC_089040.1.g21744	NC_089040.1.g21636	NC_089040.1.g21815		NC_089040.1.g21729	NC_089040.1.g21755	6	1	
OG0029138	NC_089040.1.g21880	NC_089040.1.g21715	NC_089040.1.g21767	NC_089040.1.g21656		NC_089040.1.g22038	NC_089040.1.g21752	NC_089040.1.g21779	6	1	
OG0029139	NC_089040.1.g21881	NC_089040.1.g21716		NC_089040.1.g21657	NC_089040.1.g21839	NC_089040.1.g22039	NC_089040.1.g21753	NC_089040.1.g21780	6	1	
OG0029140	NC_089040.1.g21884	NC_089040.1.g21719		NC_089040.1.g21660	NC_089040.1.g21842	NC_089040.1.g22042	NC_089040.1.g21756	NC_089040.1.g21783	6	1	
OG0029141	NC_089040.1.g21886	NC_089040.1.g21721		NC_089040.1.g21662	NC_089040.1.g21844	NC_089040.1.g22044	NC_089040.1.g21758	NC_089040.1.g21785	6	1	
OG0029142	NC_089040.1.g21890	NC_089040.1.g21725		NC_089040.1.g21666	NC_089040.1.g21849	NC_089040.1.g22048	NC_089040.1.g21762	NC_089040.1.g21789	6	1	
OG0029143	NC_089040.1.g21915	NC_089040.1.g21750	NC_089040.1.g21801	NC_089040.1.g21690	NC_089040.1.g21871		NC_089040.1.g21781	NC_089040.1.g21814	6	1	
OG0029144	NC_089040.1.g21952	NC_089040.1.g21788		NC_089040.1.g21727	NC_089040.1.g21910	NC_089040.1.g22110	NC_089040.1.g21816	NC_089040.1.g21852	6	1	
OG0029145	NC_089040.1.g21956	NC_089040.1.g21792	NC_089040.1.g21842		NC_089040.1.g21914	NC_089040.1.g22114	NC_089040.1.g21820	NC_089040.1.g21856	6	1	
OG0029146	NC_089040.1.g21961	NC_089040.1.g21796	NC_089040.1.g21849		NC_089040.1.g21918	NC_089040.1.g22118	NC_089040.1.g21823	NC_089040.1.g21860	6	1	
OG0029147	NC_089040.1.g21983	NC_089040.1.g21817	NC_089040.1.g21870		NC_089040.1.g21940	NC_089040.1.g22139	NC_089040.1.g21846	NC_089040.1.g21885	6	1	
OG0029148	NC_089040.1.g21994		NC_089040.1.g21883	NC_089040.1.g21760	NC_089040.1.g21951	NC_089040.1.g22152	NC_089040.1.g21857	NC_089040.1.g21898	6	1	
OG0029149	NC_089040.1.g21997	NC_089040.1.g21831		NC_089040.1.g21763	NC_089040.1.g21955	NC_089040.1.g22155	NC_089040.1.g21860	NC_089040.1.g21901	6	1	
OG0029150	NC_089040.1.g22001	NC_089040.1.g21835	NC_089040.1.g21891		NC_089040.1.g21961	NC_089040.1.g22160	NC_089040.1.g21863	NC_089040.1.g21905	6	1	
OG0029151	NC_089040.1.g22014	NC_089040.1.g21845	NC_089040.1.g21901		NC_089040.1.g21971	NC_089040.1.g22174	NC_089040.1.g21870	NC_089040.1.g21916	6	1	
OG0029154	NC_089040.1.g22071	NC_089040.1.g21905	NC_089040.1.g21958	NC_089040.1.g21835	NC_089040.1.g22033	NC_089040.1.g22229		NC_089040.1.g21969	6	1	
OG0029155	NC_089040.1.g22090	NC_089040.1.g21924	NC_089040.1.g21974	NC_089040.1.g21850	NC_089040.1.g22048	NC_089040.1.g22244		NC_089040.1.g21983	6	1	
OG0029157	NC_089040.1.g22098	NC_089040.1.g21932	NC_089040.1.g21981	NC_089040.1.g21859	NC_089040.1.g22055	NC_089040.1.g22253	NC_089040.1.g21948		6	1	
OG0029158	NC_089040.1.g22116	NC_089040.1.g21952	NC_089040.1.g21999	NC_089040.1.g21878	NC_089040.1.g22071	NC_089040.1.g22273	NC_089040.1.g21968		6	1	
OG0029159	NC_089040.1.g22118	NC_089040.1.g21954	NC_089040.1.g22001	NC_089040.1.g21880		NC_089040.1.g22275	NC_089040.1.g21970	NC_089040.1.g22008	6	1	
OG0029160	NC_089040.1.g22122	NC_089040.1.g21958	NC_089040.1.g22005	NC_089040.1.g21884	NC_089040.1.g22077		NC_089040.1.g21974	NC_089040.1.g22012	6	1	
OG0029161	NC_089040.1.g22133	NC_089040.1.g21970		NC_089040.1.g21897	NC_089040.1.g22093	NC_089040.1.g22294	NC_089040.1.g21985	NC_089040.1.g22024	6	1	
OG0029162	NC_089040.1.g22143		NC_089040.1.g22023	NC_089040.1.g21907	NC_089040.1.g22102	NC_089040.1.g22303	NC_089040.1.g21995	NC_089040.1.g22033	6	1	
OG0029163	NC_089040.1.g22154		NC_089040.1.g22035	NC_089040.1.g21919	NC_089040.1.g22113	NC_089040.1.g22316	NC_089040.1.g22007	NC_089040.1.g22044	6	1	
OG0029164	NC_089040.1.g22156	NC_089040.1.g21990	NC_089040.1.g22037		NC_089040.1.g22115	NC_089040.1.g22318	NC_089040.1.g22009	NC_089040.1.g22046	6	1	
OG0029165	NC_089040.1.g22157	NC_089040.1.g21991	NC_089040.1.g22038		NC_089040.1.g22116	NC_089040.1.g22319	NC_089040.1.g22010	NC_089040.1.g22047	6	1	
OG0029166	NC_089040.1.g22204		NC_089040.1.g22097	NC_089040.1.g21972	NC_089040.1.g22174	NC_089040.1.g22376	NC_089040.1.g22068	NC_089040.1.g22102	6	1	
OG0029167	NC_089040.1.g22210	NC_089040.1.g22051		NC_089040.1.g21977	NC_089040.1.g22179	NC_089040.1.g22381	NC_089040.1.g22074	NC_089040.1.g22108	6	1	
OG0029168	NC_089040.1.g22219	NC_089040.1.g22060	NC_089040.1.g22109		NC_089040.1.g22188	NC_089040.1.g22389	NC_089040.1.g22082	NC_089040.1.g22115	6	1	
OG0029169	NC_089040.1.g22235	NC_089040.1.g22077	NC_089040.1.g22127		NC_089040.1.g22207	NC_089040.1.g22407	NC_089040.1.g22099	NC_089040.1.g22135	6	1	
OG0029170	NC_089040.1.g22239	NC_089040.1.g22082	NC_089040.1.g22131		NC_089040.1.g22212	NC_089040.1.g22412	NC_089040.1.g22103	NC_089040.1.g22139	6	1	
OG0029171	NC_089040.1.g22240	NC_089040.1.g22083	NC_089040.1.g22132		NC_089040.1.g22213	NC_089040.1.g22413	NC_089040.1.g22104	NC_089040.1.g22140	6	1	
OG0029172	NC_089040.1.g22254	NC_089040.1.g22099	NC_089040.1.g22146		NC_089040.1.g22225	NC_089040.1.g22425	NC_089040.1.g22120	NC_089040.1.g22155	6	1	
OG0029173	NC_089040.1.g22257	NC_089040.1.g22102		NC_089040.1.g22021	NC_089040.1.g22228	NC_089040.1.g22429	NC_089040.1.g22123	NC_089040.1.g22158	6	1	
OG0029174	NC_089040.1.g22297	NC_089040.1.g22145	NC_089040.1.g22192		NC_089040.1.g22270	NC_089040.1.g22477	NC_089040.1.g22165	NC_089040.1.g22202	6	1	
OG0029175	NC_089040.1.g22310	NC_089040.1.g22158		NC_089040.1.g22066	NC_089040.1.g22280	NC_089040.1.g22487	NC_089040.1.g22174	NC_089040.1.g22212	6	1	
OG0029176	NC_089040.1.g22311		NC_089040.1.g22204	NC_089040.1.g22067	NC_089040.1.g22281	NC_089040.1.g22488	NC_089040.1.g22175	NC_089040.1.g22213	6	1	
OG0029177	NC_089040.1.g22317	NC_089040.1.g22163	NC_089040.1.g22209	NC_089040.1.g22073	NC_089040.1.g22287		NC_089040.1.g22181	NC_089040.1.g22219	6	1	
OG0029178	NC_089040.1.g22319	NC_089040.1.g22165	NC_089040.1.g22210	NC_089040.1.g22075	NC_089040.1.g22288		NC_089040.1.g22183	NC_089040.1.g22220	6	1	
OG0029179	NC_089040.1.g22320	NC_089040.1.g22166	NC_089040.1.g22211	NC_089040.1.g22076	NC_089040.1.g22289		NC_089040.1.g22184	NC_089040.1.g22221	6	1	
OG0029181	NC_089040.1.g22334	NC_089040.1.g22178	NC_089040.1.g22222	NC_089040.1.g22088	NC_089040.1.g22302	NC_089040.1.g22505		NC_089040.1.g22231	6	1	
OG0029182	NC_089040.1.g22362	NC_089040.1.g22208	NC_089040.1.g22249	NC_089040.1.g22117	NC_089040.1.g22330		NC_089040.1.g22222	NC_089040.1.g22261	6	1	
OG0029183	NC_089040.1.g22372	NC_089040.1.g22217	NC_089040.1.g22259	NC_089040.1.g22124	NC_089040.1.g22339	NC_089040.1.g22543		NC_089040.1.g22269	6	1	
OG0029186	NC_089040.1.g22480	NC_089040.1.g22319		NC_089040.1.g22205	NC_089040.1.g22437	NC_089040.1.g22644	NC_089040.1.g22330	NC_089040.1.g22369	6	1	
OG0029187	NC_089040.1.g22486	NC_089040.1.g22323	NC_089040.1.g22362	NC_089040.1.g22208	NC_089040.1.g22443		NC_089040.1.g22334	NC_089040.1.g22373	6	1	
OG0029188	NC_089040.1.g22492	NC_089040.1.g22328		NC_089040.1.g22213	NC_089040.1.g22450	NC_089040.1.g22655	NC_089040.1.g22338	NC_089040.1.g22378	6	1	
OG0029189	NC_089040.1.g22516	NC_089040.1.g22363	NC_089040.1.g22398		NC_089040.1.g22485	NC_089040.1.g22684	NC_089040.1.g22370	NC_089040.1.g22405	6	1	
OG0029190	NC_089040.1.g22528	NC_089040.1.g22373	NC_089040.1.g22407	NC_089040.1.g22246	NC_089040.1.g22497	NC_089040.1.g22693		NC_089040.1.g22417	6	1	
OG0029191	NC_089040.1.g22549	NC_089040.1.g22391	NC_089040.1.g22429		NC_089040.1.g22518	NC_089040.1.g22715	NC_089040.1.g22401	NC_089040.1.g22441	6	1	
OG0029192	NC_089040.1.g22573	NC_089040.1.g22413	NC_089040.1.g22453	NC_089040.1.g22290	NC_089040.1.g22541	NC_089040.1.g22740	NC_089040.1.g22424		6	1	
OG0029193	NC_089040.1.g22597	NC_089040.1.g22438	NC_089040.1.g22477		NC_089040.1.g22568	NC_089040.1.g22769	NC_089040.1.g22451	NC_089040.1.g22486	6	1	
OG0029194	NC_089040.1.g22603	NC_089037.1.g13012	NC_089037.1.g13045		NC_089037.1.g13050	NC_089040.1.g22776	NC_089037.1.g13033	NC_089037.1.g13091	6	1	
OG0029196	NC_089040.1.g22660		NC_089040.1.g22534	NC_089040.1.g22370	NC_089040.1.g22618	NC_089040.1.g22823	NC_089040.1.g22496	NC_089040.1.g22535	6	1	
OG0029197	NC_089040.1.g22668	NC_089040.1.g22494	NC_089040.1.g22546	NC_089040.1.g22382	NC_089040.1.g22626	NC_089040.1.g22831		NC_089040.1.g22544	6	1	
OG0029198	NC_089040.1.g22711	NC_089040.1.g22534	NC_089040.1.g22588	NC_089040.1.g22422	NC_089040.1.g22670	NC_089040.1.g22873	NC_089040.1.g22546		6	1	
OG0029199	NC_089040.1.g22725	NC_089045.1.g35341	NC_089040.1.g22603		NC_089045.1.g36277	NC_089040.1.g22887	NC_089040.1.g22560	NC_089040.1.g22604	6	1	
OG0029200	NC_089040.1.g22744	NC_089040.1.g22566	NC_089040.1.g22620	NC_089040.1.g22452	NC_089040.1.g22703	NC_089040.1.g22907	NC_089040.1.g22579		6	1	
OG0029201	NC_089040.1.g22754	NC_089040.1.g22577	NC_089040.1.g22631	NC_089040.1.g22460	NC_089040.1.g22713	NC_089040.1.g22919		NC_089040.1.g22631	6	1	
OG0029202	NC_089040.1.g22758	NC_089040.1.g22583	NC_089040.1.g22638		NC_089040.1.g22718	NC_089040.1.g22927	NC_089040.1.g22593	NC_089040.1.g22637	6	1	
OG0029203	NC_089040.1.g22772	NC_089040.1.g22601		NC_089040.1.g22479	NC_089040.1.g22734	NC_089040.1.g22945	NC_089040.1.g22611	NC_089040.1.g22653	6	1	
OG0029204	NC_089040.1.g22794	NC_089046.1.g37537	NC_089046.1.g37469	NC_089046.1.g37165	NC_089046.1.g37715	NC_089046.1.g38059		NC_089046.1.g37647	6	1	
OG0029205	NC_089040.1.g22795	NC_089040.1.g22629	NC_089040.1.g22683	NC_089040.1.g22508	NC_089040.1.g22762		NC_089040.1.g22639	NC_089040.1.g22682	6	1	
OG0029206	NC_089040.1.g22825	NC_089040.1.g22662	NC_089040.1.g22711		NC_089040.1.g22795	NC_089040.1.g23005	NC_089040.1.g22670	NC_089040.1.g22711	6	1	
OG0029207	NC_089040.1.g22842	NC_089040.1.g22678	NC_089040.1.g22726		NC_089040.1.g22810	NC_089040.1.g23021	NC_089040.1.g22686	NC_089040.1.g22726	6	1	
OG0029208	NC_089040.1.g22856	NC_089040.1.g22689	NC_089040.1.g22737	NC_089040.1.g22565	NC_089040.1.g22821	NC_089040.1.g23032		NC_089040.1.g22737	6	1	
OG0029209	NC_089040.1.g22874	NC_089040.1.g22711	NC_089040.1.g22756	NC_089040.1.g22583		NC_089040.1.g23050	NC_089040.1.g22718	NC_089040.1.g22756	6	1	
OG0029210	NC_089040.1.g22889		NC_089040.1.g22774	NC_089040.1.g22599	NC_089040.1.g22853	NC_089040.1.g23068	NC_089040.1.g22734	NC_089040.1.g22772	6	1	
OG0029211	NC_089040.1.g22902	NC_089040.1.g22736	NC_089040.1.g22786	NC_089040.1.g22611	NC_089040.1.g22865		NC_089040.1.g22747	NC_089040.1.g22786	6	1	
OG0029212	NC_089040.1.g22914	NC_089040.1.g22751	NC_089040.1.g22800		NC_089040.1.g22877	NC_089040.1.g23092	NC_089040.1.g22760	NC_089040.1.g22800	6	1	
OG0029213	NC_089040.1.g22961		NC_089040.1.g22845	NC_089040.1.g22668	NC_089040.1.g22919	NC_089040.1.g23134	NC_089040.1.g22801	NC_089040.1.g22845	6	1	
OG0029214	NC_089040.1.g22964	NC_089040.1.g22797	NC_089040.1.g22848	NC_089040.1.g22671	NC_089040.1.g22922	NC_089040.1.g23138		NC_089040.1.g22849	6	1	
OG0029215	NC_089040.1.g22986	NC_089040.1.g22818	NC_089040.1.g22865	NC_089040.1.g22689		NC_089040.1.g23159	NC_089040.1.g22829	NC_089040.1.g22871	6	1	
OG0029216	NC_089040.1.g23002	NC_089040.1.g22839	NC_089040.1.g22883	NC_089040.1.g22710	NC_089040.1.g22965	NC_089040.1.g23178		NC_089040.1.g22891	6	1	
OG0029217	NC_089040.1.g23006	NC_089040.1.g22841	NC_089040.1.g22888	NC_089040.1.g22713	NC_089040.1.g22972	NC_089040.1.g23182	NC_089040.1.g22856		6	1	
OG0029218	NC_089040.1.g23007	NC_089040.1.g22842	NC_089040.1.g22890	NC_089040.1.g22714	NC_089040.1.g22974		NC_089040.1.g22857	NC_089040.1.g22898	6	1	
OG0029219	NC_089040.1.g23028	NC_089040.1.g22864	NC_089040.1.g22920	NC_089040.1.g22736	NC_089040.1.g23001		NC_089040.1.g22879	NC_089040.1.g22922	6	1	
OG0029220	NC_089040.1.g23032	NC_089040.1.g22867	NC_089040.1.g22923	NC_089040.1.g22740	NC_089040.1.g23004	NC_089040.1.g23211	NC_089040.1.g22883		6	1	
OG0029221	NC_089040.1.g23053	NC_089040.1.g22883	NC_089040.1.g22940	NC_089040.1.g22756	NC_089040.1.g23021	NC_089040.1.g23228		NC_089040.1.g22944	6	1	
OG0029222	NC_089040.1.g23059		NC_089040.1.g22946	NC_089040.1.g22762	NC_089040.1.g23026	NC_089040.1.g23234	NC_089040.1.g22904	NC_089040.1.g22949	6	1	
OG0029223	NC_089040.1.g23123	NC_089040.1.g22952	NC_089040.1.g23004	NC_089040.1.g22823		NC_089040.1.g23302	NC_089040.1.g22965	NC_089040.1.g23009	6	1	
OG0029224	NC_089040.1.g23168	NC_089040.1.g23001	NC_089040.1.g23049	NC_089040.1.g22870		NC_089040.1.g23349	NC_089040.1.g23011	NC_089040.1.g23056	6	1	
OG0029225	NC_089040.1.g23173		NC_089040.1.g23054	NC_089040.1.g22875	NC_089040.1.g23144	NC_089040.1.g23354	NC_089040.1.g23016	NC_089040.1.g23061	6	1	
OG0029226	NC_089040.1.g23186	NC_089040.1.g23023		NC_089040.1.g22889	NC_089040.1.g23157	NC_089040.1.g23368	NC_089040.1.g23029	NC_089040.1.g23075	6	1	
OG0029227	NC_089040.1.g23192	NC_089040.1.g23031	NC_089040.1.g23075	NC_089040.1.g22896	NC_089040.1.g23165	NC_089040.1.g23373		NC_089040.1.g23082	6	1	
OG0029228	NC_089040.1.g23214	NC_089040.1.g23053	NC_089040.1.g23098	NC_089040.1.g22919	NC_089040.1.g23183	NC_089040.1.g23393		NC_089040.1.g23102	6	1	
OG0029229	NC_089040.1.g23228	NC_089040.1.g23067	NC_089040.1.g23109	NC_089040.1.g22933		NC_089040.1.g23406	NC_089040.1.g23070	NC_089040.1.g23115	6	1	
OG0029230	NC_089040.1.g23229	NC_089040.1.g23068	NC_089040.1.g23110		NC_089040.1.g23196	NC_089040.1.g23407	NC_089040.1.g23071	NC_089040.1.g23116	6	1	
OG0029231	NC_089040.1.g23259	NC_089040.1.g23098	NC_089040.1.g23139	NC_089040.1.g22959	NC_089040.1.g23225	NC_089040.1.g23435		NC_089040.1.g23144	6	1	
OG0029232	NC_089040.1.g23263	NC_089040.1.g23102	NC_089040.1.g23142		NC_089040.1.g23228	NC_089040.1.g23439	NC_089040.1.g23107	NC_089040.1.g23148	6	1	
OG0029233	NC_089040.1.g23283	NC_089040.1.g23120	NC_089040.1.g23158	NC_089040.1.g22984	NC_089040.1.g23247		NC_089040.1.g23124	NC_089040.1.g23166	6	1	
OG0029235	NC_089040.1.g23354		NC_089040.1.g23229	NC_089040.1.g23057	NC_089040.1.g23322	NC_089040.1.g23538	NC_089040.1.g23197	NC_089040.1.g23237	6	1	
OG0029236	NC_089040.1.g23383	NC_089040.1.g23219		NC_089040.1.g23085	NC_089040.1.g23350	NC_089040.1.g23565	NC_089040.1.g23226	NC_089040.1.g23264	6	1	
OG0029237	NC_089040.1.g23387	NC_089040.1.g23223	NC_089040.1.g23263		NC_089040.1.g23354	NC_089040.1.g23569	NC_089040.1.g23230	NC_089040.1.g23268	6	1	
OG0029238	NC_089040.1.g23406	NC_089040.1.g23241		NC_089040.1.g23107	NC_089040.1.g23371	NC_089040.1.g23587	NC_089040.1.g23247	NC_089040.1.g23285	6	1	
OG0029240	NC_089040.1.g23432		NC_089040.1.g23306	NC_089040.1.g23133	NC_089040.1.g23396	NC_089040.1.g23614	NC_089040.1.g23275	NC_089040.1.g23313	6	1	
OG0029241	NC_089040.1.g23453	NC_089040.1.g23284	NC_089040.1.g23326	NC_089040.1.g23149		NC_089040.1.g23632	NC_089040.1.g23296	NC_089040.1.g23332	6	1	
OG0029242	NC_089040.1.g23482	NC_089040.1.g23315	NC_089040.1.g23357	NC_089040.1.g23182	NC_089040.1.g23441	NC_089040.1.g23661		NC_089040.1.g23364	6	1	
OG0029243	NC_089040.1.g23598	NC_089040.1.g23436	NC_089040.1.g23477	NC_089040.1.g23305	NC_089040.1.g23566		NC_089040.1.g23446	NC_089040.1.g23487	6	1	
OG0029244	NC_089040.1.g23640	NC_089040.1.g23479	NC_089040.1.g23520		NC_089040.1.g23608	NC_089040.1.g23823	NC_089040.1.g23490	NC_089040.1.g23530	6	1	
OG0029245	NC_089040.1.g23642	NC_089040.1.g23480	NC_089040.1.g23521		NC_089040.1.g23609	NC_089040.1.g23825	NC_089040.1.g23492	NC_089040.1.g23531	6	1	
OG0029246	NC_089040.1.g23672	NC_089040.1.g23510	NC_089040.1.g23548	NC_089040.1.g23374	NC_089040.1.g23636		NC_089040.1.g23518	NC_089040.1.g23560	6	1	
OG0029247	NC_089040.1.g23682	NC_089040.1.g23520	NC_089040.1.g23559	NC_089040.1.g23385	NC_089040.1.g23648	NC_089040.1.g23860		NC_089040.1.g23571	6	1	
OG0029248	NC_089040.1.g23700	NC_089040.1.g23540	NC_089040.1.g23580	NC_089040.1.g23406	NC_089040.1.g23668	NC_089040.1.g23878		NC_089040.1.g23592	6	1	
OG0029249	NC_089040.1.g23737	NC_089040.1.g23574	NC_089040.1.g23613		NC_089040.1.g23701	NC_089040.1.g23914	NC_089040.1.g23581	NC_089040.1.g23628	6	1	
OG0029250	NC_089040.1.g23765		NC_089040.1.g23641	NC_089040.1.g23469	NC_089040.1.g23727	NC_089040.1.g23942	NC_089040.1.g23607	NC_089040.1.g23654	6	1	
OG0029251	NC_089040.1.g23820		NC_089040.1.g23699	NC_089040.1.g23522	NC_089040.1.g23783	NC_089040.1.g23996	NC_089040.1.g23662	NC_089040.1.g23709	6	1	
OG0029252	NC_089040.1.g23829	NC_089040.1.g23662	NC_089040.1.g23707		NC_089040.1.g23792	NC_089040.1.g24002	NC_089040.1.g23669	NC_089040.1.g23717	6	1	
OG0029254	NC_089040.1.g23988	NC_089040.1.g23819	NC_089040.1.g23859	NC_089040.1.g23685	NC_089040.1.g23933	NC_089040.1.g24146		NC_089040.1.g23859	6	1	
OG0029255	NC_089041.1.g24027	NC_089041.1.g23859		NC_089041.1.g23723	NC_089041.1.g23973	NC_089041.1.g24187	NC_089041.1.g23854	NC_089041.1.g23897	6	1	
OG0029256	NC_089041.1.g24061	NC_089041.1.g23890	NC_089041.1.g23931	NC_089041.1.g23760	NC_089041.1.g24008		NC_089041.1.g23884	NC_089041.1.g23929	6	1	
OG0029257	NC_089041.1.g24081	NC_089041.1.g23912	NC_089041.1.g23955	NC_089041.1.g23783		NC_089041.1.g24241	NC_089041.1.g23906	NC_089041.1.g23952	6	1	
OG0029258	NC_089041.1.g24113		NC_089041.1.g23989	NC_089041.1.g23815	NC_089041.1.g24066	NC_089041.1.g24274	NC_089041.1.g23939	NC_089041.1.g23984	6	1	
OG0029259	NC_089041.1.g24126	NC_089041.1.g23956	NC_089041.1.g24002	NC_089041.1.g23828	NC_089041.1.g24078		NC_089041.1.g23951	NC_089041.1.g23996	6	1	
OG0029260	NC_089041.1.g24146	NC_089041.1.g23977	NC_089041.1.g24023	NC_089041.1.g23849	NC_089041.1.g24101	NC_089041.1.g24310	NC_089041.1.g23973		6	1	
OG0029262	NC_089041.1.g24237	NC_089041.1.g24069	NC_089041.1.g24103		NC_089041.1.g24186	NC_089041.1.g24387	NC_089041.1.g24054	NC_089041.1.g24111	6	1	
OG0029264	NC_089041.1.g24259	NC_089041.1.g24090		NC_089041.1.g23936	NC_089041.1.g24208	NC_089041.1.g24411	NC_089041.1.g24074	NC_089041.1.g24131	6	1	
OG0029265	NC_089041.1.g24260	NC_089041.1.g24091	NC_089041.1.g24122	NC_089041.1.g23937	NC_089041.1.g24209	NC_089041.1.g24412		NC_089041.1.g24132	6	1	
OG0029266	NC_089041.1.g24312	NC_089041.1.g24136	NC_089041.1.g24165	NC_089041.1.g23985	NC_089041.1.g24255	NC_089041.1.g24460	NC_089041.1.g24118		6	1	
OG0029267	NC_089041.1.g24337	NC_089041.1.g24163	NC_089041.1.g24192	NC_089041.1.g24010	NC_089041.1.g24282	NC_089041.1.g24486	NC_089041.1.g24142		6	1	
OG0029268	NC_089041.1.g24341	NC_089041.1.g24167	NC_089041.1.g24196	NC_089041.1.g24014	NC_089041.1.g24286	NC_089041.1.g24490		NC_089041.1.g24202	6	1	
OG0029269	NC_089041.1.g24342	NC_089041.1.g24168	NC_089041.1.g24197	NC_089041.1.g24015	NC_089041.1.g24287	NC_089041.1.g24491		NC_089041.1.g24203	6	1	
OG0029270	NC_089041.1.g24425	NC_089041.1.g24249	NC_089041.1.g24278	NC_089041.1.g24107	NC_089041.1.g24375	NC_089041.1.g24580		NC_089041.1.g24284	6	1	
OG0029271	NC_089041.1.g24426	NC_089041.1.g24250	NC_089041.1.g24279	NC_089041.1.g24108	NC_089041.1.g24376	NC_089041.1.g24581		NC_089041.1.g24285	6	1	
OG0029272	NC_089041.1.g24454		NC_089041.1.g24307	NC_089041.1.g24137	NC_089041.1.g24406	NC_089041.1.g24610	NC_089041.1.g24260	NC_089041.1.g24313	6	1	
OG0029273	NC_089041.1.g24577	NC_089041.1.g24405		NC_089041.1.g24265	NC_089041.1.g24535	NC_089041.1.g24735	NC_089041.1.g24388	NC_089041.1.g24443	6	1	
OG0029274	NC_089041.1.g24583	NC_089041.1.g24409	NC_089041.1.g24436	NC_089041.1.g24269	NC_089041.1.g24540	NC_089041.1.g24739	NC_089041.1.g24392		6	1	
OG0029275	NC_089041.1.g24625	NC_089041.1.g24449	NC_089041.1.g24477	NC_089041.1.g24311		NC_089041.1.g24778	NC_089041.1.g24435	NC_089041.1.g24488	6	1	
OG0029276	NC_089041.1.g24649	NC_089041.1.g24474	NC_089041.1.g24502	NC_089041.1.g24335	NC_089041.1.g24604		NC_089041.1.g24462	NC_089041.1.g24513	6	1	
OG0029278	NC_089041.1.g24682	NC_089041.1.g24502		NC_089041.1.g24369	NC_089041.1.g24631	NC_089041.1.g24832	NC_089041.1.g24495	NC_089041.1.g24547	6	1	
OG0029279	NC_089041.1.g24694	NC_089041.1.g24515	NC_089041.1.g24545	NC_089041.1.g24381	NC_089041.1.g24643	NC_089041.1.g24844	NC_089041.1.g24507		6	1	
OG0029280	NC_089041.1.g24701		NC_089041.1.g24551	NC_089041.1.g24388	NC_089041.1.g24650	NC_089041.1.g24851	NC_089041.1.g24514	NC_089041.1.g24565	6	1	
OG0029282	NC_089041.1.g24736		NC_089041.1.g24587	NC_089041.1.g24423	NC_089041.1.g24681	NC_089041.1.g24889	NC_089041.1.g24549	NC_089041.1.g24597	6	1	
OG0029283	NC_089041.1.g24767	NC_089041.1.g24589	NC_089041.1.g24621	NC_089041.1.g24454	NC_089041.1.g24717		NC_089041.1.g24580	NC_089041.1.g24630	6	1	
OG0029284	NC_089041.1.g24827		NC_089041.1.g24679	NC_089041.1.g24515	NC_089041.1.g24777	NC_089041.1.g24981	NC_089041.1.g24639	NC_089041.1.g24686	6	1	
OG0029285	NC_089041.1.g24832	NC_089041.1.g24655	NC_089041.1.g24681		NC_089041.1.g24780	NC_089041.1.g24984	NC_089041.1.g24641	NC_089041.1.g24690	6	1	
OG0029286	NC_089041.1.g24838	NC_089041.1.g24660	NC_089041.1.g24686		NC_089041.1.g24785	NC_089041.1.g24990	NC_089041.1.g24646	NC_089041.1.g24695	6	1	
OG0029287	NC_089041.1.g24839	NC_089041.1.g24661	NC_089041.1.g24687		NC_089041.1.g24786	NC_089041.1.g24991	NC_089041.1.g24647	NC_089041.1.g24696	6	1	
OG0029288	NC_089041.1.g24840	NC_089041.1.g24662	NC_089041.1.g24688		NC_089041.1.g24787	NC_089041.1.g24992	NC_089041.1.g24648	NC_089041.1.g24697	6	1	
OG0029290	NC_089041.1.g24847	NC_089041.1.g24669		NC_089041.1.g24529	NC_089041.1.g24795	NC_089041.1.g24999	NC_089041.1.g24655	NC_089041.1.g24705	6	1	
OG0029291	NC_089041.1.g24848	NC_089041.1.g24670		NC_089041.1.g24530	NC_089041.1.g24796	NC_089041.1.g25000	NC_089041.1.g24656	NC_089041.1.g24706	6	1	
OG0029292	NC_089041.1.g24851		NC_089041.1.g24696	NC_089041.1.g24533	NC_089041.1.g24799	NC_089041.1.g25002	NC_089041.1.g24659	NC_089041.1.g24709	6	1	
OG0029293	NC_089041.1.g24888		NC_089041.1.g24737	NC_089041.1.g24572	NC_089041.1.g24840	NC_089041.1.g25038	NC_089041.1.g24700	NC_089041.1.g24749	6	1	
OG0029294	NC_089041.1.g24893		NC_089041.1.g24739	NC_089041.1.g24578	NC_089041.1.g24842	NC_089041.1.g25043	NC_089041.1.g24702	NC_089041.1.g24753	6	1	
OG0029295	NC_089041.1.g24937	NC_089041.1.g24755		NC_089041.1.g24616	NC_089041.1.g24880	NC_089041.1.g25084	NC_089041.1.g24739	NC_089041.1.g24790	6	1	
OG0029296	NC_089041.1.g24948	NC_089041.1.g24766	NC_089041.1.g24786	NC_089041.1.g24629	NC_089041.1.g24892	NC_089041.1.g25097	NC_089041.1.g24750		6	1	
OG0029297	NC_089041.1.g24951	NC_089041.1.g24768	NC_089045.1.g35677	NC_089041.1.g24631	NC_089045.1.g35918	NC_089041.1.g25099		NC_089041.1.g24801	6	1	
OG0029299	NC_089041.1.g25043	NC_089041.1.g24870		NC_089041.1.g24722	NC_089041.1.g24992	NC_089041.1.g25190	NC_089041.1.g24846	NC_089041.1.g24901	6	1	
OG0029300	NC_089041.1.g25070	NC_089041.1.g24901	NC_089041.1.g24911		NC_089041.1.g25021	NC_089041.1.g25223	NC_089041.1.g24876	NC_089041.1.g24929	6	1	
OG0029301	NC_089041.1.g25071	NC_089041.1.g24902	NC_089041.1.g24912	NC_089041.1.g24750		NC_089041.1.g25224	NC_089041.1.g24877	NC_089041.1.g24930	6	1	
OG0029302	NC_089041.1.g25091	NC_089041.1.g24925	NC_089041.1.g24937	NC_089041.1.g24775	NC_089041.1.g25045		NC_089041.1.g24902	NC_089041.1.g24955	6	1	
OG0029303	NC_089041.1.g25131	NC_089041.1.g24967		NC_089041.1.g24816	NC_089041.1.g25085	NC_089041.1.g25294	NC_089041.1.g24944	NC_089041.1.g24994	6	1	
OG0029304	NC_089041.1.g25141	NC_089041.1.g24976	NC_089041.1.g24982	NC_089041.1.g24825	NC_089041.1.g25093	NC_089041.1.g25303	NC_089041.1.g24951		6	1	
OG0029305	NC_089041.1.g25145	NC_089041.1.g24984	NC_089041.1.g24990	NC_089041.1.g24832	NC_089041.1.g25100		NC_089041.1.g24957	NC_089041.1.g25006	6	1	
OG0029306	NC_089041.1.g25179	NC_089041.1.g25022		NC_089041.1.g24865	NC_089041.1.g25137	NC_089041.1.g25348	NC_089041.1.g24999	NC_089041.1.g25045	6	1	
OG0029308	NC_089041.1.g25212	NC_089041.1.g25055	NC_089041.1.g25057	NC_089041.1.g24898	NC_089041.1.g25167	NC_089041.1.g25379		NC_089041.1.g25079	6	1	
OG0029309	NC_089041.1.g25229	NC_089041.1.g25076	NC_089041.1.g25075		NC_089041.1.g25185	NC_089041.1.g25398	NC_089041.1.g25043	NC_089041.1.g25099	6	1	
OG0029310	NC_089041.1.g25247	NC_089041.1.g25092	NC_089041.1.g25090	NC_089041.1.g24935	NC_089041.1.g25202	NC_089041.1.g25415		NC_089041.1.g25115	6	1	
OG0029311	NC_089041.1.g25323	NC_089041.1.g25171	NC_089041.1.g25164	NC_089041.1.g25009	NC_089041.1.g25277		NC_089041.1.g25132	NC_089041.1.g25192	6	1	
OG0029312	NC_089041.1.g25332	NC_089041.1.g25179	NC_089041.1.g25173	NC_089041.1.g25017	NC_089041.1.g25285	NC_089041.1.g25500		NC_089041.1.g25201	6	1	
OG0029313	NC_089041.1.g25354	NC_089041.1.g25203	NC_089041.1.g25195	NC_089041.1.g25041	NC_089041.1.g25310	NC_089041.1.g25523		NC_089041.1.g25226	6	1	
OG0029314	NC_089041.1.g25367	NC_089041.1.g25214	NC_089041.1.g25207	NC_089041.1.g25054	NC_089041.1.g25323	NC_089041.1.g25535	NC_089041.1.g25172		6	1	
OG0029315	NC_089041.1.g25394	NC_089041.1.g25240	NC_089041.1.g25233	NC_089041.1.g25079	NC_089041.1.g25347	NC_089041.1.g25565	NC_089041.1.g25197		6	1	
OG0029316	NC_089041.1.g25402		NC_089041.1.g25243	NC_089041.1.g25089	NC_089041.1.g25359	NC_089041.1.g25574	NC_089041.1.g25209	NC_089041.1.g25269	6	1	
OG0029317	NC_089041.1.g25413	NC_089041.1.g25261	NC_089041.1.g25257	NC_089041.1.g25101	NC_089041.1.g25372	NC_089041.1.g25584		NC_089041.1.g25283	6	1	
OG0029318	NC_089041.1.g25455	NC_089041.1.g25298	NC_089041.1.g25296	NC_089041.1.g25141		NC_089041.1.g25626	NC_089041.1.g25258	NC_089041.1.g25327	6	1	
OG0029319	NC_089041.1.g25467	NC_089041.1.g25310		NC_089041.1.g25153	NC_089041.1.g25420	NC_089041.1.g25639	NC_089041.1.g25270	NC_089041.1.g25338	6	1	
OG0029320	NC_089041.1.g25470	NC_089041.1.g25314	NC_089041.1.g25311	NC_089041.1.g25156	NC_089041.1.g25424		NC_089041.1.g25274	NC_089041.1.g25342	6	1	
OG0029323	NC_089041.1.g25602	NC_089041.1.g25436	NC_089041.1.g25447		NC_089041.1.g25556	NC_089041.1.g25771	NC_089041.1.g25398	NC_089041.1.g25479	6	1	
OG0029324	NC_089041.1.g25604	NC_089041.1.g25438	NC_089041.1.g25449		NC_089041.1.g25558	NC_089041.1.g25773	NC_089041.1.g25400	NC_089041.1.g25481	6	1	
OG0029325	NC_089041.1.g25615	NC_089041.1.g25447	NC_089041.1.g25459	NC_089041.1.g25291	NC_089041.1.g25568	NC_089041.1.g25785		NC_089041.1.g25491	6	1	
OG0029326	NC_089041.1.g25624		NC_089041.1.g25466	NC_089041.1.g25299	NC_089041.1.g25575	NC_089041.1.g25791	NC_089041.1.g25417	NC_089041.1.g25497	6	1	
OG0029327	NC_089041.1.g25669	NC_089041.1.g25503	NC_089041.1.g25514		NC_089041.1.g25620	NC_089041.1.g25839	NC_089041.1.g25457	NC_089041.1.g25549	6	1	
OG0029328	NC_089041.1.g25678	NC_089041.1.g25511	NC_089041.1.g25522		NC_089041.1.g25628	NC_089041.1.g25848	NC_089041.1.g25466	NC_089041.1.g25557	6	1	
OG0029329	NC_089041.1.g25685	NC_089041.1.g25516	NC_089041.1.g25527		NC_089041.1.g25633	NC_089041.1.g25854	NC_089041.1.g25472	NC_089041.1.g25563	6	1	
OG0029330	NC_089041.1.g25715	NC_089041.1.g25544	NC_089041.1.g25557		NC_089041.1.g25661	NC_089041.1.g25885	NC_089041.1.g25503	NC_089041.1.g25591	6	1	
OG0029331	NC_089041.1.g25738	NC_089041.1.g25565	NC_089041.1.g25577		NC_089041.1.g25681	NC_089041.1.g25905	NC_089041.1.g25525	NC_089041.1.g25611	6	1	
OG0029332	NC_089041.1.g25804	NC_089041.1.g25632	NC_089041.1.g25646	NC_089041.1.g25463	NC_089041.1.g25749	NC_089041.1.g25967	NC_089041.1.g25593		6	1	
OG0029333	NC_089041.1.g25808	NC_089041.1.g25636	NC_089041.1.g25650		NC_089041.1.g25753	NC_089041.1.g25971	NC_089041.1.g25597	NC_089041.1.g25685	6	1	
OG0029335	NC_089041.1.g25847	NC_089041.1.g25679	NC_089041.1.g25691	NC_089041.1.g25503	NC_089041.1.g25795	NC_089041.1.g26011		NC_089041.1.g25725	6	1	
OG0029336	NC_089041.1.g25875	NC_089041.1.g25713	NC_089041.1.g25724		NC_089041.1.g25827	NC_089041.1.g26039	NC_089041.1.g25674	NC_089041.1.g25762	6	1	
OG0029337	NC_089041.1.g25876	NC_089041.1.g25716	NC_089041.1.g25727	NC_089041.1.g25527		NC_089041.1.g26040	NC_089041.1.g25677	NC_089041.1.g25765	6	1	
OG0029338	NC_089041.1.g25949	NC_089041.1.g25800	NC_089041.1.g25804	NC_089041.1.g25603	NC_089041.1.g25910		NC_089041.1.g25755	NC_089041.1.g25839	6	1	
OG0029339	NC_089041.1.g25988	NC_089041.1.g25839	NC_089041.1.g25840		NC_089041.1.g25954	NC_089041.1.g26159	NC_089041.1.g25794	NC_089041.1.g25880	6	1	
OG0029340	NC_089041.1.g26004	NC_089041.1.g25855	NC_089041.1.g25854		NC_089041.1.g25968	NC_089041.1.g26173	NC_089041.1.g25810	NC_089041.1.g25892	6	1	
OG0029341	NC_089041.1.g26008	NC_089041.1.g25859	NC_089041.1.g25857		NC_089041.1.g25971	NC_089041.1.g26176	NC_089041.1.g25813	NC_089041.1.g25894	6	1	
OG0029342	NC_089041.1.g26013	NC_089041.1.g25864	NC_089041.1.g25863	NC_089041.1.g25661	NC_089041.1.g25977	NC_089041.1.g26182		NC_089041.1.g25900	6	1	
OG0029343	NC_089041.1.g26021	NC_089041.1.g25871	NC_089041.1.g25871	NC_089041.1.g25668		NC_089041.1.g26190	NC_089041.1.g25825	NC_089041.1.g25908	6	1	
OG0029344	NC_089041.1.g26031	NC_089041.1.g25880	NC_089041.1.g25881		NC_089041.1.g25996	NC_089041.1.g26200	NC_089041.1.g25836	NC_089041.1.g25918	6	1	
OG0029345	NC_089041.1.g26036	NC_089041.1.g25885		NC_089041.1.g25680	NC_089041.1.g26000	NC_089041.1.g26204	NC_089041.1.g25839	NC_089041.1.g25922	6	1	
OG0029346	NC_089041.1.g26055	NC_089041.1.g25905	NC_089041.1.g25898	NC_089041.1.g25694		NC_089041.1.g26226	NC_089041.1.g25858	NC_089041.1.g25938	6	1	
OG0029347	NC_089041.1.g26104	NC_089041.1.g25953		NC_089041.1.g25741	NC_089041.1.g26060	NC_089041.1.g26274	NC_089041.1.g25906	NC_089041.1.g25988	6	1	
OG0029348	NC_089041.1.g26114	NC_089041.1.g25960	NC_089041.1.g25953		NC_089041.1.g26068	NC_089041.1.g26284	NC_089041.1.g25915	NC_089041.1.g25996	6	1	
OG0029349	NC_089041.1.g26119	NC_089041.1.g25966	NC_089041.1.g25958	NC_089041.1.g25754	NC_089041.1.g26074	NC_089041.1.g26289	NC_089041.1.g25920		6	1	
OG0029350	NC_089041.1.g26123	NC_089041.1.g25970	NC_089041.1.g25962	NC_089041.1.g25758	NC_089041.1.g26078	NC_089041.1.g26293	NC_089041.1.g25924		6	1	
OG0029351	NC_089041.1.g26151	NC_089041.1.g25994	NC_089041.1.g25988	NC_089041.1.g25783	NC_089041.1.g26102	NC_089041.1.g26319	NC_089041.1.g25953		6	1	
OG0029352	NC_089041.1.g26158	NC_089041.1.g26001	NC_089041.1.g25995	NC_089041.1.g25791		NC_089041.1.g26326	NC_089041.1.g25960	NC_089041.1.g26034	6	1	
OG0029353	NC_089041.1.g26164	NC_089041.1.g26005		NC_089041.1.g25796	NC_089041.1.g26112	NC_089041.1.g26331	NC_089041.1.g25965	NC_089041.1.g26039	6	1	
OG0029354	NC_089041.1.g26202		NC_089041.1.g26037	NC_089041.1.g25827	NC_089041.1.g26148	NC_089041.1.g26365	NC_089041.1.g26002	NC_089041.1.g26076	6	1	
OG0029355	NC_089041.1.g26227	NC_089041.1.g26068		NC_089041.1.g25851	NC_089041.1.g26176	NC_089041.1.g26389	NC_089041.1.g26028	NC_089041.1.g26101	6	1	
OG0029356	NC_089041.1.g26247	NC_089041.1.g26089	NC_089041.1.g26079	NC_089041.1.g25869	NC_089041.1.g26194	NC_089041.1.g26408	NC_089041.1.g26045		6	1	
OG0029357	NC_089041.1.g26252		NC_089041.1.g26084	NC_089041.1.g25875	NC_089041.1.g26199	NC_089041.1.g26413	NC_089041.1.g26050	NC_089041.1.g26120	6	1	
OG0029358	NC_089041.1.g26289		NC_089041.1.g26121	NC_089041.1.g25913	NC_089041.1.g26237	NC_089041.1.g26451	NC_089041.1.g26085	NC_089041.1.g26156	6	1	
OG0029359	NC_089041.1.g26300		NC_089041.1.g26131	NC_089041.1.g25923	NC_089041.1.g26247	NC_089041.1.g26462	NC_089041.1.g26097	NC_089041.1.g26167	6	1	
OG0029360	NC_089041.1.g26331		NC_089041.1.g26161	NC_089041.1.g25958	NC_089041.1.g26277	NC_089041.1.g26496	NC_089041.1.g26126	NC_089041.1.g26200	6	1	
OG0029361	NC_089041.1.g26336	NC_089041.1.g26175	NC_089041.1.g26168	NC_089041.1.g25966	NC_089041.1.g26284	NC_089041.1.g26503		NC_089041.1.g26206	6	1	
OG0029362	NC_089041.1.g26349		NC_089041.1.g26183	NC_089041.1.g25982	NC_089041.1.g26299	NC_089041.1.g26519	NC_089041.1.g26147	NC_089041.1.g26221	6	1	
OG0029364	NC_089041.1.g26403	NC_089041.1.g26245	NC_089041.1.g26238	NC_089041.1.g26041	NC_089041.1.g26356	NC_089041.1.g26579		NC_089041.1.g26280	6	1	
OG0029365	NC_089041.1.g26411	NC_089041.1.g26255	NC_089041.1.g26247	NC_089041.1.g26049		NC_089041.1.g26588	NC_089041.1.g26212	NC_089041.1.g26290	6	1	
OG0029366	NC_089041.1.g26412	NC_089041.1.g26256	NC_089041.1.g26248	NC_089041.1.g26050		NC_089041.1.g26589	NC_089041.1.g26213	NC_089041.1.g26291	6	1	
OG0029367	NC_089041.1.g26416	NC_089041.1.g26259	NC_089041.1.g26251	NC_089041.1.g26053		NC_089041.1.g26592	NC_089041.1.g26217	NC_089041.1.g26294	6	1	
OG0029368	NC_089041.1.g26418		NC_089041.1.g26253	NC_089041.1.g26055	NC_089041.1.g26371	NC_089041.1.g26594	NC_089041.1.g26219	NC_089041.1.g26296	6	1	
OG0029369	NC_089041.1.g26426	NC_089041.1.g26270	NC_089041.1.g26265	NC_089041.1.g26065		NC_089041.1.g26604	NC_089041.1.g26230	NC_089041.1.g26305	6	1	
OG0029371	NC_089041.1.g26436	NC_089041.1.g26280	NC_089041.1.g26273	NC_089041.1.g26077		NC_089041.1.g26615	NC_089041.1.g26241	NC_089041.1.g26317	6	1	
OG0029372	NC_089041.1.g26439	NC_089041.1.g26284		NC_089041.1.g26081	NC_089041.1.g26394	NC_089041.1.g26619	NC_089041.1.g26245	NC_089041.1.g26320	6	1	
OG0029373	NC_089041.1.g26483	NC_089041.1.g26330	NC_089041.1.g26323		NC_089041.1.g26442	NC_089041.1.g26670	NC_089041.1.g26290	NC_089041.1.g26370	6	1	
OG0029374	NC_089041.1.g26544	NC_089041.1.g26390		NC_089041.1.g26187	NC_089041.1.g26502	NC_089041.1.g26735	NC_089041.1.g26348	NC_089041.1.g26431	6	1	
OG0029375	NC_089041.1.g26638	NC_089041.1.g26490	NC_089041.1.g26481	NC_089041.1.g26284		NC_089041.1.g26829	NC_089041.1.g26446	NC_089041.1.g26532	6	1	
OG0029376	NC_089041.1.g26641	NC_089041.1.g26492	NC_089041.1.g26483		NC_089041.1.g26605	NC_089041.1.g26832	NC_089041.1.g26448	NC_089041.1.g26534	6	1	
OG0029377	NC_089041.1.g26701	NC_089041.1.g26552		NC_089041.1.g26346	NC_089041.1.g26666	NC_089041.1.g26892	NC_089041.1.g26510	NC_089041.1.g26598	6	1	
OG0029378	NC_089041.1.g26723	NC_089041.1.g26574	NC_089041.1.g26565	NC_089041.1.g26368	NC_089041.1.g26688	NC_089041.1.g26915		NC_089041.1.g26620	6	1	
OG0029379	NC_089041.1.g26827		NC_089041.1.g26664	NC_089041.1.g26466	NC_089041.1.g26786	NC_089041.1.g27012	NC_089041.1.g26631	NC_089041.1.g26718	6	1	
OG0029380	NC_089041.1.g26836	NC_089041.1.g26682	NC_089041.1.g26675	NC_089041.1.g26475		NC_089041.1.g27026	NC_089041.1.g26642	NC_089041.1.g26729	6	1	
OG0029381	NC_089041.1.g26837	NC_089041.1.g26684	NC_089041.1.g26678	NC_089041.1.g26476		NC_089041.1.g27027	NC_089041.1.g26644	NC_089041.1.g26731	6	1	
OG0029382	NC_089041.1.g26841	NC_089041.1.g26691	NC_089041.1.g26684	NC_089041.1.g26483	NC_089041.1.g26799	NC_089041.1.g27034		NC_089041.1.g26737	6	1	
OG0029383	NC_089041.1.g26857	NC_089041.1.g26710	NC_089041.1.g26710	NC_089041.1.g26498		NC_089041.1.g27051	NC_089041.1.g26672	NC_089041.1.g26754	6	1	
OG0029384	NC_089041.1.g26896	NC_089041.1.g26749	NC_089041.1.g26752	NC_089041.1.g26538	NC_089041.1.g26846	NC_089041.1.g27092	NC_089041.1.g26710		6	1	
OG0029385	NC_089041.1.g26938	NC_089041.1.g26787		NC_089041.1.g26581	NC_089041.1.g26887	NC_089041.1.g27135	NC_089041.1.g26751	NC_089041.1.g26829	6	1	
OG0029386	NC_089041.1.g26948	NC_089041.1.g26796	NC_089041.1.g26802	NC_089041.1.g26592		NC_089041.1.g27145	NC_089041.1.g26761	NC_089041.1.g26839	6	1	
OG0029387	NC_089041.1.g26952	NC_089041.1.g26800	NC_089041.1.g26806		NC_089041.1.g26901	NC_089041.1.g27149	NC_089041.1.g26765	NC_089041.1.g26843	6	1	
OG0029388	NC_089041.1.g26975	NC_089041.1.g26823		NC_089041.1.g26617	NC_089041.1.g26922	NC_089041.1.g27172	NC_089041.1.g26787	NC_089041.1.g26865	6	1	
OG0029389	NC_089041.1.g26989		NC_089041.1.g26838	NC_089041.1.g26631	NC_089041.1.g26936	NC_089041.1.g27186	NC_089041.1.g26801	NC_089041.1.g26879	6	1	
OG0029390	NC_089041.1.g27024		NC_089041.1.g26873	NC_089041.1.g26667	NC_089041.1.g26971	NC_089041.1.g27222	NC_089041.1.g26836	NC_089041.1.g26917	6	1	
OG0029391	NC_089041.1.g27030	NC_089041.1.g26872	NC_089041.1.g26878	NC_089041.1.g26672	NC_089041.1.g26977		NC_089041.1.g26841	NC_089041.1.g26922	6	1	
OG0029392	NC_089041.1.g27041	NC_089041.1.g26883		NC_089041.1.g26681	NC_089041.1.g26984	NC_089041.1.g27234	NC_089041.1.g26850	NC_089041.1.g26933	6	1	
OG0029393	NC_089041.1.g27044	NC_089041.1.g26886	NC_089041.1.g26890	NC_089041.1.g26684	NC_089041.1.g26988	NC_089041.1.g27237	NC_089041.1.g26853		6	1	
OG0029394	NC_089042.1.g27194		NC_089042.1.g27035	NC_089042.1.g26829	NC_089042.1.g27133	NC_089042.1.g27385	NC_089042.1.g26995	NC_089042.1.g27085	6	1	
OG0029396	NC_089042.1.g27226	NC_089042.1.g27057	NC_089042.1.g27065	NC_089042.1.g26860	NC_089042.1.g27163	NC_089042.1.g27415	NC_089042.1.g27027		6	1	
OG0029397	NC_089042.1.g27308	NC_089042.1.g27138		NC_089042.1.g26941	NC_089042.1.g27244	NC_089042.1.g27496	NC_089042.1.g27105	NC_089042.1.g27192	6	1	
OG0029398	NC_089042.1.g27319		NC_089042.1.g27155	NC_089042.1.g26953	NC_089042.1.g27255	NC_089042.1.g27508	NC_089042.1.g27115	NC_089042.1.g27203	6	1	
OG0029399	NC_089042.1.g27328		NC_089042.1.g27164	NC_089042.1.g26962	NC_089042.1.g27263	NC_089042.1.g27517	NC_089042.1.g27123	NC_089042.1.g27212	6	1	
OG0029400	NC_089042.1.g27334		NC_089042.1.g27170	NC_089042.1.g26968	NC_089042.1.g27268	NC_089042.1.g27524	NC_089042.1.g27129	NC_089042.1.g27219	6	1	
OG0029401	NC_089042.1.g27335	NC_089042.1.g27163		NC_089042.1.g26970	NC_089042.1.g27269	NC_089042.1.g27526	NC_089042.1.g27131	NC_089042.1.g27220	6	1	
OG0029402	NC_089042.1.g27337		NC_089042.1.g27172	NC_089042.1.g26972	NC_089042.1.g27271	NC_089042.1.g27528	NC_089042.1.g27133	NC_089042.1.g27222	6	1	
OG0029403	NC_089042.1.g27360	NC_089042.1.g27184		NC_089042.1.g26995	NC_089042.1.g27288	NC_089042.1.g27539	NC_089042.1.g27151	NC_089042.1.g27242	6	1	
OG0029404	NC_089042.1.g27366	NC_089042.1.g27189	NC_089042.1.g27195	NC_089042.1.g27002	NC_089042.1.g27295	NC_089042.1.g27546		NC_089042.1.g27250	6	1	
OG0029405	NC_089042.1.g27436	NC_089042.1.g27254	NC_089042.1.g27263		NC_089042.1.g27363	NC_089042.1.g27612	NC_089042.1.g27224	NC_089042.1.g27317	6	1	
OG0029406	NC_089042.1.g27496	NC_089042.1.g27320	NC_089042.1.g27326	NC_089042.1.g27135	NC_089042.1.g27426	NC_089042.1.g27673		NC_089042.1.g27381	6	1	
OG0029407	NC_089042.1.g27498		NC_089042.1.g27328	NC_089042.1.g27137	NC_089042.1.g27429	NC_089042.1.g27677	NC_089042.1.g27286	NC_089042.1.g27384	6	1	
OG0029408	NC_089042.1.g27520		NC_089042.1.g27350	NC_089042.1.g27160	NC_089042.1.g27451	NC_089042.1.g27699	NC_089042.1.g27313	NC_089042.1.g27409	6	1	
OG0029409	NC_089042.1.g27563	NC_089042.1.g27387	NC_089042.1.g27393	NC_089042.1.g27201	NC_089042.1.g27493	NC_089042.1.g27741	NC_089042.1.g27355		6	1	
OG0029410	NC_089042.1.g27620		NC_089042.1.g27454	NC_089042.1.g27259	NC_089042.1.g27553	NC_089042.1.g27802	NC_089042.1.g27415	NC_089042.1.g27512	6	1	
OG0029411	NC_089042.1.g27645	NC_089042.1.g27468	NC_089042.1.g27479	NC_089042.1.g27292	NC_089042.1.g27580		NC_089042.1.g27447	NC_089042.1.g27538	6	1	
OG0029412	NC_089042.1.g27731	NC_089042.1.g27567	NC_089042.1.g27575		NC_089042.1.g27671	NC_089042.1.g27919	NC_089042.1.g27546	NC_089042.1.g27632	6	1	
OG0029413	NC_089042.1.g27743	NC_089042.1.g27580	NC_089042.1.g27589		NC_089042.1.g27685	NC_089042.1.g27933	NC_089042.1.g27558	NC_089042.1.g27646	6	1	
OG0029414	NC_089042.1.g27773	NC_089042.1.g27604	NC_089042.1.g27622	NC_089042.1.g27424	NC_089042.1.g27721		NC_089042.1.g27592	NC_089042.1.g27676	6	1	
OG0029415	NC_089042.1.g27796	NC_089042.1.g27630	NC_089042.1.g27651	NC_089042.1.g27449	NC_089042.1.g27747	NC_089042.1.g27993	NC_089042.1.g27622		6	1	
OG0029417	NC_089042.1.g27812	NC_089042.1.g27644	NC_089042.1.g27665	NC_089042.1.g27465	NC_089042.1.g27761	NC_089042.1.g28010	NC_089042.1.g27639		6	1	
OG0029418	NC_089042.1.g27830		NC_089042.1.g27687	NC_089042.1.g27485	NC_089042.1.g27784	NC_089042.1.g28033	NC_089042.1.g27661	NC_089042.1.g27736	6	1	
OG0029419	NC_089042.1.g27844	NC_089042.1.g27680	NC_089042.1.g27699	NC_089042.1.g27499	NC_089042.1.g27796	NC_089042.1.g28047	NC_089042.1.g27673		6	1	
OG0029420	NC_089042.1.g27859	NC_089042.1.g27694		NC_089042.1.g27515	NC_089042.1.g27813	NC_089042.1.g28064	NC_089042.1.g27690	NC_089042.1.g27764	6	1	
OG0029421	NC_089042.1.g27876	NC_089042.1.g27709	NC_089042.1.g27732		NC_089042.1.g27828	NC_089042.1.g28079	NC_089042.1.g27706	NC_089042.1.g27784	6	1	
OG0029422	NC_089042.1.g27898	NC_089042.1.g27731	NC_089042.1.g27757	NC_089042.1.g27552	NC_089042.1.g27850	NC_089042.1.g28102	NC_089042.1.g27729		6	1	
OG0029423	NC_089042.1.g27908	NC_089042.1.g27742	NC_089042.1.g27765	NC_089042.1.g27561	NC_089042.1.g27858		NC_089042.1.g27737	NC_089042.1.g27814	6	1	
OG0029424	NC_089042.1.g27938	NC_089042.1.g27767		NC_089042.1.g27596	NC_089042.1.g27884	NC_089042.1.g28140	NC_089042.1.g27761	NC_089042.1.g27842	6	1	
OG0029425	NC_089042.1.g27944	NC_089042.1.g27772	NC_089042.1.g27790	NC_089042.1.g27602	NC_089042.1.g27889	NC_089042.1.g28144		NC_089042.1.g27849	6	1	
OG0029426	NC_089042.1.g27963	NC_089042.1.g27793	NC_089042.1.g27818		NC_089042.1.g27913	NC_089042.1.g28166	NC_089042.1.g27785	NC_089042.1.g27877	6	1	
OG0029427	NC_089042.1.g27971	NC_089042.1.g27802	NC_089042.1.g27828		NC_089042.1.g27924	NC_089042.1.g28176	NC_089042.1.g27795	NC_089042.1.g27886	6	1	
OG0029428	NC_089042.1.g27994	NC_089042.1.g27824	NC_089042.1.g27848	NC_089042.1.g27646	NC_089042.1.g27946		NC_089042.1.g27815	NC_089042.1.g27906	6	1	
OG0029429	NC_089042.1.g28005	NC_089042.1.g27835	NC_089042.1.g27858	NC_089042.1.g27654	NC_089042.1.g27956	NC_089042.1.g28208		NC_089042.1.g27914	6	1	
OG0029431	NC_089042.1.g28025	NC_089042.1.g27856	NC_089042.1.g27880	NC_089042.1.g27671	NC_089042.1.g27977		NC_089042.1.g27845	NC_089042.1.g27932	6	1	
OG0029432	NC_089042.1.g28042	NC_089042.1.g27873	NC_089042.1.g27897		NC_089042.1.g27999	NC_089042.1.g28246	NC_089042.1.g27860	NC_089042.1.g27947	6	1	
OG0029433	NC_089042.1.g28069	NC_089042.1.g27901	NC_089042.1.g27924	NC_089042.1.g27712	NC_089042.1.g28027		NC_089042.1.g27886	NC_089042.1.g27976	6	1	
OG0029434	NC_089042.1.g28072	NC_089042.1.g27904		NC_089042.1.g27715	NC_089042.1.g28030	NC_089042.1.g28278	NC_089042.1.g27888	NC_089042.1.g27978	6	1	
OG0029435	NC_089042.1.g28125	NC_089042.1.g27956	NC_089042.1.g27977		NC_089042.1.g28084	NC_089042.1.g28330	NC_089042.1.g27939	NC_089042.1.g28032	6	1	
OG0029436	NC_089042.1.g28126	NC_089042.1.g27957	NC_089042.1.g27978		NC_089042.1.g28085	NC_089042.1.g28331	NC_089042.1.g27940	NC_089042.1.g28033	6	1	
OG0029437	NC_089042.1.g28145	NC_089042.1.g27971	NC_089042.1.g27993	NC_089042.1.g27777		NC_089042.1.g28343	NC_089042.1.g27956	NC_089042.1.g28048	6	1	
OG0029438	NC_089042.1.g28149	NC_089042.1.g27975	NC_089042.1.g27996	NC_089042.1.g27780	NC_089042.1.g28100	NC_089042.1.g28345		NC_089042.1.g28051	6	1	
OG0029439	NC_089042.1.g28150		NC_089042.1.g27997	NC_089042.1.g27781	NC_089042.1.g28101	NC_089042.1.g28346	NC_089042.1.g27960	NC_089042.1.g28052	6	1	
OG0029440	NC_089042.1.g28156	NC_089042.1.g27980	NC_089042.1.g28003	NC_089042.1.g27786	NC_089042.1.g28105		NC_089042.1.g27965	NC_089042.1.g28057	6	1	
OG0029441	NC_089042.1.g28165	NC_089042.1.g27992	NC_089042.1.g28014		NC_089042.1.g28115	NC_089042.1.g28360	NC_089042.1.g27981	NC_089042.1.g28067	6	1	
OG0029442	NC_089042.1.g28211	NC_089042.1.g28034	NC_089042.1.g28056	NC_089042.1.g27835		NC_089042.1.g28401	NC_089042.1.g28017	NC_089042.1.g28112	6	1	
OG0029443	NC_089042.1.g28214	NC_089042.1.g28037	NC_089042.1.g28059	NC_089042.1.g27838	NC_089042.1.g28161		NC_089042.1.g28022	NC_089042.1.g28115	6	1	
OG0029444	NC_089042.1.g28220	NC_089042.1.g28042	NC_089042.1.g28065		NC_089042.1.g28168	NC_089042.1.g28410	NC_089042.1.g28028	NC_089042.1.g28121	6	1	
OG0029445	NC_089042.1.g28237	NC_089042.1.g28061	NC_089042.1.g28081		NC_089042.1.g28185	NC_089042.1.g28423	NC_089042.1.g28041	NC_089042.1.g28137	6	1	
OG0029446	NC_089042.1.g28259	NC_089042.1.g28083	NC_089042.1.g28101	NC_089042.1.g27876	NC_089042.1.g28210	NC_089042.1.g28443	NC_089042.1.g28061		6	1	
OG0029447	NC_089042.1.g28310		NC_089042.1.g28153	NC_089042.1.g27924	NC_089042.1.g28264	NC_089042.1.g28494	NC_089042.1.g28113	NC_089042.1.g28215	6	1	
OG0029448	NC_089042.1.g28317	NC_089042.1.g28147	NC_089042.1.g28164		NC_089042.1.g28274	NC_089042.1.g28503	NC_089042.1.g28123	NC_089042.1.g28225	6	1	
OG0029449	NC_089042.1.g28345	NC_089042.1.g28174	NC_089042.1.g28186		NC_089042.1.g28301	NC_089042.1.g28529	NC_089042.1.g28143	NC_089042.1.g28247	6	1	
OG0029450	NC_089042.1.g28372	NC_089042.1.g28202	NC_089042.1.g28219		NC_089042.1.g28328	NC_089042.1.g28558	NC_089042.1.g28169	NC_089042.1.g28279	6	1	
OG0029451	NC_089042.1.g28392	NC_089042.1.g28224	NC_089042.1.g28239		NC_089042.1.g28354	NC_089042.1.g28580	NC_089042.1.g28193	NC_089042.1.g28305	6	1	
OG0029452	NC_089042.1.g28402	NC_089042.1.g28234	NC_089042.1.g28249	NC_089042.1.g28008	NC_089042.1.g28363	NC_089042.1.g28590	NC_089042.1.g28203		6	1	
OG0029453	NC_089042.1.g28411	NC_089042.1.g28246	NC_089042.1.g28256	NC_089042.1.g28017	NC_089042.1.g28372		NC_089042.1.g28211	NC_089042.1.g28321	6	1	
OG0029454	NC_089042.1.g28455	NC_089042.1.g28289		NC_089042.1.g28061	NC_089042.1.g28420	NC_089042.1.g28649	NC_089042.1.g28256	NC_089042.1.g28370	6	1	
OG0029455	NC_089042.1.g28458	NC_089042.1.g28293	NC_089042.1.g28310	NC_089042.1.g28065		NC_089042.1.g28652	NC_089042.1.g28259	NC_089042.1.g28373	6	1	
OG0029456	NC_089042.1.g28509	NC_089042.1.g28342	NC_089042.1.g28359		NC_089042.1.g28468	NC_089042.1.g28699	NC_089042.1.g28306	NC_089042.1.g28424	6	1	
OG0029457	NC_089042.1.g28528	NC_089042.1.g28364	NC_089042.1.g28376		NC_089042.1.g28485	NC_089042.1.g28717	NC_089042.1.g28325	NC_089042.1.g28443	6	1	
OG0029458	NC_089042.1.g28539	NC_089042.1.g28370	NC_089042.1.g28385	NC_089042.1.g28134	NC_089042.1.g28492	NC_089042.1.g28723		NC_089042.1.g28450	6	1	
OG0029459	NC_089042.1.g28542	NC_089042.1.g28371	NC_089042.1.g28388		NC_089042.1.g28494	NC_089042.1.g28726	NC_089042.1.g28333	NC_089042.1.g28452	6	1	
OG0029460	NC_089042.1.g28543		NC_089042.1.g28389	NC_089042.1.g28137	NC_089042.1.g28495	NC_089042.1.g28727	NC_089042.1.g28334	NC_089042.1.g28453	6	1	
OG0029461	NC_089042.1.g28545	NC_089042.1.g28376	NC_089042.1.g28391		NC_089042.1.g28497	NC_089042.1.g28729	NC_089042.1.g28336	NC_089042.1.g28456	6	1	
OG0029462	NC_089042.1.g28548	NC_089042.1.g28380	NC_089042.1.g28395	NC_089042.1.g28145	NC_089042.1.g28501	NC_089042.1.g28733		NC_089042.1.g28460	6	1	
OG0029463	NC_089042.1.g28551	NC_089042.1.g28383	NC_089042.1.g28398	NC_089042.1.g28148	NC_089042.1.g28504		NC_089042.1.g28343	NC_089042.1.g28464	6	1	
OG0029464	NC_089042.1.g28557	NC_089042.1.g28394	NC_089042.1.g28407		NC_089042.1.g28512	NC_089042.1.g28744	NC_089042.1.g28352	NC_089042.1.g28473	6	1	
OG0029465	NC_089042.1.g28558	NC_089042.1.g28395	NC_089042.1.g28408		NC_089042.1.g28513	NC_089042.1.g28745	NC_089042.1.g28353	NC_089042.1.g28474	6	1	
OG0029466	NC_089042.1.g28559	NC_089042.1.g28396		NC_089042.1.g28156	NC_089042.1.g28514	NC_089042.1.g28746	NC_089042.1.g28354	NC_089042.1.g28475	6	1	
OG0029467	NC_089042.1.g28574		NC_089042.1.g28426	NC_089042.1.g28173	NC_089042.1.g28532	NC_089042.1.g28761	NC_089042.1.g28369	NC_089042.1.g28492	6	1	
OG0029468	NC_089042.1.g28594		NC_089042.1.g28447	NC_089042.1.g28192	NC_089042.1.g28552	NC_089042.1.g28781	NC_089042.1.g28391	NC_089042.1.g28512	6	1	
OG0029469	NC_089042.1.g28599	NC_089042.1.g28433	NC_089042.1.g28453	NC_089042.1.g28199		NC_089042.1.g28788	NC_089042.1.g28396	NC_089042.1.g28518	6	1	
OG0029470	NC_089042.1.g28602	NC_089042.1.g28437	NC_089042.1.g28457		NC_089042.1.g28561	NC_089042.1.g28793	NC_089042.1.g28400	NC_089042.1.g28521	6	1	
OG0029471	NC_089042.1.g28606		NC_089042.1.g28460	NC_089042.1.g28204	NC_089042.1.g28563	NC_089042.1.g28795	NC_089042.1.g28402	NC_089042.1.g28524	6	1	
OG0029472	NC_089042.1.g28640	NC_089042.1.g28472	NC_089042.1.g28493		NC_089042.1.g28595	NC_089042.1.g28828	NC_089042.1.g28436	NC_089042.1.g28561	6	1	
OG0029473	NC_089042.1.g28652	NC_089042.1.g28487	NC_089042.1.g28510	NC_089042.1.g28250		NC_089042.1.g28843	NC_089042.1.g28450	NC_089042.1.g28574	6	1	
OG0029474	NC_089042.1.g28677	NC_089042.1.g28512	NC_089042.1.g28531	NC_089042.1.g28270	NC_089042.1.g28632	NC_089042.1.g28867	NC_089042.1.g28471		6	1	
OG0029475	NC_089042.1.g28679	NC_089042.1.g28514	NC_089042.1.g28533		NC_089042.1.g28634	NC_089042.1.g28869	NC_089042.1.g28473	NC_089042.1.g28595	6	1	
OG0029476	NC_089042.1.g28697	NC_089042.1.g28533	NC_089042.1.g28551	NC_089042.1.g28293	NC_089042.1.g28654	NC_089042.1.g28891		NC_089042.1.g28614	6	1	
OG0029477	NC_089042.1.g28703		NC_089042.1.g28555	NC_089042.1.g28297	NC_089042.1.g28660	NC_089042.1.g28895	NC_089042.1.g28496	NC_089042.1.g28618	6	1	
OG0029478	NC_089042.1.g28710	NC_089042.1.g28544	NC_089042.1.g28561	NC_089042.1.g28304		NC_089042.1.g28901	NC_089042.1.g28502	NC_089042.1.g28623	6	1	
OG0029479	NC_089042.1.g28728		NC_089042.1.g28577	NC_089042.1.g28319	NC_089042.1.g28681	NC_089042.1.g28918	NC_089042.1.g28519	NC_089042.1.g28640	6	1	
OG0029480	NC_089042.1.g28730	NC_089042.1.g28564	NC_089042.1.g28579	NC_089042.1.g28323		NC_089042.1.g28920	NC_089042.1.g28523	NC_089042.1.g28642	6	1	
OG0029481	NC_089042.1.g28743	NC_089042.1.g28580	NC_089042.1.g28590		NC_089042.1.g28694	NC_089042.1.g28932	NC_089042.1.g28534	NC_089042.1.g28655	6	1	
OG0029482	NC_089042.1.g28838	NC_089042.1.g28674	NC_089042.1.g28688		NC_089042.1.g28777	NC_089042.1.g29021	NC_089042.1.g28633	NC_089042.1.g28752	6	1	
OG0029483	NC_089042.1.g28839	NC_089042.1.g28675	NC_089042.1.g28689		NC_089042.1.g28778	NC_089042.1.g29022	NC_089042.1.g28634	NC_089042.1.g28753	6	1	
OG0029485	NC_089042.1.g28993	NC_089042.1.g28825	NC_089042.1.g28841	NC_089042.1.g28569	NC_089042.1.g28929	NC_089042.1.g29173		NC_089042.1.g28906	6	1	
OG0029486	NC_089042.1.g29019	NC_089042.1.g28851	NC_089042.1.g28868	NC_089042.1.g28594	NC_089042.1.g28955		NC_089042.1.g28809	NC_089042.1.g28933	6	1	
OG0029487	NC_089042.1.g29062	NC_089042.1.g28894	NC_089042.1.g28909		NC_089042.1.g28997	NC_089042.1.g29241	NC_089042.1.g28851	NC_089042.1.g28975	6	1	
OG0029488	NC_089042.1.g29066	NC_089042.1.g28898	NC_089042.1.g28913	NC_089042.1.g28635	NC_089042.1.g29000		NC_089042.1.g28854	NC_089042.1.g28979	6	1	
OG0029489	NC_089042.1.g29072	NC_089042.1.g28905	NC_089042.1.g28920	NC_089042.1.g28642	NC_089042.1.g29008		NC_089042.1.g28862	NC_089042.1.g28986	6	1	
OG0029490	NC_089042.1.g29077	NC_089042.1.g28909	NC_089042.1.g28924	NC_089042.1.g28647	NC_089042.1.g29012	NC_089042.1.g29255		NC_089042.1.g28991	6	1	
OG0029491	NC_089042.1.g29128	NC_089042.1.g28961	NC_089042.1.g28976	NC_089042.1.g28703		NC_089042.1.g29307	NC_089042.1.g28913	NC_089042.1.g29044	6	1	
OG0029494	NC_089042.1.g29267	NC_089042.1.g29099	NC_089042.1.g29114		NC_089042.1.g29208	NC_089042.1.g29456	NC_089042.1.g29050	NC_089042.1.g29178	6	1	
OG0029495	NC_089042.1.g29278		NC_089042.1.g29126	NC_089042.1.g28845	NC_089042.1.g29219	NC_089042.1.g29466	NC_089042.1.g29060	NC_089042.1.g29189	6	1	
OG0029496	NC_089042.1.g29306	NC_089042.1.g29138	NC_089042.1.g29155	NC_089042.1.g28872	NC_089042.1.g29245	NC_089042.1.g29495		NC_089042.1.g29217	6	1	
OG0029497	NC_089042.1.g29340	NC_089042.1.g29173	NC_089042.1.g29190		NC_089042.1.g29281	NC_089042.1.g29531	NC_089042.1.g29122	NC_089042.1.g29252	6	1	
OG0029498	NC_089042.1.g29402	NC_089042.1.g29238	NC_089042.1.g29257		NC_089042.1.g29349	NC_089042.1.g29600	NC_089042.1.g29187	NC_089042.1.g29317	6	1	
OG0029499	NC_089042.1.g29403	NC_089042.1.g29239	NC_089042.1.g29258		NC_089042.1.g29350	NC_089042.1.g29601	NC_089042.1.g29188	NC_089042.1.g29318	6	1	
OG0029500	NC_089042.1.g29435	NC_089042.1.g29274	NC_089042.1.g29297	NC_089042.1.g29008	NC_089042.1.g29385	NC_089042.1.g29639	NC_089042.1.g29221		6	1	
OG0029501	NC_089042.1.g29479	NC_089042.1.g29319		NC_089042.1.g29051	NC_089042.1.g29426	NC_089042.1.g29684	NC_089042.1.g29265	NC_089042.1.g29404	6	1	
OG0029502	NC_089042.1.g29480	NC_089042.1.g29320		NC_089042.1.g29052	NC_089042.1.g29427	NC_089042.1.g29685	NC_089042.1.g29266	NC_089042.1.g29405	6	1	
OG0029503	NC_089042.1.g29490	NC_089042.1.g29332		NC_089042.1.g29064	NC_089042.1.g29438	NC_089042.1.g29697	NC_089042.1.g29279	NC_089042.1.g29418	6	1	
OG0029504	NC_089042.1.g29498	NC_089042.1.g29340		NC_089042.1.g29072	NC_089042.1.g29446	NC_089042.1.g29705	NC_089042.1.g29287	NC_089042.1.g29426	6	1	
OG0029505	NC_089042.1.g29514	NC_089042.1.g29356	NC_089042.1.g29375	NC_089042.1.g29088	NC_089042.1.g29462	NC_089042.1.g29721	NC_089042.1.g29303		6	1	
OG0029506	NC_089042.1.g29516	NC_089042.1.g29359	NC_089042.1.g29379	NC_089042.1.g29090	NC_089042.1.g29465	NC_089042.1.g29723		NC_089042.1.g29444	6	1	
OG0029507	NC_089042.1.g29557	NC_089042.1.g29401	NC_089042.1.g29420	NC_089042.1.g29135	NC_089042.1.g29509	NC_089042.1.g29766	NC_089042.1.g29345		6	1	
OG0029508	NC_089042.1.g29570	NC_089042.1.g29414	NC_089042.1.g29433	NC_089042.1.g29146	NC_089042.1.g29521	NC_089042.1.g29779	NC_089042.1.g29358		6	1	
OG0029509	NC_089042.1.g29650	NC_089042.1.g29498	NC_089042.1.g29523		NC_089042.1.g29609	NC_089042.1.g29864	NC_089042.1.g29447	NC_089042.1.g29579	6	1	
OG0029510	NC_089042.1.g29652	NC_089042.1.g29501		NC_089042.1.g29230	NC_089042.1.g29612	NC_089042.1.g29867	NC_089042.1.g29450	NC_089042.1.g29582	6	1	
OG0029511	NC_089042.1.g29653		NC_089042.1.g29525	NC_089042.1.g29231	NC_089042.1.g29613	NC_089042.1.g29868	NC_089042.1.g29451	NC_089042.1.g29583	6	1	
OG0029512	NC_089042.1.g29719	NC_089042.1.g29568		NC_089042.1.g29293	NC_089042.1.g29676	NC_089042.1.g29933	NC_089042.1.g29515	NC_089042.1.g29647	6	1	
OG0029513	NC_089042.1.g29760	NC_089042.1.g29614		NC_089042.1.g29336	NC_089042.1.g29719	NC_089042.1.g29976	NC_089042.1.g29559	NC_089042.1.g29693	6	1	
OG0029514	NC_089042.1.g29820		NC_089042.1.g29693	NC_089042.1.g29397	NC_089042.1.g29776	NC_089042.1.g30037	NC_089042.1.g29618	NC_089042.1.g29751	6	1	
OG0029515	NC_089042.1.g29824	NC_089042.1.g29676		NC_089042.1.g29401	NC_089042.1.g29781	NC_089042.1.g30041	NC_089042.1.g29623	NC_089042.1.g29756	6	1	
OG0029516	NC_089042.1.g29920	NC_089042.1.g29771		NC_089042.1.g29497	NC_089042.1.g29858	NC_089042.1.g30143	NC_089042.1.g29698	NC_089042.1.g29852	6	1	
OG0029517	NC_089042.1.g29958	NC_089042.1.g29812	NC_089042.1.g29825	NC_089042.1.g29535		NC_089042.1.g30182	NC_089042.1.g29740	NC_089042.1.g29892	6	1	
OG0029518	NC_089043.1.g29981	NC_089043.1.g29832	NC_089043.1.g29844	NC_089043.1.g29559	NC_089043.1.g29924	NC_089043.1.g30205		NC_089043.1.g29915	6	1	
OG0029519	NC_089043.1.g29989	NC_089043.1.g29839		NC_089043.1.g29566	NC_089043.1.g29933	NC_089043.1.g30213	NC_089043.1.g29767	NC_089043.1.g29924	6	1	
OG0029520	NC_089043.1.g30019	NC_089043.1.g29866	NC_089043.1.g29882		NC_089043.1.g29970	NC_089043.1.g30246	NC_089043.1.g29795	NC_089043.1.g29958	6	1	
OG0029521	NC_089043.1.g30024	NC_089043.1.g29871	NC_089043.1.g29887	NC_089043.1.g29600		NC_089043.1.g30250	NC_089043.1.g29800	NC_089043.1.g29964	6	1	
OG0029522	NC_089043.1.g30031	NC_089043.1.g29877	NC_089043.1.g29892		NC_089043.1.g29980	NC_089043.1.g30256	NC_089043.1.g29806	NC_089043.1.g29970	6	1	
OG0029523	NC_089043.1.g30045	NC_089043.1.g29888	NC_089043.1.g29901		NC_089043.1.g29991	NC_089043.1.g30266	NC_089043.1.g29816	NC_089043.1.g29980	6	1	
OG0029524	NC_089043.1.g30097	NC_089043.1.g29931	NC_089043.1.g29943		NC_089043.1.g30038	NC_089043.1.g30320	NC_089043.1.g29863	NC_089043.1.g30027	6	1	
OG0029525	NC_089043.1.g30100	NC_089043.1.g29935	NC_089043.1.g29947	NC_089043.1.g29672	NC_089043.1.g30042		NC_089043.1.g29867	NC_089043.1.g30033	6	1	
OG0029526	NC_089043.1.g30101	NC_089043.1.g29936	NC_089043.1.g29948	NC_089043.1.g29673	NC_089043.1.g30043	NC_089043.1.g30325		NC_089043.1.g30034	6	1	
OG0029527	NC_089043.1.g30104	NC_089043.1.g29941		NC_089043.1.g29676	NC_089043.1.g30047	NC_089043.1.g30328	NC_089043.1.g29872	NC_089043.1.g30039	6	1	
OG0029528	NC_089043.1.g30109	NC_089043.1.g29945	NC_089043.1.g29955	NC_089043.1.g29680	NC_089043.1.g30051	NC_089043.1.g30333	NC_089043.1.g29876		6	1	
OG0029529	NC_089043.1.g30125	NC_089043.1.g29967	NC_089043.1.g29975	NC_089043.1.g29703		NC_089043.1.g30353	NC_089043.1.g29899	NC_089043.1.g30065	6	1	
OG0029530	NC_089043.1.g30138	NC_089043.1.g29979	NC_089043.1.g29987	NC_089043.1.g29716	NC_089043.1.g30082	NC_089043.1.g30366		NC_089043.1.g30079	6	1	
OG0029531	NC_089043.1.g30145	NC_089043.1.g29986		NC_089043.1.g29724	NC_089043.1.g30090	NC_089043.1.g30374	NC_089043.1.g29919	NC_089043.1.g30088	6	1	
OG0029533	NC_089043.1.g30178	NC_089043.1.g30023	NC_089043.1.g30029	NC_089043.1.g29756	NC_089043.1.g30125		NC_089043.1.g29956	NC_089043.1.g30123	6	1	
OG0029534	NC_089043.1.g30197	NC_089043.1.g30053		NC_089043.1.g29780	NC_089043.1.g30151	NC_089043.1.g30433	NC_089043.1.g29980	NC_089043.1.g30150	6	1	
OG0029535	NC_089043.1.g30205	NC_089043.1.g30061		NC_089043.1.g29789	NC_089043.1.g30160	NC_089043.1.g30442	NC_089043.1.g29989	NC_089043.1.g30158	6	1	
OG0029538	NC_089043.1.g30246	NC_089043.1.g30106	NC_089043.1.g30103	NC_089043.1.g29836	NC_089043.1.g30204	NC_089043.1.g30494	NC_089043.1.g30033		6	1	
OG0029540	NC_089043.1.g30267	NC_089043.1.g30124	NC_089043.1.g30123	NC_089043.1.g29857	NC_089043.1.g30225	NC_089043.1.g30515	NC_089043.1.g30051		6	1	
OG0029541	NC_089043.1.g30274	NC_089043.1.g30131		NC_089043.1.g29864	NC_089043.1.g30232	NC_089043.1.g30522	NC_089043.1.g30058	NC_089043.1.g30230	6	1	
OG0029542	NC_089043.1.g30276	NC_089043.1.g30134	NC_089043.1.g30133	NC_089043.1.g29866	NC_089043.1.g30235	NC_089043.1.g30526		NC_089043.1.g30232	6	1	
OG0029543	NC_089043.1.g30307	NC_089043.1.g30172	NC_089043.1.g30167	NC_089043.1.g29899	NC_089043.1.g30270		NC_089043.1.g30092	NC_089043.1.g30262	6	1	
OG0029544	NC_089043.1.g30317	NC_089043.1.g30180		NC_089043.1.g29908	NC_089043.1.g30278	NC_089043.1.g30570	NC_089043.1.g30099	NC_089043.1.g30269	6	1	
OG0029545	NC_089043.1.g30342	NC_089043.1.g30203	NC_089043.1.g30195	NC_089043.1.g29932	NC_089043.1.g30296	NC_089043.1.g30591		NC_089043.1.g30290	6	1	
OG0029546	NC_089043.1.g30344	NC_089043.1.g30205	NC_089043.1.g30197		NC_089043.1.g30298	NC_089043.1.g30593	NC_089043.1.g30123	NC_089043.1.g30292	6	1	
OG0029547	NC_089043.1.g30364	NC_089043.1.g30220	NC_089043.1.g30213	NC_089043.1.g29949	NC_089043.1.g30311	NC_089043.1.g30612		NC_089043.1.g30304	6	1	
OG0029548	NC_089043.1.g30380	NC_089043.1.g30233		NC_089043.1.g29966	NC_089043.1.g30323	NC_089043.1.g30628	NC_089043.1.g30151	NC_089043.1.g30315	6	1	
OG0029550	NC_089043.1.g30400	NC_089043.1.g30253	NC_089043.1.g30237		NC_089043.1.g30340	NC_089043.1.g30646	NC_089043.1.g30168	NC_089043.1.g30334	6	1	
OG0029551	NC_089043.1.g30479		NC_089043.1.g30313	NC_089043.1.g30056	NC_089043.1.g30419	NC_089043.1.g30725	NC_089043.1.g30248	NC_089043.1.g30415	6	1	
OG0029552	NC_089043.1.g30498	NC_089043.1.g30350	NC_089043.1.g30330		NC_089043.1.g30436	NC_089043.1.g30740	NC_089043.1.g30264	NC_089043.1.g30434	6	1	
OG0029554	NC_089043.1.g30518	NC_089035.1.g1904	NC_089043.1.g30346	NC_089043.1.g30092	NC_089043.1.g30456	NC_089043.1.g30766		NC_089035.1.g1890	6	1	
OG0029555	NC_089043.1.g30550		NC_089043.1.g30387	NC_089043.1.g30137	NC_089043.1.g30500	NC_089043.1.g30808	NC_089043.1.g30314	NC_089043.1.g30491	6	1	
OG0029556	NC_089043.1.g30575		NC_089043.1.g30411	NC_089043.1.g30161	NC_089043.1.g30525	NC_089043.1.g30834	NC_089043.1.g30339	NC_089043.1.g30516	6	1	
OG0029557	NC_089043.1.g30582	NC_089043.1.g30441	NC_089043.1.g30420		NC_089043.1.g30534	NC_089043.1.g30843	NC_089043.1.g30346	NC_089043.1.g30522	6	1	
OG0029558	NC_089043.1.g30612		NC_089043.1.g30450	NC_089043.1.g30198	NC_089043.1.g30563	NC_089043.1.g30876	NC_089043.1.g30374	NC_089043.1.g30552	6	1	
OG0029559	NC_089043.1.g30622	NC_089043.1.g30479	NC_089043.1.g30458	NC_089043.1.g30209	NC_089043.1.g30572		NC_089043.1.g30383	NC_089043.1.g30560	6	1	
OG0029560	NC_089043.1.g30632	NC_089043.1.g30487	NC_089043.1.g30470		NC_089043.1.g30580	NC_089043.1.g30895	NC_089043.1.g30392	NC_089043.1.g30567	6	1	
OG0029561	NC_089043.1.g30633		NC_089043.1.g30471	NC_089043.1.g30220	NC_089043.1.g30581	NC_089043.1.g30896	NC_089043.1.g30393	NC_089043.1.g30568	6	1	
OG0029562	NC_089043.1.g30635	NC_089043.1.g30491	NC_089043.1.g30473		NC_089043.1.g30583	NC_089043.1.g30900	NC_089043.1.g30395	NC_089043.1.g30571	6	1	
OG0029563	NC_089043.1.g30642	NC_089043.1.g30503	NC_089043.1.g30484		NC_089043.1.g30594	NC_089043.1.g30910	NC_089043.1.g30405	NC_089043.1.g30591	6	1	
OG0029564	NC_089043.1.g30645	NC_089043.1.g30507		NC_089043.1.g30235	NC_089043.1.g30597	NC_089043.1.g30914	NC_089043.1.g30408	NC_089043.1.g30595	6	1	
OG0029565	NC_089043.1.g30678		NC_089043.1.g30517	NC_089043.1.g30268	NC_089043.1.g30629	NC_089043.1.g30949	NC_089043.1.g30437	NC_089043.1.g30626	6	1	
OG0029566	NC_089043.1.g30711	NC_089043.1.g30579	NC_089043.1.g30552	NC_089043.1.g30300		NC_089043.1.g30985	NC_089043.1.g30472	NC_089043.1.g30659	6	1	
OG0029567	NC_089043.1.g30738		NC_089040.1.g23655	NC_089043.1.g30325	NC_089040.1.g23740	NC_089043.1.g31007	NC_089040.1.g23621	NC_089040.1.g23667	6	1	
OG0029569	NC_089043.1.g30778	NC_089043.1.g30640	NC_089043.1.g30609		NC_089043.1.g30731	NC_089043.1.g31046	NC_089043.1.g30530	NC_089043.1.g30720	6	1	
OG0029570	NC_089043.1.g30798	NC_089043.1.g30662	NC_089043.1.g30626	NC_089043.1.g30382	NC_089043.1.g30751	NC_089043.1.g31067	NC_089043.1.g30548		6	1	
OG0029573	NC_089043.1.g30900	NC_089043.1.g30768	NC_089043.1.g30732		NC_089043.1.g30859	NC_089043.1.g31168	NC_089043.1.g30655	NC_089043.1.g30841	6	1	
OG0029574	NC_089043.1.g30901	NC_089043.1.g30769	NC_089043.1.g30733	NC_089043.1.g30485		NC_089043.1.g31169	NC_089043.1.g30656	NC_089043.1.g30842	6	1	
OG0029576	NC_089043.1.g30912	NC_089043.1.g30777	NC_089043.1.g30745	NC_089043.1.g30496	NC_089043.1.g30872		NC_089043.1.g30667	NC_089043.1.g30855	6	1	
OG0029578	NC_089043.1.g30920	NC_089043.1.g30784	NC_089043.1.g30753		NC_089043.1.g30879	NC_089043.1.g31186	NC_089043.1.g30677	NC_089043.1.g30863	6	1	
OG0029579	NC_089043.1.g30921	NC_089043.1.g30785	NC_089043.1.g30754	NC_089043.1.g30503	NC_089043.1.g30880	NC_089043.1.g31187		NC_089043.1.g30864	6	1	
OG0029580	NC_089043.1.g30926	NC_089043.1.g30790	NC_089043.1.g30759		NC_089043.1.g30883	NC_089043.1.g31194	NC_089043.1.g30681	NC_089043.1.g30868	6	1	
OG0029581	NC_089043.1.g30929		NC_089043.1.g30762	NC_089043.1.g30509	NC_089043.1.g30886	NC_089043.1.g31197	NC_089043.1.g30684	NC_089043.1.g30871	6	1	
OG0029582	NC_089043.1.g30932		NC_089043.1.g30765	NC_089043.1.g30512	NC_089043.1.g30889	NC_089043.1.g31200	NC_089043.1.g30688	NC_089043.1.g30874	6	1	
OG0029583	NC_089043.1.g30933	NC_089043.1.g30796	NC_089043.1.g30766		NC_089043.1.g30890	NC_089043.1.g31201	NC_089043.1.g30689	NC_089043.1.g30875	6	1	
OG0029584	NC_089043.1.g30973	NC_089043.1.g30833		NC_089043.1.g30551	NC_089043.1.g30927	NC_089043.1.g31236	NC_089043.1.g30727	NC_089043.1.g30913	6	1	
OG0029585	NC_089043.1.g30983	NC_089043.1.g30844		NC_089043.1.g30561	NC_089043.1.g30937	NC_089043.1.g31247	NC_089043.1.g30736	NC_089043.1.g30923	6	1	
OG0029586	NC_089043.1.g31052		NC_089043.1.g30857	NC_089043.1.g30610	NC_089043.1.g30988	NC_089043.1.g31314	NC_089043.1.g30792	NC_089043.1.g30968	6	1	
OG0029588	NC_089043.1.g31140	NC_089043.1.g30981	NC_089043.1.g30946	NC_089043.1.g30695	NC_089043.1.g31083		NC_089043.1.g30884	NC_089043.1.g31055	6	1	
OG0029589	NC_089043.1.g31189	NC_089043.1.g31031		NC_089043.1.g30744	NC_089043.1.g31133	NC_089043.1.g31450	NC_089043.1.g30932	NC_089043.1.g31104	6	1	
OG0029590	NC_089043.1.g31223	NC_089043.1.g31065	NC_089043.1.g31030	NC_089043.1.g30778	NC_089043.1.g31170	NC_089043.1.g31485		NC_089043.1.g31141	6	1	
OG0029591	NC_089043.1.g31236	NC_089043.1.g31076	NC_089043.1.g31043	NC_089043.1.g30790		NC_089043.1.g31497	NC_089043.1.g30977	NC_089043.1.g31154	6	1	
OG0029592	NC_089043.1.g31271	NC_089043.1.g31107	NC_089043.1.g31076	NC_089043.1.g30826	NC_089043.1.g31213	NC_089043.1.g31532		NC_089043.1.g31184	6	1	
OG0029593	NC_089043.1.g31308	NC_089043.1.g31143	NC_089043.1.g31113	NC_089043.1.g30861		NC_089043.1.g31571	NC_089043.1.g31051	NC_089043.1.g31218	6	1	
OG0029594	NC_089043.1.g31380	NC_089043.1.g31213	NC_089043.1.g31185	NC_089043.1.g30934	NC_089043.1.g31319	NC_089043.1.g31642		NC_089043.1.g31289	6	1	
OG0029596	NC_089043.1.g31575	NC_089043.1.g31402	NC_089043.1.g31378		NC_089043.1.g31513	NC_089043.1.g31838	NC_089043.1.g31319	NC_089043.1.g31493	6	1	
OG0029597	NC_089043.1.g31740	NC_089043.1.g31574	NC_089043.1.g31554	NC_089043.1.g31300	NC_089043.1.g31686		NC_089043.1.g31491	NC_089043.1.g31665	6	1	
OG0029598	NC_089043.1.g31742	NC_089043.1.g31576	NC_089043.1.g31556		NC_089043.1.g31688	NC_089043.1.g32010	NC_089043.1.g31493	NC_089043.1.g31667	6	1	
OG0029599	NC_089043.1.g31753		NC_089043.1.g31567	NC_089043.1.g31313	NC_089043.1.g31698	NC_089043.1.g32022	NC_089043.1.g31504	NC_089043.1.g31678	6	1	
OG0029600	NC_089043.1.g31754		NC_089043.1.g31568	NC_089043.1.g31314	NC_089043.1.g31699	NC_089043.1.g32023	NC_089043.1.g31505	NC_089043.1.g31679	6	1	
OG0029601	NC_089043.1.g31789	NC_089043.1.g31619	NC_089043.1.g31601	NC_089043.1.g31349		NC_089043.1.g32058	NC_089043.1.g31540	NC_089043.1.g31714	6	1	
OG0029603	NC_089043.1.g31859	NC_089043.1.g31685	NC_089043.1.g31666	NC_089043.1.g31417	NC_089043.1.g31801	NC_089043.1.g32125	NC_089043.1.g31607		6	1	
OG0029604	NC_089043.1.g31897	NC_089043.1.g31724	NC_089043.1.g31708	NC_089043.1.g31456	NC_089043.1.g31843		NC_089043.1.g31647	NC_089043.1.g31822	6	1	
OG0029605	NC_089043.1.g31952		NC_089043.1.g31767	NC_089043.1.g31516	NC_089043.1.g31903	NC_089043.1.g32224	NC_089043.1.g31707	NC_089043.1.g31884	6	1	
OG0029606	NC_089043.1.g31981	NC_089043.1.g31814	NC_089043.1.g31798		NC_089043.1.g31935	NC_089043.1.g32255	NC_089043.1.g31738	NC_089043.1.g31915	6	1	
OG0029607	NC_089043.1.g32001	NC_089043.1.g31819		NC_089043.1.g31566	NC_089043.1.g31956	NC_089043.1.g32275	NC_089043.1.g31744	NC_089043.1.g31936	6	1	
OG0029608	NC_089043.1.g32049		NC_089043.1.g31852	NC_089043.1.g31614	NC_089043.1.g32006	NC_089043.1.g32320	NC_089043.1.g31789	NC_089043.1.g31988	6	1	
OG0029609	NC_089043.1.g32154	NC_089043.1.g31991	NC_089043.1.g31970	NC_089043.1.g31727	NC_089043.1.g32121	NC_089043.1.g32435		NC_089043.1.g32106	6	1	
OG0029610	NC_089043.1.g32186	NC_089043.1.g32024	NC_089043.1.g32004	NC_089043.1.g31759		NC_089043.1.g32467	NC_089043.1.g31938	NC_089043.1.g32139	6	1	
OG0029611	NC_089043.1.g32191	NC_089043.1.g32029		NC_089043.1.g31764	NC_089043.1.g32157	NC_089043.1.g32472	NC_089043.1.g31943	NC_089043.1.g32144	6	1	
OG0029612	NC_089043.1.g32217	NC_089043.1.g32056	NC_089043.1.g32034	NC_089043.1.g31790		NC_089043.1.g32498	NC_089043.1.g31968	NC_089043.1.g32172	6	1	
OG0029613	NC_089043.1.g32221	NC_089043.1.g32060	NC_089043.1.g32038	NC_089043.1.g31794	NC_089043.1.g32186		NC_089043.1.g31972	NC_089043.1.g32176	6	1	
OG0029614	NC_089044.1.g32241	NC_089044.1.g32077	NC_089044.1.g32055	NC_089044.1.g31810	NC_089044.1.g32204	NC_089044.1.g32519		NC_089044.1.g32192	6	1	
OG0029615	NC_089044.1.g32262		NC_089044.1.g32071	NC_089044.1.g31829	NC_089044.1.g32223	NC_089044.1.g32536	NC_089044.1.g32004	NC_089044.1.g32211	6	1	
OG0029616	NC_089044.1.g32270	NC_089044.1.g32103		NC_089044.1.g31840	NC_089044.1.g32233	NC_089044.1.g32547	NC_089044.1.g32010	NC_089045.1.g36466	6	1	
OG0029617	NC_089044.1.g32294	NC_089044.1.g32128	NC_089044.1.g32104	NC_089044.1.g31866	NC_089044.1.g32262	NC_089044.1.g32571		NC_089044.1.g32245	6	1	
OG0029618	NC_089044.1.g32300	NC_089044.1.g32134	NC_089044.1.g32110		NC_089044.1.g32268	NC_089044.1.g32577	NC_089044.1.g32039	NC_089044.1.g32250	6	1	
OG0029619	NC_089044.1.g32301	NC_089044.1.g32135	NC_089044.1.g32111	NC_089044.1.g31872	NC_089044.1.g32269	NC_089044.1.g32578		NC_089044.1.g32251	6	1	
OG0029620	NC_089044.1.g32305	NC_089044.1.g32138	NC_089044.1.g32114		NC_089044.1.g32272	NC_089044.1.g32582	NC_089044.1.g32043	NC_089044.1.g32254	6	1	
OG0029621	NC_089044.1.g32308	NC_089044.1.g32140	NC_089044.1.g32117	NC_089044.1.g31878	NC_089044.1.g32274		NC_089044.1.g32046	NC_089044.1.g32257	6	1	
OG0029622	NC_089044.1.g32385	NC_089044.1.g32230	NC_089044.1.g32192	NC_089044.1.g31951	NC_089044.1.g32360	NC_089044.1.g32652	NC_089044.1.g32129		6	1	
OG0029623	NC_089044.1.g32391	NC_089044.1.g32236		NC_089044.1.g31955	NC_089044.1.g32365	NC_089044.1.g32656	NC_089044.1.g32134	NC_089044.1.g32334	6	1	
OG0029624	NC_089044.1.g32403	NC_089044.1.g32245	NC_089044.1.g32209	NC_089044.1.g31968	NC_089044.1.g32378		NC_089044.1.g32149	NC_089044.1.g32345	6	1	
OG0029625	NC_089044.1.g32411	NC_089044.1.g32258	NC_089044.1.g32223	NC_089044.1.g31982	NC_089044.1.g32392	NC_089044.1.g32681	NC_089044.1.g32161		6	1	
OG0029626	NC_089044.1.g32413	NC_089044.1.g32260	NC_089044.1.g32225	NC_089044.1.g31984	NC_089044.1.g32394	NC_089044.1.g32683	NC_089044.1.g32163		6	1	
OG0029627	NC_089044.1.g32416	NC_089044.1.g32263	NC_089044.1.g32228	NC_089044.1.g31987	NC_089044.1.g32397	NC_089044.1.g32686	NC_089044.1.g32166		6	1	
OG0029628	NC_089044.1.g32433	NC_089044.1.g32282	NC_089044.1.g32243		NC_089044.1.g32415	NC_089044.1.g32708	NC_089044.1.g32183	NC_089044.1.g32380	6	1	
OG0029629	NC_089044.1.g32434	NC_089044.1.g32283	NC_089044.1.g32244		NC_089044.1.g32416	NC_089044.1.g32709	NC_089044.1.g32184	NC_089044.1.g32381	6	1	
OG0029630	NC_089044.1.g32437	NC_089044.1.g32286	NC_089044.1.g32247		NC_089044.1.g32419	NC_089044.1.g32712	NC_089044.1.g32187	NC_089044.1.g32384	6	1	
OG0029631	NC_089044.1.g32438	NC_089044.1.g32287	NC_089044.1.g32248	NC_089044.1.g32006		NC_089044.1.g32713	NC_089044.1.g32188	NC_089044.1.g32385	6	1	
OG0029632	NC_089044.1.g32453	NC_089044.1.g32299	NC_089044.1.g32259	NC_089044.1.g32018	NC_089044.1.g32429	NC_089044.1.g32725	NC_089044.1.g32199		6	1	
OG0029633	NC_089044.1.g32456	NC_089044.1.g32302	NC_089044.1.g32262		NC_089044.1.g32432	NC_089044.1.g32728	NC_089044.1.g32202	NC_089044.1.g32400	6	1	
OG0029634	NC_089044.1.g32458	NC_089044.1.g32304	NC_089044.1.g32264		NC_089044.1.g32434	NC_089044.1.g32730	NC_089044.1.g32204	NC_089044.1.g32402	6	1	
OG0029635	NC_089044.1.g32463		NC_089044.1.g32271	NC_089044.1.g32025	NC_089044.1.g32441	NC_089044.1.g32735	NC_089044.1.g32211	NC_089044.1.g32407	6	1	
OG0029636	NC_089044.1.g32473	NC_089044.1.g32321	NC_089044.1.g32282	NC_089044.1.g32036	NC_089044.1.g32453		NC_089044.1.g32223	NC_089044.1.g32418	6	1	
OG0029637	NC_089044.1.g32475	NC_089044.1.g32323	NC_089044.1.g32284		NC_089044.1.g32455	NC_089044.1.g32744	NC_089044.1.g32224	NC_089044.1.g32420	6	1	
OG0029638	NC_089044.1.g32517	NC_089044.1.g32378	NC_089044.1.g32340		NC_089044.1.g32501	NC_089044.1.g32802	NC_089044.1.g32277	NC_089044.1.g32471	6	1	
OG0029639	NC_089044.1.g32527	NC_089044.1.g32387	NC_089044.1.g32348	NC_089044.1.g32090	NC_089044.1.g32511	NC_089044.1.g32812		NC_089044.1.g32480	6	1	
OG0029640	NC_089044.1.g32535	NC_089044.1.g32396	NC_089044.1.g32357	NC_089044.1.g32098	NC_089044.1.g32520	NC_089044.1.g32821	NC_089044.1.g32294		6	1	
OG0029641	NC_089044.1.g32544	NC_089044.1.g32406	NC_089044.1.g32369		NC_089044.1.g32532	NC_089044.1.g32832	NC_089044.1.g32305	NC_089044.1.g32500	6	1	
OG0029642	NC_089044.1.g32556	NC_089044.1.g32420	NC_089044.1.g32381	NC_089044.1.g32117	NC_089044.1.g32545	NC_089044.1.g32845	NC_089044.1.g32320		6	1	
OG0029643	NC_089044.1.g32566	NC_089044.1.g32430		NC_089044.1.g32125	NC_089044.1.g32554	NC_089044.1.g32852	NC_089044.1.g32329	NC_089044.1.g32521	6	1	
OG0029644	NC_089044.1.g32579	NC_089044.1.g32441	NC_089044.1.g32400	NC_089044.1.g32138	NC_089044.1.g32566	NC_089044.1.g32863		NC_089044.1.g32531	6	1	
OG0029645	NC_089044.1.g32582	NC_089044.1.g32444	NC_089044.1.g32403	NC_089044.1.g32140	NC_089044.1.g32569		NC_089044.1.g32341	NC_089044.1.g32534	6	1	
OG0029646	NC_089044.1.g32596	NC_089044.1.g32459		NC_089044.1.g32152	NC_089044.1.g32585	NC_089044.1.g32885	NC_089044.1.g32354	NC_089044.1.g32547	6	1	
OG0029647	NC_089044.1.g32608		NC_089044.1.g32432	NC_089044.1.g32165	NC_089044.1.g32599	NC_089044.1.g32899	NC_089044.1.g32368	NC_089044.1.g32562	6	1	
OG0029648	NC_089044.1.g32612	NC_089044.1.g32480		NC_089044.1.g32170	NC_089044.1.g32604	NC_089044.1.g32902	NC_089044.1.g32372	NC_089044.1.g32567	6	1	
OG0029649	NC_089044.1.g32631		NC_089044.1.g32451	NC_089044.1.g32190	NC_089044.1.g32623	NC_089044.1.g32920	NC_089044.1.g32391	NC_089044.1.g32588	6	1	
OG0029651	NC_089044.1.g32672	NC_089044.1.g32542	NC_089044.1.g32490		NC_089044.1.g32666	NC_089044.1.g32966	NC_089044.1.g32430	NC_089044.1.g32626	6	1	
OG0029652	NC_089044.1.g32687		NC_089044.1.g32507	NC_089044.1.g32238	NC_089044.1.g32681	NC_089044.1.g32985	NC_089044.1.g32447	NC_089044.1.g32642	6	1	
OG0029653	NC_089044.1.g32695		NC_089044.1.g32517	NC_089044.1.g32248	NC_089044.1.g32692	NC_089044.1.g32995	NC_089044.1.g32457	NC_089044.1.g32655	6	1	
OG0029654	NC_089044.1.g32707		NC_089044.1.g32528	NC_089044.1.g32259	NC_089044.1.g32705	NC_089044.1.g33006	NC_089044.1.g32474	NC_089044.1.g32668	6	1	
OG0029655	NC_089044.1.g32729	NC_089044.1.g32602	NC_089044.1.g32551	NC_089044.1.g32286	NC_089044.1.g32730		NC_089044.1.g32497	NC_089044.1.g32688	6	1	
OG0029656	NC_089044.1.g32730	NC_089044.1.g32605	NC_089044.1.g32552	NC_089044.1.g32289		NC_089044.1.g33034	NC_089044.1.g32498	NC_089044.1.g32689	6	1	
OG0029657	NC_089044.1.g32768	NC_089044.1.g32647	NC_089044.1.g32590	NC_089044.1.g32331	NC_089044.1.g32776	NC_089044.1.g33074		NC_089044.1.g32730	6	1	
OG0029658	NC_089044.1.g32772	NC_089044.1.g32651	NC_089044.1.g32594	NC_089044.1.g32335	NC_089044.1.g32780	NC_089044.1.g33078		NC_089044.1.g32734	6	1	
OG0029659	NC_089044.1.g32850		NC_089044.1.g32666	NC_089044.1.g32414	NC_089044.1.g32852	NC_089044.1.g33160	NC_089044.1.g32613	NC_089044.1.g32811	6	1	
OG0029660	NC_089044.1.g32865	NC_089044.1.g32741	NC_089044.1.g32685	NC_089044.1.g32427	NC_089044.1.g32865	NC_089044.1.g33172	NC_089044.1.g32626		6	1	
OG0029661	NC_089044.1.g32871	NC_089044.1.g32744		NC_089044.1.g32432	NC_089044.1.g32869	NC_089044.1.g33178	NC_089044.1.g32631	NC_089044.1.g32829	6	1	
OG0029662	NC_089044.1.g32884	NC_089044.1.g32761		NC_089044.1.g32445	NC_089044.1.g32883	NC_089044.1.g33196	NC_089044.1.g32649	NC_089044.1.g32844	6	1	
OG0029663	NC_089044.1.g32955		NC_089044.1.g32782	NC_089044.1.g32523	NC_089044.1.g32954	NC_089044.1.g33270	NC_089044.1.g32718	NC_089044.1.g32913	6	1	
OG0029664	NC_089044.1.g32977	NC_089044.1.g32866	NC_089044.1.g32806	NC_089044.1.g32548	NC_089044.1.g32982		NC_089044.1.g32742	NC_089044.1.g32940	6	1	
OG0029665	NC_089044.1.g32982	NC_089044.1.g32871	NC_089044.1.g32811	NC_089044.1.g32554		NC_089044.1.g33305	NC_089044.1.g32747	NC_089044.1.g32946	6	1	
OG0029666	NC_089044.1.g32991		NC_089044.1.g32827	NC_089044.1.g32571	NC_089044.1.g33003	NC_089044.1.g33314	NC_089044.1.g32758	NC_089044.1.g32964	6	1	
OG0029667	NC_089044.1.g32997	NC_089044.1.g32890		NC_089044.1.g32579	NC_089044.1.g33012	NC_089044.1.g33322	NC_089044.1.g32766	NC_089044.1.g32973	6	1	
OG0029668	NC_089044.1.g33006	NC_089044.1.g32900	NC_089044.1.g32842		NC_089044.1.g33023	NC_089044.1.g33331	NC_089044.1.g32776	NC_089044.1.g32983	6	1	
OG0029669	NC_089044.1.g33010	NC_089044.1.g32904	NC_089044.1.g32845	NC_089044.1.g32592	NC_089044.1.g33027	NC_089044.1.g33334		NC_089044.1.g32986	6	1	
OG0029670	NC_089044.1.g33011	NC_089044.1.g32905	NC_089044.1.g32846	NC_089044.1.g32593	NC_089044.1.g33028	NC_089044.1.g33335		NC_089044.1.g32987	6	1	
OG0029671	NC_089044.1.g33025	NC_089044.1.g32919	NC_089044.1.g32858	NC_089044.1.g32604	NC_089044.1.g33042		NC_089044.1.g32792	NC_089044.1.g33000	6	1	
OG0029672	NC_089044.1.g33056	NC_089044.1.g32943	NC_089044.1.g32887		NC_089044.1.g33070	NC_089044.1.g33377	NC_089044.1.g32817	NC_089044.1.g33026	6	1	
OG0029675	NC_089044.1.g33066	NC_089044.1.g32957	NC_089044.1.g32898	NC_089044.1.g32644	NC_089044.1.g33084		NC_089044.1.g32830	NC_089044.1.g33037	6	1	
OG0029676	NC_089044.1.g33072	NC_089044.1.g32964	NC_089044.1.g32904	NC_089044.1.g32652	NC_089044.1.g33091	NC_089044.1.g33396	NC_089044.1.g32836		6	1	
OG0029677	NC_089044.1.g33083	NC_089044.1.g32974	NC_089044.1.g32914	NC_089044.1.g32662	NC_089044.1.g33102		NC_089044.1.g32847	NC_089044.1.g33054	6	1	
OG0029678	NC_089044.1.g33088	NC_089044.1.g32978		NC_089044.1.g32666	NC_089044.1.g33106	NC_089044.1.g33411	NC_089044.1.g32852	NC_089044.1.g33059	6	1	
OG0029679	NC_089044.1.g33090	NC_089044.1.g32980		NC_089044.1.g32668	NC_089044.1.g33108	NC_089044.1.g33414	NC_089044.1.g32855	NC_089044.1.g33062	6	1	
OG0029680	NC_089044.1.g33096	NC_089044.1.g32985		NC_089044.1.g32673	NC_089044.1.g33113	NC_089044.1.g33419	NC_089044.1.g32860	NC_089044.1.g33067	6	1	
OG0029681	NC_089044.1.g33102	NC_089044.1.g32989	NC_089044.1.g32927	NC_089044.1.g32678	NC_089044.1.g33119		NC_089044.1.g32865	NC_089044.1.g33072	6	1	
OG0029682	NC_089044.1.g33103	NC_089044.1.g32990	NC_089044.1.g32928	NC_089044.1.g32679	NC_089044.1.g33120		NC_089044.1.g32866	NC_089044.1.g33073	6	1	
OG0029683	NC_089044.1.g33106	NC_089044.1.g32993	NC_089044.1.g32931		NC_089044.1.g33123	NC_089044.1.g33427	NC_089044.1.g32869	NC_089044.1.g33076	6	1	
OG0029684	NC_089044.1.g33125		NC_089044.1.g32954	NC_089044.1.g32703	NC_089044.1.g33147	NC_089044.1.g33447	NC_089044.1.g32891	NC_089044.1.g33098	6	1	
OG0029685	NC_089044.1.g33143	NC_089044.1.g33039	NC_089044.1.g32971	NC_089044.1.g32721		NC_089044.1.g33465	NC_089044.1.g32912	NC_089044.1.g33120	6	1	
OG0029686	NC_089044.1.g33191	NC_089044.1.g33087	NC_089044.1.g33022	NC_089044.1.g32769		NC_089044.1.g33514	NC_089044.1.g32961	NC_089044.1.g33169	6	1	
OG0029687	NC_089044.1.g33233		NC_089044.1.g33064	NC_089044.1.g32810	NC_089044.1.g33260	NC_089044.1.g33559	NC_089044.1.g33006	NC_089044.1.g33216	6	1	
OG0029688	NC_089044.1.g33245	NC_089044.1.g33111	NC_089044.1.g33047		NC_089044.1.g33241	NC_089044.1.g33574	NC_089044.1.g32986	NC_089044.1.g33195	6	1	
OG0029689	NC_089044.1.g33254	NC_089044.1.g33149		NC_089044.1.g32832	NC_089044.1.g33283	NC_089044.1.g33583	NC_089044.1.g33028	NC_089044.1.g33238	6	1	
OG0029690	NC_089044.1.g33286	NC_089044.1.g33184	NC_089044.1.g33120	NC_089044.1.g32867		NC_089044.1.g33616	NC_089044.1.g33064	NC_089044.1.g33272	6	1	
OG0029691	NC_089044.1.g33293		NC_089044.1.g33124	NC_089044.1.g32873	NC_089044.1.g33323	NC_089044.1.g33621	NC_089044.1.g33068	NC_089044.1.g33276	6	1	
OG0029692	NC_089044.1.g33329		NC_089044.1.g33160	NC_089044.1.g32909	NC_089044.1.g33357	NC_089044.1.g33657	NC_089044.1.g33099	NC_089044.1.g33311	6	1	
OG0029693	NC_089044.1.g33342		NC_089044.1.g33172	NC_089044.1.g32921	NC_089044.1.g33369	NC_089044.1.g33671	NC_089044.1.g33111	NC_089044.1.g33323	6	1	
OG0029694	NC_089044.1.g33379	NC_089044.1.g33268	NC_089044.1.g33206	NC_089044.1.g32960		NC_089044.1.g33708	NC_089044.1.g33148	NC_089044.1.g33359	6	1	
OG0029695	NC_089044.1.g33408	NC_089044.1.g33299	NC_089044.1.g33234	NC_089044.1.g32988		NC_089044.1.g33749	NC_089044.1.g33192	NC_089044.1.g33404	6	1	
OG0029696	NC_089044.1.g33428	NC_089044.1.g33320	NC_089044.1.g33255	NC_089044.1.g33009	NC_089044.1.g33457		NC_089044.1.g33213	NC_089044.1.g33424	6	1	
OG0029697	NC_089044.1.g33434	NC_089044.1.g33324	NC_089044.1.g33260	NC_089044.1.g33014	NC_089044.1.g33463	NC_089044.1.g33775		NC_089044.1.g33429	6	1	
OG0029698	NC_089044.1.g33471	NC_089044.1.g33359	NC_089044.1.g33294	NC_089044.1.g33049	NC_089044.1.g33494		NC_089044.1.g33254	NC_089044.1.g33465	6	1	
OG0029699	NC_089044.1.g33486	NC_089044.1.g33373	NC_089044.1.g33309	NC_089044.1.g33064	NC_089044.1.g33511		NC_089044.1.g33268	NC_089044.1.g33480	6	1	
OG0029700	NC_089044.1.g33520	NC_089044.1.g33411	NC_089044.1.g33344	NC_089044.1.g33099	NC_089044.1.g33547	NC_089044.1.g33861		NC_089044.1.g33512	6	1	
OG0029701	NC_089044.1.g33522	NC_089044.1.g33413	NC_089044.1.g33346	NC_089044.1.g33101	NC_089044.1.g33549	NC_089044.1.g33863		NC_089044.1.g33514	6	1	
OG0029702	NC_089044.1.g33543	NC_089044.1.g33433		NC_089044.1.g33123	NC_089044.1.g33569	NC_089044.1.g33885	NC_089044.1.g33323	NC_089044.1.g33537	6	1	
OG0029703	NC_089044.1.g33546	NC_089044.1.g33436		NC_089044.1.g33125	NC_089044.1.g33572	NC_089044.1.g33887	NC_089044.1.g33325	NC_089044.1.g33539	6	1	
OG0029704	NC_089044.1.g33548	NC_089044.1.g33437		NC_089044.1.g33127	NC_089044.1.g33574	NC_089044.1.g33888	NC_089044.1.g33327	NC_089044.1.g33541	6	1	
OG0029706	NC_089044.1.g33575	NC_089044.1.g33451	NC_089044.1.g33379		NC_089044.1.g33600	NC_089044.1.g33914	NC_089044.1.g33354	NC_089044.1.g33568	6	1	
OG0029707	NC_089044.1.g33583	NC_089044.1.g33459	NC_089044.1.g33387		NC_089044.1.g33608	NC_089044.1.g33922	NC_089044.1.g33362	NC_089044.1.g33576	6	1	
OG0029708	NC_089044.1.g33653	NC_089044.1.g33523	NC_089044.1.g33450	NC_089044.1.g33235		NC_089044.1.g33990	NC_089044.1.g33424	NC_089044.1.g33638	6	1	
OG0029709	NC_089044.1.g33679	NC_089044.1.g33551	NC_089044.1.g33479	NC_089044.1.g33260		NC_089044.1.g34018	NC_089044.1.g33452	NC_089044.1.g33666	6	1	
OG0029710	NC_089044.1.g33687	NC_089044.1.g33560	NC_089044.1.g33488		NC_089044.1.g33706	NC_089044.1.g34027	NC_089044.1.g33460	NC_089044.1.g33674	6	1	
OG0029711	NC_089044.1.g33691	NC_089044.1.g33563	NC_089044.1.g33492		NC_089044.1.g33710	NC_089044.1.g34030	NC_089044.1.g33464	NC_089044.1.g33678	6	1	
OG0029712	NC_089044.1.g33702	NC_089044.1.g33576	NC_089044.1.g33503		NC_089044.1.g33723	NC_089044.1.g34041	NC_089044.1.g33475	NC_089044.1.g33689	6	1	
OG0029713	NC_089044.1.g33726	NC_089044.1.g33603	NC_089044.1.g33528	NC_089044.1.g33304		NC_089044.1.g34064	NC_089044.1.g33501	NC_089044.1.g33716	6	1	
OG0029714	NC_089044.1.g33745	NC_089044.1.g33623	NC_089044.1.g33548	NC_089044.1.g33322	NC_089044.1.g33765	NC_089044.1.g34083		NC_089044.1.g33735	6	1	
OG0029715	NC_089044.1.g33759	NC_089044.1.g33635	NC_089044.1.g33560		NC_089044.1.g33777	NC_089044.1.g34097	NC_089044.1.g33531	NC_089044.1.g33748	6	1	
OG0029716	NC_089044.1.g33795	NC_089044.1.g33673	NC_089044.1.g33595		NC_089044.1.g33814	NC_089044.1.g34133	NC_089044.1.g33568	NC_089044.1.g33784	6	1	
OG0029717	NC_089044.1.g33820	NC_089044.1.g33697	NC_089044.1.g33615	NC_089044.1.g33394	NC_089044.1.g33836	NC_089044.1.g34153	NC_089044.1.g33593		6	1	
OG0029718	NC_089044.1.g33822		NC_089044.1.g33617	NC_089044.1.g33395	NC_089044.1.g33838	NC_089044.1.g34155	NC_089044.1.g33594	NC_089044.1.g33806	6	1	
OG0029719	NC_089044.1.g33827	NC_089044.1.g33702	NC_089044.1.g33622	NC_089044.1.g33400	NC_089044.1.g33843	NC_089044.1.g34160		NC_089044.1.g33811	6	1	
OG0029720	NC_089044.1.g33858	NC_089044.1.g33726	NC_089044.1.g33646		NC_089044.1.g33874	NC_089044.1.g34193	NC_089044.1.g33631	NC_089044.1.g33842	6	1	
OG0029722	NC_089044.1.g33917	NC_089044.1.g33777	NC_089044.1.g33696		NC_089044.1.g33929	NC_089044.1.g34248	NC_089044.1.g33686	NC_089044.1.g33896	6	1	
OG0029723	NC_089044.1.g33930	NC_089044.1.g33790	NC_089044.1.g33709		NC_089044.1.g33942	NC_089044.1.g34261	NC_089044.1.g33700	NC_089044.1.g33911	6	1	
OG0029724	NC_089044.1.g33938	NC_089044.1.g33794		NC_089044.1.g33501	NC_089044.1.g33951	NC_089044.1.g34270	NC_089044.1.g33709	NC_089044.1.g33921	6	1	
OG0029725	NC_089044.1.g33941		NC_089044.1.g33720	NC_089044.1.g33506	NC_089044.1.g33954	NC_089044.1.g34273	NC_089044.1.g33714	NC_089044.1.g33923	6	1	
OG0029726	NC_089044.1.g33970	NC_089044.1.g33823	NC_089044.1.g33747		NC_089044.1.g33984	NC_089044.1.g34300	NC_089044.1.g33743	NC_089044.1.g33950	6	1	
OG0029727	NC_089044.1.g33973	NC_089044.1.g33826	NC_089044.1.g33750	NC_089044.1.g33537		NC_089044.1.g34303	NC_089044.1.g33746	NC_089044.1.g33953	6	1	
OG0029729	NC_089044.1.g34070	NC_089044.1.g33930	NC_089044.1.g33850	NC_089044.1.g33632	NC_089044.1.g34093		NC_089044.1.g33851	NC_089044.1.g34057	6	1	
OG0029730	NC_089044.1.g34117		NC_089044.1.g33896	NC_089044.1.g33678	NC_089044.1.g34138	NC_089044.1.g34455	NC_089044.1.g33898	NC_089044.1.g34104	6	1	
OG0029732	NC_089044.1.g34162	NC_089044.1.g34022	NC_089044.1.g33941	NC_089044.1.g33722		NC_089044.1.g34500	NC_089044.1.g33943	NC_089044.1.g34150	6	1	
OG0029733	NC_089044.1.g34179	NC_089044.1.g34039	NC_089044.1.g33957		NC_089044.1.g34197	NC_089044.1.g34517	NC_089044.1.g33959	NC_089044.1.g34168	6	1	
OG0029735	NC_089044.1.g34302	NC_089044.1.g34166	NC_089044.1.g34082	NC_089044.1.g33861		NC_089044.1.g34641	NC_089044.1.g34085	NC_089044.1.g34295	6	1	
OG0029737	NC_089044.1.g34367		NC_089044.1.g34149	NC_089044.1.g33926	NC_089044.1.g34389	NC_089044.1.g34708	NC_089044.1.g34151	NC_089044.1.g34360	6	1	
OG0029738	NC_089044.1.g34376		NC_089044.1.g34157	NC_089044.1.g33934	NC_089044.1.g34397	NC_089044.1.g34718	NC_089044.1.g34159	NC_089044.1.g34368	6	1	
OG0029739	NC_089044.1.g34378	NC_089044.1.g34242	NC_089044.1.g34159	NC_089044.1.g33936	NC_089044.1.g34399	NC_089044.1.g34720		NC_089044.1.g34370	6	1	
OG0029740	NC_089044.1.g34383	NC_089044.1.g34248	NC_089044.1.g34164	NC_089044.1.g33940		NC_089044.1.g34726	NC_089044.1.g34165	NC_089044.1.g34376	6	1	
OG0029741	NC_089044.1.g34436	NC_089044.1.g34302	NC_089044.1.g34218		NC_089044.1.g34453	NC_089044.1.g34778	NC_089044.1.g34216	NC_089044.1.g34428	6	1	
OG0029742	NC_089044.1.g34464		NC_089044.1.g34245	NC_089044.1.g34020	NC_089044.1.g34481	NC_089044.1.g34806	NC_089044.1.g34243	NC_089044.1.g34454	6	1	
OG0029743	NC_089045.1.g34507	NC_089045.1.g34366	NC_089045.1.g34284		NC_089045.1.g34521	NC_089045.1.g34845	NC_089045.1.g34284	NC_089045.1.g34492	6	1	
OG0029744	NC_089045.1.g34512	NC_089045.1.g34371	NC_089045.1.g34289	NC_089045.1.g34065	NC_089045.1.g34526	NC_089045.1.g34850		NC_089045.1.g34497	6	1	
OG0029745	NC_089045.1.g34519	NC_089045.1.g34377		NC_089045.1.g34071	NC_089045.1.g34533	NC_089045.1.g34857	NC_089045.1.g34294	NC_089045.1.g34502	6	1	
OG0029746	NC_089045.1.g34531		NC_089045.1.g34305	NC_089045.1.g34083	NC_089045.1.g34544	NC_089045.1.g34868	NC_089045.1.g34306	NC_089045.1.g34514	6	1	
OG0029747	NC_089045.1.g34571		NC_089045.1.g34343	NC_089045.1.g34121	NC_089045.1.g34582	NC_089045.1.g34907	NC_089045.1.g34343	NC_089045.1.g34551	6	1	
OG0029748	NC_089045.1.g34651	NC_089045.1.g34501	NC_089045.1.g34419	NC_089045.1.g34198	NC_089045.1.g34655	NC_089045.1.g34983		NC_089045.1.g34625	6	1	
OG0029749	NC_089045.1.g34652	NC_089045.1.g34502	NC_089045.1.g34420	NC_089045.1.g34199	NC_089045.1.g34656	NC_089045.1.g34984		NC_089045.1.g34626	6	1	
OG0029750	NC_089045.1.g34655	NC_089045.1.g34505	NC_089045.1.g34424	NC_089045.1.g34202	NC_089045.1.g34661	NC_089045.1.g34987		NC_089045.1.g34630	6	1	
OG0029751	NC_089045.1.g34662	NC_089045.1.g34511	NC_089045.1.g34430		NC_089045.1.g34667	NC_089045.1.g34994	NC_089045.1.g34423	NC_089045.1.g34636	6	1	
OG0029752	NC_089045.1.g34675		NC_089045.1.g34443	NC_089045.1.g34220	NC_089045.1.g34681	NC_089045.1.g35006	NC_089045.1.g34437	NC_089045.1.g34650	6	1	
OG0029753	NC_089045.1.g34697		NC_089045.1.g34467	NC_089045.1.g34241	NC_089045.1.g34704	NC_089045.1.g35027	NC_089045.1.g34461	NC_089045.1.g34671	6	1	
OG0029754	NC_089045.1.g34757	NC_089045.1.g34607	NC_089045.1.g34529	NC_089045.1.g34303	NC_089045.1.g34765	NC_089045.1.g35087		NC_089045.1.g34732	6	1	
OG0029755	NC_089045.1.g34772	NC_089045.1.g34621		NC_089045.1.g34318	NC_089045.1.g34779	NC_089045.1.g35103	NC_089045.1.g34534	NC_089045.1.g34746	6	1	
OG0029756	NC_089045.1.g34781	NC_089045.1.g34631	NC_089045.1.g34553	NC_089045.1.g34328	NC_089045.1.g34790	NC_089045.1.g35112	NC_089045.1.g34545		6	1	
OG0029757	NC_089045.1.g34816	NC_089045.1.g34669	NC_089045.1.g34585	NC_089045.1.g34365	NC_089045.1.g34827	NC_089045.1.g35147		NC_089045.1.g34792	6	1	
OG0029758	NC_089045.1.g34852	NC_089045.1.g34708		NC_089045.1.g34404	NC_089045.1.g34864	NC_089045.1.g35186	NC_089045.1.g34613	NC_089045.1.g34832	6	1	
OG0029759	NC_089045.1.g34934	NC_089045.1.g34783	NC_089045.1.g34700	NC_089045.1.g34480	NC_089045.1.g34939	NC_089045.1.g35265		NC_089045.1.g34907	6	1	
OG0029761	NC_089045.1.g34961		NC_089045.1.g34724	NC_089045.1.g34506	NC_089045.1.g34962	NC_089045.1.g35291	NC_089045.1.g34717	NC_089045.1.g34932	6	1	
OG0029762	NC_089045.1.g34964	NC_089045.1.g34817	NC_089045.1.g34728	NC_089045.1.g34511	NC_089045.1.g34966	NC_089045.1.g35295		NC_089045.1.g34936	6	1	
OG0029763	NC_089045.1.g34970	NC_089045.1.g34824	NC_089045.1.g34734	NC_089045.1.g34518	NC_089045.1.g34972	NC_089045.1.g35301	NC_089045.1.g34726		6	1	
OG0029764	NC_089045.1.g35011	NC_089045.1.g34863	NC_089045.1.g34775	NC_089045.1.g34558	NC_089045.1.g35012	NC_089045.1.g35342		NC_089045.1.g34983	6	1	
OG0029765	NC_089045.1.g35032	NC_089045.1.g34876	NC_089045.1.g34788		NC_089045.1.g35024	NC_089045.1.g35353	NC_089045.1.g34779	NC_089045.1.g34995	6	1	
OG0029766	NC_089045.1.g35058	NC_089045.1.g34910	NC_089045.1.g34823	NC_089045.1.g34603	NC_089045.1.g35045		NC_089045.1.g34812	NC_089045.1.g35031	6	1	
OG0029767	NC_089045.1.g35071	NC_089045.1.g34922	NC_089045.1.g34842	NC_089045.1.g34621	NC_089045.1.g35060		NC_089045.1.g34829	NC_089045.1.g35049	6	1	
OG0029768	NC_089045.1.g35084		NC_089045.1.g34854	NC_089045.1.g34635	NC_089045.1.g35073	NC_089045.1.g35405	NC_089045.1.g34841	NC_089045.1.g35062	6	1	
OG0029769	NC_089045.1.g35118	NC_089045.1.g34971	NC_089045.1.g34890	NC_089045.1.g34669		NC_089045.1.g35442	NC_089045.1.g34880	NC_089045.1.g35099	6	1	
OG0029770	NC_089045.1.g35132	NC_089045.1.g34984	NC_089045.1.g34903		NC_089045.1.g35122	NC_089045.1.g35457	NC_089045.1.g34893	NC_089045.1.g35112	6	1	
OG0029771	NC_089045.1.g35134	NC_089045.1.g34985	NC_089045.1.g34905	NC_089045.1.g34683	NC_089045.1.g35123		NC_089045.1.g34894	NC_089045.1.g35113	6	1	
OG0029772	NC_089045.1.g35156	NC_089045.1.g35003	NC_089045.1.g34930		NC_089045.1.g35153	NC_089045.1.g35477	NC_089045.1.g34920	NC_089045.1.g35139	6	1	
OG0029773	NC_089045.1.g35181	NC_089045.1.g35031	NC_089045.1.g34955		NC_089045.1.g35182	NC_089045.1.g35501	NC_089045.1.g34947	NC_089045.1.g35165	6	1	
OG0029774	NC_089045.1.g35182	NC_089045.1.g35032		NC_089045.1.g34736	NC_089045.1.g35183	NC_089045.1.g35502	NC_089045.1.g34948	NC_089045.1.g35166	6	1	
OG0029775	NC_089045.1.g35185	NC_089045.1.g35035		NC_089045.1.g34739	NC_089045.1.g35186	NC_089045.1.g35504	NC_089045.1.g34951	NC_089045.1.g35170	6	1	
OG0029776	NC_089045.1.g35189	NC_089045.1.g35037		NC_089045.1.g34742	NC_089045.1.g35189	NC_089045.1.g35507	NC_089045.1.g34955	NC_089045.1.g35173	6	1	
OG0029777	NC_089045.1.g35194	NC_089045.1.g35045		NC_089045.1.g34748	NC_089045.1.g35198	NC_089045.1.g35515	NC_089045.1.g34964	NC_089045.1.g35183	6	1	
OG0029778	NC_089045.1.g35196	NC_089045.1.g35047		NC_089045.1.g34750	NC_089045.1.g35200	NC_089045.1.g35517	NC_089045.1.g34966	NC_089045.1.g35185	6	1	
OG0029779	NC_089045.1.g35197	NC_089045.1.g35048		NC_089045.1.g34751	NC_089045.1.g35201	NC_089045.1.g35518	NC_089045.1.g34967	NC_089045.1.g35186	6	1	
OG0029780	NC_089045.1.g35198	NC_089045.1.g35049		NC_089045.1.g34752	NC_089045.1.g35202	NC_089045.1.g35519	NC_089045.1.g34968	NC_089045.1.g35187	6	1	
OG0029781	NC_089045.1.g35199	NC_089045.1.g35050		NC_089045.1.g34753	NC_089045.1.g35203	NC_089045.1.g35520	NC_089045.1.g34969	NC_089045.1.g35188	6	1	
OG0029782	NC_089045.1.g35208	NC_089045.1.g35060	NC_089045.1.g34971	NC_089045.1.g34762	NC_089045.1.g35213	NC_089045.1.g35531	NC_089045.1.g34978		6	1	
OG0029783	NC_089045.1.g35216	NC_089045.1.g35068		NC_089045.1.g34769	NC_089045.1.g35221	NC_089045.1.g35539	NC_089045.1.g34987	NC_089045.1.g35204	6	1	
OG0029784	NC_089045.1.g35220		NC_089045.1.g34983	NC_089045.1.g34774	NC_089045.1.g35225	NC_089045.1.g35544	NC_089045.1.g34992	NC_089045.1.g35209	6	1	
OG0029785	NC_089045.1.g35222		NC_089045.1.g34984	NC_089045.1.g34776	NC_089045.1.g35227	NC_089045.1.g35545	NC_089045.1.g34993	NC_089045.1.g35210	6	1	
OG0029786	NC_089045.1.g35236	NC_089045.1.g35086	NC_089045.1.g34997	NC_089045.1.g34790	NC_089045.1.g35241	NC_089045.1.g35557	NC_089045.1.g35008		6	1	
OG0029787	NC_089045.1.g35242	NC_089045.1.g35093		NC_089045.1.g34796	NC_089045.1.g35249	NC_089045.1.g35561	NC_089045.1.g35013	NC_089045.1.g35229	6	1	
OG0029788	NC_089045.1.g35246	NC_089045.1.g35096	NC_089045.1.g35003	NC_089045.1.g34800		NC_089045.1.g35567	NC_089045.1.g35015	NC_089045.1.g35232	6	1	
OG0029789	NC_089045.1.g35250	NC_089045.1.g35101	NC_089045.1.g35007	NC_089045.1.g34804	NC_089045.1.g35256		NC_089045.1.g35019	NC_089045.1.g35236	6	1	
OG0029790	NC_089045.1.g35261	NC_089045.1.g35112		NC_089045.1.g34816	NC_089045.1.g35268	NC_089045.1.g35583	NC_089045.1.g35031	NC_089045.1.g35247	6	1	
OG0029791	NC_089045.1.g35293		NC_089045.1.g35054	NC_089045.1.g34851	NC_089045.1.g35310	NC_089045.1.g35620	NC_089045.1.g35070	NC_089045.1.g35283	6	1	
OG0029792	NC_089045.1.g35320		NC_089045.1.g35082	NC_089045.1.g34878	NC_089045.1.g35334	NC_089045.1.g35650	NC_089045.1.g35097	NC_089045.1.g35312	6	1	
OG0029793	NC_089045.1.g35337	NC_089045.1.g35192	NC_089045.1.g35100	NC_089045.1.g34899	NC_089045.1.g35354	NC_089045.1.g35667		NC_089045.1.g35330	6	1	
OG0029794	NC_089045.1.g35347	NC_089045.1.g35203	NC_089045.1.g35118		NC_089045.1.g35364	NC_089045.1.g35678	NC_089045.1.g35125	NC_089045.1.g35341	6	1	
OG0029795	NC_089045.1.g35355	NC_089045.1.g35211	NC_089045.1.g35126	NC_089045.1.g34916		NC_089045.1.g35688	NC_089045.1.g35132	NC_089045.1.g35348	6	1	
OG0029797	NC_089045.1.g35388	NC_089045.1.g35255	NC_089045.1.g35180		NC_089045.1.g35411	NC_089045.1.g35737	NC_089045.1.g35171	NC_089045.1.g35394	6	1	
OG0029799	NC_089045.1.g35447	NC_089045.1.g35312	NC_089045.1.g35236	NC_089045.1.g35007		NC_089045.1.g35791	NC_089045.1.g35231	NC_089045.1.g35449	6	1	
OG0029800	NC_089045.1.g35508	NC_089045.1.g35371	NC_089045.1.g35301	NC_089045.1.g35065		NC_089045.1.g35855	NC_089045.1.g35283	NC_089045.1.g35510	6	1	
OG0029801	NC_089045.1.g35527	NC_089045.1.g35392		NC_089045.1.g35083	NC_089045.1.g35550	NC_089045.1.g35876	NC_089045.1.g35302	NC_089045.1.g35529	6	1	
OG0029802	NC_089045.1.g35530	NC_089045.1.g35395	NC_089045.1.g35324	NC_089045.1.g35088		NC_089045.1.g35881	NC_089045.1.g35306	NC_089045.1.g35534	6	1	
OG0029803	NC_089045.1.g35533	NC_089045.1.g35397		NC_089045.1.g35090	NC_089045.1.g35557	NC_089045.1.g35884	NC_089045.1.g35308	NC_089045.1.g35537	6	1	
OG0029804	NC_089045.1.g35537	NC_089045.1.g35402		NC_089045.1.g35095	NC_089045.1.g35564	NC_089045.1.g35889	NC_089045.1.g35312	NC_089045.1.g35542	6	1	
OG0029806	NC_089045.1.g35571	NC_089045.1.g35431	NC_089045.1.g35358		NC_089045.1.g35596	NC_089045.1.g35922	NC_089045.1.g35341	NC_089045.1.g35571	6	1	
OG0029807	NC_089045.1.g35588		NC_089045.1.g35377	NC_089045.1.g35140	NC_089045.1.g35610	NC_089045.1.g35938	NC_089045.1.g35356	NC_089045.1.g35588	6	1	
OG0029808	NC_089045.1.g35621	NC_089045.1.g35479	NC_089045.1.g35410	NC_089045.1.g35168	NC_089045.1.g35643	NC_089045.1.g35971		NC_089045.1.g35620	6	1	
OG0029809	NC_089045.1.g35627	NC_089045.1.g35487		NC_089045.1.g35176	NC_089045.1.g35654	NC_089045.1.g35978	NC_089045.1.g35394	NC_089045.1.g35629	6	1	
OG0029811	NC_089045.1.g35645	NC_089045.1.g35507	NC_089045.1.g35436	NC_089045.1.g35196	NC_089045.1.g35675		NC_089045.1.g35412	NC_089045.1.g35649	6	1	
OG0029812	NC_089045.1.g35679	NC_089045.1.g35533	NC_089045.1.g35467	NC_089045.1.g35235		NC_089045.1.g36032	NC_089045.1.g35443	NC_089045.1.g35680	6	1	
OG0029813	NC_089045.1.g35683	NC_089045.1.g35536	NC_089045.1.g35470	NC_089045.1.g35239	NC_089045.1.g35708	NC_089045.1.g36036	NC_089045.1.g35446		6	1	
OG0029814	NC_089045.1.g35693	NC_089045.1.g35546		NC_089045.1.g35249	NC_089045.1.g35717	NC_089045.1.g36046	NC_089045.1.g35456	NC_089045.1.g35691	6	1	
OG0029815	NC_089045.1.g35703	NC_089045.1.g35556	NC_089045.1.g35494	NC_089045.1.g35258	NC_089045.1.g35735	NC_089045.1.g36060		NC_089045.1.g35702	6	1	
OG0029816	NC_089045.1.g35705	NC_089045.1.g35558	NC_089045.1.g35496		NC_089045.1.g35737	NC_089045.1.g36062	NC_089045.1.g35468	NC_089045.1.g35704	6	1	
OG0029817	NC_089045.1.g35720	NC_089045.1.g35576		NC_089045.1.g35276	NC_089045.1.g35754	NC_089045.1.g36080	NC_089045.1.g35485	NC_089045.1.g35725	6	1	
OG0029818	NC_089045.1.g35729		NC_089045.1.g35518	NC_089045.1.g35284	NC_089045.1.g35764	NC_089045.1.g36089	NC_089045.1.g35494	NC_089045.1.g35733	6	1	
OG0029819	NC_089045.1.g35737	NC_089045.1.g35593		NC_089045.1.g35291	NC_089045.1.g35773	NC_089045.1.g36098	NC_089045.1.g35505	NC_089045.1.g35742	6	1	
OG0029820	NC_089045.1.g35741	NC_089045.1.g35597	NC_089045.1.g35529	NC_089045.1.g35295	NC_089045.1.g35777	NC_089045.1.g36101	NC_089045.1.g35508		6	1	
OG0029821	NC_089045.1.g35744	NC_089045.1.g35599	NC_089045.1.g35531		NC_089045.1.g35779	NC_089045.1.g36105	NC_089045.1.g35510	NC_089045.1.g35747	6	1	
OG0029822	NC_089045.1.g35757	NC_089045.1.g35611	NC_089045.1.g35540		NC_089045.1.g35787	NC_089045.1.g36117	NC_089045.1.g35519	NC_089045.1.g35757	6	1	
OG0029823	NC_089045.1.g35771	NC_089045.1.g35628	NC_089045.1.g35553	NC_089045.1.g35320	NC_089045.1.g35798		NC_089045.1.g35535	NC_089045.1.g35769	6	1	
OG0029824	NC_089045.1.g35772	NC_089045.1.g35629	NC_089045.1.g35554	NC_089045.1.g35321	NC_089045.1.g35799		NC_089045.1.g35536	NC_089045.1.g35770	6	1	
OG0029825	NC_089045.1.g35781	NC_089045.1.g35638		NC_089045.1.g35337	NC_089045.1.g35809	NC_089045.1.g36141	NC_089045.1.g35547	NC_089045.1.g35779	6	1	
OG0029827	NC_089045.1.g35794	NC_089045.1.g35649	NC_089045.1.g35577		NC_089045.1.g35822	NC_089045.1.g36152	NC_089045.1.g35557	NC_089045.1.g35788	6	1	
OG0029828	NC_089045.1.g35805	NC_089045.1.g35659	NC_089045.1.g35587	NC_089045.1.g35356	NC_089045.1.g35831	NC_089045.1.g36162		NC_089045.1.g35798	6	1	
OG0029829	NC_089045.1.g35825	NC_089045.1.g35675	NC_089045.1.g35604		NC_089045.1.g35845	NC_089045.1.g36180	NC_089045.1.g35584	NC_089045.1.g35816	6	1	
OG0029830	NC_089045.1.g35832	NC_089045.1.g35681	NC_089045.1.g35610	NC_089045.1.g35381	NC_089045.1.g35852	NC_089045.1.g36188		NC_089045.1.g35823	6	1	
OG0029832	NC_089045.1.g35847		NC_089045.1.g35626	NC_089045.1.g35398	NC_089045.1.g35869	NC_089045.1.g36206	NC_089045.1.g35604	NC_089045.1.g35841	6	1	
OG0029833	NC_089045.1.g35848		NC_089045.1.g35627	NC_089045.1.g35399	NC_089045.1.g35870	NC_089045.1.g36207	NC_089045.1.g35605	NC_089045.1.g35842	6	1	
OG0029834	NC_089045.1.g35865	NC_089045.1.g35713	NC_089045.1.g35641	NC_089045.1.g35411	NC_089045.1.g35882		NC_089045.1.g35620	NC_089045.1.g35854	6	1	
OG0029835	NC_089045.1.g35902	NC_089045.1.g35755	NC_089045.1.g35680		NC_089045.1.g35923	NC_089045.1.g36263	NC_089045.1.g35657	NC_089045.1.g35892	6	1	
OG0029837	NC_089045.1.g35911	NC_089045.1.g35764	NC_089045.1.g35686	NC_089045.1.g35464	NC_089045.1.g35930		NC_089045.1.g35668	NC_089045.1.g35898	6	1	
OG0029839	NC_089045.1.g35945	NC_089045.1.g35796	NC_089045.1.g35717	NC_089045.1.g35497	NC_089045.1.g35963	NC_089045.1.g36305	NC_089045.1.g35699		6	1	
OG0029841	NC_089045.1.g35956	NC_089045.1.g35805	NC_089045.1.g35729	NC_089045.1.g35509	NC_089045.1.g35975		NC_089045.1.g35709	NC_089045.1.g35939	6	1	
OG0029842	NC_089045.1.g35958	NC_089045.1.g35808	NC_089045.1.g35732	NC_089045.1.g35511	NC_089045.1.g35978	NC_089045.1.g36320		NC_089045.1.g35942	6	1	
OG0029843	NC_089045.1.g35964	NC_089045.1.g35814	NC_089045.1.g35741	NC_089045.1.g35522	NC_089045.1.g35987	NC_089045.1.g36328		NC_089045.1.g35951	6	1	
OG0029844	NC_089045.1.g36013	NC_089045.1.g35864		NC_089045.1.g35570	NC_089045.1.g36033	NC_089045.1.g36377	NC_089045.1.g35766	NC_089045.1.g35998	6	1	
OG0029845	NC_089045.1.g36014	NC_089045.1.g35865	NC_089045.1.g35786	NC_089045.1.g35571	NC_089045.1.g36034	NC_089045.1.g36378		NC_089045.1.g35999	6	1	
OG0029846	NC_089045.1.g36019	NC_089045.1.g35869	NC_089045.1.g35790	NC_089045.1.g35576		NC_089045.1.g36382	NC_089045.1.g35770	NC_089045.1.g36003	6	1	
OG0029847	NC_089045.1.g36031	NC_089045.1.g35879	NC_089045.1.g35801		NC_089045.1.g36050	NC_089045.1.g36394	NC_089045.1.g35782	NC_089045.1.g36013	6	1	
OG0029848	NC_089045.1.g36041	NC_089045.1.g35889	NC_089045.1.g35811	NC_089045.1.g35597		NC_089045.1.g36404	NC_089045.1.g35791	NC_089045.1.g36024	6	1	
OG0029849	NC_089045.1.g36057	NC_089045.1.g35909	NC_089045.1.g35830		NC_089045.1.g36078	NC_089045.1.g36423	NC_089045.1.g35807	NC_089045.1.g36043	6	1	
OG0029850	NC_089045.1.g36061	NC_089045.1.g35916		NC_089045.1.g35616	NC_089045.1.g36084	NC_089045.1.g36429	NC_089045.1.g35815	NC_089045.1.g36050	6	1	
OG0029851	NC_089045.1.g36112		NC_089045.1.g35885	NC_089045.1.g35659	NC_089045.1.g36134	NC_089045.1.g36479	NC_089045.1.g35861	NC_089045.1.g36098	6	1	
OG0029852	NC_089045.1.g36113	NC_089045.1.g35964	NC_089045.1.g35886	NC_089045.1.g35660	NC_089045.1.g36135	NC_089045.1.g36480	NC_089045.1.g35862		6	1	
OG0029853	NC_089045.1.g36123	NC_089045.1.g35971	NC_089045.1.g35892	NC_089045.1.g35666	NC_089045.1.g36144	NC_089045.1.g36489		NC_089045.1.g36107	6	1	
OG0029854	NC_089045.1.g36129	NC_089045.1.g35976	NC_089045.1.g35896	NC_089045.1.g35670	NC_089045.1.g36149	NC_089045.1.g36493	NC_089045.1.g35873		6	1	
OG0029855	NC_089045.1.g36137	NC_089045.1.g35988	NC_089045.1.g35903	NC_089045.1.g35679	NC_089045.1.g36158	NC_089045.1.g36500		NC_089045.1.g36117	6	1	
OG0029856	NC_089045.1.g36165	NC_089045.1.g36014	NC_089045.1.g35927	NC_089045.1.g35706	NC_089045.1.g36185	NC_089045.1.g36528		NC_089045.1.g36143	6	1	
OG0029857	NC_089045.1.g36213	NC_089045.1.g36066	NC_089045.1.g35976	NC_089045.1.g35758	NC_089045.1.g36238	NC_089045.1.g36579		NC_089045.1.g36187	6	1	
OG0029858	NC_089045.1.g36237	NC_089045.1.g36090	NC_089045.1.g35999		NC_089045.1.g36261	NC_089045.1.g36603	NC_089045.1.g35973	NC_089045.1.g36209	6	1	
OG0029859	NC_089045.1.g36238	NC_089045.1.g36091	NC_089045.1.g36001	NC_089045.1.g35781		NC_089045.1.g36604	NC_089045.1.g35975	NC_089045.1.g36210	6	1	
OG0029860	NC_089045.1.g36265		NC_089045.1.g36033	NC_089045.1.g35809	NC_089045.1.g36295	NC_089045.1.g36638	NC_089045.1.g36010	NC_089045.1.g36248	6	1	
OG0029861	NC_089045.1.g36288		NC_089045.1.g36053	NC_089045.1.g35832	NC_089045.1.g36317	NC_089045.1.g36663	NC_089045.1.g36033	NC_089045.1.g36272	6	1	
OG0029862	NC_089045.1.g36295	NC_089045.1.g36143		NC_089045.1.g35840	NC_089045.1.g36323	NC_089045.1.g36671	NC_089045.1.g36040	NC_089045.1.g36279	6	1	
OG0029863	NC_089045.1.g36385	NC_089045.1.g36231	NC_089045.1.g36153	NC_089045.1.g35928	NC_089045.1.g36416		NC_089045.1.g36125	NC_089045.1.g36366	6	1	
OG0029864	NC_089045.1.g36387	NC_089045.1.g36233	NC_089045.1.g36154		NC_089045.1.g36418	NC_089045.1.g36759	NC_089045.1.g36127	NC_089045.1.g36367	6	1	
OG0029865	NC_089045.1.g36391	NC_089045.1.g36237	NC_089045.1.g36159	NC_089045.1.g35934	NC_089045.1.g36423		NC_089045.1.g36133	NC_089045.1.g36372	6	1	
OG0029866	NC_089045.1.g36394	NC_089045.1.g36239	NC_089045.1.g36161		NC_089045.1.g36425	NC_089045.1.g36765	NC_089045.1.g36135	NC_089045.1.g36374	6	1	
OG0029867	NC_089045.1.g36400	NC_089045.1.g36245	NC_089045.1.g36167	NC_089045.1.g35942	NC_089045.1.g36431	NC_089045.1.g36771		NC_089045.1.g36380	6	1	
OG0029868	NC_089045.1.g36401		NC_089045.1.g36168	NC_089045.1.g35943	NC_089045.1.g36432	NC_089045.1.g36772	NC_089045.1.g36141	NC_089045.1.g36381	6	1	
OG0029869	NC_089045.1.g36405	NC_089045.1.g36249	NC_089045.1.g36172	NC_089045.1.g35948	NC_089045.1.g36437	NC_089045.1.g36777	NC_089045.1.g36146		6	1	
OG0029870	NC_089045.1.g36410	NC_089045.1.g36253	NC_089045.1.g36177	NC_089045.1.g35952	NC_089045.1.g36440	NC_089045.1.g36781	NC_089045.1.g36151		6	1	
OG0029871	NC_089045.1.g36411	NC_089045.1.g36254	NC_089045.1.g36178	NC_089045.1.g35953	NC_089045.1.g36441	NC_089045.1.g36782	NC_089045.1.g36152		6	1	
OG0029872	NC_089045.1.g36436	NC_089045.1.g36284	NC_089045.1.g36212		NC_089045.1.g36471	NC_089045.1.g36807	NC_089045.1.g36177	NC_089045.1.g36413	6	1	
OG0029873	NC_089045.1.g36439	NC_089045.1.g36286	NC_089045.1.g36215		NC_089045.1.g36475	NC_089045.1.g36808	NC_089045.1.g36180	NC_089045.1.g36415	6	1	
OG0029874	NC_089045.1.g36485	NC_089045.1.g36341	NC_089045.1.g36268	NC_089045.1.g36022	NC_089045.1.g36530	NC_089045.1.g36853	NC_089045.1.g36225		6	1	
OG0029875	NC_089045.1.g36521	NC_089045.1.g36373	NC_089045.1.g36299	NC_089045.1.g36053		NC_089045.1.g36888	NC_089045.1.g36259	NC_089045.1.g36489	6	1	
OG0029876	NC_089045.1.g36549	NC_089045.1.g36399	NC_089045.1.g36325		NC_089045.1.g36594	NC_089045.1.g36915	NC_089045.1.g36285	NC_089045.1.g36514	6	1	
OG0029878	NC_089045.1.g36568	NC_089045.1.g36415	NC_089045.1.g36346		NC_089045.1.g36611	NC_089045.1.g36933	NC_089045.1.g36306	NC_089045.1.g36531	6	1	
OG0029879	NC_089045.1.g36650	NC_089045.1.g36497	NC_089045.1.g36432	NC_089045.1.g36171	NC_089045.1.g36687		NC_089045.1.g36392	NC_089045.1.g36610	6	1	
OG0029880	NC_089045.1.g36655	NC_089045.1.g36502	NC_089045.1.g36436	NC_089045.1.g36176	NC_089045.1.g36691	NC_089045.1.g37014		NC_089045.1.g36614	6	1	
OG0029881	NC_089045.1.g36672	NC_089045.1.g36519		NC_089045.1.g36195	NC_089045.1.g36709	NC_089045.1.g37031	NC_089045.1.g36417	NC_089045.1.g36633	6	1	
OG0029882	NC_089045.1.g36714	NC_089045.1.g36564	NC_089045.1.g36490	NC_089045.1.g36231	NC_089045.1.g36750	NC_089045.1.g37070		NC_089045.1.g36671	6	1	
OG0029883	NC_089045.1.g36722		NC_089045.1.g36496	NC_089045.1.g36238	NC_089045.1.g36757	NC_089045.1.g37077	NC_089045.1.g36464	NC_089045.1.g36676	6	1	
OG0029884	NC_089045.1.g36729	NC_089045.1.g36577	NC_089045.1.g36505		NC_089045.1.g36765	NC_089045.1.g37084	NC_089045.1.g36472	NC_089045.1.g36683	6	1	
OG0029885	NC_089045.1.g36739	NC_089045.1.g36589	NC_089045.1.g36516	NC_089045.1.g36254	NC_089045.1.g36777	NC_089045.1.g37096	NC_089045.1.g36484		6	1	
OG0029886	NC_089045.1.g36753	NC_089045.1.g36603	NC_089045.1.g36530	NC_089045.1.g36268	NC_089045.1.g36793		NC_089045.1.g36500	NC_089045.1.g36707	6	1	
OG0029887	NC_089045.1.g36759	NC_089045.1.g36608	NC_089045.1.g36535	NC_089045.1.g36274	NC_089045.1.g36798		NC_089045.1.g36507	NC_089045.1.g36714	6	1	
OG0029888	NC_089045.1.g36772	NC_089045.1.g36617	NC_089045.1.g36542	NC_089045.1.g36282		NC_089045.1.g37122	NC_089045.1.g36517	NC_089045.1.g36726	6	1	
OG0029889	NC_089045.1.g36805	NC_089045.1.g36650	NC_089045.1.g36573	NC_089045.1.g36313	NC_089045.1.g36837	NC_089045.1.g37155		NC_089045.1.g36757	6	1	
OG0029890	NC_089045.1.g36806	NC_089045.1.g36651	NC_089045.1.g36574	NC_089045.1.g36314	NC_089045.1.g36838	NC_089045.1.g37156		NC_089045.1.g36758	6	1	
OG0029891	NC_089045.1.g36832	NC_089045.1.g36676	NC_089045.1.g36598	NC_089045.1.g36336	NC_089045.1.g36863	NC_089045.1.g37182		NC_089045.1.g36783	6	1	
OG0029892	NC_089045.1.g36842	NC_089045.1.g36690		NC_089045.1.g36347	NC_089045.1.g36879	NC_089045.1.g37197	NC_089045.1.g36585	NC_089045.1.g36797	6	1	
OG0029893	NC_089045.1.g36845	NC_089045.1.g36693	NC_089045.1.g36615		NC_089045.1.g36882	NC_089045.1.g37200	NC_089045.1.g36588	NC_089045.1.g36801	6	1	
OG0029894	NC_089045.1.g36846		NC_089045.1.g36616	NC_089045.1.g36351	NC_089045.1.g36883	NC_089045.1.g37201	NC_089045.1.g36589	NC_089045.1.g36802	6	1	
OG0029895	NC_089045.1.g36851	NC_089045.1.g36699	NC_089045.1.g36622		NC_089045.1.g36888	NC_089045.1.g37208	NC_089045.1.g36597	NC_089045.1.g36811	6	1	
OG0029896	NC_089045.1.g36854	NC_089045.1.g36702		NC_089045.1.g36359	NC_089045.1.g36892	NC_089045.1.g37211	NC_089045.1.g36600	NC_089045.1.g36815	6	1	
OG0029897	NC_089045.1.g36855	NC_089045.1.g36703	NC_089045.1.g36628	NC_089045.1.g36360		NC_089045.1.g37213	NC_089045.1.g36602	NC_089045.1.g36817	6	1	
OG0029898	NC_089045.1.g36869	NC_089045.1.g36717	NC_089045.1.g36642	NC_089045.1.g36373	NC_089045.1.g36906	NC_089045.1.g37229		NC_089045.1.g36834	6	1	
OG0029899	NC_089045.1.g36877	NC_089045.1.g36727	NC_089045.1.g36652	NC_089045.1.g36381		NC_089045.1.g37238	NC_089045.1.g36627	NC_089045.1.g36841	6	1	
OG0029900	NC_089045.1.g36893	NC_089045.1.g36744	NC_089045.1.g36667	NC_089045.1.g36401	NC_089045.1.g36931		NC_089045.1.g36644	NC_089045.1.g36857	6	1	
OG0029901	NC_089045.1.g36907	NC_089045.1.g36761	NC_089045.1.g36685	NC_089045.1.g36417	NC_089045.1.g36945	NC_089045.1.g37270		NC_089045.1.g36872	6	1	
OG0029902	NC_089045.1.g36918	NC_089045.1.g36774		NC_089045.1.g36429	NC_089045.1.g36958	NC_089045.1.g37283	NC_089045.1.g36669	NC_089045.1.g36883	6	1	
OG0029903	NC_089045.1.g36925	NC_089045.1.g36781	NC_089045.1.g36703		NC_089045.1.g36965	NC_089045.1.g37292	NC_089045.1.g36676	NC_089045.1.g36890	6	1	
OG0029905	NC_089045.1.g36952	NC_089045.1.g36802	NC_089045.1.g36725	NC_089045.1.g36456		NC_089045.1.g37315	NC_089045.1.g36705	NC_089045.1.g36907	6	1	
OG0029906	NC_089045.1.g36954	NC_089045.1.g36804	NC_089045.1.g36727	NC_089045.1.g36458		NC_089045.1.g37318	NC_089045.1.g36707	NC_089045.1.g36908	6	1	
OG0029907	NC_089045.1.g36982	NC_089045.1.g36829	NC_089045.1.g36758	NC_089045.1.g36486	NC_089045.1.g37007	NC_089045.1.g37346		NC_089045.1.g36938	6	1	
OG0029908	NC_089045.1.g37009	NC_089045.1.g36862	NC_089045.1.g36786	NC_089045.1.g36518		NC_089045.1.g37381	NC_089045.1.g36756	NC_089045.1.g36970	6	1	
OG0029909	NC_089045.1.g37052	NC_089045.1.g36902	NC_089045.1.g36823	NC_089045.1.g36556	NC_089045.1.g37078	NC_089045.1.g37420		NC_089045.1.g37009	6	1	
OG0029910	NC_089045.1.g37075	NC_089045.1.g36916	NC_089045.1.g36840	NC_089045.1.g36571	NC_089045.1.g37096		NC_089045.1.g36818	NC_089045.1.g37029	6	1	
OG0029911	NC_089045.1.g37105	NC_089045.1.g36942	NC_089045.1.g36871	NC_089045.1.g36599	NC_089045.1.g37125	NC_089045.1.g37468		NC_089045.1.g37058	6	1	
OG0029912	NC_089045.1.g37120	NC_089039.1.g19140	NC_089045.1.g36880	NC_089045.1.g36606		NC_089045.1.g37479	NC_089045.1.g36865	NC_089045.1.g37066	6	1	
OG0029913	NC_089045.1.g37128	NC_089045.1.g36957	NC_089045.1.g36890		NC_089045.1.g37137	NC_089045.1.g37486	NC_089045.1.g36875	NC_089045.1.g37072	6	1	
OG0029914	NC_089045.1.g37132	NC_089045.1.g36962	NC_089045.1.g36894		NC_089045.1.g37142	NC_089045.1.g37490	NC_089045.1.g36880	NC_089045.1.g37076	6	1	
OG0029915	NC_089045.1.g37143	NC_089045.1.g36973	NC_089045.1.g36906	NC_089045.1.g36624	NC_089045.1.g37154	NC_089045.1.g37502		NC_089045.1.g37087	6	1	
OG0029916	NC_089045.1.g37145	NC_089045.1.g36976	NC_089045.1.g36908	NC_089045.1.g36628	NC_089045.1.g37156		NC_089045.1.g36893	NC_089045.1.g37089	6	1	
OG0029917	NC_089045.1.g37162	NC_089045.1.g36994		NC_089045.1.g36644	NC_089045.1.g37174	NC_089045.1.g37524	NC_089045.1.g36915	NC_089045.1.g37107	6	1	
OG0029918	NC_089045.1.g37176	NC_089045.1.g37012		NC_089045.1.g36657	NC_089045.1.g37187	NC_089045.1.g37541	NC_089045.1.g36929	NC_089045.1.g37123	6	1	
OG0029920	NC_089045.1.g37180	NC_089045.1.g37018	NC_089045.1.g36942	NC_089045.1.g36660	NC_089045.1.g37190		NC_089045.1.g36933	NC_089045.1.g37127	6	1	
OG0029922	NC_089045.1.g37186	NC_089045.1.g37022	NC_089045.1.g36946	NC_089045.1.g36664	NC_089045.1.g37194	NC_089045.1.g37548		NC_089045.1.g37131	6	1	
OG0029924	NC_089045.1.g37259	NC_089045.1.g37095	NC_089045.1.g37023	NC_089045.1.g36726	NC_089045.1.g37273	NC_089045.1.g37620		NC_089045.1.g37199	6	1	
OG0029925	NC_089045.1.g37272	NC_089045.1.g37105	NC_089045.1.g37036	NC_089045.1.g36739		NC_089045.1.g37633	NC_089045.1.g37007	NC_089045.1.g37212	6	1	
OG0029926	NC_089045.1.g37278	NC_089045.1.g37110	NC_089045.1.g37041		NC_089045.1.g37291	NC_089045.1.g37638	NC_089045.1.g37013	NC_089045.1.g37217	6	1	
OG0029927	NC_089046.1.g37332		NC_089046.1.g37092	NC_089046.1.g36796	NC_089046.1.g37341	NC_089046.1.g37691	NC_089046.1.g37063	NC_089046.1.g37270	6	1	
OG0029928	NC_089046.1.g37344	NC_089046.1.g37176	NC_089046.1.g37104	NC_089046.1.g36808		NC_089046.1.g37703	NC_089046.1.g37075	NC_089046.1.g37282	6	1	
OG0029929	NC_089046.1.g37395	NC_089046.1.g37228	NC_089046.1.g37157		NC_089046.1.g37404	NC_089046.1.g37751	NC_089046.1.g37126	NC_089046.1.g37333	6	1	
OG0029930	NC_089046.1.g37470		NC_089046.1.g37230	NC_089046.1.g36934	NC_089046.1.g37480	NC_089046.1.g37829	NC_089046.1.g37200	NC_089046.1.g37407	6	1	
OG0029931	NC_089046.1.g37503	NC_089046.1.g37329	NC_089046.1.g37260		NC_089046.1.g37511	NC_089046.1.g37859	NC_089046.1.g37231	NC_089046.1.g37438	6	1	
OG0029934	NC_089046.1.g37614	NC_089046.1.g37447	NC_089046.1.g37376	NC_089046.1.g37077	NC_089046.1.g37628	NC_089046.1.g37970		NC_089046.1.g37554	6	1	
OG0029935	NC_089046.1.g37640	NC_089046.1.g37469	NC_089046.1.g37399	NC_089046.1.g37102	NC_089046.1.g37650		NC_089046.1.g37367	NC_089046.1.g37578	6	1	
OG0029936	NC_089046.1.g37641	NC_089046.1.g37470	NC_089046.1.g37400		NC_089046.1.g37651	NC_089046.1.g37994	NC_089046.1.g37368	NC_089046.1.g37579	6	1	
OG0029937	NC_089046.1.g37701	NC_089046.1.g37538	NC_089046.1.g37470	NC_089046.1.g37166	NC_089046.1.g37716		NC_089046.1.g37433	NC_089046.1.g37648	6	1	
OG0029938	NC_089046.1.g37722	NC_089046.1.g37560	NC_089046.1.g37495	NC_089046.1.g37190	NC_089046.1.g37742		NC_089046.1.g37457	NC_089046.1.g37671	6	1	
OG0029939	NC_089046.1.g37765	NC_089046.1.g37598	NC_089046.1.g37535	NC_089046.1.g37230	NC_089046.1.g37781	NC_089046.1.g38132		NC_089046.1.g37711	6	1	
OG0029940	NC_089046.1.g37780	NC_089046.1.g37611	NC_089046.1.g37548	NC_089046.1.g37244	NC_089046.1.g37798	NC_089046.1.g38147	NC_089046.1.g37515		6	1	
OG0029941	NC_089046.1.g37784		NC_089046.1.g37553	NC_089046.1.g37249	NC_089046.1.g37803	NC_089046.1.g38153	NC_089046.1.g37520	NC_089046.1.g37729	6	1	
OG0029942	NC_089046.1.g37810	NC_089046.1.g37641	NC_089046.1.g37579	NC_089046.1.g37275	NC_089046.1.g37828	NC_089046.1.g38179	NC_089046.1.g37545		6	1	
OG0029943	NC_089046.1.g37829	NC_089046.1.g37658	NC_089046.1.g37599	NC_089046.1.g37293	NC_089046.1.g37848	NC_089046.1.g38197		NC_089046.1.g37772	6	1	
OG0029944	NC_089046.1.g37841	NC_089046.1.g37670		NC_089046.1.g37305	NC_089046.1.g37860	NC_089046.1.g38211	NC_089046.1.g37574	NC_089046.1.g37785	6	1	
OG0029945	NC_089046.1.g37909	NC_089046.1.g37744	NC_089046.1.g37679	NC_089046.1.g37369	NC_089046.1.g37937	NC_089046.1.g38279	NC_089046.1.g37646		6	1	
OG0029946	NC_089046.1.g37933	NC_089046.1.g37769		NC_089046.1.g37394	NC_089046.1.g37964	NC_089046.1.g38306	NC_089046.1.g37672	NC_089046.1.g37885	6	1	
OG0029947	NC_089046.1.g37972	NC_089046.1.g37804	NC_089046.1.g37740	NC_089046.1.g37426	NC_089046.1.g37998	NC_089046.1.g38339		NC_089046.1.g37918	6	1	
OG0029948	NC_089046.1.g37974	NC_089046.1.g37806	NC_089046.1.g37742	NC_089046.1.g37428	NC_089046.1.g38000		NC_089046.1.g37710	NC_089046.1.g37920	6	1	
OG0029949	NC_089046.1.g38010		NC_089046.1.g37779	NC_089046.1.g37464	NC_089046.1.g38037	NC_089046.1.g38380	NC_089046.1.g37745	NC_089046.1.g37956	6	1	
OG0029950	NC_089046.1.g38026	NC_089046.1.g37855	NC_089046.1.g37796		NC_089046.1.g38052	NC_089046.1.g38395	NC_089046.1.g37761	NC_089046.1.g37972	6	1	
OG0029951	NC_089046.1.g38030		NC_089046.1.g37799	NC_089046.1.g37482	NC_089046.1.g38056	NC_089046.1.g38399	NC_089046.1.g37765	NC_089046.1.g37976	6	1	
OG0029952	NC_089046.1.g38031	NC_089046.1.g37859		NC_089046.1.g37483	NC_089046.1.g38057	NC_089046.1.g38400	NC_089046.1.g37766	NC_089046.1.g37977	6	1	
OG0029953	NC_089046.1.g38035	NC_089046.1.g37862	NC_089046.1.g37803	NC_089046.1.g37487	NC_089046.1.g38061	NC_089046.1.g38404		NC_089046.1.g37979	6	1	
OG0029954	NC_089046.1.g38055	NC_089046.1.g37892		NC_089046.1.g37518	NC_089046.1.g38085	NC_089046.1.g38433	NC_089046.1.g37791	NC_089046.1.g38001	6	1	
OG0029955	NC_089046.1.g38084		NC_089046.1.g37853	NC_089046.1.g37555	NC_089046.1.g38110	NC_089046.1.g38466	NC_089046.1.g37822	NC_089046.1.g38031	6	1	
OG0029956	NC_089046.1.g38088	NC_089046.1.g37929		NC_089046.1.g37558	NC_089046.1.g38114	NC_089046.1.g38470	NC_089046.1.g37826	NC_089046.1.g38034	6	1	
OG0029957	NC_089046.1.g38091	NC_089046.1.g37931	NC_089046.1.g37857	NC_089046.1.g37560	NC_089046.1.g38116		NC_089046.1.g37828	NC_089046.1.g38036	6	1	
OG0029958	NC_089046.1.g38092	NC_089046.1.g37933	NC_089046.1.g37858	NC_089046.1.g37561		NC_089046.1.g38472	NC_089046.1.g37829	NC_089046.1.g38037	6	1	
OG0029959	NC_089046.1.g38112	NC_089046.1.g37951	NC_089046.1.g37877		NC_089046.1.g38135	NC_089046.1.g38491	NC_089046.1.g37844	NC_089046.1.g38056	6	1	
OG0029960	NC_089046.1.g38115	NC_089046.1.g37954	NC_089046.1.g37880		NC_089046.1.g38138	NC_089046.1.g38494	NC_089035.1.g1576	NC_089046.1.g38059	6	1	
OG0029961	NC_089046.1.g38120		NC_089046.1.g37886	NC_089046.1.g37584	NC_089046.1.g38144	NC_089046.1.g38498	NC_089046.1.g37853	NC_089046.1.g38066	6	1	
OG0029962	NC_089046.1.g38165	NC_089046.1.g38004	NC_089046.1.g37933		NC_089046.1.g38192	NC_089046.1.g38544	NC_089046.1.g37894	NC_089046.1.g38111	6	1	
OG0029963	NC_089046.1.g38172	NC_089046.1.g38014		NC_089046.1.g37634	NC_089046.1.g38202	NC_089046.1.g38551	NC_089046.1.g37904	NC_089046.1.g38119	6	1	
OG0029964	NC_089046.1.g38173	NC_089046.1.g38015		NC_089046.1.g37635	NC_089046.1.g38203	NC_089046.1.g38552	NC_089046.1.g37905	NC_089046.1.g38120	6	1	
OG0029965	NC_089046.1.g38192	NC_089046.1.g38034		NC_089046.1.g37652	NC_089046.1.g38221	NC_089046.1.g38571	NC_089046.1.g37923	NC_089046.1.g38136	6	1	
OG0029966	NC_089046.1.g38212	NC_089046.1.g38053		NC_089046.1.g37672	NC_089046.1.g38241	NC_089046.1.g38591	NC_089046.1.g37941	NC_089046.1.g38157	6	1	
OG0029967	NC_089046.1.g38220	NC_089046.1.g38060	NC_089046.1.g37983	NC_089046.1.g37680	NC_089046.1.g38247		NC_089046.1.g37949	NC_089046.1.g38164	6	1	
OG0029969	NC_089046.1.g38236	NC_089046.1.g38078		NC_089046.1.g37696	NC_089046.1.g38268	NC_089046.1.g38612	NC_089046.1.g37969	NC_089046.1.g38182	6	1	
OG0029970	NC_089046.1.g38257	NC_089046.1.g38100	NC_089046.1.g38026	NC_089046.1.g37717	NC_089046.1.g38291	NC_089046.1.g38634	NC_089046.1.g37993		6	1	
OG0029971	NC_089046.1.g38279	NC_089046.1.g38120	NC_089046.1.g38046	NC_089046.1.g37742	NC_089046.1.g38308	NC_089046.1.g38656	NC_089046.1.g38016		6	1	
OG0029973	NC_089046.1.g38287	NC_089046.1.g38126	NC_089046.1.g38052	NC_089046.1.g37750		NC_089046.1.g38662	NC_089046.1.g38022	NC_089046.1.g38225	6	1	
OG0029974	NC_089046.1.g38302	NC_089046.1.g38142	NC_089046.1.g38067	NC_089046.1.g37763	NC_089046.1.g38329	NC_089046.1.g38678		NC_089046.1.g38238	6	1	
OG0029975	NC_089046.1.g38307	NC_089046.1.g38148	NC_089046.1.g38073	NC_089046.1.g37767	NC_089046.1.g38334	NC_089046.1.g38683	NC_089046.1.g38040		6	1	
OG0029977	NC_089046.1.g38319	NC_089046.1.g38165	NC_089046.1.g38084	NC_089046.1.g37778	NC_089046.1.g38344	NC_089046.1.g38695		NC_089046.1.g38253	6	1	
OG0029978	NC_089046.1.g38324	NC_089046.1.g38173	NC_089046.1.g38090	NC_089046.1.g37784	NC_089046.1.g38350	NC_089046.1.g38703		NC_089046.1.g38259	6	1	
OG0029979	NC_089046.1.g38329	NC_089046.1.g38175	NC_089046.1.g38091	NC_089046.1.g37786	NC_089046.1.g38352	NC_089046.1.g38705	NC_089046.1.g38056		6	1	
OG0029980	NC_089046.1.g38340	NC_089046.1.g38188		NC_089046.1.g37797	NC_089046.1.g38364	NC_089046.1.g38716	NC_089046.1.g38067	NC_089046.1.g38270	6	1	
OG0029981	NC_089046.1.g38346	NC_089046.1.g38197	NC_089046.1.g38109	NC_089046.1.g37805	NC_089046.1.g38372	NC_089046.1.g38723		NC_089046.1.g38279	6	1	
OG0029982	NC_089046.1.g38349	NC_089046.1.g38201	NC_089046.1.g38112	NC_089046.1.g37808	NC_089046.1.g38376	NC_089046.1.g38726		NC_089046.1.g38282	6	1	
OG0029983	NC_089046.1.g38350	NC_089046.1.g38202	NC_089046.1.g38113	NC_089046.1.g37809	NC_089046.1.g38377	NC_089046.1.g38727	NC_089046.1.g38078		6	1	
OG0029984	NC_089046.1.g38353	NC_089046.1.g38204	NC_089046.1.g38120		NC_089046.1.g38382	NC_089046.1.g38731	NC_089046.1.g38081	NC_089046.1.g38286	6	1	
OG0029985	NC_089046.1.g38366	NC_089046.1.g38216	NC_089046.1.g38133	NC_089046.1.g37823	NC_089046.1.g38392	NC_089046.1.g38744		NC_089046.1.g38297	6	1	
OG0029988	NC_089046.1.g38377	NC_089046.1.g38226	NC_089046.1.g38144		NC_089046.1.g38403	NC_089046.1.g38756	NC_089046.1.g38101	NC_089046.1.g38307	6	1	
OG0029989	NC_089046.1.g38378	NC_089046.1.g38227	NC_089046.1.g38145		NC_089046.1.g38404	NC_089046.1.g38757	NC_089046.1.g38102	NC_089046.1.g38308	6	1	
OG0029991	NC_089046.1.g38430	NC_089046.1.g38279		NC_089046.1.g37886	NC_089046.1.g38454	NC_089046.1.g38810	NC_089046.1.g38151	NC_089046.1.g38355	6	1	
OG0029992	NC_089046.1.g38431		NC_089046.1.g38189	NC_089046.1.g37887	NC_089046.1.g38455	NC_089046.1.g38811	NC_089046.1.g38152	NC_089046.1.g38356	6	1	
OG0029993	NC_089046.1.g38440	NC_089046.1.g38289	NC_089046.1.g38198		NC_089046.1.g38465	NC_089046.1.g38820	NC_089046.1.g38159	NC_089046.1.g38365	6	1	
OG0029994	NC_089046.1.g38442	NC_089046.1.g38291	NC_089046.1.g38199	NC_089046.1.g37899	NC_089046.1.g38467	NC_089046.1.g38822		NC_089046.1.g38367	6	1	
OG0029995	NC_089046.1.g38447	NC_089046.1.g38296	NC_089046.1.g38204		NC_089046.1.g38480	NC_089046.1.g38827	NC_089046.1.g38163	NC_089046.1.g38376	6	1	
OG0029996	NC_089046.1.g38471	NC_089046.1.g38322	NC_089046.1.g38228	NC_089046.1.g37929	NC_089046.1.g38507	NC_089046.1.g38855	NC_089046.1.g38191		6	1	
OG0029997	NC_089046.1.g38480	NC_089046.1.g38329		NC_089046.1.g37937	NC_089046.1.g38514	NC_089046.1.g38862	NC_089046.1.g38197	NC_089046.1.g38409	6	1	
OG0029998	NC_089046.1.g38482	NC_089046.1.g38331	NC_089046.1.g38239	NC_089046.1.g37939	NC_089046.1.g38517	NC_089046.1.g38864		NC_089046.1.g38412	6	1	
OG0029999	NC_089046.1.g38489		NC_089046.1.g38244	NC_089046.1.g37945	NC_089046.1.g38524	NC_089046.1.g38869	NC_089046.1.g38204	NC_089046.1.g38419	6	1	
OG0030000	NC_089046.1.g38503	NC_089046.1.g38354	NC_089046.1.g38259	NC_089046.1.g37961		NC_089046.1.g38881	NC_089046.1.g38217	NC_089046.1.g38433	6	1	
OG0030001	NC_089046.1.g38525	NC_089046.1.g38374	NC_089046.1.g38280		NC_089046.1.g38562	NC_089046.1.g38899	NC_089046.1.g38234	NC_089046.1.g38450	6	1	
OG0030002	NC_089046.1.g38526	NC_089046.1.g38376		NC_089046.1.g37977	NC_089046.1.g38564	NC_089046.1.g38901	NC_089046.1.g38236	NC_089046.1.g38452	6	1	
OG0030003	NC_089046.1.g38527	NC_089046.1.g38377		NC_089046.1.g37979	NC_089046.1.g38565	NC_089046.1.g38903	NC_089046.1.g38238	NC_089046.1.g38453	6	1	
OG0030004	NC_089046.1.g38528	NC_089046.1.g38378		NC_089046.1.g37980	NC_089046.1.g38566	NC_089046.1.g38904	NC_089046.1.g38239	NC_089046.1.g38454	6	1	
OG0030005	NC_089046.1.g38530		NC_089046.1.g38281	NC_089046.1.g37982	NC_089046.1.g38567	NC_089046.1.g38906	NC_089046.1.g38241	NC_089046.1.g38456	6	1	
OG0030006	NC_089046.1.g38536	NC_089046.1.g38385	NC_089046.1.g38286	NC_089046.1.g37987	NC_089046.1.g38573		NC_089046.1.g38246	NC_089046.1.g38461	6	1	
OG0030007	NC_089046.1.g38546	NC_089046.1.g38398	NC_089046.1.g38296		NC_089046.1.g38587	NC_089046.1.g38920	NC_089046.1.g38256	NC_089046.1.g38471	6	1	
OG0030008	NC_089046.1.g38548	NC_089046.1.g38399	NC_089046.1.g38297	NC_089046.1.g38001	NC_089046.1.g38588		NC_089046.1.g38257	NC_089046.1.g38472	6	1	
OG0030009	NC_089046.1.g38590	NC_089046.1.g38436	NC_089046.1.g38338		NC_089046.1.g38627	NC_089046.1.g38967	NC_089046.1.g38297	NC_089046.1.g38517	6	1	
OG0030010	NC_089046.1.g38595		NC_089046.1.g38345	NC_089046.1.g38051	NC_089046.1.g38636	NC_089046.1.g38976	NC_089046.1.g38304	NC_089046.1.g38524	6	1	
OG0030011	NC_089046.1.g38621	NC_089046.1.g38473		NC_089046.1.g38078	NC_089046.1.g38668	NC_089046.1.g39006	NC_089046.1.g38327	NC_089046.1.g38552	6	1	
OG0030012	NC_089046.1.g38625	NC_089046.1.g38476	NC_089046.1.g38377		NC_089046.1.g38670	NC_089046.1.g39008	NC_089046.1.g38330	NC_089046.1.g38555	6	1	
OG0030013	NC_089046.1.g38640	NC_089046.1.g38491		NC_089046.1.g38095	NC_089046.1.g38686	NC_089046.1.g39026	NC_089046.1.g38344	NC_089046.1.g38571	6	1	
OG0030014	NC_089046.1.g38656	NC_089046.1.g38505	NC_089046.1.g38414	NC_089046.1.g38114	NC_089046.1.g38702		NC_089046.1.g38363	NC_089046.1.g38587	6	1	
OG0030015	NC_089046.1.g38667	NC_089046.1.g38518	NC_089046.1.g38428	NC_089046.1.g38130	NC_089046.1.g38714		NC_089046.1.g38376	NC_089046.1.g38599	6	1	
OG0030016	NC_089046.1.g38689	NC_089046.1.g38546		NC_089046.1.g38152	NC_089046.1.g38739	NC_089046.1.g39085	NC_089046.1.g38401	NC_089046.1.g38623	6	1	
OG0030017	NC_089046.1.g38717		NC_089046.1.g38481	NC_089046.1.g38183	NC_089046.1.g38761	NC_089046.1.g39119	NC_089046.1.g38429	NC_089046.1.g38654	6	1	
OG0030018	NC_089046.1.g38725	NC_089046.1.g38577	NC_089046.1.g38492		NC_089046.1.g38769	NC_089046.1.g39125	NC_089046.1.g38440	NC_089046.1.g38666	6	1	
OG0030019	NC_089046.1.g38737	NC_089046.1.g38593	NC_089046.1.g38507	NC_089046.1.g38205	NC_089046.1.g38783		NC_089046.1.g38455	NC_089046.1.g38681	6	1	
OG0030020	NC_089046.1.g38752	NC_089046.1.g38607		NC_089046.1.g38218	NC_089046.1.g38797	NC_089046.1.g39154	NC_089046.1.g38469	NC_089046.1.g38697	6	1	
OG0030021	NC_089046.1.g38766	NC_089046.1.g38623	NC_089046.1.g38535	NC_089046.1.g38239		NC_089046.1.g39172	NC_089046.1.g38486	NC_089046.1.g38713	6	1	
OG0030022	NC_089046.1.g38786	NC_089046.1.g38644	NC_089046.1.g38556	NC_089046.1.g38255	NC_089046.1.g38834		NC_089046.1.g38506	NC_089046.1.g38733	6	1	
OG0030023	NC_089046.1.g38789	NC_089046.1.g38647		NC_089046.1.g38258	NC_089046.1.g38837	NC_089046.1.g39193	NC_089046.1.g38509	NC_089046.1.g38736	6	1	
OG0030024	NC_089046.1.g38838	NC_089046.1.g38697	NC_089046.1.g38606	NC_089046.1.g38304	NC_089046.1.g38886		NC_089046.1.g38559	NC_089046.1.g38782	6	1	
OG0030026	NC_089046.1.g38866	NC_089046.1.g38726	NC_089046.1.g38633	NC_089046.1.g38331	NC_089046.1.g38917	NC_089046.1.g39271	NC_089046.1.g38589		6	1	
OG0030027	NC_089046.1.g38868	NC_089046.1.g38728	NC_089046.1.g38635	NC_089046.1.g38332	NC_089046.1.g38919	NC_089046.1.g39273		NC_089046.1.g38813	6	1	
OG0030028	NC_089046.1.g38879	NC_089046.1.g38741		NC_089046.1.g38344	NC_089046.1.g38932	NC_089046.1.g39284	NC_089046.1.g38602	NC_089046.1.g38823	6	1	
OG0030029	NC_089046.1.g38880	NC_089046.1.g38742		NC_089046.1.g38345	NC_089046.1.g38933	NC_089046.1.g39285	NC_089046.1.g38603	NC_089046.1.g38824	6	1	
OG0030031	NC_089046.1.g38933	NC_089046.1.g38792	NC_089046.1.g38699		NC_089046.1.g38986	NC_089046.1.g39341	NC_089046.1.g38654	NC_089046.1.g38878	6	1	
OG0030032	NC_089046.1.g38935	NC_089046.1.g38795	NC_089046.1.g38703		NC_089046.1.g38989	NC_089046.1.g39344	NC_089046.1.g38658	NC_089046.1.g38881	6	1	
OG0030033	NC_089046.1.g38964	NC_089046.1.g38827	NC_089046.1.g38734		NC_089046.1.g39019	NC_089046.1.g39377	NC_089046.1.g38689	NC_089046.1.g38912	6	1	
OG0030034	NC_089046.1.g38975	NC_089046.1.g38844	NC_089046.1.g38747	NC_089046.1.g38437	NC_089046.1.g39030	NC_089046.1.g39391		NC_089046.1.g38924	6	1	
OG0030035	NC_089046.1.g38994	NC_089046.1.g38864	NC_089046.1.g38764		NC_089046.1.g39049	NC_089046.1.g39410	NC_089046.1.g38720	NC_089046.1.g38943	6	1	
OG0030036	NC_089046.1.g38997		NC_089046.1.g38767	NC_089046.1.g38460	NC_089046.1.g39052	NC_089046.1.g39413	NC_089046.1.g38723	NC_089046.1.g38946	6	1	
OG0030037	NC_089046.1.g39003	NC_089046.1.g38875	NC_089046.1.g38773	NC_089046.1.g38468		NC_089046.1.g39419	NC_089046.1.g38730	NC_089046.1.g38954	6	1	
OG0030038	NC_089046.1.g39004	NC_089046.1.g38876	NC_089046.1.g38774		NC_089046.1.g39059	NC_089046.1.g39421	NC_089046.1.g38732	NC_089046.1.g38956	6	1	
OG0030039	NC_089046.1.g39008		NC_089046.1.g38777	NC_089046.1.g38474	NC_089046.1.g39063	NC_089046.1.g39425	NC_089046.1.g38736	NC_089046.1.g38960	6	1	
OG0030040	NC_089046.1.g39009	NC_089046.1.g38879	NC_089046.1.g38778		NC_089046.1.g39065	NC_089046.1.g39426	NC_089046.1.g38737	NC_089046.1.g38961	6	1	
OG0030041	NC_089046.1.g39018	NC_089046.1.g38889	NC_089046.1.g38788		NC_089046.1.g39076	NC_089046.1.g39436	NC_089046.1.g38747	NC_089046.1.g38970	6	1	
OG0030042	NC_089046.1.g39029	NC_089046.1.g38899		NC_089046.1.g38493	NC_089046.1.g39087	NC_089046.1.g39447	NC_089046.1.g38757	NC_089046.1.g38980	6	1	
OG0030043	NC_089046.1.g39063	NC_089046.1.g38924	NC_089046.1.g38819	NC_089046.1.g38521	NC_089046.1.g39116	NC_089046.1.g39475		NC_089046.1.g39009	6	1	
OG0030044	NC_089046.1.g39109	NC_089046.1.g38972	NC_089046.1.g38867		NC_089046.1.g39157	NC_089046.1.g39522	NC_089046.1.g38829	NC_089046.1.g39054	6	1	
OG0030045	NC_089046.1.g39119	NC_089046.1.g38980	NC_089046.1.g38877		NC_089046.1.g39165	NC_089046.1.g39530	NC_089046.1.g38837	NC_089046.1.g39061	6	1	
OG0030046	NC_089046.1.g39120	NC_089046.1.g38981	NC_089046.1.g38878		NC_089046.1.g39166	NC_089046.1.g39531	NC_089046.1.g38838	NC_089046.1.g39062	6	1	
OG0030047	NC_089046.1.g39122	NC_089046.1.g38983	NC_089046.1.g38880		NC_089046.1.g39168	NC_089046.1.g39534	NC_089046.1.g38840	NC_089046.1.g39064	6	1	
OG0030048	NC_089046.1.g39129	NC_089046.1.g38989		NC_089046.1.g38579	NC_089046.1.g39174	NC_089046.1.g39544	NC_089046.1.g38845	NC_089046.1.g39069	6	1	
OG0030049	NC_089046.1.g39132		NC_089046.1.g38891	NC_089046.1.g38582	NC_089046.1.g39177	NC_089046.1.g39547	NC_089046.1.g38848	NC_089046.1.g39072	6	1	
OG0030050	NC_089046.1.g39169	NC_089046.1.g39030	NC_089046.1.g38927	NC_089046.1.g38620		NC_089046.1.g39585	NC_089046.1.g38889	NC_089046.1.g39119	6	1	
OG0030051	NC_089046.1.g39217	NC_089046.1.g39076	NC_089046.1.g38975		NC_089046.1.g39267	NC_089046.1.g39630	NC_089046.1.g38939	NC_089046.1.g39165	6	1	
OG0030052	NC_089046.1.g39245		NC_089046.1.g39004	NC_089046.1.g38695	NC_089046.1.g39295	NC_089046.1.g39659	NC_089046.1.g38965	NC_089046.1.g39192	6	1	
OG0030053	NC_089046.1.g39268	NC_089046.1.g39131	NC_089046.1.g39029	NC_089046.1.g38720	NC_089046.1.g39321	NC_089046.1.g39683	NC_089046.1.g38991		6	1	
OG0030054	NC_089046.1.g39319	NC_089046.1.g39189	NC_089046.1.g39085	NC_089046.1.g38777	NC_089046.1.g39373	NC_089046.1.g39740		NC_089046.1.g39270	6	1	
OG0030055	NC_089046.1.g39346	NC_089046.1.g39215	NC_089046.1.g39110	NC_089046.1.g38803	NC_089046.1.g39400	NC_089046.1.g39766		NC_089046.1.g39296	6	1	
OG0030056	NC_089046.1.g39369	NC_089046.1.g39239	NC_089046.1.g39132		NC_089046.1.g39427	NC_089046.1.g39789	NC_089046.1.g39096	NC_089046.1.g39320	6	1	
OG0030057	NC_089046.1.g39371	NC_089035.1.g2286	NC_089046.1.g39134	NC_089046.1.g38825	NC_089035.1.g2285	NC_089046.1.g39791	NC_089035.1.g2274		6	1	
OG0030058	NC_089046.1.g39396	NC_089046.1.g39261	NC_089046.1.g39156	NC_089046.1.g38846	NC_089046.1.g39448		NC_089046.1.g39116	NC_089046.1.g39341	6	1	
OG0030059	NC_089046.1.g39435	NC_089046.1.g39306	NC_089046.1.g39200	NC_089046.1.g38888		NC_089046.1.g39855	NC_089046.1.g39160	NC_089046.1.g39384	6	1	
OG0030060	NC_089046.1.g39463	NC_089046.1.g39336		NC_089046.1.g38919	NC_089046.1.g39525	NC_089046.1.g39886	NC_089046.1.g39189	NC_089046.1.g39414	6	1	
OG0030061	NC_089046.1.g39467	NC_089046.1.g39340	NC_089046.1.g39234		NC_089046.1.g39529	NC_089046.1.g39890	NC_089046.1.g39193	NC_089046.1.g39418	6	1	
OG0030062	NC_089046.1.g39501		NC_089046.1.g39267	NC_089046.1.g38953	NC_089046.1.g39561	NC_089046.1.g39923	NC_089046.1.g39226	NC_089046.1.g39451	6	1	
OG0030063	NC_089046.1.g39519	NC_089046.1.g39392	NC_089046.1.g39284		NC_089046.1.g39579	NC_089046.1.g39941	NC_089046.1.g39243	NC_089046.1.g39469	6	1	
OG0030064	NC_089046.1.g39579	NC_089046.1.g39452	NC_089046.1.g39345	NC_089046.1.g39032	NC_089046.1.g39636	NC_089046.1.g39997		NC_089046.1.g39529	6	1	
OG0030065	NC_089046.1.g39596	NC_089046.1.g39466	NC_089046.1.g39359	NC_089046.1.g39046	NC_089046.1.g39651		NC_089046.1.g39318	NC_089046.1.g39542	6	1	
OG0030067	NC_089046.1.g39639	NC_089046.1.g39511	NC_089046.1.g39398	NC_089046.1.g39086	NC_089046.1.g39694	NC_089046.1.g40053		NC_089046.1.g39584	6	1	
OG0030079		NC_089035.1.g870	NC_089035.1.g1364	NC_089035.1.g1385		NC_089035.1.g1409	NC_089035.1.g1370	NC_089035.1.g1377, NC_089035.1.g851	6	0	
OG0030083		NC_089035.1.g1330, NC_089046.1.g39247	NC_089035.1.g1291	NC_089035.1.g1314	NC_089035.1.g1305	NC_089035.1.g1336		NC_089035.1.g1304	6	0	
OG0030092		NC_089035.1.g2024	NC_089035.1.g2004	NC_089035.1.g2016	NC_089035.1.g2018		NC_089035.1.g1999, NC_089035.1.g2000	NC_089035.1.g2004	6	0	
OG0030094		NC_089035.1.g2160	NC_089035.1.g2143		NC_089035.1.g2150	NC_089040.1.g22567	NC_089035.1.g2141, NC_089040.1.g22255	NC_089035.1.g2136	6	0	
OG0030097		NC_089035.1.g2438	NC_089035.1.g2441, NC_089035.1.g2442	NC_089035.1.g2429	NC_089035.1.g2434		NC_089035.1.g2441	NC_089035.1.g2419	6	0	
OG0030098		NC_089035.1.g2440	NC_089035.1.g2444	NC_089035.1.g2431	NC_089035.1.g2436, NC_089044.1.g32388		NC_089035.1.g2443	NC_089035.1.g2421	6	0	
OG0030105		NC_089035.1.g2969	NC_089035.1.g2965		NC_089035.1.g2963	NC_089035.1.g3002	NC_089035.1.g2951, NC_089040.1.g21452	NC_089035.1.g2942	6	0	
OG0030109		NC_089035.1.g3141	NC_089035.1.g3142	NC_089035.1.g1597	NC_089035.1.g3137	NC_089035.1.g1627, NC_089035.1.g3173	NC_089035.1.g3125		6	0	
OG0030121		NC_089035.1.g3655		NC_089035.1.g3594, NC_089042.1.g28024	NC_089035.1.g3644	NC_089035.1.g3692	NC_089035.1.g3625	NC_089035.1.g3629	6	0	
OG0030122		NC_089035.1.g3718	NC_089035.1.g3716, NC_089040.1.g21287	NC_089035.1.g3657	NC_089035.1.g3706		NC_089035.1.g3687	NC_089035.1.g3694	6	0	
OG0030132		NC_089035.1.g4485, NC_089035.1.g4495	NC_089035.1.g4494	NC_089035.1.g4425	NC_089035.1.g4481		NC_089035.1.g4449	NC_089035.1.g4460	6	0	
OG0030135		NC_089035.1.g5151	NC_089035.1.g5155		NC_089035.1.g5151	NC_089035.1.g5212	NC_089035.1.g5116, NC_089040.1.g22001	NC_089035.1.g5130	6	0	
OG0030138		NC_089036.1.g5643, NC_089041.1.g25023		NC_089036.1.g5581	NC_089036.1.g5647	NC_089036.1.g5703	NC_089036.1.g5611	NC_089036.1.g5620	6	0	
OG0030142		NC_089036.1.g6363	NC_089036.1.g6372	NC_089036.1.g6312		NC_089036.1.g6446, NC_089038.1.g16603	NC_089036.1.g6334	NC_089036.1.g6377	6	0	
OG0030146		NC_089036.1.g6818	NC_089036.1.g6830, NC_089038.1.g14137		NC_089036.1.g6835	NC_089038.1.g14291	NC_089036.1.g6795	NC_089036.1.g6856	6	0	
OG0030156		NC_089036.1.g8406	NC_089036.1.g8396, NC_089041.1.g26298	NC_089036.1.g8349	NC_089041.1.g26417	NC_089041.1.g26639		NC_089036.1.g8425	6	0	
OG0030178		NC_089037.1.g11034	NC_089037.1.g11035	NC_089037.1.g10992	NC_089037.1.g11045	NC_089036.1.g7809, NC_089037.1.g11164	NC_089037.1.g11040		6	0	
OG0030198		NC_089037.1.g13235	NC_089044.1.g32933		NC_089037.1.g13272	NC_089044.1.g33429	NC_089037.1.g13257, NC_089044.1.g32871	NC_089037.1.g13314	6	0	
OG0030200		NC_089037.1.g13702	NC_089037.1.g13748	NC_089037.1.g13683	NC_089037.1.g13742		NC_089037.1.g13739	NC_089037.1.g13792, NC_089037.1.g13795	6	0	
OG0030202		NC_089038.1.g14102, NC_089038.1.g14103		NC_089038.1.g14094	NC_089038.1.g14142	NC_089038.1.g14310	NC_089038.1.g14144	NC_089038.1.g14202	6	0	
OG0030224		NC_089039.1.g18327	NC_089039.1.g18394	NC_089039.1.g18327	NC_089039.1.g18449	NC_089039.1.g18645	NC_089036.1.g7884, NC_089039.1.g18425		6	0	
OG0030233		NC_089039.1.g18957		NC_089037.1.g11443, NC_089039.1.g18944	NC_089037.1.g11518	NC_089039.1.g19279	NC_089037.1.g11498	NC_089037.1.g11562	6	0	
OG0030236		NC_089039.1.g19211	NC_089039.1.g19262, NC_089039.1.g19263	NC_089039.1.g19188		NC_089039.1.g19531	NC_089039.1.g19295	NC_089039.1.g19308	6	0	
OG0030255		NC_089040.1.g21085	NC_089036.1.g6811, NC_089040.1.g21129	NC_089040.1.g21044	NC_089040.1.g21198	NC_089040.1.g21398		NC_089040.1.g21150	6	0	
OG0030257		NC_089040.1.g21374, NC_089045.1.g36283	NC_089040.1.g21417	NC_089045.1.g35980	NC_089040.1.g21486		NC_089040.1.g21409	NC_089040.1.g21431	6	0	
OG0030262		NC_089040.1.g21800	NC_089040.1.g21852	NC_089040.1.g21735, NC_089041.1.g24587	NC_089040.1.g21922		NC_089040.1.g21828	NC_089040.1.g21865	6	0	
OG0030276		NC_089040.1.g23388	NC_089040.1.g23432	NC_089040.1.g23261	NC_089040.1.g23521	NC_089040.1.g23736, NC_089042.1.g28654		NC_089040.1.g23441	6	0	
OG0030292		NC_089041.1.g25677	NC_089041.1.g25689		NC_089041.1.g25793	NC_089041.1.g26006, NC_089041.1.g26009	NC_089041.1.g25636	NC_089041.1.g25723	6	0	
OG0030299		NC_089041.1.g26331	NC_089041.1.g26324	NC_089041.1.g26128, NC_089042.1.g27482		NC_089041.1.g26671	NC_089041.1.g26291	NC_089041.1.g26371	6	0	
OG0030305		NC_089042.1.g27277		NC_089042.1.g27095	NC_089042.1.g27386	NC_089042.1.g27636, NC_089042.1.g29180	NC_089042.1.g27246	NC_089042.1.g27339	6	0	
OG0030308		NC_089042.1.g27633	NC_089042.1.g27654	NC_089042.1.g27452		NC_089041.1.g26062	NC_089039.1.g19398, NC_089042.1.g27625	NC_089039.1.g19412	6	0	
OG0030310		NC_089042.1.g27878		NC_089042.1.g27692	NC_089042.1.g28505	NC_089042.1.g28251	NC_089042.1.g27865, NC_089042.1.g28344	NC_089042.1.g28465	6	0	
OG0030348		NC_089043.1.g30848		NC_089043.1.g30565	NC_089043.1.g30941	NC_089043.1.g31251, NC_089046.1.g38092	NC_089043.1.g30740	NC_089043.1.g30927	6	0	
OG0030367		NC_089044.1.g32312	NC_089044.1.g32269, NC_089044.1.g32274	NC_089044.1.g32028	NC_089044.1.g32444	NC_089044.1.g32737	NC_089044.1.g32214		6	0	
OG0030384		NC_089044.1.g32996	NC_089044.1.g32934, NC_089044.1.g32935		NC_089044.1.g33126	NC_089044.1.g33430	NC_089044.1.g32872	NC_089044.1.g33079	6	0	
OG0030385		NC_089044.1.g33008	NC_089035.1.g1809, NC_089044.1.g32948	NC_089044.1.g32696	NC_089035.1.g1808		NC_089035.1.g1793	NC_089044.1.g33091	6	0	
OG0030386		NC_089044.1.g33020	NC_089035.1.g2175, NC_089044.1.g32957	NC_089044.1.g32706	NC_089044.1.g33151		NC_089044.1.g32894	NC_089044.1.g33101	6	0	
OG0030409		NC_089045.1.g36095	NC_089045.1.g36007		NC_089045.1.g36267	NC_089039.1.g18555, NC_089045.1.g36608	NC_089045.1.g35980	NC_089037.1.g11888	6	0	
OG0030419		NC_089046.1.g37349	NC_089046.1.g37278	NC_089046.1.g36981	NC_089037.1.g12648, NC_089046.1.g37529	NC_089046.1.g37876	NC_089046.1.g37250		6	0	
OG0030449			NC_089035.1.g40	NC_089035.1.g37, NC_089035.1.g38	NC_089035.1.g38	NC_089035.1.g41	NC_089035.1.g39	NC_089035.1.g39	6	0	
OG0030460			NC_089041.1.g25055	NC_089041.1.g24894	NC_089041.1.g25165	NC_089041.1.g25377	NC_089041.1.g25026, NC_089045.1.g36981	NC_089041.1.g25076	6	0	
OG0030461			NC_089041.1.g25597, NC_089046.1.g37960	NC_089046.1.g37656	NC_089041.1.g25701	NC_089046.1.g38575	NC_089041.1.g25546	NC_089041.1.g25635	6	0	
OG0030462			NC_089043.1.g29907	NC_089043.1.g29624	NC_089043.1.g29997	NC_089043.1.g30277	NC_089043.1.g29822, NC_089045.1.g36618	NC_089043.1.g29987	6	0	
OG0030464			NC_089045.1.g34838	NC_089045.1.g34617	NC_089045.1.g35056	NC_089045.1.g35390, NC_089045.1.g36325	NC_089045.1.g34825	NC_089045.1.g35045	6	0	
OG0031625		NC_089035.1.g260	NC_089035.1.g254		NC_089035.1.g259	NC_089035.1.g267	NC_089035.1.g261	NC_089035.1.g257	6	0	
OG0031627		NC_089035.1.g515	NC_089035.1.g494	NC_089035.1.g517	NC_089035.1.g493	NC_089035.1.g530	NC_089035.1.g495		6	0	
OG0031628		NC_089035.1.g561	NC_089035.1.g539	NC_089035.1.g561	NC_089035.1.g538		NC_089035.1.g539	NC_089035.1.g545	6	0	
OG0031629		NC_089035.1.g1051	NC_089035.1.g1022	NC_089035.1.g1043	NC_089035.1.g1027	NC_089035.1.g1061		NC_089035.1.g1025	6	0	
OG0031630		NC_089035.1.g1397	NC_089035.1.g1359		NC_089035.1.g1374	NC_089035.1.g1403	NC_089035.1.g1365	NC_089035.1.g1371	6	0	
OG0031631		NC_089035.1.g1428	NC_089035.1.g1393		NC_089035.1.g1406	NC_089035.1.g1437	NC_089035.1.g1394	NC_089035.1.g1404	6	0	
OG0031632		NC_089035.1.g1687		NC_089035.1.g1672	NC_089035.1.g1667	NC_089035.1.g1709	NC_089035.1.g1656	NC_089035.1.g1662	6	0	
OG0031633		NC_089035.1.g1706	NC_089035.1.g1691	NC_089035.1.g1690	NC_089035.1.g1687	NC_089035.1.g1731		NC_089035.1.g1681	6	0	
OG0031634		NC_089035.1.g1744	NC_089035.1.g1732	NC_089035.1.g1731	NC_089035.1.g1725		NC_089035.1.g1712	NC_089035.1.g1724	6	0	
OG0031635		NC_089035.1.g2066	NC_089035.1.g2046	NC_089035.1.g2058	NC_089035.1.g2061		NC_089035.1.g2047	NC_089035.1.g2045	6	0	
OG0031637		NC_089035.1.g2189	NC_089035.1.g2177	NC_089035.1.g2170		NC_089035.1.g2224	NC_089035.1.g2172	NC_089035.1.g2169	6	0	
OG0031638		NC_089035.1.g2210	NC_089035.1.g2197	NC_089035.1.g2192	NC_089035.1.g2201	NC_089035.1.g2242		NC_089035.1.g2183	6	0	
OG0031639		NC_089035.1.g2342		NC_089035.1.g2326	NC_089035.1.g2339	NC_089035.1.g2383	NC_089035.1.g2331	NC_089035.1.g2317	6	0	
OG0031640		NC_089035.1.g2366	NC_089035.1.g2363	NC_089041.1.g25425	NC_089035.1.g2362	NC_089041.1.g25929		NC_089035.1.g2341	6	0	
OG0031641		NC_089035.1.g2409	NC_089035.1.g2411		NC_089035.1.g2403	NC_089035.1.g2457	NC_089035.1.g2405	NC_089035.1.g2390	6	0	
OG0031642		NC_089035.1.g2487	NC_089035.1.g2490	NC_089035.1.g2476	NC_089035.1.g2482	NC_089035.1.g2533	NC_089035.1.g2492		6	0	
OG0031643		NC_089035.1.g2646	NC_089035.1.g2649		NC_089035.1.g2640	NC_089035.1.g2681	NC_089035.1.g2638	NC_089035.1.g2620	6	0	
OG0031644		NC_089035.1.g2732	NC_089035.1.g2735		NC_089035.1.g2728	NC_089035.1.g2768	NC_089035.1.g2722	NC_089035.1.g2707	6	0	
OG0031645		NC_089035.1.g2750	NC_089035.1.g2753	NC_089035.1.g2722	NC_089035.1.g2746		NC_089035.1.g2740	NC_089035.1.g2725	6	0	
OG0031646		NC_089035.1.g2778	NC_089035.1.g2781		NC_089035.1.g2774	NC_089035.1.g2811	NC_089035.1.g2769	NC_089035.1.g2754	6	0	
OG0031647		NC_089035.1.g2890	NC_089035.1.g2897	NC_089035.1.g2865	NC_089035.1.g2892	NC_089035.1.g2931		NC_089035.1.g2870	6	0	
OG0031648		NC_089035.1.g2930	NC_089035.1.g2932	NC_089035.1.g2900		NC_089035.1.g2970	NC_089035.1.g2919	NC_089035.1.g2903	6	0	
OG0031649		NC_089035.1.g2931	NC_089035.1.g2933	NC_089035.1.g2901	NC_089035.1.g2929	NC_089035.1.g2971		NC_089035.1.g2904	6	0	
OG0031650		NC_089035.1.g2968	NC_089035.1.g2964		NC_089035.1.g2962	NC_089035.1.g3001	NC_089035.1.g2950	NC_089035.1.g2941	6	0	
OG0031651		NC_089035.1.g3022	NC_089035.1.g3020	NC_089035.1.g2980	NC_089035.1.g3016	NC_089035.1.g3053	NC_089035.1.g3003		6	0	
OG0031652		NC_089035.1.g3104	NC_089035.1.g3104	NC_089035.1.g3062	NC_089035.1.g3097		NC_089035.1.g3086	NC_089035.1.g3075	6	0	
OG0031653		NC_089035.1.g3150	NC_089035.1.g3151	NC_089035.1.g3104	NC_089035.1.g3146		NC_089035.1.g3135	NC_089035.1.g3120	6	0	
OG0031655		NC_089035.1.g3296	NC_089035.1.g3292	NC_089035.1.g3242	NC_089035.1.g3286		NC_089035.1.g3275	NC_089035.1.g3267	6	0	
OG0031656		NC_089035.1.g3366	NC_089035.1.g3361	NC_089035.1.g3313	NC_089035.1.g3358		NC_089035.1.g3349	NC_089035.1.g3337	6	0	
OG0031658		NC_089035.1.g3685	NC_089035.1.g3683	NC_089035.1.g3624		NC_089035.1.g3723	NC_089035.1.g3655	NC_089035.1.g3661	6	0	
OG0031659		NC_089035.1.g4126	NC_089035.1.g4142		NC_089042.1.g28581	NC_089035.1.g4189	NC_089035.1.g4094	NC_089035.1.g4107	6	0	
OG0031660		NC_089035.1.g4484	NC_089035.1.g4493	NC_089035.1.g4424	NC_089035.1.g4480		NC_089035.1.g4448	NC_089035.1.g4459	6	0	
OG0031661		NC_089035.1.g4826	NC_089035.1.g4834	NC_089035.1.g4762		NC_089035.1.g4880	NC_089035.1.g4794	NC_089035.1.g4801	6	0	
OG0031662		NC_089035.1.g4888	NC_089035.1.g4893	NC_089035.1.g4825	NC_089035.1.g4882	NC_089035.1.g4945	NC_089035.1.g4855		6	0	
OG0031663		NC_089035.1.g4983	NC_089035.1.g4988	NC_089035.1.g4921	NC_089035.1.g4977	NC_089035.1.g5040		NC_089035.1.g4958	6	0	
OG0031664		NC_089035.1.g5001	NC_089035.1.g5007		NC_089035.1.g4996	NC_089035.1.g5058	NC_089035.1.g4969	NC_089035.1.g4977	6	0	
OG0031665		NC_089035.1.g5023	NC_089035.1.g5026		NC_089035.1.g5022	NC_089035.1.g5082	NC_089035.1.g4995	NC_089035.1.g5003	6	0	
OG0031667		NC_089035.1.g5286	NC_089035.1.g5287	NC_089035.1.g5221		NC_089035.1.g5343	NC_089035.1.g5247	NC_089035.1.g5260	6	0	
OG0031668		NC_089036.1.g5611	NC_089036.1.g5621	NC_089036.1.g5547	NC_089036.1.g5613	NC_089036.1.g5677		NC_089036.1.g5584	6	0	
OG0031669		NC_089036.1.g5829	NC_089036.1.g5839	NC_089036.1.g5773	NC_089036.1.g5828	NC_089036.1.g5888		NC_089036.1.g5833	6	0	
OG0031670		NC_089036.1.g5929	NC_089036.1.g5938	NC_089036.1.g5872	NC_089036.1.g5927	NC_089036.1.g5990	NC_089036.1.g5891		6	0	
OG0031671		NC_089036.1.g6050	NC_089036.1.g6065	NC_089036.1.g6001	NC_089036.1.g6051		NC_089036.1.g6018	NC_089036.1.g6064	6	0	
OG0031672		NC_089036.1.g6129	NC_089036.1.g6145		NC_089036.1.g6130	NC_089036.1.g6200	NC_089036.1.g6090	NC_089036.1.g6142	6	0	
OG0031673		NC_089036.1.g6138	NC_089036.1.g6154	NC_089036.1.g6084	NC_089036.1.g6139		NC_089036.1.g6099	NC_089036.1.g6150	6	0	
OG0031674		NC_089036.1.g6204	NC_089036.1.g6221	NC_089036.1.g6153		NC_089036.1.g6278	NC_089036.1.g6169	NC_089036.1.g6217	6	0	
OG0031675		NC_089036.1.g6412	NC_089036.1.g6419	NC_089036.1.g6364	NC_089036.1.g6410		NC_089036.1.g6379	NC_089036.1.g6430	6	0	
OG0031676		NC_089036.1.g6501	NC_089036.1.g6517	NC_089036.1.g6459		NC_089036.1.g6607	NC_089036.1.g6482	NC_089036.1.g6531	6	0	
OG0031677		NC_089036.1.g6677	NC_089036.1.g6691	NC_089036.1.g6638	NC_089036.1.g6691		NC_089036.1.g6659	NC_089036.1.g6712	6	0	
OG0031678		NC_089036.1.g6691		NC_089036.1.g6652	NC_089036.1.g6707	NC_089036.1.g6809	NC_089036.1.g6676	NC_089036.1.g6730	6	0	
OG0031679		NC_089036.1.g6893	NC_089036.1.g6898		NC_089036.1.g6907	NC_089036.1.g6996	NC_089036.1.g6869	NC_089036.1.g6927	6	0	
OG0031680		NC_089036.1.g6939		NC_089036.1.g6888	NC_089036.1.g6953	NC_089036.1.g7043	NC_089036.1.g6915	NC_089036.1.g6977	6	0	
OG0031681		NC_089036.1.g6959	NC_089036.1.g6958	NC_089036.1.g6909	NC_089036.1.g6973	NC_089036.1.g7067		NC_089036.1.g6998	6	0	
OG0031682		NC_089036.1.g6967	NC_089036.1.g6967	NC_089036.1.g6919	NC_089036.1.g6981	NC_089036.1.g7076		NC_089036.1.g7005	6	0	
OG0031683		NC_089036.1.g7035	NC_089036.1.g7028		NC_089036.1.g7045	NC_089036.1.g7134	NC_089036.1.g7012	NC_089036.1.g7066	6	0	
OG0031684		NC_089036.1.g7050		NC_089036.1.g6997	NC_089036.1.g7059	NC_089036.1.g7147	NC_089036.1.g7027	NC_089036.1.g7081	6	0	
OG0031685		NC_089036.1.g7068	NC_089036.1.g7063	NC_089036.1.g7013	NC_089036.1.g7081	NC_089036.1.g7167	NC_089036.1.g7048		6	0	
OG0031686		NC_089036.1.g7113		NC_089036.1.g7059	NC_089036.1.g7123	NC_089036.1.g7211	NC_089036.1.g7094	NC_089036.1.g7145	6	0	
OG0031687		NC_089036.1.g7147	NC_089036.1.g7142	NC_089036.1.g7095	NC_089036.1.g7164	NC_089036.1.g7248	NC_089036.1.g7131		6	0	
OG0031688		NC_089036.1.g7183	NC_089036.1.g7176	NC_089036.1.g7129	NC_089036.1.g7200		NC_089036.1.g7165	NC_089036.1.g7216	6	0	
OG0031691		NC_089036.1.g7290	NC_089036.1.g7289		NC_089036.1.g7310	NC_089036.1.g7393	NC_089036.1.g7286	NC_089036.1.g7328	6	0	
OG0031692		NC_089036.1.g7301	NC_089036.1.g7302	NC_089036.1.g7255	NC_089036.1.g7322	NC_089036.1.g7404	NC_089036.1.g7299		6	0	
OG0031693		NC_089036.1.g7345	NC_089036.1.g7343		NC_089036.1.g7360	NC_089036.1.g7448	NC_089036.1.g7341	NC_089036.1.g7380	6	0	
OG0031694		NC_089036.1.g7351		NC_089036.1.g7302	NC_089036.1.g7366	NC_089036.1.g7453	NC_089036.1.g7346	NC_089036.1.g7385	6	0	
OG0031695		NC_089036.1.g7385	NC_089036.1.g7377	NC_089036.1.g7331	NC_089036.1.g7397	NC_089036.1.g7484	NC_089036.1.g7377		6	0	
OG0031696		NC_089036.1.g7431	NC_089036.1.g7423	NC_089036.1.g7378	NC_089036.1.g7445		NC_089036.1.g7425	NC_089036.1.g7460	6	0	
OG0031697		NC_089036.1.g7434	NC_089036.1.g7427	NC_089036.1.g7381		NC_089036.1.g7535	NC_089036.1.g7428	NC_089036.1.g7463	6	0	
OG0031698		NC_089036.1.g7540	NC_089036.1.g7533		NC_089036.1.g7548	NC_089036.1.g7640	NC_089036.1.g7542	NC_089036.1.g7575	6	0	
OG0031699		NC_089036.1.g7614	NC_089036.1.g7606	NC_089036.1.g7562	NC_089036.1.g7617		NC_089036.1.g7613	NC_089036.1.g7648	6	0	
OG0031700		NC_089036.1.g7745	NC_089036.1.g7738	NC_089036.1.g7698	NC_089036.1.g7749		NC_089036.1.g7749	NC_089036.1.g7783	6	0	
OG0031701		NC_089036.1.g7781	NC_089036.1.g7772	NC_089036.1.g7733	NC_089036.1.g7788	NC_089036.1.g7884	NC_089036.1.g7786		6	0	
OG0031702		NC_089036.1.g7788	NC_089036.1.g7779	NC_089036.1.g7740	NC_089036.1.g7795	NC_089036.1.g7891	NC_089036.1.g7793		6	0	
OG0031703		NC_089036.1.g7837	NC_089036.1.g7825	NC_089036.1.g7790	NC_089036.1.g7840	NC_089036.1.g7939		NC_089036.1.g7869	6	0	
OG0031705		NC_089036.1.g8019	NC_089036.1.g8008	NC_089036.1.g7968	NC_089036.1.g8024	NC_089036.1.g8122	NC_089036.1.g8026		6	0	
OG0031706		NC_089036.1.g8095	NC_089036.1.g8084	NC_089036.1.g8042	NC_089036.1.g8101		NC_089036.1.g8097	NC_089036.1.g8125	6	0	
OG0031707		NC_089036.1.g8149	NC_089036.1.g8134		NC_089036.1.g8153	NC_089036.1.g8250	NC_089036.1.g8150	NC_089036.1.g8176	6	0	
OG0031708		NC_089036.1.g8228	NC_089036.1.g8214		NC_089036.1.g8234	NC_089039.1.g19922	NC_089036.1.g8228	NC_089036.1.g8252	6	0	
OG0031711		NC_089036.1.g8670	NC_089036.1.g8654	NC_089036.1.g8613	NC_089036.1.g8662		NC_089036.1.g8667	NC_089036.1.g8686	6	0	
OG0031713		NC_089036.1.g8773	NC_089036.1.g8757		NC_089036.1.g8762	NC_089036.1.g8880	NC_089036.1.g8770	NC_089036.1.g8789	6	0	
OG0031714		NC_089036.1.g8886	NC_089036.1.g8872	NC_089036.1.g8827	NC_089036.1.g8879	NC_089036.1.g8992		NC_089036.1.g8907	6	0	
OG0031716		NC_089036.1.g8919	NC_089036.1.g8907	NC_089036.1.g8860		NC_089036.1.g9027	NC_089036.1.g8916	NC_089036.1.g8941	6	0	
OG0031717		NC_089036.1.g9139	NC_089036.1.g9123	NC_089036.1.g9074	NC_089036.1.g9128		NC_089036.1.g9129	NC_089036.1.g9155	6	0	
OG0031718		NC_089036.1.g9210	NC_089036.1.g9201		NC_089036.1.g9207	NC_089036.1.g9324	NC_089036.1.g9198	NC_089036.1.g9223	6	0	
OG0031719		NC_089036.1.g9351	NC_089036.1.g9337		NC_089035.1.g268	NC_089035.1.g275	NC_089035.1.g269	NC_089035.1.g266	6	0	
OG0031721		NC_089037.1.g9808	NC_089037.1.g9801	NC_089037.1.g9759	NC_089037.1.g9808	NC_089037.1.g9927		NC_089037.1.g9833	6	0	
OG0031722		NC_089037.1.g9851		NC_089037.1.g9804	NC_089037.1.g9858	NC_089037.1.g9975	NC_089037.1.g9846	NC_089037.1.g9884	6	0	
OG0031723		NC_089037.1.g9955	NC_089037.1.g9952		NC_089037.1.g9966	NC_089037.1.g10087	NC_089037.1.g9952	NC_089037.1.g9990	6	0	
OG0031724		NC_089037.1.g9958	NC_089037.1.g9955	NC_089037.1.g9917	NC_089037.1.g9970	NC_089037.1.g10090	NC_089037.1.g9955		6	0	
OG0031725		NC_089037.1.g10051	NC_089037.1.g10044		NC_089037.1.g10060	NC_089037.1.g10178	NC_089037.1.g10046	NC_089037.1.g10084	6	0	
OG0031726		NC_089037.1.g10263	NC_089037.1.g10261	NC_089037.1.g10213	NC_089037.1.g10270		NC_089037.1.g10266	NC_089037.1.g10303	6	0	
OG0031727		NC_089037.1.g10390	NC_089037.1.g10386	NC_089037.1.g10334	NC_089037.1.g10397	NC_089037.1.g10516		NC_089037.1.g10430	6	0	
OG0031729		NC_089037.1.g10518	NC_089037.1.g10511	NC_089037.1.g10466		NC_089037.1.g10644	NC_089037.1.g10526	NC_089037.1.g10564	6	0	
OG0031730		NC_089037.1.g10535	NC_089037.1.g10528	NC_089037.1.g10484	NC_089037.1.g10543		NC_089037.1.g10542	NC_089037.1.g10582	6	0	
OG0031731		NC_089037.1.g10536	NC_089037.1.g10529	NC_089037.1.g10485	NC_089037.1.g10544		NC_089037.1.g10543	NC_089037.1.g10583	6	0	
OG0031733		NC_089037.1.g10841	NC_089037.1.g10844	NC_089037.1.g10801	NC_089037.1.g10857		NC_089037.1.g10850	NC_089037.1.g10892	6	0	
OG0031735		NC_089037.1.g10885	NC_089037.1.g10888	NC_089037.1.g10843		NC_089037.1.g11015	NC_089037.1.g10893	NC_089037.1.g10937	6	0	
OG0031736		NC_089037.1.g11127	NC_089037.1.g11121	NC_089037.1.g11082	NC_089037.1.g11141		NC_089037.1.g11131	NC_089037.1.g11178	6	0	
OG0031737		NC_089037.1.g11390	NC_089037.1.g11396		NC_089037.1.g11407	NC_089037.1.g11515	NC_089037.1.g11388	NC_089037.1.g11450	6	0	
OG0031738		NC_089037.1.g11437		NC_089037.1.g11381	NC_089037.1.g11455	NC_089037.1.g11561	NC_089037.1.g11436	NC_089037.1.g11497	6	0	
OG0031739		NC_089037.1.g11449		NC_089037.1.g11393	NC_089037.1.g11467	NC_089037.1.g11573	NC_089037.1.g11448	NC_089037.1.g11509	6	0	
OG0031740		NC_089037.1.g11454		NC_089037.1.g11398	NC_089037.1.g11473	NC_089037.1.g11580	NC_089037.1.g11454	NC_089037.1.g11515	6	0	
OG0031742		NC_089037.1.g11513	NC_089037.1.g11516	NC_089037.1.g11450	NC_089037.1.g11527		NC_089037.1.g11506	NC_089037.1.g11570	6	0	
OG0031744		NC_089037.1.g11590	NC_089037.1.g11593	NC_089037.1.g11530	NC_089037.1.g11602	NC_089037.1.g11713		NC_089037.1.g11648	6	0	
OG0031745		NC_089037.1.g11865	NC_089037.1.g11890		NC_089037.1.g11890	NC_089037.1.g12017	NC_089037.1.g11860	NC_089037.1.g11931	6	0	
OG0031746		NC_089037.1.g12081	NC_089037.1.g12108		NC_089037.1.g12114	NC_089037.1.g12245	NC_089037.1.g12073	NC_089037.1.g12152	6	0	
OG0031747		NC_089037.1.g12215		NC_089037.1.g12180	NC_089037.1.g12257	NC_089037.1.g12384	NC_089037.1.g12212	NC_089037.1.g12285	6	0	
OG0031748		NC_089037.1.g12302	NC_089037.1.g12330		NC_089037.1.g12342	NC_089037.1.g12472	NC_089037.1.g12303	NC_089037.1.g12369	6	0	
OG0031749		NC_089037.1.g12397	NC_089037.1.g12429	NC_089037.1.g12355	NC_089037.1.g12436		NC_089037.1.g12402	NC_089037.1.g12465	6	0	
OG0031751		NC_089037.1.g12419	NC_089037.1.g12452	NC_089037.1.g12374		NC_089037.1.g12586	NC_089037.1.g12425	NC_089037.1.g12489	6	0	
OG0031752		NC_089037.1.g12488	NC_089037.1.g12521	NC_089037.1.g12445	NC_089037.1.g12528	NC_089037.1.g12654		NC_089037.1.g12563	6	0	
OG0031753		NC_089037.1.g12495	NC_089037.1.g12528	NC_089037.1.g12452		NC_089037.1.g12661	NC_089037.1.g12507	NC_089037.1.g12571	6	0	
OG0031754		NC_089037.1.g12526		NC_089037.1.g12484	NC_089037.1.g12562	NC_089037.1.g12691	NC_089037.1.g12538	NC_089037.1.g12604	6	0	
OG0031755		NC_089037.1.g12662	NC_089037.1.g12693	NC_089037.1.g12621	NC_089037.1.g12697		NC_089037.1.g12679	NC_089037.1.g12740	6	0	
OG0031757		NC_089037.1.g13129	NC_089037.1.g13167	NC_089037.1.g13099	NC_089037.1.g13174	NC_089037.1.g13307		NC_089037.1.g13212	6	0	
OG0031758		NC_089037.1.g13146	NC_089037.1.g13183		NC_089037.1.g13187	NC_089037.1.g13320	NC_089037.1.g13171	NC_089037.1.g13226	6	0	
OG0031759		NC_089037.1.g13386	NC_089037.1.g13431	NC_089037.1.g13368	NC_089037.1.g13429	NC_089037.1.g13585	NC_089037.1.g13418		6	0	
OG0031760		NC_089037.1.g13423	NC_089037.1.g13469	NC_089037.1.g13405	NC_089037.1.g13466	NC_089037.1.g13623		NC_089037.1.g13510	6	0	
OG0031761		NC_089037.1.g13424	NC_089037.1.g13470	NC_089037.1.g13406	NC_089037.1.g13467	NC_089037.1.g13624		NC_089037.1.g13511	6	0	
OG0031762		NC_089037.1.g13468	NC_089037.1.g13514	NC_089037.1.g13451	NC_089037.1.g13512	NC_089037.1.g13668		NC_089037.1.g13556	6	0	
OG0031764		NC_089037.1.g13700	NC_089037.1.g13746	NC_089037.1.g13681	NC_089037.1.g13740		NC_089037.1.g13737	NC_089037.1.g13793	6	0	
OG0031766		NC_089038.1.g13995	NC_089038.1.g14040		NC_089038.1.g14029	NC_089038.1.g14200	NC_089038.1.g14036	NC_089038.1.g14090	6	0	
OG0031771		NC_089038.1.g14292	NC_089038.1.g14327	NC_089038.1.g14264		NC_089038.1.g14499	NC_089038.1.g14333	NC_089038.1.g14388	6	0	
OG0031772		NC_089038.1.g14323	NC_089038.1.g14358	NC_089038.1.g14296	NC_089038.1.g14362		NC_089038.1.g14363	NC_089038.1.g14420	6	0	
OG0031774		NC_089038.1.g14407	NC_089038.1.g14440	NC_089038.1.g14374		NC_089038.1.g14610	NC_089038.1.g14444	NC_089038.1.g14506	6	0	
OG0031775		NC_089038.1.g14475		NC_089038.1.g14434	NC_089038.1.g14507	NC_089038.1.g14678	NC_089038.1.g14508	NC_089038.1.g14567	6	0	
OG0031776		NC_089038.1.g14492	NC_089038.1.g14517		NC_089038.1.g14526	NC_089038.1.g14694	NC_089038.1.g14527	NC_089038.1.g14584	6	0	
OG0031778		NC_089038.1.g14837	NC_089038.1.g14862	NC_089038.1.g14800		NC_089038.1.g15059	NC_089038.1.g14873	NC_089038.1.g14934	6	0	
OG0031779		NC_089038.1.g14857	NC_089038.1.g14881	NC_089038.1.g14820	NC_089038.1.g14900	NC_089038.1.g15072	NC_089038.1.g14887		6	0	
OG0031780		NC_089038.1.g15032	NC_089038.1.g15052	NC_089038.1.g15009	NC_089038.1.g15084	NC_089038.1.g15256	NC_089038.1.g15088		6	0	
OG0031781		NC_089038.1.g15061	NC_089038.1.g15089	NC_089038.1.g15041	NC_089038.1.g15120	NC_089038.1.g15294	NC_089038.1.g15123		6	0	
OG0031782		NC_089038.1.g15074	NC_089038.1.g15099	NC_089038.1.g15054	NC_089038.1.g15131	NC_089038.1.g15306	NC_089038.1.g15133		6	0	
OG0031783		NC_089038.1.g15090	NC_089038.1.g15118	NC_089038.1.g15072	NC_089038.1.g15149	NC_089038.1.g15321	NC_089038.1.g15148		6	0	
OG0031784		NC_089038.1.g15098	NC_089038.1.g15125	NC_089038.1.g15079	NC_089038.1.g15157		NC_089038.1.g15154	NC_089038.1.g15180	6	0	
OG0031785		NC_089038.1.g15125	NC_089038.1.g15152	NC_089038.1.g15109	NC_089038.1.g15182	NC_089038.1.g15356		NC_089038.1.g15206	6	0	
OG0031786		NC_089038.1.g15441	NC_089038.1.g15455	NC_089038.1.g15418	NC_089038.1.g15502	NC_089038.1.g15671		NC_089038.1.g15516	6	0	
OG0031789		NC_089038.1.g15677		NC_089038.1.g15412	NC_089038.1.g15739	NC_089038.1.g15664	NC_089038.1.g15724	NC_089038.1.g15743	6	0	
OG0031791		NC_089038.1.g16130	NC_089038.1.g16144		NC_089038.1.g16190	NC_089038.1.g16370	NC_089038.1.g16193	NC_089038.1.g16195	6	0	
OG0031792		NC_089038.1.g16352	NC_089038.1.g16378	NC_089038.1.g16328	NC_089038.1.g16416		NC_089038.1.g16419	NC_089038.1.g16428	6	0	
OG0031793		NC_089038.1.g16523	NC_089038.1.g16560		NC_089038.1.g16594	NC_089038.1.g16786	NC_089038.1.g16593	NC_089038.1.g16601	6	0	
OG0031795		NC_089038.1.g16995	NC_089038.1.g17059	NC_089038.1.g16996	NC_089038.1.g17088		NC_089038.1.g17075	NC_089038.1.g17098	6	0	
OG0031796		NC_089038.1.g17009	NC_089038.1.g17075	NC_089038.1.g17011	NC_089038.1.g17103		NC_089038.1.g17089	NC_089038.1.g17113	6	0	
OG0031797		NC_089039.1.g17385	NC_089039.1.g17460		NC_089039.1.g17482	NC_089039.1.g17682	NC_089039.1.g17474	NC_089039.1.g17496	6	0	
OG0031799		NC_089039.1.g17606	NC_089039.1.g17680	NC_089039.1.g17622	NC_089039.1.g17706		NC_089039.1.g17698	NC_089039.1.g17719	6	0	
OG0031800		NC_089039.1.g17893	NC_089039.1.g17967	NC_089039.1.g17908	NC_089039.1.g17996	NC_089039.1.g18209	NC_089039.1.g17989		6	0	
OG0031801		NC_089039.1.g17897	NC_089039.1.g17971	NC_089039.1.g17911	NC_089039.1.g18000		NC_089039.1.g17993	NC_089039.1.g18012	6	0	
OG0031802		NC_089039.1.g17995	NC_089039.1.g18060	NC_089039.1.g18004		NC_089039.1.g18309	NC_089039.1.g18084	NC_089039.1.g18101	6	0	
OG0031803		NC_089039.1.g18044	NC_089039.1.g18109	NC_089039.1.g18048	NC_089039.1.g18149	NC_089039.1.g18353	NC_089039.1.g18131		6	0	
OG0031804		NC_089039.1.g18082		NC_089039.1.g18083	NC_089039.1.g18187	NC_089039.1.g18391	NC_089039.1.g18168	NC_089039.1.g18189	6	0	
OG0031805		NC_089039.1.g18245	NC_089039.1.g18306	NC_089039.1.g18243	NC_089039.1.g18363		NC_089039.1.g18338	NC_089039.1.g18361	6	0	
OG0031807		NC_089039.1.g18346		NC_089039.1.g18348	NC_089039.1.g18468	NC_089039.1.g18666	NC_089039.1.g18447	NC_089039.1.g18469	6	0	
OG0031808		NC_089039.1.g18355		NC_089039.1.g18356	NC_089039.1.g18476	NC_089039.1.g18672	NC_089039.1.g18455	NC_089039.1.g18477	6	0	
OG0031809		NC_089039.1.g18408	NC_089039.1.g18476	NC_089039.1.g18409	NC_089039.1.g18528		NC_089039.1.g18510	NC_089039.1.g18537	6	0	
OG0031810		NC_089039.1.g18421	NC_089039.1.g18488	NC_089039.1.g18423	NC_089039.1.g18546	NC_089039.1.g18742	NC_089039.1.g18524		6	0	
OG0031811		NC_089039.1.g18533	NC_089039.1.g18594	NC_089039.1.g18537	NC_089039.1.g18653		NC_089039.1.g18634	NC_089039.1.g18662	6	0	
OG0031812		NC_089039.1.g18549	NC_089039.1.g18610	NC_089039.1.g18554	NC_089039.1.g18670	NC_089039.1.g18878		NC_089039.1.g18679	6	0	
OG0031813		NC_089039.1.g18658	NC_089039.1.g18720		NC_089039.1.g18785	NC_089039.1.g18993	NC_089039.1.g18763	NC_089039.1.g18787	6	0	
OG0031816		NC_089039.1.g18761	NC_089039.1.g18817		NC_089039.1.g18876	NC_089039.1.g19088	NC_089039.1.g18854	NC_089039.1.g18876	6	0	
OG0031817		NC_089039.1.g18783	NC_089039.1.g18838		NC_089039.1.g18897	NC_089039.1.g19108	NC_089039.1.g18875	NC_089039.1.g18896	6	0	
OG0031818		NC_089039.1.g18884	NC_089039.1.g18939	NC_089039.1.g18875		NC_089039.1.g19211	NC_089039.1.g18979	NC_089039.1.g18989	6	0	
OG0031819		NC_089039.1.g18891	NC_089039.1.g18945	NC_089039.1.g18881		NC_089039.1.g19217	NC_089039.1.g18986	NC_089039.1.g18996	6	0	
OG0031820		NC_089039.1.g18998	NC_089039.1.g19051	NC_089039.1.g18986	NC_089039.1.g19100	NC_089039.1.g19318		NC_089039.1.g19098	6	0	
OG0031821		NC_089039.1.g19020	NC_089039.1.g19073	NC_089039.1.g19007		NC_089039.1.g19339	NC_089039.1.g19110	NC_089039.1.g19120	6	0	
OG0031822		NC_089039.1.g19067	NC_089039.1.g19123	NC_089039.1.g19052	NC_089039.1.g19173	NC_089039.1.g19390		NC_089039.1.g19168	6	0	
OG0031825		NC_089039.1.g19229		NC_089039.1.g19206	NC_089039.1.g19341	NC_089039.1.g19549	NC_089039.1.g19316	NC_089039.1.g19328	6	0	
OG0031826		NC_089039.1.g19560		NC_089039.1.g19542	NC_089039.1.g19665	NC_089039.1.g19886	NC_089039.1.g19630	NC_089039.1.g19649	6	0	
OG0031827		NC_089039.1.g19562		NC_089039.1.g19544	NC_089039.1.g19667	NC_089039.1.g19888	NC_089039.1.g19632	NC_089039.1.g19651	6	0	
OG0031828		NC_089039.1.g19563		NC_089039.1.g19545	NC_089039.1.g19668	NC_089039.1.g19889	NC_089039.1.g19633	NC_089039.1.g19652	6	0	
OG0031829		NC_089039.1.g19564		NC_089039.1.g19546	NC_089039.1.g19669	NC_089039.1.g19890	NC_089039.1.g19634	NC_089039.1.g19653	6	0	
OG0031830		NC_089039.1.g19565		NC_089039.1.g19547	NC_089039.1.g19670	NC_089039.1.g19891	NC_089039.1.g19635	NC_089039.1.g19654	6	0	
OG0031832		NC_089039.1.g19705	NC_089039.1.g19754	NC_089039.1.g19684	NC_089039.1.g19811		NC_089039.1.g19761	NC_089039.1.g19783	6	0	
OG0031833		NC_089039.1.g19853	NC_089039.1.g19904	NC_089039.1.g19833	NC_089039.1.g19959		NC_089039.1.g19906	NC_089039.1.g19932	6	0	
OG0031834		NC_089039.1.g19876	NC_089039.1.g19925		NC_089039.1.g19980	NC_089039.1.g20197	NC_089039.1.g19930	NC_089039.1.g19955	6	0	
OG0031835		NC_089039.1.g20070	NC_089039.1.g20121	NC_089039.1.g20046	NC_089039.1.g20177	NC_089039.1.g20393		NC_089039.1.g20151	6	0	
OG0031836		NC_089039.1.g20102	NC_089039.1.g20155	NC_089039.1.g20070	NC_089039.1.g20210	NC_089039.1.g20420		NC_089039.1.g20176	6	0	
OG0031837		NC_089039.1.g20110	NC_089039.1.g20163	NC_089039.1.g20078	NC_089039.1.g20218	NC_089039.1.g20428		NC_089039.1.g20184	6	0	
OG0031838		NC_089039.1.g20111	NC_089039.1.g20164	NC_089039.1.g20079	NC_089039.1.g20219	NC_089039.1.g20429		NC_089039.1.g20185	6	0	
OG0031839		NC_089039.1.g20140	NC_089039.1.g20193	NC_089039.1.g20109	NC_089039.1.g20248	NC_089039.1.g20459		NC_089039.1.g20214	6	0	
OG0031840		NC_089040.1.g20901	NC_089040.1.g20951	NC_089040.1.g20875	NC_089040.1.g21024	NC_089040.1.g21222		NC_089040.1.g20965	6	0	
OG0031841		NC_089040.1.g21197	NC_089040.1.g21244	NC_089040.1.g21158	NC_089040.1.g21310	NC_089040.1.g21515		NC_089040.1.g21262	6	0	
OG0031842		NC_089040.1.g21227	NC_089040.1.g21275	NC_089040.1.g21190	NC_089040.1.g21340	NC_089040.1.g21544	NC_089040.1.g21260		6	0	
OG0031843		NC_089040.1.g21274	NC_089040.1.g21321		NC_089040.1.g21386	NC_089040.1.g21586	NC_089040.1.g21309	NC_089040.1.g21336	6	0	
OG0031845		NC_089040.1.g21556	NC_089040.1.g21605	NC_089040.1.g21508		NC_089040.1.g21869	NC_089040.1.g21594	NC_089040.1.g21616	6	0	
OG0031847		NC_089040.1.g21683	NC_089040.1.g21733	NC_089040.1.g21624		NC_089040.1.g22004	NC_089040.1.g21717	NC_089040.1.g21746	6	0	
OG0031848		NC_089040.1.g21809	NC_089040.1.g21863	NC_089040.1.g21742	NC_089040.1.g21932	NC_089040.1.g22132		NC_089040.1.g21877	6	0	
OG0031849		NC_089040.1.g21933	NC_089040.1.g21982	NC_089040.1.g21860		NC_089040.1.g22254	NC_089040.1.g21949	NC_089040.1.g21990	6	0	
OG0031850		NC_089040.1.g21961	NC_089040.1.g22008	NC_089040.1.g21887	NC_089040.1.g22081	NC_089040.1.g22282		NC_089040.1.g22015	6	0	
OG0031851		NC_089040.1.g22012	NC_089040.1.g22057	NC_089040.1.g21941	NC_089040.1.g22140		NC_089040.1.g22034	NC_089040.1.g22071	6	0	
OG0031852		NC_089040.1.g22022	NC_089040.1.g22074	NC_089040.1.g21954	NC_089040.1.g22153	NC_089040.1.g22354	NC_089040.1.g22047		6	0	
OG0031853		NC_089040.1.g22075	NC_089040.1.g22125		NC_089040.1.g22205	NC_089040.1.g22405	NC_089040.1.g22097	NC_089040.1.g22133	6	0	
OG0031854		NC_089040.1.g22128	NC_089040.1.g22174	NC_089040.1.g22042	NC_089040.1.g22254	NC_089040.1.g22459	NC_089040.1.g22150		6	0	
OG0031855		NC_089040.1.g22186		NC_089040.1.g22095	NC_089040.1.g22310	NC_089040.1.g22513	NC_089040.1.g22202	NC_089040.1.g22239	6	0	
OG0031856		NC_089040.1.g22203	NC_089040.1.g22245		NC_089040.1.g22326	NC_089040.1.g22530	NC_089040.1.g22218	NC_089040.1.g22256	6	0	
OG0031857		NC_089040.1.g22206	NC_089040.1.g22247	NC_089040.1.g22115	NC_089040.1.g22328	NC_089040.1.g22533		NC_089040.1.g22259	6	0	
OG0031858		NC_089040.1.g22223	NC_089040.1.g22265		NC_089040.1.g22349	NC_089040.1.g22550	NC_089040.1.g22236	NC_089040.1.g22276	6	0	
OG0031860		NC_089040.1.g22254		NC_089040.1.g22153	NC_089040.1.g22377	NC_089040.1.g22578	NC_089040.1.g22268	NC_089040.1.g22310	6	0	
OG0031861		NC_089040.1.g22271	NC_089040.1.g22311		NC_089040.1.g22396	NC_089040.1.g22593	NC_089040.1.g22284	NC_089040.1.g22327	6	0	
OG0031862		NC_089040.1.g22349	NC_089043.1.g30336	NC_089040.1.g22227		NC_089040.1.g22672	NC_089040.1.g22355	NC_089043.1.g30441	6	0	
OG0031863		NC_089040.1.g22395	NC_089040.1.g22434		NC_089040.1.g22523	NC_089040.1.g22721	NC_089040.1.g22404	NC_089040.1.g22445	6	0	
OG0031864		NC_089040.1.g22427	NC_089040.1.g22466	NC_089040.1.g22303	NC_089040.1.g22554	NC_089040.1.g22753	NC_089040.1.g22437		6	0	
OG0031865		NC_089040.1.g22445	NC_089040.1.g22485	NC_089040.1.g22323	NC_089040.1.g22575	NC_089040.1.g22778		NC_089040.1.g22493	6	0	
OG0031866		NC_089040.1.g22492	NC_089040.1.g22545	NC_089040.1.g22381	NC_089040.1.g22624		NC_089040.1.g22502	NC_089040.1.g22542	6	0	
OG0031867		NC_089040.1.g22584	NC_089040.1.g22639	NC_089040.1.g22465		NC_089040.1.g22928	NC_089040.1.g22594	NC_089040.1.g22638	6	0	
OG0031868		NC_089040.1.g22613	NC_089040.1.g22668	NC_089040.1.g22492	NC_089040.1.g22746	NC_089040.1.g22958		NC_089040.1.g22667	6	0	
OG0031869		NC_089040.1.g22614	NC_089040.1.g22669	NC_089040.1.g22493	NC_089040.1.g22747	NC_089040.1.g22959		NC_089040.1.g22668	6	0	
OG0031870		NC_089040.1.g22617	NC_089040.1.g22674	NC_089040.1.g22497	NC_089040.1.g22751	NC_089040.1.g22964	NC_089040.1.g22628		6	0	
OG0031871		NC_089040.1.g22798		NC_089040.1.g22672	NC_089040.1.g22923	NC_089040.1.g23139	NC_089040.1.g22807	NC_089040.1.g22850	6	0	
OG0031872		NC_089040.1.g22859	NC_089040.1.g22916	NC_089040.1.g22732	NC_089040.1.g22995	NC_089040.1.g23204		NC_089040.1.g22918	6	0	
OG0031873		NC_089040.1.g22889	NC_089040.1.g22947		NC_089040.1.g23027	NC_089040.1.g23235	NC_089040.1.g22905	NC_089040.1.g22950	6	0	
OG0031874		NC_089040.1.g23066	NC_089040.1.g23108	NC_089040.1.g22932	NC_089040.1.g23195	NC_089040.1.g23405		NC_089040.1.g23114	6	0	
OG0031875		NC_089040.1.g23168	NC_089040.1.g23206		NC_089040.1.g23295	NC_089040.1.g23511	NC_089040.1.g23173	NC_089040.1.g23213	6	0	
OG0031876		NC_089040.1.g23332	NC_089040.1.g23375	NC_089040.1.g23200	NC_089040.1.g23459	NC_089040.1.g23679		NC_089040.1.g23382	6	0	
OG0031877		NC_089040.1.g23486	NC_089040.1.g23527		NC_089040.1.g23615	NC_089040.1.g23831	NC_089040.1.g23498	NC_089040.1.g23537	6	0	
OG0031878		NC_089040.1.g23798	NC_089040.1.g23835	NC_089040.1.g23662	NC_089040.1.g23911		NC_089040.1.g23793	NC_089040.1.g23837	6	0	
OG0031879		NC_089041.1.g24217	NC_089041.1.g24246	NC_089041.1.g24068	NC_089041.1.g24338		NC_089041.1.g24193	NC_089041.1.g24248	6	0	
OG0031880		NC_089041.1.g24303	NC_089041.1.g24332	NC_089041.1.g24161	NC_089041.1.g24430	NC_089041.1.g24634		NC_089041.1.g24340	6	0	
OG0031881		NC_089041.1.g24343	NC_089041.1.g24374	NC_089041.1.g24202	NC_089041.1.g24471		NC_089041.1.g24324	NC_089041.1.g24381	6	0	
OG0031882		NC_089041.1.g24433	NC_089041.1.g24463	NC_089041.1.g24294	NC_089041.1.g24564		NC_089041.1.g24421	NC_089041.1.g24473	6	0	
OG0031883		NC_089041.1.g24483	NC_089041.1.g24512	NC_089041.1.g24346	NC_089041.1.g24613		NC_089041.1.g24473	NC_089041.1.g24524	6	0	
OG0031884		NC_089041.1.g24532	NC_089041.1.g24560	NC_089041.1.g24399		NC_089041.1.g24863	NC_089041.1.g24524	NC_089041.1.g24575	6	0	
OG0031886		NC_089041.1.g24713	NC_089041.1.g24736	NC_089041.1.g24573	NC_089041.1.g24839		NC_089041.1.g24699	NC_089041.1.g24750	6	0	
OG0031887		NC_089041.1.g24905	NC_089041.1.g24915		NC_089041.1.g25023	NC_089041.1.g25228	NC_089041.1.g24880	NC_089041.1.g24933	6	0	
OG0031888		NC_089041.1.g24937	NC_089041.1.g24947	NC_089041.1.g24786		NC_089041.1.g25263	NC_089041.1.g24916	NC_089041.1.g24968	6	0	
OG0031889		NC_089041.1.g25044	NC_089041.1.g25047	NC_089041.1.g24885		NC_089041.1.g25369	NC_089041.1.g25019	NC_089041.1.g25068	6	0	
OG0031890		NC_089041.1.g25072	NC_089041.1.g25071	NC_089041.1.g24915	NC_089041.1.g25181	NC_089041.1.g25394		NC_089041.1.g25095	6	0	
OG0031891		NC_089041.1.g25184	NC_089041.1.g25178	NC_089041.1.g25022		NC_089041.1.g25505	NC_089041.1.g25144	NC_089041.1.g25206	6	0	
OG0031892		NC_089041.1.g25202	NC_089041.1.g25194	NC_089041.1.g25040	NC_089041.1.g25309		NC_089041.1.g25160	NC_089041.1.g25225	6	0	
OG0031893		NC_089041.1.g25269	NC_089041.1.g25265		NC_089041.1.g25380	NC_089041.1.g25595	NC_089041.1.g25227	NC_089041.1.g25291	6	0	
OG0031894		NC_089041.1.g25289	NC_089041.1.g25288	NC_089041.1.g25130	NC_089041.1.g25401		NC_089041.1.g25248	NC_089041.1.g25315	6	0	
OG0031895		NC_089041.1.g25318	NC_089041.1.g25315	NC_089041.1.g25160	NC_089041.1.g25428	NC_089041.1.g25644	NC_089041.1.g25278		6	0	
OG0031896		NC_089041.1.g25323	NC_089041.1.g25321	NC_089041.1.g25163	NC_089041.1.g25433		NC_089041.1.g25284	NC_089041.1.g25350	6	0	
OG0031897		NC_089041.1.g25426	NC_089041.1.g25434	NC_089041.1.g25270	NC_089041.1.g25544		NC_089041.1.g25388	NC_089041.1.g25467	6	0	
OG0031898		NC_089041.1.g25456	NC_089041.1.g25469	NC_089041.1.g25303		NC_089041.1.g25793	NC_089041.1.g25420	NC_089041.1.g25500	6	0	
OG0031899		NC_089041.1.g25563	NC_089041.1.g25575		NC_089041.1.g25679	NC_089041.1.g25903	NC_089041.1.g25522	NC_089041.1.g25609	6	0	
OG0031901		NC_089041.1.g26157	NC_089041.1.g26147	NC_089041.1.g25943	NC_089041.1.g26264	NC_089041.1.g26481	NC_089041.1.g26115		6	0	
OG0031902		NC_089041.1.g26273		NC_089041.1.g26068	NC_089041.1.g26384	NC_089041.1.g26608	NC_089041.1.g26233	NC_089041.1.g26308	6	0	
OG0031904		NC_089041.1.g26428	NC_089041.1.g26419		NC_089041.1.g26539	NC_089041.1.g26772	NC_089041.1.g26386	NC_089041.1.g26471	6	0	
OG0031908		NC_089042.1.g27130	NC_089042.1.g27138	NC_089042.1.g26933	NC_089042.1.g27236	NC_089042.1.g27488		NC_089042.1.g27184	6	0	
OG0031909		NC_089042.1.g27211	NC_089042.1.g27219	NC_089042.1.g27024	NC_089042.1.g27319		NC_089042.1.g27180	NC_089042.1.g27272	6	0	
OG0031910		NC_089042.1.g27399	NC_089042.1.g27405	NC_089042.1.g27213	NC_089042.1.g27505	NC_089042.1.g27753		NC_089042.1.g27463	6	0	
OG0031912		NC_089042.1.g27562	NC_089042.1.g27570	NC_089042.1.g27378	NC_089042.1.g27666		NC_089042.1.g27541	NC_089042.1.g27627	6	0	
OG0031913		NC_089042.1.g27577	NC_089042.1.g27586	NC_089042.1.g27392	NC_089042.1.g27682		NC_089042.1.g27555	NC_089042.1.g27643	6	0	
OG0031914		NC_089042.1.g27943	NC_089042.1.g27963	NC_089042.1.g27750	NC_089042.1.g28070		NC_089042.1.g27926	NC_089042.1.g28017	6	0	
OG0031915		NC_089042.1.g27964	NC_089042.1.g27984		NC_089042.1.g28092	NC_089042.1.g28338	NC_089042.1.g27947	NC_089042.1.g28039	6	0	
OG0031917		NC_089042.1.g27984	NC_089042.1.g28006	NC_089042.1.g27789		NC_089042.1.g28352	NC_089042.1.g27969	NC_089042.1.g28060	6	0	
OG0031918		NC_089042.1.g28059	NC_089042.1.g28079		NC_089042.1.g28183	NC_089042.1.g28421	NC_089042.1.g28039	NC_089042.1.g28135	6	0	
OG0031919		NC_089042.1.g28178	NC_089042.1.g28190	NC_089042.1.g27960	NC_089042.1.g28305	NC_089042.1.g28533		NC_089042.1.g28252	6	0	
OG0031920		NC_089042.1.g28262	NC_089042.1.g28273		NC_089042.1.g28390	NC_089042.1.g28620	NC_089042.1.g28228	NC_089042.1.g28339	6	0	
OG0031921		NC_089042.1.g28308		NC_089042.1.g28078	NC_089042.1.g28437	NC_089042.1.g28668	NC_089042.1.g28274	NC_089042.1.g28391	6	0	
OG0031923		NC_089042.1.g28398	NC_089042.1.g28411	NC_089042.1.g28160		NC_089042.1.g28748	NC_089042.1.g28356	NC_089042.1.g28477	6	0	
OG0031926		NC_089042.1.g28579	NC_089042.1.g28589	NC_089042.1.g28334	NC_089042.1.g28693		NC_089042.1.g28533	NC_089042.1.g28654	6	0	
OG0031927		NC_089042.1.g28654	NC_089042.1.g28669		NC_089042.1.g28759	NC_089042.1.g29003	NC_089042.1.g28616	NC_089042.1.g28733	6	0	
OG0031929		NC_089042.1.g28814		NC_089042.1.g28557	NC_089042.1.g28918	NC_089042.1.g29161	NC_089042.1.g28772	NC_089042.1.g28896	6	0	
OG0031930		NC_089042.1.g28925		NC_089042.1.g28667	NC_089042.1.g29029	NC_089042.1.g29274	NC_089042.1.g28880	NC_089042.1.g29009	6	0	
OG0031931		NC_089042.1.g29186	NC_089042.1.g29203	NC_089042.1.g28920	NC_089042.1.g29294	NC_089042.1.g29545		NC_089042.1.g29265	6	0	
OG0031932		NC_089042.1.g29204	NC_089042.1.g29222		NC_089042.1.g29313	NC_089042.1.g29565	NC_089042.1.g29152	NC_089042.1.g29283	6	0	
OG0031933		NC_089042.1.g29455	NC_089042.1.g29476	NC_089042.1.g29188		NC_089042.1.g29819	NC_089042.1.g29401	NC_089042.1.g29534	6	0	
OG0031934		NC_089042.1.g29457	NC_089042.1.g29478		NC_089042.1.g29565	NC_089042.1.g29821	NC_089042.1.g29403	NC_089042.1.g29536	6	0	
OG0031935		NC_089042.1.g29499		NC_089042.1.g29228	NC_089042.1.g29610	NC_089042.1.g29865	NC_089042.1.g29448	NC_089042.1.g29580	6	0	
OG0031937		NC_089043.1.g29956	NC_089043.1.g29966	NC_089043.1.g29693	NC_089043.1.g30062		NC_089043.1.g29887	NC_089043.1.g30053	6	0	
OG0031938		NC_089043.1.g29960	NC_089043.1.g29968	NC_089043.1.g29695	NC_089043.1.g30064		NC_089043.1.g29891	NC_089043.1.g30057	6	0	
OG0031939		NC_089043.1.g30015	NC_089043.1.g30022	NC_089039.1.g19584	NC_089039.1.g19707	NC_089039.1.g19929		NC_089043.1.g30116	6	0	
OG0031941		NC_089043.1.g30100	NC_089043.1.g30094	NC_089043.1.g29826	NC_089043.1.g30199	NC_089043.1.g30481		NC_089043.1.g30198	6	0	
OG0031942		NC_089043.1.g30196	NC_089043.1.g30187	NC_089043.1.g29924	NC_089043.1.g30289		NC_089043.1.g30114	NC_089043.1.g30283	6	0	
OG0031943		NC_089043.1.g30385	NC_089043.1.g30362	NC_089043.1.g30110	NC_089043.1.g30474	NC_089043.1.g30783		NC_089043.1.g30468	6	0	
OG0031944		NC_089043.1.g30387	NC_089043.1.g30363	NC_089043.1.g30112	NC_089043.1.g30475	NC_089043.1.g30784		NC_089043.1.g30469	6	0	
OG0031945		NC_089043.1.g30406	NC_089043.1.g30378	NC_089043.1.g30128	NC_089043.1.g30491	NC_089043.1.g30798		NC_089043.1.g30483	6	0	
OG0031946		NC_089043.1.g30407	NC_089043.1.g30382	NC_089043.1.g30132	NC_089043.1.g30495	NC_089043.1.g30802		NC_089043.1.g30486	6	0	
OG0031947		NC_089043.1.g30472	NC_089043.1.g30453	NC_089043.1.g30204	NC_089043.1.g30566	NC_089043.1.g30880		NC_089043.1.g30555	6	0	
OG0031948		NC_089043.1.g30505	NC_089043.1.g30486	NC_089043.1.g30233	NC_089043.1.g30596	NC_089043.1.g30912		NC_089043.1.g30593	6	0	
OG0031949		NC_089043.1.g30574	NC_089043.1.g30549	NC_089043.1.g30297	NC_089043.1.g30660	NC_089043.1.g30982	NC_089043.1.g30468		6	0	
OG0031950		NC_089043.1.g30943		NC_089043.1.g30659	NC_089043.1.g31047	NC_089043.1.g31366	NC_089043.1.g30847	NC_089043.1.g31018	6	0	
OG0031951		NC_089043.1.g31096	NC_089043.1.g31065	NC_089043.1.g30814	NC_089043.1.g31201	NC_089043.1.g31521	NC_089043.1.g31001		6	0	
OG0031952		NC_089043.1.g31246	NC_089043.1.g31224	NC_089043.1.g30969		NC_089043.1.g31678	NC_089043.1.g31156	NC_089043.1.g31325	6	0	
OG0031953		NC_089043.1.g31252		NC_089043.1.g30975	NC_089043.1.g31356	NC_089043.1.g31684	NC_089043.1.g31162	NC_089043.1.g31334	6	0	
OG0031954		NC_089043.1.g31293	NC_089043.1.g31269	NC_089043.1.g31016	NC_089043.1.g31398	NC_089043.1.g31724	NC_089043.1.g31203		6	0	
OG0031955		NC_089043.1.g31759	NC_089043.1.g31743	NC_089043.1.g31493	NC_089043.1.g31880		NC_089043.1.g31683	NC_089043.1.g31861	6	0	
OG0031958		NC_089044.1.g32093	NC_089044.1.g32068	NC_089044.1.g31826	NC_089044.1.g32220	NC_089044.1.g32533		NC_089044.1.g32208	6	0	
OG0031959		NC_089044.1.g32159	NC_089044.1.g32133	NC_089044.1.g31892	NC_089044.1.g32289	NC_089044.1.g32599		NC_089044.1.g32275	6	0	
OG0031961		NC_089044.1.g32296	NC_089044.1.g32257	NC_089044.1.g32015	NC_089044.1.g32428		NC_089044.1.g32196	NC_089044.1.g32395	6	0	
OG0031962		NC_089044.1.g32319	NC_089044.1.g32280	NC_089044.1.g32035	NC_089044.1.g32451		NC_089044.1.g32221	NC_089044.1.g32416	6	0	
OG0031964		NC_089044.1.g32358	NC_089044.1.g32322	NC_089044.1.g32067		NC_089044.1.g32782	NC_089044.1.g32258	NC_089044.1.g32453	6	0	
OG0031965		NC_089044.1.g32394	NC_089044.1.g32355		NC_089044.1.g32518	NC_089044.1.g32819	NC_089044.1.g32292	NC_089044.1.g32487	6	0	
OG0031966		NC_089044.1.g32460	NC_089044.1.g32420	NC_089044.1.g32153	NC_089044.1.g32586	NC_089044.1.g32886	NC_089044.1.g32355		6	0	
OG0031967		NC_089044.1.g32490	NC_089044.1.g32441	NC_089044.1.g32180		NC_089044.1.g32910	NC_089044.1.g32381	NC_089044.1.g32576	6	0	
OG0031968		NC_089044.1.g32554	NC_089044.1.g32504	NC_089044.1.g32235	NC_089044.1.g32678	NC_089044.1.g32982		NC_089044.1.g32639	6	0	
OG0031969		NC_089044.1.g32568	NC_089044.1.g32516	NC_089044.1.g32247	NC_089044.1.g32691	NC_089044.1.g32994		NC_089044.1.g32653	6	0	
OG0031970		NC_089044.1.g32668		NC_089044.1.g32349	NC_089044.1.g32794	NC_089044.1.g33097	NC_089044.1.g32554	NC_089044.1.g32748	6	0	
OG0031971		NC_089044.1.g32710	NC_089044.1.g32653	NC_089044.1.g32400	NC_089044.1.g32837	NC_089044.1.g33146		NC_089044.1.g32793	6	0	
OG0031972		NC_089044.1.g32851	NC_089045.1.g35273	NC_089044.1.g32536	NC_089044.1.g32967	NC_089044.1.g33288		NC_089044.1.g32927	6	0	
OG0031973		NC_089044.1.g32884	NC_089044.1.g32824	NC_089044.1.g32568	NC_089044.1.g33001		NC_089044.1.g32756	NC_089044.1.g32961	6	0	
OG0031974		NC_089044.1.g33041		NC_089044.1.g32723	NC_089044.1.g33168	NC_089044.1.g33467	NC_089044.1.g32914	NC_089044.1.g33122	6	0	
OG0031975		NC_089044.1.g33056	NC_089044.1.g32990	NC_089044.1.g32741	NC_089044.1.g33185		NC_089044.1.g32931	NC_089044.1.g33138	6	0	
OG0031976		NC_089044.1.g33170	NC_089044.1.g33105	NC_089044.1.g32855	NC_089044.1.g33305	NC_089044.1.g33603	NC_089044.1.g33051		6	0	
OG0031977		NC_089044.1.g33287	NC_089044.1.g33225	NC_089044.1.g32978	NC_089044.1.g33426	NC_089044.1.g33734		NC_089044.1.g33386	6	0	
OG0031978		NC_089044.1.g33363	NC_089044.1.g33298	NC_089044.1.g33053	NC_089044.1.g33499		NC_089044.1.g33258	NC_089044.1.g33470	6	0	
OG0031979		NC_089044.1.g33414	NC_089044.1.g33347	NC_089044.1.g33102		NC_089044.1.g33864	NC_089044.1.g33304	NC_089044.1.g33515	6	0	
OG0031980		NC_089044.1.g33426		NC_089044.1.g33116	NC_089044.1.g33562	NC_089044.1.g33879	NC_089044.1.g33316	NC_089044.1.g33530	6	0	
OG0031981		NC_089044.1.g33614		NC_089044.1.g33313	NC_089044.1.g33757	NC_089044.1.g34074	NC_089044.1.g33511	NC_089044.1.g33726	6	0	
OG0031983		NC_089044.1.g33859	NC_089044.1.g33781		NC_089044.1.g34020	NC_089044.1.g34337	NC_089044.1.g33779	NC_089044.1.g33985	6	0	
OG0031984		NC_089044.1.g33899	NC_089044.1.g33821	NC_089044.1.g33606	NC_089044.1.g34061	NC_089044.1.g34378	NC_089044.1.g33822		6	0	
OG0031985		NC_089044.1.g33920	NC_089044.1.g33841	NC_089044.1.g33624	NC_089044.1.g34082		NC_089044.1.g33843	NC_089044.1.g34047	6	0	
OG0031986		NC_089044.1.g34101	NC_089044.1.g34017	NC_089044.1.g33797	NC_089044.1.g34260		NC_089044.1.g34020	NC_089044.1.g34231	6	0	
OG0031987		NC_089044.1.g34114	NC_089044.1.g34030	NC_089044.1.g33810	NC_089044.1.g34272		NC_089044.1.g34033	NC_089044.1.g34243	6	0	
OG0031988		NC_089044.1.g34127	NC_089044.1.g34042	NC_089044.1.g33823		NC_089044.1.g34601	NC_089044.1.g34046	NC_089044.1.g34256	6	0	
OG0031989		NC_089044.1.g34247	NC_089044.1.g34163		NC_089044.1.g34403	NC_089044.1.g34725	NC_089044.1.g34164	NC_089044.1.g34375	6	0	
OG0031990		NC_089045.1.g34465	NC_089045.1.g34381	NC_089045.1.g34157	NC_089045.1.g34618		NC_089045.1.g34378	NC_089045.1.g34588	6	0	
OG0031991		NC_089045.1.g34681	NC_089045.1.g34597	NC_089045.1.g34377		NC_089045.1.g35159	NC_089045.1.g34588	NC_089045.1.g34805	6	0	
OG0031992		NC_089045.1.g34831	NC_089045.1.g34741	NC_089045.1.g34525	NC_089045.1.g34979		NC_089045.1.g34733	NC_089045.1.g34949	6	0	
OG0031993		NC_089045.1.g34904	NC_089045.1.g34818	NC_089045.1.g34598	NC_089045.1.g35041	NC_089045.1.g35372		NC_089045.1.g35027	6	0	
OG0031994		NC_089045.1.g34912	NC_089045.1.g34825		NC_089045.1.g35047	NC_089045.1.g35378	NC_089045.1.g34814	NC_089045.1.g35033	6	0	
OG0031995		NC_089045.1.g35042	NC_089045.1.g34962		NC_089045.1.g35196	NC_089045.1.g35512	NC_089045.1.g34961	NC_089045.1.g35180	6	0	
OG0031996		NC_089045.1.g35118	NC_089045.1.g35024	NC_089045.1.g34822	NC_089045.1.g35276	NC_089045.1.g35590	NC_089045.1.g35039		6	0	
OG0031998		NC_089045.1.g35464	NC_089045.1.g35395	NC_089045.1.g35155	NC_089045.1.g35628	NC_089045.1.g35957	NC_089045.1.g35375		6	0	
OG0031999		NC_089045.1.g35482	NC_089045.1.g35412	NC_089045.1.g35172	NC_089045.1.g35648	NC_089045.1.g35974		NC_089045.1.g35625	6	0	
OG0032000		NC_089045.1.g35502	NC_089045.1.g35429	NC_089041.1.g24669	NC_089045.1.g35668		NC_089045.1.g35407	NC_089045.1.g35644	6	0	
OG0032001		NC_089045.1.g35552	NC_089045.1.g35490		NC_089045.1.g35731	NC_089045.1.g36055	NC_089045.1.g35464	NC_089045.1.g35697	6	0	
OG0032002		NC_089045.1.g35658	NC_089045.1.g35586	NC_089045.1.g35355		NC_089045.1.g36161	NC_089045.1.g35566	NC_089045.1.g35797	6	0	
OG0032003		NC_089045.1.g35688	NC_089045.1.g35615	NC_089045.1.g35387	NC_089045.1.g35858	NC_089045.1.g36194		NC_089045.1.g35829	6	0	
OG0032004		NC_089045.1.g35806	NC_089045.1.g35730		NC_089045.1.g35976	NC_089045.1.g36318	NC_089045.1.g35710	NC_089045.1.g35940	6	0	
OG0032005		NC_089045.1.g35809	NC_089045.1.g35733	NC_089045.1.g35512	NC_089045.1.g35979	NC_089045.1.g36321		NC_089045.1.g35943	6	0	
OG0032006		NC_089045.1.g35849	NC_089045.1.g35775		NC_089045.1.g36020	NC_089045.1.g36363	NC_089045.1.g35754	NC_089045.1.g35987	6	0	
OG0032008		NC_089045.1.g36039	NC_089045.1.g35950	NC_089045.1.g35734	NC_089045.1.g36210		NC_089045.1.g35927	NC_089045.1.g36163	6	0	
OG0032009		NC_089045.1.g36110	NC_089045.1.g36020	NC_089045.1.g35798	NC_089045.1.g36283	NC_089045.1.g36625		NC_089045.1.g36232	6	0	
OG0032010		NC_089045.1.g36139	NC_089045.1.g36056	NC_089045.1.g35835		NC_089045.1.g36666	NC_089045.1.g36036	NC_089045.1.g36275	6	0	
OG0032011		NC_089045.1.g36273	NC_089045.1.g36199	NC_089045.1.g35969	NC_089045.1.g36460	NC_089045.1.g36798		NC_089045.1.g36405	6	0	
OG0032013		NC_089045.1.g36365	NC_089045.1.g36291	NC_089045.1.g36046	NC_089045.1.g36557	NC_089045.1.g36877		NC_089045.1.g36480	6	0	
OG0032014		NC_089045.1.g36708	NC_089045.1.g36633		NC_089045.1.g36898	NC_089045.1.g37219	NC_089045.1.g36609	NC_089045.1.g36824	6	0	
OG0032015		NC_089045.1.g36738		NC_089045.1.g36395	NC_089045.1.g36926	NC_089045.1.g37252	NC_089045.1.g36637	NC_089045.1.g36852	6	0	
OG0032016		NC_089045.1.g36739		NC_089045.1.g36396	NC_089045.1.g36927	NC_089045.1.g37253	NC_089045.1.g36638	NC_089045.1.g36853	6	0	
OG0032017		NC_089045.1.g36923	NC_089045.1.g36846	NC_089045.1.g36580	NC_089045.1.g37104		NC_089045.1.g36828	NC_089045.1.g37036	6	0	
OG0032018		NC_089045.1.g36950	NC_089045.1.g36879	NC_089045.1.g36605	NC_089045.1.g37132	NC_089045.1.g37478		NC_089045.1.g37065	6	0	
OG0032019		NC_089045.1.g36955	NC_089045.1.g36888		NC_089045.1.g37135	NC_089045.1.g37484	NC_089045.1.g36873	NC_089045.1.g37070	6	0	
OG0032020		NC_089045.1.g36995	NC_089045.1.g36925	NC_089045.1.g36645		NC_089045.1.g37525	NC_089045.1.g36916	NC_089045.1.g37108	6	0	
OG0032023		NC_089046.1.g37426	NC_089046.1.g37353		NC_089046.1.g37607	NC_089046.1.g37951	NC_089046.1.g37323	NC_089046.1.g37531	6	0	
OG0032024		NC_089046.1.g37441	NC_089046.1.g37368	NC_089046.1.g37070	NC_089046.1.g37622		NC_089046.1.g37338	NC_089046.1.g37547	6	0	
OG0032025		NC_089046.1.g37475	NC_089046.1.g37405	NC_089046.1.g37106	NC_089046.1.g37656	NC_089046.1.g37999	NC_089046.1.g37372		6	0	
OG0032027		NC_089046.1.g37736	NC_089046.1.g37672	NC_089046.1.g37362	NC_089046.1.g37927	NC_089046.1.g38272		NC_089046.1.g37851	6	0	
OG0032028		NC_089046.1.g37792	NC_089046.1.g37727	NC_089046.1.g37415	NC_089046.1.g37986		NC_089046.1.g37696	NC_089046.1.g37907	6	0	
OG0032029		NC_089046.1.g37891	NC_089046.1.g37825	NC_089046.1.g37517	NC_089046.1.g38084	NC_089046.1.g38432		NC_089046.1.g38000	6	0	
OG0032030		NC_089046.1.g37956	NC_089046.1.g37881	NC_089046.1.g37580	NC_089046.1.g38140		NC_089046.1.g37848	NC_089046.1.g38061	6	0	
OG0032031		NC_089046.1.g38013		NC_089046.1.g37633	NC_089046.1.g38201	NC_089046.1.g38550	NC_089046.1.g37903	NC_089046.1.g38118	6	0	
OG0032032		NC_089046.1.g38029	NC_089046.1.g37953		NC_089046.1.g38216	NC_089046.1.g38568	NC_089046.1.g37918	NC_089046.1.g38132	6	0	
OG0032033		NC_089046.1.g38055		NC_089046.1.g37674	NC_089046.1.g38242	NC_089046.1.g38592	NC_089046.1.g37944	NC_089046.1.g38158	6	0	
OG0032034		NC_089046.1.g38132	NC_089046.1.g38058	NC_089046.1.g37756	NC_089046.1.g38320	NC_089046.1.g38669	NC_089046.1.g38028		6	0	
OG0032035		NC_089046.1.g38211	NC_089046.1.g38130	NC_089046.1.g37820		NC_089046.1.g38740	NC_089046.1.g38090	NC_089046.1.g38294	6	0	
OG0032037		NC_089046.1.g38293	NC_089046.1.g38201	NC_089046.1.g37901	NC_089046.1.g38477	NC_089046.1.g38824		NC_089046.1.g38373	6	0	
OG0032038		NC_089046.1.g38315		NC_089046.1.g37921	NC_089046.1.g38500	NC_089046.1.g38846	NC_089046.1.g38181	NC_089046.1.g38393	6	0	
OG0032039		NC_089046.1.g38316		NC_089046.1.g37922	NC_089046.1.g38501	NC_089046.1.g38847	NC_089046.1.g38182	NC_089046.1.g38394	6	0	
OG0032040		NC_089046.1.g38343	NC_089046.1.g38251	NC_089046.1.g37951	NC_089046.1.g38530		NC_089046.1.g38209	NC_089046.1.g38425	6	0	
OG0032041		NC_089046.1.g38442	NC_089046.1.g38342		NC_089046.1.g38632	NC_089046.1.g38972	NC_089046.1.g38302	NC_089046.1.g38520	6	0	
OG0032042		NC_089046.1.g38506		NC_089046.1.g38116	NC_089046.1.g38703	NC_089046.1.g39048	NC_089046.1.g38364	NC_089046.1.g38589	6	0	
OG0032043		NC_089046.1.g38517	NC_089046.1.g38427	NC_089046.1.g38129	NC_089046.1.g38713		NC_089046.1.g38375	NC_089046.1.g38598	6	0	
OG0032044		NC_089046.1.g38531	NC_089046.1.g38438		NC_089046.1.g38725	NC_089046.1.g39073	NC_089046.1.g38386	NC_089046.1.g38609	6	0	
OG0032045		NC_089046.1.g38541	NC_089046.1.g38449	NC_089046.1.g38148	NC_089046.1.g38734		NC_089046.1.g38397	NC_089046.1.g38619	6	0	
OG0032046		NC_089046.1.g38666		NC_089046.1.g38277	NC_089046.1.g38856	NC_089046.1.g39214	NC_089046.1.g38529	NC_089046.1.g38754	6	0	
OG0032047		NC_089046.1.g38667	NC_089046.1.g38576	NC_089046.1.g38278	NC_089046.1.g38857	NC_089046.1.g39215	NC_089046.1.g38530		6	0	
OG0032048		NC_089046.1.g38668	NC_089046.1.g38577	NC_089046.1.g38279	NC_089046.1.g38858	NC_089046.1.g39216	NC_089046.1.g38531		6	0	
OG0032049		NC_089046.1.g38862		NC_089046.1.g38455	NC_089046.1.g39047	NC_089046.1.g39408	NC_089046.1.g38718	NC_089046.1.g38941	6	0	
OG0032050		NC_089046.1.g39004	NC_089046.1.g38902	NC_089046.1.g38594	NC_089046.1.g39190	NC_089046.1.g39559		NC_089046.1.g39087	6	0	
OG0032051		NC_089046.1.g39219	NC_089046.1.g39114		NC_089046.1.g39406	NC_089046.1.g39768	NC_089046.1.g39076	NC_089046.1.g39301	6	0	
OG0032052		NC_089046.1.g39267	NC_089046.1.g39162		NC_089046.1.g39454	NC_089046.1.g39817	NC_089046.1.g39122	NC_089046.1.g39347	6	0	
OG0032053		NC_089046.1.g39294	NC_089046.1.g39189	NC_089046.1.g38877	NC_089046.1.g39480	NC_089046.1.g39844		NC_089046.1.g39373	6	0	
OG0032054		NC_089046.1.g39468	NC_089046.1.g39361	NC_089046.1.g39048	NC_089046.1.g39653	NC_089046.1.g40013		NC_089046.1.g39544	6	0	
OG0032055			NC_089035.1.g367	NC_089035.1.g374	NC_089035.1.g369	NC_089035.1.g382	NC_089035.1.g371	NC_089035.1.g374	6	0	
OG0032058			NC_089035.1.g1559	NC_089035.1.g1574	NC_089035.1.g1562	NC_089035.1.g1601	NC_089035.1.g1552	NC_089035.1.g1558	6	0	
OG0032062			NC_089035.1.g2663	NC_089035.1.g2635	NC_089035.1.g2654	NC_089035.1.g2696	NC_089035.1.g2650	NC_089035.1.g2631	6	0	
OG0032063			NC_089035.1.g4765	NC_089035.1.g4691	NC_089035.1.g4751	NC_089035.1.g4807	NC_089035.1.g4725	NC_089035.1.g4732	6	0	
OG0032064			NC_089035.1.g5268	NC_089035.1.g5201	NC_089035.1.g5266	NC_089035.1.g5323	NC_089035.1.g5227	NC_089035.1.g5241	6	0	
OG0032065			NC_089036.1.g5631	NC_089036.1.g5558	NC_089036.1.g5623	NC_089036.1.g5686	NC_089036.1.g5584	NC_089036.1.g5594	6	0	
OG0032066			NC_089036.1.g6246	NC_089036.1.g6178	NC_089036.1.g6229	NC_089036.1.g6302	NC_089036.1.g6192	NC_089036.1.g6242	6	0	
OG0032068			NC_089036.1.g6588	NC_089036.1.g6531	NC_089036.1.g6581	NC_089036.1.g6681	NC_089036.1.g6554	NC_089036.1.g6603	6	0	
OG0032069			NC_089036.1.g6790	NC_089036.1.g6735	NC_089036.1.g6792	NC_089036.1.g6895	NC_089036.1.g6758	NC_089036.1.g6816	6	0	
OG0032072			NC_089036.1.g7292	NC_089036.1.g7246	NC_089036.1.g7313	NC_089036.1.g7396	NC_089036.1.g7289	NC_089036.1.g7331	6	0	
OG0032075			NC_089037.1.g10046	NC_089037.1.g10006	NC_089037.1.g10062	NC_089037.1.g10180	NC_089037.1.g10048	NC_089037.1.g10086	6	0	
OG0032076			NC_089037.1.g10534	NC_089037.1.g10490	NC_089037.1.g10549	NC_089037.1.g10667	NC_089037.1.g10548	NC_089037.1.g10588	6	0	
OG0032077			NC_089037.1.g11553	NC_089037.1.g11494	NC_089037.1.g11568	NC_089037.1.g11677	NC_089037.1.g11547	NC_089037.1.g11611	6	0	
OG0032079			NC_089037.1.g13480	NC_089037.1.g13416	NC_089037.1.g13477	NC_089037.1.g13633	NC_089037.1.g13463	NC_089037.1.g13520	6	0	
OG0032083			NC_089038.1.g15129	NC_089038.1.g15083	NC_089038.1.g15161	NC_089038.1.g15331	NC_089038.1.g15157	NC_089038.1.g15184	6	0	
OG0032086			NC_089039.1.g18162	NC_089039.1.g18107	NC_089039.1.g18207	NC_089039.1.g18415	NC_089039.1.g18189	NC_089039.1.g18208	6	0	
OG0032087			NC_089039.1.g18243	NC_089039.1.g18185	NC_089039.1.g18293	NC_089039.1.g18492	NC_089039.1.g18276	NC_089039.1.g18292	6	0	
OG0032088			NC_089039.1.g18251	NC_089039.1.g18193	NC_089039.1.g18302	NC_089039.1.g18500	NC_089039.1.g18282	NC_089039.1.g18301	6	0	
OG0032089			NC_089039.1.g18646	NC_089039.1.g18589	NC_089039.1.g18707	NC_089039.1.g18913	NC_089039.1.g18684	NC_089039.1.g18712	6	0	
OG0032090			NC_089039.1.g18647	NC_089039.1.g18590	NC_089039.1.g18708	NC_089039.1.g18914	NC_089039.1.g18685	NC_089039.1.g18713	6	0	
OG0032091			NC_089039.1.g19395	NC_089039.1.g19317	NC_089039.1.g19451	NC_089039.1.g19663	NC_089039.1.g19418	NC_089039.1.g19436	6	0	
OG0032092			NC_089040.1.g21587	NC_089040.1.g21494	NC_089040.1.g21653	NC_089040.1.g21854	NC_089040.1.g21580	NC_089040.1.g21598	6	0	
OG0032093			NC_089040.1.g21890	NC_089040.1.g21767	NC_089040.1.g21960	NC_089040.1.g22159	NC_089040.1.g21862	NC_089040.1.g21904	6	0	
OG0032094			NC_089040.1.g22034	NC_089040.1.g21918	NC_089040.1.g22112	NC_089040.1.g22315	NC_089040.1.g22006	NC_089040.1.g22043	6	0	
OG0032095			NC_089040.1.g22059	NC_089040.1.g21943	NC_089040.1.g22142	NC_089040.1.g22343	NC_089040.1.g22036	NC_089040.1.g22073	6	0	
OG0032098			NC_089040.1.g23072	NC_089040.1.g22894	NC_089040.1.g23164	NC_089040.1.g23372	NC_089040.1.g23035	NC_089040.1.g23080	6	0	
OG0032099			NC_089040.1.g23738	NC_089040.1.g23560	NC_089040.1.g23823	NC_089040.1.g24033	NC_089040.1.g23701	NC_089040.1.g23747	6	0	
OG0032100			NC_089041.1.g24734	NC_089041.1.g24570	NC_089041.1.g24837	NC_089041.1.g25036	NC_089041.1.g24697	NC_089041.1.g24747	6	0	
OG0032101			NC_089041.1.g25457	NC_089041.1.g25289	NC_089041.1.g25566	NC_089041.1.g25783	NC_089041.1.g25410	NC_089041.1.g25489	6	0	
OG0032102			NC_089041.1.g26166	NC_089041.1.g25964	NC_089041.1.g26282	NC_089041.1.g26501	NC_089041.1.g26131	NC_089041.1.g26204	6	0	
OG0032103			NC_089041.1.g26167	NC_089041.1.g25965	NC_089041.1.g26283	NC_089041.1.g26502	NC_089041.1.g26132	NC_089041.1.g26205	6	0	
OG0032104			NC_089041.1.g26209	NC_089041.1.g26012	NC_089041.1.g26327	NC_089041.1.g26547	NC_089041.1.g26177	NC_089041.1.g26251	6	0	
OG0032107			NC_089042.1.g27371	NC_089042.1.g27180	NC_089042.1.g27472	NC_089042.1.g27719	NC_089042.1.g27333	NC_089042.1.g27430	6	0	
OG0032108			NC_089042.1.g27663	NC_089042.1.g27461	NC_089042.1.g27758	NC_089042.1.g28006	NC_089042.1.g27636	NC_089042.1.g27712	6	0	
OG0032109			NC_089042.1.g28115	NC_089042.1.g27889	NC_089042.1.g28226	NC_089042.1.g28456	NC_089042.1.g28075	NC_089042.1.g28175	6	0	
OG0032112			NC_089042.1.g28612	NC_089042.1.g28351	NC_089042.1.g28709	NC_089042.1.g28951	NC_089042.1.g28558	NC_089042.1.g28676	6	0	
OG0032113			NC_089042.1.g29027	NC_089042.1.g28751	NC_089042.1.g29121	NC_089042.1.g29361	NC_089042.1.g28967	NC_089042.1.g29096	6	0	
OG0032114			NC_089042.1.g29214	NC_089042.1.g28932	NC_089042.1.g29305	NC_089042.1.g29557	NC_089042.1.g29144	NC_089042.1.g29275	6	0	
OG0032115			NC_089043.1.g30381	NC_089043.1.g30131	NC_089043.1.g30494	NC_089043.1.g30801	NC_089043.1.g30309	NC_089043.1.g30485	6	0	
OG0032116			NC_089043.1.g30419	NC_089043.1.g30167	NC_089043.1.g30533	NC_089043.1.g30842	NC_089043.1.g30345	NC_089043.1.g30521	6	0	
OG0032117			NC_089043.1.g31728	NC_089043.1.g31477	NC_089043.1.g31864	NC_089043.1.g32186	NC_089043.1.g31668	NC_089043.1.g31843	6	0	
OG0032118			NC_089043.1.g31924	NC_089043.1.g31685	NC_089043.1.g32077	NC_089043.1.g32392	NC_089043.1.g31861	NC_089043.1.g32061	6	0	
OG0032119			NC_089044.1.g32761	NC_089044.1.g32500	NC_089044.1.g32932	NC_089044.1.g33248	NC_089044.1.g32695	NC_089044.1.g32891	6	0	
OG0032120			NC_089044.1.g33060	NC_089044.1.g32806	NC_089044.1.g33256	NC_089044.1.g33554	NC_089044.1.g33001	NC_089044.1.g33210	6	0	
OG0032121			NC_089044.1.g33402	NC_089044.1.g33180	NC_089044.1.g33623	NC_089044.1.g33937	NC_089044.1.g33378	NC_089044.1.g33591	6	0	
OG0032124			NC_089045.1.g36028	NC_089045.1.g35804	NC_089045.1.g36289	NC_089045.1.g36632	NC_089045.1.g36004	NC_089045.1.g36241	6	0	
OG0032126			NC_089045.1.g36227	NC_089045.1.g35985	NC_089045.1.g36489	NC_089045.1.g36814	NC_089045.1.g36185	NC_089045.1.g36421	6	0	
OG0032127			NC_089046.1.g37515	NC_089046.1.g37212	NC_089046.1.g37761	NC_089046.1.g38113	NC_089046.1.g37478	NC_089046.1.g37690	6	0	
OG0032128			NC_089046.1.g37988	NC_089046.1.g37685	NC_089046.1.g38253	NC_089046.1.g38603	NC_089046.1.g37955	NC_089046.1.g38170	6	0	
OG0032129			NC_089046.1.g38384	NC_089046.1.g38086	NC_089046.1.g38677	NC_089046.1.g39015	NC_089046.1.g38336	NC_089046.1.g38562	6	0	
